time_s,x_m,y_m,z_m,qw,qx,qy,qz,wheel_x_rad,wheel_y_rad,wheel_z_rad,vx_world_m_s,vy_world_m_s,vz_world_m_s,wx_body_rad_s,wy_body_rad_s,wz_body_rad_s,wheel_x_relative_rad_s,wheel_y_relative_rad_s,wheel_z_relative_rad_s,active_contacts,normal_force_n,minimum_contact_distance_m,max_loaded_point_slip_m_s,potential_j,kinetic_j,motor_work_j,passive_work_j,constraint_work_j,command_x_nm,command_y_nm,command_z_nm,delayed_x_nm,delayed_y_nm,delayed_z_nm,applied_x_nm,applied_y_nm,applied_z_nm,saturated_x_bool,saturated_y_bool,saturated_z_bool,speed_cutoff_x_bool,speed_cutoff_y_bool,speed_cutoff_z_bool,speed_exceeded_x_bool,speed_exceeded_y_bool,speed_exceeded_z_bool,angular_momentum_x_world_nms,angular_momentum_y_world_nms,angular_momentum_z_world_nms,linear_momentum_x_world_kg_m_s,linear_momentum_y_world_kg_m_s,linear_momentum_z_world_kg_m_s,omega_world_x_rad_s,omega_world_y_rad_s,omega_world_z_rad_s,wheel_absolute_axial_x_rad_s,wheel_absolute_axial_y_rad_s,wheel_absolute_axial_z_rad_s,attitude_error_x_body_rad,attitude_error_y_body_rad,attitude_error_z_body_rad
0.0,0.0,0.0,0.16960224740180027,0.917060074385124,0.3987490689252462,0.0,0.0,0.0,0.0,0.0,0.0,0.0,0.0,0.0,0.0,0.0,0.0,0.0,0.0,0.0,0.0,0.0,0.0,2.273857330915936,0.0,0.0,0.0,0.0,0.002792526803190922,-0.0,-0.0,0.0,0.0,0.0,0.0,0.0,0.0,0.0,0.0,0.0,0.0,0.0,0.0,0.0,0.0,0.0,0.0,0.0,0.0,0.0,0.0,0.0,0.0,0.0,0.0,0.0,0.0,0.0,-0.03490658503988652,0.0,0.0
0.01,8.73500803279063e-07,-1.1416630346598811e-05,0.16954900062807693,0.9170461931932242,0.3987809919526834,2.4626356359422248e-06,-9.92365709379658e-07,-6.962089252851874e-05,-3.7253739443234394e-06,3.7840515590433304e-06,0.0001423926272162586,-0.0025035585439331415,-0.0024361155331868215,0.015148838591851694,0.0006008561361525058,-0.00060748592383073,-0.01514883859185169,-0.0006008561361524988,0.0006074859238307227,2.0,13.322601306946225,-5.347100167554797e-05,6.837936899667853e-05,2.2731775882846645,9.66335110300708e-06,0.0,0.0,-0.0007085084421477657,0.00307077556924071,1.1118692588574918e-05,-1.123223958869751e-05,0.0,0.0,0.0,0.0,0.0,0.0,0.0,0.0,0.0,0.0,0.0,0.0,0.0,0.0,0.0,0.00016401825228729044,9.168226217507987e-06,1.3242602011668432e-06,0.0001947771084172608,-0.003425709279589373,-0.0031797761241014327,0.015148838602371234,0.0008540704082938,2.5113003877603698e-05,3.469446951953614e-18,7.047314121155779e-18,-7.26415455565288e-18,-0.03497620593234225,-3.791026722872677e-06,3.7186619968046346e-06
0.020000000000000004,2.2083302614073628e-06,-4.976349666503619e-05,0.1695383936693859,0.9170002688178012,0.39888658406167665,6.14299519755311e-06,-2.439532538082237e-06,-0.0002999141119257976,-9.321823092847973e-06,9.37307894308746e-06,0.00011311685360660785,-0.005153970566868278,-0.0002713239966093777,0.030822269032897528,0.00047328889165776616,-0.00046402617668472846,-0.030822269032897524,-0.00047328889165772523,0.0004640261766847673,2.0,12.852484025004628,-6.365530028729083e-05,7.61073633975538e-05,2.2730408006656777,2.4315045851065807e-05,0.0,0.0,-0.0008323444676926321,0.0033713207747173963,9.277930249822393e-06,-9.089254298329838e-06,0.002792526803190922,-0.0,-0.0,0.002792526803190922,0.0,0.0,0.0,0.0,0.0,0.0,0.0,0.0,0.0,0.0,0.0,0.00033371746008538226,7.061074522340078e-06,2.462829638144767e-06,0.0001545503466426339,-0.007048420807359913,-0.000370292888269717,0.03082226914244979,0.0006621537289079812,2.946784027663059e-05,3.469446951953614e-18,4.092863201132779e-17,3.8868647883605334e-17,-0.035206499151565505,-9.484127499782538e-06,9.20978897505909e-06
0.030000000000000013,3.085624706421108e-06,-0.00011395896329567381,0.16953759111420225,0.9169239071365682,0.39906208594334613,8.53937595997982e-06,-3.321829243567504e-06,0.002481206603174449,-9.166445142387703e-06,8.985931834772223e-06,6.424588092924839e-05,-0.007684711614122594,-2.177110807078819e-05,0.045736710752939856,0.00027423900306352373,-0.000251003366353436,0.5970365971055617,0.0009842784397882094,-0.001027708718939019,2.0,12.745209788648598,-6.277066225621186e-05,7.428138616779155e-05,2.2730286619634112,6.308568151328202e-05,8.18551072712529e-06,0.0,-0.0008142547504864567,0.0036704039134842752,5.995261245243626e-06,-5.53200974478934e-06,0.00307077556924071,1.1118692588574918e-05,-1.123223958869751e-05,0.00307077556924071,1.1118692588574918e-05,-1.123223958869751e-05,0.0,0.0,0.0,0.0,0.0,0.0,0.0,0.0,0.0,0.0005241237040948642,3.961829493704475e-06,3.495953791824251e-06,8.772156683270323e-05,-0.010507012162835084,-4.967903341517867e-05,0.04573671101969762,0.0003706157480874052,2.8797339233023104e-05,0.6427733078585015,0.0012585174428517332,-0.001278712085292455,-0.035589288999141974,-1.3236989876252486e-05,1.2674364380343662e-05
0.04000000000000002,3.552184212980092e-06,-0.00020350301570552163,0.16953674654880238,0.9168176743708689,0.39930608792103006,9.825235871674092e-06,-3.722710129003505e-06,0.011868632918200684,1.3623766990159857e-05,-1.434606771588228e-05,3.2086309347198645e-05,-0.010228486809644352,-0.0001676806164058452,0.06074018547866918,0.00014645839088720642,-0.00011375225439136773,1.2910878218764532,0.0035076408562906267,-0.0035612626295145277,2.0,12.728094576939165,-6.069857680546242e-05,7.447280728417323e-05,2.2730155634310543,0.00013632210425373724,3.8305437186161676e-05,0.0,-0.0007842910563397791,0.00398304641355588,3.860751978633763e-06,-3.1994897129573696e-06,0.0033713207747173963,9.277930249822393e-06,-9.089254298329838e-06,0.0033713207747173963,9.277930249822393e-06,-9.089254298329838e-06,0.0,0.0,0.0,0.0,0.0,0.0,0.0,0.0,0.0,0.0007184763622266985,2.053816924545309e-06,4.541809328183314e-06,4.379403624902507e-05,-0.013983543284962647,-0.00024426638332071386,0.06074018590302702,0.000183103480066603,2.8481574385309146e-05,1.3518280073551223,0.003654099247177833,-0.0036750148839058954,-0.03612153843674794,-1.5306261783300595e-05,1.4399364173909382e-05
0.05000000000000003,3.777928029211773e-06,-0.000318641585454771,0.16953413121246003,0.9166812107966209,0.3996192658619141,1.0471039959490693e-05,-3.844898389734997e-06,0.028528500284046812,5.84535920888551e-05,-5.9456087476155844e-05,1.5028222930231765e-05,-0.012806114216824404,-0.0003533777286133468,0.07594820743540136,7.972048536763228e-05,-4.152291288709773e-05,2.0514340094551553,0.005330050515018189,-0.005321957205291103,2.0,12.729342496029318,-5.924073740359859e-05,7.536480873904633e-05,2.272979345076789,0.0002510246777039218,9.663009004478451e-05,0.0,-0.0007641246665618836,0.0043114496590152,2.747458908420818e-06,-1.956971330161979e-06,0.0036704039134842752,5.995261245243626e-06,-5.53200974478934e-06,0.0036704039134842752,5.995261245243626e-06,-5.53200974478934e-06,0.0,0.0,0.0,0.0,0.0,0.0,0.0,0.0,0.0,0.0009180359617243593,1.0617347808266994e-06,5.605358170692315e-06,2.0507050709230453e-05,-0.017506381287064048,-0.00049168608889823,0.07594820797610345,8.478033979915709e-05,2.845472469926508e-05,2.1273822168905565,0.005409771000385821,-0.005363480118178201,-0.0368047740647247,-1.640612714754296e-05,1.5119486227427748e-05
0.06000000000000004,3.8819845258383915e-06,-0.00045978023695109277,0.16952975138665966,0.9165139591623053,0.400002703152648,1.0796842859304523e-05,-3.826152858052537e-06,0.05312621403553677,0.00011793629304198697,-0.00011830185643934477,6.820936570425699e-06,-0.015430375865212446,-0.0005189638352399453,0.09143473351377206,4.8134125276514704e-05,-6.678390830494457e-06,2.879118778505412,0.0064822712788501135,-0.00635540027396567,2.0,12.732052529424706,-5.840646536392491e-05,7.664174991720086e-05,2.2729199878417625,0.0004151220934426897,0.0001901670028366031,0.0,-0.000752908920453307,0.004657139408017631,2.2282189418228477e-06,-1.346951807896451e-06,0.00398304641355588,3.860751978633763e-06,-3.1994897129573696e-06,0.00398304641355588,3.860751978633763e-06,-3.1994897129573696e-06,0.0,0.0,0.0,0.0,0.0,0.0,0.0,0.0,0.0,0.0011236536211418628,5.774417112976235e-07,6.6908681803110245e-06,9.306499651896758e-06,-0.021092975765207057,-0.0007138835969114475,0.0914347341313944,3.777619885355107e-05,2.866198631381155e-05,2.970553512019184,0.006530405404126628,-0.0063620786647961645,-0.037641427559621674,-1.702255858556979e-05,1.5334259661844383e-05
0.07000000000000005,3.929025784946351e-06,-0.0006274401731170667,0.16952380602646172,0.9163152089667079,0.4004577851433018,1.0974150193272826e-05,-3.739980172288051e-06,0.08635057583674403,0.00018677390455705697,-0.00018510935402835872,3.0857507431529812e-06,-0.018112164438379593,-0.0006684659512408994,0.10726398222167001,3.417528597989848e-05,9.498321680058558e-06,3.7773076050576453,0.007241110873008022,-0.0069570895971473486,2.0,12.733258597432382,-5.795590573334786e-05,7.822895381560194e-05,2.272839943689141,0.0006378913476155745,0.00032705661914971034,0.0,-0.0007470650291729739,0.005021520226027341,2.0084520875720046e-06,-1.0538930417305526e-06,0.0043114496590152,2.747458908420818e-06,-1.956971330161979e-06,0.0043114496590152,2.747458908420818e-06,-1.956971330161979e-06,0.0,0.0,0.0,0.0,0.0,0.0,0.0,0.0,0.0,0.0013361700389514313,3.4091498581001796e-07,7.802369740255798e-06,4.210152002877342e-06,-0.024758209351912468,-0.0009160091851803064,0.10726398289002462,1.64510094211767e-05,2.905429089368668e-05,3.884571587279315,0.007275286158987921,-0.00694759127546729,-0.03863460682546601,-1.7416211749172898e-05,1.531078539964508e-05
0.08000000000000006,3.950560656858672e-06,-0.0008222506300997169,0.16951639534964189,0.9160841021237105,0.4009861814329513,1.1085986431303914e-05,-3.621618006464385e-06,0.12892424750183296,0.0002621018803303358,-0.00025670196454953065,1.448307892924556e-06,-0.020862309688699253,-0.0008138821868623404,0.12350019943363602,2.8479518115518496e-05,1.7017873887708033e-05,4.749579543700554,0.007803786440515147,-0.007337395593793961,2.0,12.733015685774005,-5.7706098396531624e-05,8.011446979206313e-05,2.2727404082844176,0.000930128736515551,0.0005167042193007358,0.0,-0.0007440061041083363,0.005406048315532043,1.92971403831282e-06,-9.078962951054156e-07,0.004657139408017631,2.2282189418228477e-06,-1.346951807896451e-06,0.004657139408017631,2.2282189418228477e-06,-1.346951807896451e-06,0.0,0.0,0.0,0.0,0.0,0.0,0.0,0.0,0.0,0.0015564447951882,2.1597318127289823e-07,8.944054188328993e-06,1.9763498810075446e-06,-0.028516882267236386,-0.0011136804026218683,0.12350020013844447,7.097010398624797e-06,2.960127448664932e-05,4.8730797431341895,0.007832265958630666,-0.007320377719906253,-0.03978805907158244,-1.771353390291859e-05,1.5177725313552002e-05
0.09000000000000007,3.961068365048321e-06,-0.0010449505248945174,0.1695075104166856,0.9158196284538759,0.4015898504714335,1.1170427281720198e-05,-3.4868553849725988e-06,0.1816073123423349,0.00034255408386221195,-0.00033149947711157786,7.535074486273181e-07,-0.0236919405060872,-0.0009646033956857559,0.14020954728636859,2.652950941971747e-05,2.071650795868279e-05,5.799834499150426,0.008277799145574007,-0.007610620541380051,2.0,12.73175615869831,-5.755115127317745e-05,8.229988304220333e-05,2.2726211795998266,0.001304349378854916,0.000769958167999126,0.0,-0.0007422659362402115,0.005812266487892449,1.9153551730421948e-06,-8.265747879076527e-07,0.005021520226027341,2.0084520875720046e-06,-1.0538930417305526e-06,0.005021520226027341,2.0084520875720046e-06,-1.0538930417305526e-06,0.0,0.0,0.0,0.0,0.0,0.0,0.0,0.0,0.0,0.0017853727256886144,1.3718100111004485e-07,1.0120377422191534e-05,1.0286435818075928e-06,-0.03238420421231354,-0.0013191942508712835,0.1402095480212687,3.09652233720466e-06,3.028729272727548e-05,5.940044046436794,0.008304328654993724,-0.007589904033421369,-0.041106182959222685,-1.7972800043591004e-05,1.4993399139549285e-05
0.10000000000000007,3.966977703444871e-06,-0.0012963918678605634,0.16949706399983794,0.915520618907176,0.4022710481978701,1.1244433857340043e-05,-3.342333213104445e-06,0.24520041101766235,0.00042753819400551075,-0.000408742068153787,4.719304674253869e-07,-0.02661255043407929,-0.0011270717569186405,0.157460454424689,2.6267326288525378e-05,2.280364994491983e-05,6.932285665232775,0.008715747012121106,-0.007832247478908249,2.0,12.729783685873803,-5.7435600301747325e-05,8.478891447441652e-05,2.27248104620258,0.0017750160176034082,0.0010993137816926164,0.0,-0.0007410874452198472,0.006241812179031976,1.9304335379037073e-06,-7.7217918609727e-07,0.005406048315532043,1.92971403831282e-06,-9.078962951054156e-07,0.005406048315532043,1.92971403831282e-06,-9.078962951054156e-07,0.0,0.0,0.0,0.0,0.0,0.0,0.0,0.0,0.0,0.0020238873976797917,7.43389252976274e-08,1.1336033580000059e-05,6.446612480144533e-07,-0.036375883308910985,-0.0015410577662767126,0.1574604551879232,1.4303031169450588e-06,3.110586282590903e-05,7.089746119657464,0.008742014338409631,-0.007809443828963329,-0.04259404999234468,-1.822027080887813e-05,1.4783061063822834e-05
0.11000000000000008,3.971091693662532e-06,-0.0015775434965989933,0.1694849141824737,0.9151857379535228,0.403032337298443,1.1315497064547662e-05,-3.190575535706553e-06,0.3205479443733425,0.0005168307457312921,-0.00048805622274809764,3.698095875877506e-07,-0.029636013941225465,-0.0013059779612145993,0.17532372525726211,2.6789351084784915e-05,2.4254997748960043e-05,8.15147490587556,0.009142030416868395,-0.008027507479026572,2.0,12.727251341296114,-5.733149205419674e-05,8.758505496796656e-05,2.2723180846819564,0.00235880419141721,0.0015191477257811214,0.0,-0.0007400945553655676,0.006696421274294162,1.959637013027371e-06,-7.279787929437531e-07,0.005812266487892449,1.9153551730421948e-06,-8.265747879076527e-07,0.005812266487892449,1.9153551730421948e-06,-8.265747879076527e-07,0.0,0.0,0.0,0.0,0.0,0.0,0.0,0.0,0.0,0.0022729629941660623,1.3567734636217373e-08,1.2595923941828193e-05,5.054848470820926e-07,-0.04050814823839528,-0.0017855315723705476,0.17532372604956967,7.686579740388095e-07,3.20556203988274e-05,8.326798631132823,0.00916881976795318,-0.008003252481277612,-0.044257427745793054,-1.8467858668765538e-05,1.4557109405312924e-05
0.12000000000000009,3.974631026236694e-06,-0.0018894949776735426,0.16947087669927496,0.9148134752206173,0.4038765967667831,1.1386987268876225e-05,-3.032300352652531e-06,0.40854145859958046,0.0006103774730941064,-0.0005692402864243164,3.465248743538291e-07,-0.03277460661350004,-0.0015052273366361988,0.19387268582009012,2.770948983363872e-05,2.549281048732136e-05,9.46229274666922,0.009567738968001272,-0.008207307497764769,2.0,12.724213650182996,-5.722468782781709e-05,9.069113773168709e-05,2.2721298143079642,0.0030749069111068814,0.0020459861481069057,0.0,-0.0007391008239781572,0.007177932688407758,1.996470390415584e-06,-6.866855171064623e-07,0.006241812179031976,1.9304335379037073e-06,-7.7217918609727e-07,0.006241812179031976,1.9304335379037073e-06,-7.7217918609727e-07,0.0,0.0,0.0,0.0,0.0,0.0,0.0,0.0,0.0,0.0025336168015868588,-5.181250151782873e-08,1.3905143353078758e-05,4.738583134957832e-07,-0.0447977758262073,-0.002057881145088414,0.19387268664352336,5.396191682448221e-07,3.313797813625562e-05,9.65616543248931,0.00959544845783491,-0.008181814687277448,-0.04610280429557669,-1.8721244667626083e-05,1.4319451323478084e-05
0.1300000000000001,3.9781413020632e-06,-0.0022334607611781496,0.1694547295939181,0.9144021362055228,0.4048070320081054,1.1460521103274323e-05,-2.867441102071533e-06,0.5101232370276212,0.0007082012417378788,-0.0006521651495588068,3.5962749338179164e-07,-0.03604103532716186,-0.0017285249012870692,0.21318339516788157,2.8867065443154995e-05,2.6698330132325632e-05,10.869999536098957,0.00999798719958263,-0.00837608237230984,2.0,12.720668469293521,-5.710763258900964e-05,9.410917298537486e-05,2.271913253939012,0.003945383196015026,0.002698810611313424,0.0,-0.0007380097909760458,0.007688294268455876,2.03828479095305e-06,-6.451262125410902e-07,0.006696421274294162,1.959637013027371e-06,-7.279787929437531e-07,0.006696421274294162,1.959637013027371e-06,-7.279787929437531e-07,0.0,0.0,0.0,0.0,0.0,0.0,0.0,0.0,0.0,0.002806912461377926,-1.2544694386361312e-07,1.5268981251960274e-05,4.918823195785328e-07,-0.04926213226880768,-0.0023631370465425714,0.21318339602519087,5.012421959218338e-07,3.4355914869964866e-05,11.083182931266839,0.010026854265025784,-0.008349384042177513,-0.048137414442925096,-1.8983470162203252e-05,1.4071201936536894e-05
0.1400000000000001,3.981885849736959e-06,-0.0026107846760543407,0.16943621340799664,0.9139498318789256,0.40582718571839915,1.1536983625996769e-05,-2.6955866389237658e-06,0.6262901076038176,0.0008103613713796719,-0.0007367299503704969,3.9160502270389856e-07,-0.03944847565995661,-0.001979707208894423,0.23333490599391088,3.019787039678225e-05,2.7949906507012206e-05,12.3802474458476,0.010435301057165901,-0.008535421342678842,2.0,12.716581108518898,-5.6975750442556095e-05,9.784009964722017e-05,2.2716649218485463,0.00499555594836403,0.003499406713241305,0.0,-0.0007367658170244085,0.00822956977303186,2.0840807824588115e-06,-6.018840586617729e-07,0.007177932688407758,1.996470390415584e-06,-6.866855171064623e-07,0.007177932688407758,1.996470390415584e-06,-6.866855171064623e-07,0.0,0.0,0.0,0.0,0.0,0.0,0.0,0.0,0.0,0.003093963793948405,-2.0978911370954636e-07,1.669293149081712e-05,5.35672877676858e-07,-0.053919224243140815,-0.0027065282738815894,0.2333349068882414,5.526486351418754e-07,3.571339019139616e-05,12.61358235184151,0.010465498927562683,-0.008507471436171829,-0.0503692683142683,-1.925648894145914e-05,1.3812279697349905e-05
0.1500000000000001,3.986013297833816e-06,-0.003022944822823836,0.1694150288097685,0.913454467026011,0.40694094968304906,1.1616963408326386e-05,-2.51616713023234e-06,0.7580974756391127,0.000916936249925159,-0.0008228427219013059,4.3553377889696827e-07,-0.043010613547983516,-0.0022629380382485896,0.25440955819947253,3.167867267352839e-05,2.9282553798138124e-05,13.999103575467771,0.010881120830102642,-0.008685677448523135,2.0,12.711896405235816,-5.68256964449676e-05,0.00010188340324697754,2.2713808026423337,0.006254465627525559,0.004472761100771853,0.0,-0.0007353304635427163,0.008803946667032651,2.1335624294022023e-06,-5.56280664221642e-07,0.007688294268455876,2.03828479095305e-06,-6.451262125410902e-07,0.007688294268455876,2.03828479095305e-06,-6.451262125410902e-07,0.0,0.0,0.0,0.0,0.0,0.0,0.0,0.0,0.0,0.003395939030327891,-3.069067358382696e-07,1.8182706833901125e-05,5.957892929804244e-07,-0.058787755808774524,-0.00309373988807109,0.25440955913422253,6.526251282491259e-07,3.721507394663507e-05,14.253513133667244,0.01091279950277617,-0.008656394894724997,-0.052807182743026836,-1.9541829015983643e-05,1.3542082907351603e-05
0.16000000000000011,3.990628708713621e-06,-0.003471558895470443,0.1693908326339006,0.912913727182756,0.4081525775723528,1.170093672016902e-05,-2.328531244539896e-06,0.9066635943516007,0.0010280161668185116,-0.0009104119759615024,4.889948593128134e-07,-0.04674168920530024,-0.002582839101904829,0.2764932955312551,3.330373629924876e-05,3.071320628976666e-05,15.733074446814749,0.011336451963909477,-0.00882666314748333,2.0,12.706544080882416,-5.665451397815491e-05,0.00010623659716272249,2.2710562935501146,0.007755387157571778,0.005647513422700877,0.0,-0.0007336712256629051,0.009413744576223397,2.1867371730923256e-06,-5.079441515065945e-07,0.00822956977303186,2.0840807824588115e-06,-6.018840586617729e-07,0.00822956977303186,2.0840807824588115e-06,-6.018840586617729e-07,0.0,0.0,0.0,0.0,0.0,0.0,0.0,0.0,0.0,0.0037140653570338794,-4.1883894078235576e-07,1.9744255761735242e-05,6.689355304005131e-07,-0.06388718839340672,-0.0035310870220110046,0.27649329651001325,7.851424226669354e-07,3.886622488802292e-05,16.009567742346004,0.011369755700208727,-0.008795949941193563,-0.055460815708260065,-1.9840873996323102e-05,1.325977330902993e-05
0.17000000000000012,3.995824050057109e-06,-0.003958389948593681,0.16936323277058188,0.9123250640284798,0.4094666987703601,1.1789345984774415e-05,-2.131977476133513e-06,1.0731740882474572,0.001143700542929577,-0.0009993429753475777,5.51526134794282e-07,-0.05065654210270822,-0.0029445939095040555,0.2996760003229922,3.507499584833077e-05,3.2251314600453415e-05,17.58913210750558,0.011802143170122634,-0.008957945519964972,2.0,12.700440611906231,-5.645922064737019e-05,0.00011089456069677087,2.2706861356072525,0.009536418545375664,0.007056470679090113,0.0,-0.0007317560720933427,0.010061424328444953,2.2437486629279038e-06,-4.5662785648427694e-07,0.008803946667032651,2.1335624294022023e-06,-5.56280664221642e-07,0.008803946667032651,2.1335624294022023e-06,-5.56280664221642e-07,0.0,0.0,0.0,0.0,0.0,0.0,0.0,0.0,0.0,0.0040496337301262645,-5.477646115329421e-07,2.1383780305693996e-05,7.544848864428536e-07,-0.06923780221645554,-0.0040256546940093275,0.29967600134951167,9.449081020008225e-07,4.067263650545336e-05,17.888808107828574,0.011837218165970964,-0.008925694205364518,-0.058340704032888664,-2.0154984220724374e-05,1.2964393991155478e-05
0.18000000000000013,4.001691709844588e-06,-0.004485352616284915,0.16933178206388386,0.9116856790884706,0.41088833324893653,1.1882634068453445e-05,-1.9257662941145555e-06,1.2588867463001092,0.0012640970364570393,-0.0010895359836595607,6.235657064174824e-07,-0.054770656223113175,-0.0033540443205733236,0.3240518442519285,3.699797171614359e-05,3.39032613378957e-05,19.574742011099612,0.012279005182930045,-0.00907896983724151,2.0,12.693489318133299,-5.623659186743124e-05,0.0001158487167248197,2.2702643316978377,0.0116411508477376,0.008737192441614102,0.0,-0.0007295506508287377,0.010749597557363346,2.3048075687000624e-06,-4.021347397366173e-07,0.009413744576223397,2.1867371730923256e-06,-5.079441515065945e-07,0.009413744576223397,2.1867371730923256e-06,-5.079441515065945e-07,0.0,0.0,0.0,0.0,0.0,0.0,0.0,0.0,0.0,0.004404003943307215,-6.96093774858635e-07,2.310775420926762e-05,8.53039000420431e-07,-0.07486075807980073,-0.0045854288031180294,0.3240518453301194,1.1313554280007043e-06,4.264061114951854e-05,19.898793855351542,0.012316003154646189,-0.009045066575903614,-0.06145830451035793,-2.0485550972618473e-05,1.2654918047734246e-05
0.19000000000000014,4.0083310158296524e-06,-0.0050545197823647125,0.1692959712367728,0.9109925055876655,0.41242290748288507,1.1981260220574512e-05,-1.7091243371874837e-06,1.465136603407565,0.001389321454735376,-0.0011808853384737356,7.060196769712789e-07,-0.05910020498144848,-0.003817789859275279,0.3497196545227555,3.908007869163168e-05,3.567418921380281e-05,21.697892813559037,0.012767862432800358,-0.009189110613184833,2.0,12.685579503928363,-5.598303263909532e-05,0.00012108602157550856,2.2697840516121635,0.014119430432894294,0.010732656566069159,0.0,-0.0007270166808202848,0.011481036870698376,2.3701632490199355e-06,-3.4428607275783605e-07,0.010061424328444953,2.2437486629279038e-06,-4.5662785648427694e-07,0.010061424328444953,2.2437486629279038e-06,-4.5662785648427694e-07,0.0,0.0,0.0,0.0,0.0,0.0,0.0,0.0,0.0,0.0047786099499734155,-8.665296027843071e-07,2.4922940974719584e-05,9.658383917952032e-07,-0.08077815868719122,-0.005219431444479101,0.3497196556566833,1.3461578201794344e-06,4.4776944248745254e-05,22.04761246808179,0.01280694251149199,-0.009153436423971031,-0.06482603861610972,-2.0834022907132067e-05,1.2330268482578582e-05
0.20000000000000015,4.015851925265964e-06,-0.005668129695692208,0.16925522078498792,0.9102421882796414,0.4140762713892599,1.2085708427940959e-05,-1.4812453591452382e-06,1.693341329933234,0.0015194980236495873,-0.0012732788622240388,8.000910656503044e-07,-0.06366209521639848,-0.004343295327363564,0.3767832956176423,4.132992840995194e-05,3.756874588982522e-05,23.967128213444983,0.013269576785854139,-0.009287692291201528,2.0,12.676585040950766,-5.5694486054885806e-05,0.00012658773058661733,2.269237523306499,0.017028225957665205,0.013092016315406442,0.0,-0.0007241108374348707,0.012258686597792095,2.440092389908714e-06,-2.82908677192675e-07,0.010749597557363346,2.3048075687000624e-06,-4.021347397366173e-07,0.010749597557363346,2.3048075687000624e-06,-4.021347397366173e-07,0.0,0.0,0.0,0.0,0.0,0.0,0.0,0.0,0.0,0.005174965446468851,-1.0621212432820112e-06,2.6836411448046317e-05,1.0945291772347642e-06,-0.08701310867954322,-0.005937867818563977,0.3767832968115291,1.5922147362367142e-06,4.708890985108043e-05,24.343911509062625,0.013310906714264091,-0.009250123545311703,-0.06845734095843167,-2.1201920981619736e-05,1.1989326290119111e-05
0.21000000000000016,4.024377631885158e-06,-0.006328593518024854,0.16920887173834437,0.9094310610555003,0.4158547162617885,1.2196492670172482e-05,-1.2412899139773947e-06,1.9450069503897272,0.0016547598286966508,-0.001366597407952303,9.07218837218155e-07,-0.06847400958789587,-0.004939010190284739,0.4053520670633383,4.3757043905052555e-05,3.9591370944344354e-05,26.391580960259052,0.013785059756806927,-0.009373997288482046,2.0,12.66636256189009,-5.5366354302394116e-05,0.00013232789346508516,2.268615908987764,0.02043261414943828,0.015871461280271802,0.0,-0.0007207838062629805,0.013085674137256552,2.5148946835098144e-06,-2.178300285036905e-07,0.011481036870698376,2.3701632490199355e-06,-3.4428607275783605e-07,0.011481036870698376,2.3701632490199355e-06,-3.4428607275783605e-07,0.0,0.0,0.0,0.0,0.0,0.0,0.0,0.0,0.0,0.00559466972704202,-1.2863162753272742e-06,2.8855560600055622e-05,1.241079979554023e-06,-0.09358977247262013,-0.00675228934893479,0.4053520683215652,1.873255191897501e-06,4.958424278276031e-05,26.79693302732239,0.01382881680071198,-0.0093344059175377,-0.07236671162645579,-2.1590848665235853e-05,1.163093381877361e-05
0.22000000000000017,4.034046832595256e-06,-0.007038503284608963,0.16915617515824202,0.9085551221150073,0.4177649936578814,1.2314160954099122e-05,-9.88384645653574e-07,2.221733913574932,0.0017952493513269992,-0.001460714455691453,1.0290643755152744e-06,-0.07355444657756677,-0.005614502351056052,0.43554111775827037,4.637174406092527e-05,4.174638409431059e-05,28.98100915699539,0.014315280026388728,-0.009447268814085107,2.0,12.654749329184519,-5.499342054535172e-05,0.00013827152330296615,2.2679091642556224,0.024406900366812766,0.01913519614650889,0.0,-0.0007169793481027497,0.013965321927503022,2.5948914125929626e-06,-1.4887680223061847e-07,0.012258686597792095,2.440092389908714e-06,-2.82908677192675e-07,0.012258686597792095,2.440092389908714e-06,-2.82908677192675e-07,0.0,0.0,0.0,0.0,0.0,0.0,0.0,0.0,0.0,0.006039413822084045,-1.5430168829592226e-06,3.0988123115657015e-05,1.4077635541214794e-06,-0.10053342879593578,-0.007675776520604143,0.43554111908537574,2.19370472148282e-06,5.22711142962225e-05,29.41655027475366,0.014361651770449653,-0.009405522429990796,-0.07656977259817695,-2.2002500243703845e-05,1.1253896449102613e-05
0.23000000000000018,4.0450159793173585e-06,-0.007800640248749775,0.1690962802157666,0.9076100064577055,0.4198143351799554,1.243929891864608e-05,-7.21621586748458e-07,2.5252235377488286,0.0019411190697689838,-0.0015554957249164837,1.1675193469266908e-06,-0.07892275710021916,-0.006380608640563574,0.46747187736938206,4.9185095991255564e-05,4.403798172483666e-05,31.745834986915774,0.014861269100632318,-0.00950671157550019,2.0,12.641560792264755,-5.456976583545492e-05,0.0001443723712271125,2.2671058782115905,0.02903589204104797,0.022956553240199816,0.0,-0.0007126332938200177,0.014901160062785286,2.6804251984019687e-06,-7.587504374675248e-08,0.013085674137256552,2.5148946835098144e-06,-2.178300285036905e-07,0.013085674137256552,2.5148946835098144e-06,-2.178300285036905e-07,0.0,0.0,0.0,0.0,0.0,0.0,0.0,0.0,0.0,0.0065109869310408216,-1.8366419464167409e-06,3.324218732429757e-05,1.5971675975514909e-06,-0.10787052057250646,-0.008723144593861804,0.4674718787700603,2.5586685892363883e-06,5.515809851565728e-05,32.21330686428516,0.014910454196623573,-0.009462673593775353,-0.08108332837670512,-2.2438668381992108e-05,1.0856983934922654e-05
0.24000000000000019,4.057461667498676e-06,-0.008617983570534097,0.16902822067168816,0.9065909554246107,0.4220104730738683,1.2572533344393387e-05,-4.400576855014177e-07,2.8572848557639525,0.0020925321124652483,-0.0016507987894762426,1.3247240369169622e-06,-0.08459917649439522,-0.007249604342874897,0.5012725051931481,5.2208891001885275e-05,4.6470185589380067e-05,34.69718599951768,0.015424126290096084,-0.00955149170353999,2.0,12.626587822378333,-5.408867780817839e-05,0.00015057022464605346,2.266193092137172,0.034416345502414104,0.027419256908201958,0.0,-0.0007076724208782671,0.015896939575680433,2.771860150491459e-06,1.3487755222921608e-09,0.013965321927503022,2.5948914125929626e-06,-1.4887680223061847e-07,0.013965321927503022,2.5948914125929626e-06,-1.4887680223061847e-07,0.0,0.0,0.0,0.0,0.0,0.0,0.0,0.0,0.0,0.0070112831603611385,-2.172196516856255e-06,3.562620689782396e-05,1.812219848753977e-06,-0.11562869845000748,-0.009911175350038269,0.5012725066722429,2.973969767121051e-06,5.8254126873860825e-05,35.19845850471083,0.015476335181097969,-0.00950502151795061,-0.0859254310275471,-2.290125140571905e-05,1.0438932063581861e-05
0.25000000000000017,4.071583239663362e-06,-0.009493719296130453,0.16895089955592982,0.9054927829914522,0.42436166154439015,1.271453570485254e-05,-1.4271471292001397e-07,3.2198418864383895,0.0022496629600925553,-0.001746472690512012,1.503091523327553e-06,-0.09060485036451452,-0.00823539419896544,0.5370783566939651,5.545562338587767e-05,4.904676097367285e-05,37.84693909593,0.016005023494590535,-0.00958073648768575,2.0,12.609593601770726,-5.354254906772549e-05,0.00015678763040092658,2.2651560940256665,0.040658609404117314,0.032618860196575866,0.0,-0.0007020131765884209,0.016956646403915983,2.869582057111698e-06,8.296609640094477e-08,0.014901160062785286,2.6804251984019687e-06,-7.587504374675248e-08,0.014901160062785286,2.6804251984019687e-06,-7.587504374675248e-08,0.0,0.0,0.0,0.0,0.0,0.0,0.0,0.0,0.0,0.007542308575109319,-2.555349892216852e-06,3.81490096083794e-05,2.0562211581285828e-06,-0.1238368558888949,-0.011258878203207211,0.5370783582564592,3.4462159673059493e-06,6.15684273238292e-05,38.384017452623965,0.016060479117976412,-0.009531689726712077,-0.09111544979280767,-2.3392260452073746e-05,9.998445014064581e-06
0.2600000000000002,4.087605650763191e-06,-0.010431249557078756,0.16886307181871693,0.9043098384821321,0.42687669865999545,1.286602580641841e-05,1.7142031580829311e-07,3.614941359888482,0.0024126981953272557,-0.001842357547061499,1.705335631399316e-06,-0.09696185238802547,-0.009353727526093515,0.5750324676878296,5.893846065832591e-05,5.1771110295634973e-05,41.20776735911818,0.01660520998497347,-0.009593534211178636,2.0,12.590310137572136,-5.2922763651347404e-05,0.00016292592428455904,2.2639781859126105,0.04788849100798154,0.038664377005021705,0.0,-0.0006955602170437352,0.018084516055113197,2.9739984110897348e-06,1.6914409016796637e-07,0.015896939575680433,2.771860150491459e-06,1.3487755222921608e-09,0.015896939575680433,2.771860150491459e-06,1.3487755222921608e-09,0.0,0.0,0.0,0.0,0.0,0.0,0.0,0.0,0.0,0.008106188570435458,-2.992523466948346e-06,4.081980227538642e-05,2.332883720912699e-06,-0.1325251532208921,-0.01278778427983808,0.5750324693388293,3.982885000646521e-06,6.51104444905963e-05,41.782799826806006,0.016664148445631796,-0.009541763100883002,-0.09667414545915332,-2.3913826490498354e-05,9.534198689418289e-06
0.2700000000000002,4.105782627563091e-06,-0.011434201898014567,0.16876332469811742,0.903035965336072,0.4295649486859618,1.3027775517592112e-05,5.033940648401057e-07,4.0447609260163055,0.0025818373007012734,-0.001938284166242436,1.934501649014482e-06,-0.1036931917672681,-0.010622440319812859,0.6152860558241031,6.267119720314128e-05,5.46461430982581e-05,44.7931898790001,0.017226017243005712,-0.00958893425380709,2.0,12.568434367348047,-5.221957016068868e-05,0.00016886042477685955,2.2626404205812602,0.056249375030225084,0.045680135960388855,0.0,-0.0006882047300522197,0.019285048977198023,3.0855381197269608e-06,2.600429537551029e-07,0.016956646403915983,2.869582057111698e-06,8.296609640094477e-08,0.016956646403915983,2.869582057111698e-06,8.296609640094477e-08,0.0,0.0,0.0,0.0,0.0,0.0,0.0,0.0,0.0,0.00870517556588294,-3.4909895700142964e-06,4.3648170832872696e-05,2.6463730798238404e-06,-0.1417250274968572,-0.014522277383744186,0.6152860575688154,4.592424110838231e-06,6.888973613377236e-05,45.4084759348242,0.017288688440208855,-0.009534288110708833,-0.10262374965455211,-2.4468207125880222e-05,9.044845275169287e-06
0.2800000000000002,4.126400146172074e-06,-0.012506438615540476,0.16865005551878315,0.9016644555253497,0.4324363646447759,1.3200612557908705e-05,8.542849861438617e-07,4.51161787686872,0.0027572935051495473,-0.0020340736563279347,2.1939991302557308e-06,-0.1108228074838232,-0.01206172745351747,0.6579990386221843,6.666818397702072e-05,5.767412106343279e-05,48.61762472658877,0.017868863855775893,-0.009565947585711748,2.0,12.543623821813497,-5.142194022469959e-05,0.00017443462078534788,2.261121303818719,0.06590462860561827,0.05380788570837109,0.0,-0.0006798225072935026,0.020563026634673583,3.2046507540074656e-06,3.5581263623416283e-07,0.018084516055113197,2.9739984110897348e-06,1.6914409016796637e-07,0.018084516055113197,2.9739984110897348e-06,1.6914409016796637e-07,0.0,0.0,0.0,0.0,0.0,0.0,0.0,0.0,0.0,0.009341657021388106,-4.058982585004166e-06,4.664407421010145e-05,3.00135297826093e-06,-0.15146918422779984,-0.016489966102956225,0.6579990404658859,5.284361632299917e-06,7.291584030502268e-05,49.27562376521096,0.017935532039752913,-0.009508273464648316,-0.1089880492434283,-2.505779303026366e-05,8.529019286345342e-06
0.2900000000000002,4.14978024545927e-06,-0.013652065959497833,0.16852144660428883,0.9001879991770366,0.43550151085498423,1.3385424291255778e-05,1.2252004249672112e-06,5.017978415141984,0.002939294679608719,-0.0021295370471861434,2.4876361417061958e-06,-0.11837554588681605,-0.01369444834328936,0.7033405668283794,7.094422627023995e-05,6.085647550476337e-05,52.69644523429576,0.018535260422274734,-0.009523547764491342,2.0,12.515491810394977,-5.051741100470242e-05,0.00017945314992940685,2.2593964579637573,0.07704033026055263,0.06320918521564944,0.0,-0.000670271726377788,0.021923528281315545,3.33180517562449e-06,4.5658892740646746e-07,0.019285048977198023,3.0855381197269608e-06,2.600429537551029e-07,0.019285048977198023,3.0855381197269608e-06,2.600429537551029e-07,0.0,0.0,0.0,0.0,0.0,0.0,0.0,0.0,0.0,0.010018163768619047,-4.705823740522693e-06,4.981783043259707e-05,3.4030321802069332e-06,-0.16179156626455493,-0.01872210166079051,0.7033405687763755,6.069430425878234e-06,7.719810638464629e-05,53.39978580112414,0.018606204648544972,-0.009462691288986578,-0.11579247598005894,-2.5685113784502144e-05,7.985345395990914e-06
0.3000000000000002,4.176285228073997e-06,-0.014875445736944938,0.16837543661633417,0.8985986251859733,0.4387715927755138,1.3583170138254883e-05,1.617297495686608e-06,5.566448478224799,0.003128084243834196,-0.002224474961235864,2.8196890857085405e-06,-0.1263793077187498,-0.015546739406466522,0.7515031759030304,7.554284450070876e-05,6.422193156884036e-05,57.030771907728806,0.01922678599417411,-0.009460700889565282,2.0,12.483296445350987,-4.9491890046965414e-05,0.0001837785116421211,2.2574382375261215,0.0898292116456998,0.07402895903792381,0.0,-0.0006593908519102891,0.023372194650529615,3.4680014464402666e-06,5.630020621775418e-07,0.020563026634673583,3.2046507540074656e-06,3.5581263623416283e-07,0.02,3.2046507540074656e-06,3.5581263623416283e-07,1.0,0.0,0.0,0.0,0.0,0.0,0.0,0.0,0.0,0.010736839506755105,-5.44223872379244e-06,5.318147855881551e-05,3.85726038605383e-06,-0.17273029387131708,-0.0212544160768059,0.7515031779615845,6.95506441777325e-06,8.178499858346464e-05,57.78227508363184,0.01930232883867482,-0.00939647895799644,-0.12306421855343833,-2.6352878067843862e-05,7.412408825769807e-06
0.3100000000000002,4.206326556682884e-06,-0.016181356140608567,0.16820966888907904,0.8968874328430185,0.4422588977214831,1.3795207138502947e-05,2.0326894015880446e-06,6.1587244117156414,0.0033239207737361526,-0.002318678633520354,3.196039514587922e-06,-0.13489147657188028,-0.01765198470477333,0.8028641276627949,8.069528559247927e-05,6.798005961203091e-05,61.42385540041348,0.019944933546994812,-0.009376521766491395,2.0,12.44629819829295,-4.832833322301888e-05,0.00018787066750863284,2.255215035679009,0.10391033377020459,0.08587447607387394,0.0,-0.0006469945370638795,0.024918214948523254,3.6177368679893405e-06,6.790548114708785e-07,0.021923528281315545,3.33180517562449e-06,4.5658892740646746e-07,0.02,3.33180517562449e-06,4.5658892740646746e-07,1.0,0.0,0.0,0.0,0.0,0.0,0.0,0.0,0.0,0.011492932180764892,-6.282438489625866e-06,5.676237292445761e-05,4.3720930140489105e-06,-0.1843638162669027,-0.024132561201698353,0.802864129845426,7.922998824591216e-06,8.698007036005961e-05,62.22671952807627,0.02002562883258729,-0.009308541706879364,-0.1308332581324118,-2.7065271591558924e-05,6.807328269320974e-06
0.32000000000000023,4.240384337101279e-06,-0.01757510013522647,0.16802143566457803,0.8950443857355718,0.4459770704424936,1.4023059082280163e-05,2.4736710038896506e-06,6.794914032669576,0.003527080125866206,-0.002411928417266056,3.6240992853797677e-06,-0.14395109728594127,-0.020046046300661702,0.8576915910568613,8.626703496283598e-05,7.196554564280391e-05,65.81347238146385,0.020691670502524205,-0.009269718799812587,2.0,12.404217712576548,-4.70060003052164e-05,0.00019074202947642028,2.2526905361042795,0.11917277858495237,0.09859826675306323,0.0,-0.0006328476939844736,0.02656909301449753,3.778961804012931e-06,8.020190417162748e-07,0.023372194650529615,3.4680014464402666e-06,5.630020621775418e-07,0.02,3.4680014464402666e-06,5.630020621775418e-07,1.0,0.0,0.0,0.0,0.0,0.0,0.0,0.0,0.0,0.012286557296867727,-7.240780618207884e-06,6.057402774260378e-05,4.957667798612387e-06,-0.1967454309761081,-0.027405566129652312,0.8576915933713672,9.02378638098996e-06,9.257078253710057e-05,66.67116397252072,0.02077793753748704,-0.009197753254169784,-0.13913305469342535,-2.7826939683523543e-05,6.167009748177442e-06
0.33000000000000024,4.279010117311073e-06,-0.01906230554894593,0.16780765472010353,0.89305850124095,0.44994056624073964,1.426807029070254e-05,2.941708369609328e-06,7.4749815383645855,0.0037378597263995395,-0.0025039903162030635,4.110636517308184e-06,-0.1535889418071162,-0.022768576010004024,0.9162156851419528,9.22232729085326e-05,7.612019665846875e-05,70.1993927318232,0.021469469951274564,-0.009138591804739494,2.0,12.356366817757124,-4.5502012222087274e-05,0.00019172725559116427,2.249823400612864,0.13565743928062146,0.11219961501566265,0.0,-0.0006166793601548839,0.02833183520923756,3.951344926718865e-06,9.309836344932385e-07,0.024918214948523254,3.6177368679893405e-06,6.790548114708785e-07,0.02,3.6177368679893405e-06,6.790548114708785e-07,1.0,0.0,0.0,0.0,0.0,0.0,0.0,0.0,0.0,0.013120206382390356,-8.333368001761896e-06,6.462824803720954e-05,5.623234676949716e-06,-0.20991714797442687,-0.031127635937934404,0.9162156875939833,1.0286809305205482e-05,9.849071861172106e-05,71.11560841696515,0.021561693224183096,-0.009062471608081026,-0.14799941095853014,-2.8641575179565983e-05,5.489748816989986e-06
0.34000000000000025,4.322821577719833e-06,-0.02064891107578715,0.16756482119801633,0.8909177805016756,0.45416462671918945,1.4531615482165187e-05,3.4381162650633926e-06,8.198888748926983,0.00395658491103927,-0.0025946107937135214,4.662275070466003e-06,-0.16383638717193458,-0.02586455119584661,0.9786816066408834,9.857246736662563e-05,8.043328234419873e-05,74.58137125476871,0.02228119720340086,-0.00898118290849869,2.0,12.301973973664268,-4.379109766397549e-05,0.0001902184583178746,2.2465666231992776,0.15341086344041122,0.12667775726028513,0.0,-0.0005981844481307413,0.030213909463651503,4.135330644999593e-06,1.0658680719502616e-06,0.02656909301449753,3.778961804012931e-06,8.020190417162748e-07,0.02,3.778961804012931e-06,8.020190417162748e-07,1.0,0.0,0.0,0.0,0.0,0.0,0.0,0.0,0.0,0.013996534217286112,-9.578632220838236e-06,6.893782067998267e-05,6.377850958801199e-06,-0.22392180660478525,-0.035360257141544005,0.9786816092354942,1.1731557806320895e-05,0.0001047369131394592,75.5600528614096,0.022379769670767487,-0.008900749626154492,-0.15747050680144506,-2.9512827905004147e-05,4.774137628066441e-06
0.35000000000000026,4.372505170789856e-06,-0.022341171323060842,0.16728895108823694,0.888609104864872,0.4586653011903656,1.4815138543583823e-05,3.964180901544225e-06,8.966594957197351,0.004183607439910366,-0.0026835196992673373,5.286213541140495e-06,-0.17472519081898383,-0.02938494528725197,1.0453497014015072,0.00010532771476005385,8.489774166847433e-05,78.95914760445251,0.023129332522783635,-0.00879606272514465,2.0,12.240169243581953,-4.184507527829617e-05,0.00018549311938580014,2.2428667719836373,0.17248601563926994,0.14203187934006603,0.0,-0.0005770162178969883,0.03222325857575624,4.331456758127102e-06,1.2066500482899903e-06,0.02833183520923756,3.951344926718865e-06,9.309836344932385e-07,0.02,3.951344926718865e-06,9.309836344932385e-07,1.0,0.0,0.0,0.0,0.0,0.0,0.0,0.0,0.0,0.014918359603779453,-1.0997484968891294e-05,7.351567833932257e-05,7.231361941934287e-06,-0.23880275785781563,-0.04017311419886372,1.045349704143219,1.3378479781903137e-05,0.00011131251842251722,80.00449730585402,0.02323466023754369,-0.008711164983476176,-0.16758704938161392,-3.044447365557666e-05,4.018866271781843e-06
0.36000000000000026,4.4288556133083334e-06,-0.02414680029618157,0.16697531535788399,0.8861164754377244,0.46346261090685587,1.5123000572350448e-05,4.529941126660315e-06,9.770049668382509,0.004419290664513434,-0.0027704463189962493,6.004031524308066e-06,-0.18666811376536224,-0.033455871881703715,1.1188532202898698,0.00011618113304946191,9.313411039587043e-05,80.66342186334191,0.02401269904034976,-0.008585529295463553,2.0,12.153611510467533,-3.962016694167292e-05,0.0001897115625559754,2.238660416894003,0.18310331013286252,0.14841861054386815,0.0,-0.0005528166298622295,0.03441132064461581,4.607454050362382e-06,1.4197214223640746e-06,0.030213909463651503,4.135330644999593e-06,1.0658680719502616e-06,0.0,4.135330644999593e-06,1.0658680719502616e-06,1.0,0.0,0.0,1.0,0.0,0.0,1.0,0.0,0.0,0.01579419348100703,-1.2654692843132505e-05,7.85936750636637e-05,8.213458486209055e-06,-0.2551248370682452,-0.04573884097548326,1.1188532233152704,1.4439539275843018e-05,0.00012326216099295943,81.78227508363177,0.02412888017339922,-0.008492395185067681,-0.17839953349247692,-3.145242069340085e-05,3.208657059519914e-06
0.3700000000000003,4.49306489633291e-06,-0.026077402044495327,0.1666178576329992,0.883417406024344,0.4685869038584493,1.5461522790002928e-05,5.149122224811745e-06,10.576289078143619,0.004664016612615505,-0.002855111838576445,6.8585105864766895e-06,-0.19957231894855176,-0.038137112503753734,1.1986312996836306,0.00012529349992058934,9.904187799541838e-05,80.58364378394815,0.024939761838131826,-0.008342167875502206,2.0,12.070566470095917,-3.703516147263164e-05,0.0001791344835840424,2.2338663078844427,0.18792558758326583,0.1484186114800488,0.0,-0.0005246592529042424,0.03677399336105107,4.860009382295502e-06,1.596922462733346e-06,0.03222325857575624,4.331456758127102e-06,1.2066500482899903e-06,0.0,4.331456758127102e-06,1.2066500482899903e-06,1.0,0.0,0.0,1.0,0.0,0.0,1.0,0.0,0.0,0.016657962711280994,-1.4555977036875425e-05,8.403373476908455e-05,9.382566374175567e-06,-0.2727597094228721,-0.05213903327522363,1.1986313029061888,1.6545921875145352e-05,0.00013232033157839165,81.78227508363177,0.025065055338052415,-0.008243125997506788,-0.18998287458432148,-3.2559079796561175e-05,2.3228917648023096e-06
0.3800000000000003,4.566423166892888e-06,-0.028140696989444963,0.1662104144240704,0.8804937261311646,0.4740578002305787,1.582746432503949e-05,5.80466268236191e-06,11.381705583052392,0.004918246188447436,-0.0029371717887900035,7.829234876138398e-06,-0.21321159623994151,-0.04346681583237989,1.2834956436372835,0.00013370796300970773,0.00010384423416071144,80.49877943999451,0.02591594644974253,-0.008062187939050136,2.0,11.976168626273898,-3.405878694351383e-05,0.0001574134866206605,2.228401789674363,0.19342289428459317,0.1484186125015645,0.0,-0.0004918835734933044,0.03929405122782448,5.106391500687427e-06,1.7579505540229598e-06,0.03441132064461581,4.607454050362382e-06,1.4197214223640746e-06,0.0,4.607454050362382e-06,1.4197214223640746e-06,1.0,0.0,0.0,1.0,0.0,0.0,1.0,0.0,0.0,0.017576801561664242,-1.6718923926948002e-05,8.976034104116245e-05,1.071045616631349e-05,-0.2913984322431685,-0.05942564513876615,1.2834956470132894,1.9301470215367982e-05,0.00014008112183729103,81.78227508363179,0.026049654412752237,-0.007958343704889424,-0.20238912052941727,-3.37456020814086e-05,1.3905707608730761e-06
0.3900000000000003,4.650009036928243e-06,-0.030344181969518946,0.16574607194247232,0.8773261590232304,0.4798945825785431,1.6221496056725372e-05,6.494208654048898e-06,12.18624651601422,0.005182551639560208,-0.003016189557211162,8.903987746132762e-06,-0.2276150777993244,-0.049532396745536916,1.3738050826123238,0.00014237260100804315,0.00010862785841722649,80.40847000101948,0.026954134775310227,-0.007734984887159938,2.0,11.869131616195794,-3.065813695385389e-05,0.00012653010915324758,2.22217414773121,0.19968844332996982,0.14841861362887537,0.0,-0.00045399066799138615,0.04198216656080478,5.363641582792997e-06,1.9219839035214717e-06,0.03677399336105107,4.860009382295502e-06,1.596922462733346e-06,0.0,4.860009382295502e-06,1.596922462733346e-06,1.0,0.0,0.0,1.0,0.0,0.0,1.0,0.0,0.0,0.01855459524261104,-1.918387158511856e-05,9.58021662129959e-05,1.2180556556955418e-05,-0.3110809232755354,-0.06771820868736797,1.3738050861366988,2.2369918141806427e-05,0.00014793900238331076,81.7822750836318,0.02709650737631827,-0.007626357028742712,-0.21567093842228685,-3.5011684558102764e-05,4.1646934985755674e-07
0.4000000000000003,4.744892748079295e-06,-0.03269563693064615,0.1652169902458415,0.8738935067150356,0.48611741235234385,1.6645008768038146e-05,7.2183078914469335e-06,12.989855622040348,0.005457513275802289,-0.0030917463129649957,1.0090726588914094e-05,-0.242809799944022,-0.05643206237912047,1.4699227911899067,0.00015140749503489477,0.0001135045135401101,80.3123522924419,0.028046864217601504,-0.0073706676735968285,2.0,11.747842422955248,-2.678937656913627e-05,8.483514067077681e-05,2.2150782437369774,0.20682800949844518,0.14841861486685212,0.0,-0.0004103442511975243,0.04484937690155347,5.634185400478686e-06,2.091039228623248e-06,0.03929405122782448,5.106391500687427e-06,1.7579505540229598e-06,0.0,5.106391500687427e-06,1.7579505540229598e-06,1.0,0.0,0.0,1.0,0.0,0.0,1.0,0.0,0.0,0.019595275910130917,-2.1991747887312772e-05,0.00010217081552106399,1.3803813827102713e-05,-0.33184401219008275,-0.07715100909944005,1.4699227948608946,2.574462872253717e-05,0.00015605314921651202,81.7822750836318,0.028198271712636398,-0.007257163160056718,-0.22988458325168934,-3.6360631123132255e-05,-5.994748112658335e-07
0.4100000000000003,4.852263729215281e-06,-0.03520309333610752,0.16461428588505764,0.8701724722815432,0.4927472659765755,1.709958211539892e-05,7.977621420027025e-06,13.792472935087824,0.005743676587217065,-0.0031634808935960997,1.140362731188251e-05,-0.2588187778244191,-0.06427653213870804,1.5722283991468486,0.00016081845681007487,0.00011843237466164706,80.21004668448496,0.029194846331689384,-0.006970447730466176,2.0,11.610502207096896,-2.239899396730416e-05,2.9814647351812322e-05,2.20699494280768,0.2149615189691585,0.14841861622677108,0.0,-0.0003601532612769035,0.04790731286948902,5.918431695510978e-06,2.264375859013759e-06,0.04198216656080478,5.363641582792997e-06,1.9219839035214717e-06,0.0,5.363641582792997e-06,1.9219839035214717e-06,1.0,0.0,0.0,1.0,0.0,0.0,1.0,0.0,0.0,0.02070295387017955,-2.518797874135899e-05,0.00010887445801558901,1.5599622320369523e-05,-0.353718976521655,-0.08787542187203515,1.572228402960123,2.9486350820395936e-05,0.0001644040384874098,81.78227508363182,0.02935566478849946,-0.0068520153558045286,-0.24509002106057187,-3.779624341162038e-05,-1.6574139388013954e-06
0.4200000000000003,4.97345510987995e-06,-0.037874786357123255,0.16392790025571638,0.8661374526766118,0.4998058750001007,1.758689789139751e-05,8.772471305250762e-06,14.594034602499004,0.006041607246106652,-0.003231029647289539,1.2856702037836624e-05,-0.2756594674071248,-0.07319033085662968,1.6811196898836398,0.00017057929651654292,0.00012334592413167862,80.10115539374816,0.03040081181067523,-0.006533312147229916,2.0,11.45513707447967,-1.7425193244019477e-05,8.752923756888309e-05,2.197789349357214,0.2242248097617701,0.14841861772263007,0.0,-0.0003024754857541568,0.05116824277843071,6.216213365032029e-06,2.4407725341900497e-06,0.04484937690155347,5.634185400478686e-06,2.091039228623248e-06,0.0,5.634185400478686e-06,2.091039228623248e-06,1.0,0.0,0.0,1.0,0.0,0.0,1.0,0.0,0.0,0.021881935978353424,-2.8823603912677148e-05,0.00011591843347729778,1.7587131526794934e-05,-0.3767294548655249,-0.10006168255315602,1.68111969383098,3.3663871029135056e-05,0.00017293455952367806,81.7822750836318,0.030571391107191776,-0.006409966223098237,-0.261351104506565,-3.93223253466782e-05,-2.7568237477479346e-06
0.4300000000000003,5.109930701585569e-06,-0.04071909066203264,0.16314645507692058,0.8617603109437947,0.5073156473655432,1.8108655867905986e-05,9.602715301690045e-06,15.394472701914436,0.006351900262376016,-0.0032940176142192334,1.4461922520212415e-05,-0.29334198653858967,-0.08331309092435377,1.7970128105241066,0.00018063748873564124,0.0001281745854887466,79.9852622731077,0.03166781749167462,-0.006058123619286043,2.0,11.303757529877421,-1.1798727306833179e-05,0.00018153305555717916,2.187308870056691,0.23477157086797137,0.1484186193701118,0.0,-0.00023621547099230306,0.054645091065361445,6.526870378499515e-06,2.6188497550808175e-06,0.04790731286948902,5.918431695510978e-06,2.264375859013759e-06,0.02,5.918431695510978e-06,2.264375859013759e-06,1.0,0.0,0.0,0.0,0.0,0.0,0.0,0.0,0.0,0.023136727915949753,-3.2955914385425265e-05,0.000123304535949951,1.9782692518788708e-05,-0.40088901087672235,-0.1139006694986639,1.7970128145927007,3.8343598866409786e-05,0.0001815647897110554,81.7822750836318,0.03184845498041026,-0.005929949033797296,-0.27873575594909417,-4.0942444765724666e-05,-3.896340203542234e-06
0.44000000000000034,5.263175821692839e-06,-0.04374332131640647,0.16225742599453966,0.8570119407720566,0.5152965485196769,1.8664766902571337e-05,1.0461792723624504e-05,16.20172209310813,0.006675190513439006,-0.0033520509322748603,1.6212201525302793e-05,-0.3117428733514436,-0.09476216634940293,1.919569991854504,0.00019053606149662788,0.00013255436075174478,80.7515939806662,0.03299935898618949,-0.005543671646424786,2.0,11.082215340220689,-5.462098184721986e-06,0.0003007991535086426,2.175385553398645,0.2499875984054021,0.15163534419667904,0.0,-0.00016025278308691578,0.058336989102495046,6.8418104592175e-06,2.7911072041298867e-06,0.05116824277843071,6.216213365032029e-06,2.4407725341900497e-06,0.0,6.216213365032029e-06,2.4407725341900497e-06,1.0,0.0,0.0,1.0,0.0,0.0,1.0,0.0,0.0,0.024503672572189147,-3.763058319669567e-05,0.00013097308021516664,2.217648355516423e-05,-0.4260285640964698,-0.12955268911742887,1.919569996015165,4.3619410576490656e-05,0.00018973308985113243,82.6711639725207,0.033189895047686116,-0.005411117285673042,-0.29730911561392465,-4.265201690347747e-05,-5.064108882481007e-06
0.45000000000000034,-8.198730015934427e-06,-0.04695307719050193,0.16122955078122017,0.8518620063924753,0.5237662844131524,-1.7937615641009635e-05,3.248492250555126e-05,17.008608593413832,0.007054556098069547,-0.0034790761180920997,0.003127712394923751,-0.3302837527867264,-0.11084818482854922,2.0472349009988333,0.010764346359150245,-0.022031358229104202,80.62392907152187,0.02383432337343018,0.01717844712868917,2.0,11.879584904826455,-2.1114308918490643e-05,0.0008574661682837447,2.1616183960818516,0.2636680601283319,0.151635346283789,0.0,-0.0002828321366825805,0.06222096874679185,0.0001930929292574658,-0.0003906393965282168,0.054645091065361445,6.526870378499515e-06,2.6188497550808175e-06,0.0,6.526870378499515e-06,2.6188497550808175e-06,1.0,0.0,0.0,1.0,0.0,0.0,1.0,0.0,0.0,0.025885326736349953,0.00022189375805119218,0.00013400112235188318,0.004329675503606486,-0.4513783810408442,-0.1515216657528498,2.0472340209289333,0.024592945774906665,-0.00020575455360122286,82.6711639725207,0.034598669732580425,-0.004852911100415032,-0.31713425661016065,8.31631509048226e-06,-7.406314494573502e-05
0.46000000000000035,7.851046301574127e-06,-0.05036225945970302,0.1600720680770379,0.8462637531608158,0.5327641683070218,3.235019911880592e-05,2.7862964202536237e-06,17.814125570869383,0.00735375662726618,-0.0034215785675639587,0.0005542210961900513,-0.35141141315734253,-0.12200745310417863,2.1917256335619046,0.0019548076357863682,-0.0029722202642229354,80.4794383389588,0.03411927753405831,-0.0012862333035504744,2.0,10.75987814451883,-1.9268801727923002e-05,0.0006151917188062479,2.1460906903748898,0.2791888208731184,0.15163534842401258,0.0,-0.00029315011939437654,0.06651737474881461,4.016287082087695e-05,-5.5076381906292316e-05,0.058336989102495046,6.8418104592175e-06,2.7911072041298867e-06,0.0,6.8418104592175e-06,2.7911072041298867e-06,1.0,0.0,0.0,1.0,0.0,0.0,1.0,0.0,0.0,0.027450277386554384,-1.0679465663962669e-05,0.0001489851105581196,0.0007603924288657077,-0.4802218582881715,-0.16686814394688987,2.1917255155401967,0.0036111009515167854,0.00036422316885638276,82.6711639725207,0.03607408516984468,-0.00425845356777341,-0.33832891680875404,-6.220416720902897e-05,1.970521437849355e-05
0.47000000000000036,-5.015042709098397e-06,-0.053978314825822375,0.15876161066211622,0.8401793077741112,0.5423087035588754,-4.285340669214877e-06,2.853322027809241e-05,18.61819919175768,0.007645611016852171,-0.0033398989449725494,-0.0014912523580204295,-0.3721777229353709,-0.13939708326833977,2.3390903468998894,-0.004068105547169087,0.009039844670608515,80.33207362562084,0.01963952847513322,0.027304328468682727,2.0,10.666190650369762,-1.2044216574969013e-05,0.0008205985272648674,2.1285247910646325,0.2968401063561539,0.15163533418048503,0.0,-0.00022019847994317462,0.07098098125730912,-7.210622261927291e-05,0.00016722180992239912,0.06222096874679185,0.0001930929292574658,-0.0003906393965282168,0.0,0.0001930929292574658,-0.0003906393965282168,1.0,0.0,0.0,1.0,0.0,0.0,1.0,0.0,0.0,0.029046103445560693,-0.00016442472459521506,0.00015526980542882127,-0.0020420661550405793,-0.5085892682307884,-0.19048336222266254,2.339090771629845,-0.009811745352296522,0.00010470870902061719,82.67116397252073,0.015571422927964134,0.03634417313929124,-0.3609669376638888,-1.3995965372132962e-05,-5.630757314307334e-05
0.48000000000000037,2.2745134394121994e-06,-0.0578045208358523,0.15726736167570002,0.83356530442273,0.5524209286055332,2.926124018894585e-05,6.709923667818601e-06,19.420744414126133,0.007928591859405214,-0.0032140626053918154,-0.00235543851085572,-0.3931780415432022,-0.16029643533874105,2.4939855670813103,-0.0055124567677384785,0.014551668053264398,80.1771784054394,0.04692342757403311,-0.027019421859581894,2.0,10.968485312140018,-1.2011353164559369e-05,0.0010125057553013737,2.108484880147807,0.31690378425370824,0.15163532318327588,0.0,-0.00021599516124632128,0.07570240847748282,-9.445856106297171e-05,0.0002611252796776843,0.06651737474881461,4.016287082087695e-05,-5.5076381906292316e-05,0.0,4.016287082087695e-05,-5.5076381906292316e-05,1.0,0.0,0.0,1.0,0.0,0.0,1.0,0.0,0.0,0.03072339148193577,-0.00023048031159804508,0.000168125476868532,-0.0032218787496777848,-0.5372760534137772,-0.21886131213142823,2.493986263778959,-0.015440942299627076,0.0004903217498070213,82.67116397252072,0.041410970806294634,-0.012467753806317495,-0.38513335337524046,-5.9570759454011086e-05,1.005931601343579e-05
0.4900000000000004,-4.757356318623523e-06,-0.06184981507996899,0.15557128283139868,0.8263729723198713,0.5631231748756954,1.8121116075373517e-05,1.4448700557467004e-05,20.221666907903696,0.00834510432266096,-0.0033125873007456585,-7.436852746436558e-05,-0.4140349892516779,-0.1856380858014982,2.653310048075348,0.0016959862491504683,-0.004841350374274844,80.01785392444536,0.02950140371113549,0.021049279614960593,2.0,11.792415763183476,-8.453182526790837e-06,0.001544036489007205,2.0857475705906463,0.3396899388684932,0.1516353172126923,0.0,-0.00017759070647452654,0.08063338086447953,3.411630837596711e-05,-8.611077719344316e-05,0.07098098125730912,-7.210622261927291e-05,0.00016722180992239912,0.0,-7.210622261927291e-05,0.00016722180992239912,1.0,0.0,0.0,1.0,0.0,0.0,1.0,0.0,0.0,0.03244780589836955,-1.718267342728438e-05,0.00016820734708736275,-4.3326065504491186e-05,-0.565766818007659,-0.25336167834539286,2.653309815559043,0.005243720307416797,-0.00022872648409322563,82.67116397252072,0.031197389960285957,0.01620792924068575,-0.4109224999890409,-4.485694864073352e-05,-1.2919119293800454e-05
0.5000000000000003,-5.030106401871118e-06,-0.06611840937137851,0.1536470824137866,0.8185499966584419,0.5744352897971666,2.6969345170854998e-05,8.875038091048552e-06,21.027093252320192,0.008681552137023695,-0.0032069406966114718,-4.125630020789378e-05,-0.4390737592140762,-0.20199269732437988,2.84572900934284,0.00032712515167890245,-9.257540611102225e-05,80.71432385206676,0.045213582362415836,-0.015615502961663915,2.0,9.5591603751116,-1.173666955853192e-05,0.001855188936220048,2.0599487800883294,0.36873095152314866,0.1548514540811106,0.0,-0.00015894851573904908,0.08629752353190136,1.0454780166506497e-05,-2.008491844284628e-06,0.07570240847748282,-9.445856106297171e-05,0.0002611252796776843,0.0,-9.445856106297171e-05,0.0002611252796776843,1.0,0.0,0.0,1.0,0.0,0.0,1.0,0.0,0.0,0.03457132579745762,-7.90434945513901e-05,0.0001828926995690332,-4.9413078593472357e-05,-0.5999443285395073,-0.27625978375214855,2.8457290051064565,0.0003278163768801303,0.00017952358839161018,83.56005286140959,0.04554070751409474,-0.015708078367774936,-0.4384300170466281,-5.708159295357817e-05,4.276681678577845e-06
0.5100000000000003,-1.3002713180412785e-05,-0.07061316254527454,0.15146893556571936,0.8100279824010822,0.5863912235568546,2.1806652767801693e-05,1.368199924750563e-05,21.833328975674338,0.009071520313076347,-0.0031871071751079193,-0.0018141953638744844,-0.4602754475629642,-0.2331911128985177,3.0306918033178767,-0.0029714728713636156,0.008501005959406635,80.52936105809171,0.0413540510370949,-0.003533184066542158,2.0,10.276620544948235,-6.650066708496771e-06,0.0013178448675400494,2.0307453417721817,0.3980067853579038,0.15485142523036927,0.0,-0.00010615807506492289,0.09197603827184225,-4.938802866963504e-05,0.00015371168997424116,0.08063338086447953,3.411630837596711e-05,-8.611077719344316e-05,0.0,3.411630837596711e-05,-8.611077719344316e-05,1.0,0.0,0.0,1.0,0.0,0.0,1.0,0.0,0.0,0.03657420714616531,-0.0001902890286062979,0.00018787346984480366,-0.002449069409751876,-0.6289640176783886,-0.31853769330679993,3.030692225902248,-0.008859119557628707,-0.00022651237360364227,83.56005286140959,0.03838257816573128,0.004967821892864477,-0.46779482265150596,-5.123103768637544e-05,-8.669783811521667e-06
0.5200000000000004,-1.6786624451657356e-05,-0.07533654329406408,0.14899974487871726,0.8007526443544022,0.5989951600480334,2.7152959809891688e-05,7.8217716486614e-06,22.637631190338837,0.009482894618691883,-0.0031859222486355404,-0.0009248510681869978,-0.4840591410944179,-0.2619719307138748,3.231620342687525,-0.0014150497411246964,0.006241331149127294,80.32843251872205,0.044652931583664,-0.010633381943952011,2.0,9.523505950851046,-8.770404264918374e-06,0.00258300996789918,1.9976399607112427,0.431173472060467,0.15485143507381313,0.0,-4.964098012043291e-05,0.09809661706806598,-2.0931232859884678e-05,0.00011183232891129468,0.08629752353190136,1.0454780166506497e-05,-2.008491844284628e-06,0.0,1.0454780166506497e-05,-2.008491844284628e-06,1.0,0.0,0.0,1.0,0.0,0.0,1.0,0.0,0.0,0.038749655711514494,-0.0001742022348037689,0.00020269959007391457,-0.001262706474625123,-0.6613753595255832,-0.358011877842229,3.231620639114406,-0.006241292060591365,0.0002949158121403452,83.56005286140957,0.0432378818425393,-0.004392050794824717,-0.49909313624613166,-5.674578100449817e-05,6.3953971624574125e-06
0.5300000000000004,-2.467430304378238e-05,-0.08028719903392487,0.14620906129368924,0.790640032509845,0.6122812575314028,2.2790602678063146e-05,1.2214079695412325e-05,23.439837601093938,0.009895375924053358,-0.003146044680216446,-0.0018749130933505037,-0.5063379693608002,-0.29641741945082384,3.448732825262111,-0.0030821042430779232,0.013535783568938729,80.11132003614746,0.048052598168095116,-0.01884662982152434,1.0,6.373343128238731,-2.844827578590836e-06,0.0020598679282155235,1.9602234363418043,0.4686931567918772,0.15485142884297412,0.0,1.037163622398765e-05,0.10467617120810535,-5.131205072782409e-05,0.00024405902928479562,0.09197603827184225,-4.938802866963504e-05,0.00015371168997424116,0.0,-4.938802866963504e-05,0.00015371168997424116,1.0,0.0,0.0,1.0,0.0,0.0,1.0,0.0,0.0,0.04110064208977009,-0.0002691481977560843,0.00021286912223317836,-0.0025691581090813605,-0.6918519481798105,-0.4050401821606946,3.448733484421325,-0.013713542130480058,0.0003302077474612898,83.56005286140957,0.044970493925017195,-0.00531084625258561,-0.532487254417342,-5.20728205947316e-05,-5.18656304873166e-06
0.5400000000000004,-3.2034281965113915e-05,-0.08546157543834698,0.1430519016071992,0.7796347651198665,0.6262344867893632,1.2486819110681765e-05,2.0401779784468757e-05,24.242562325026654,0.010327234172192336,-0.0031546782421862985,-0.00018270732249024233,-0.5276351820061549,-0.33804126558959746,3.649067049885803,9.86115744801964e-05,6.9196927566754186e-06,80.79987470041264,0.045238758247835346,-0.008491655138349374,2.0,9.713001537234135,-4.318987750218106e-06,0.0056400320203349695,1.917899669465708,0.5143084315697181,0.15806738066017847,0.0,0.00010128796894973592,0.11112558501161499,4.912011019849235e-06,2.4063537346497493e-06,0.09809661706806598,-2.0931232859884678e-05,0.00011183232891129468,0.0,-2.0931232859884678e-05,0.00011183232891129468,1.0,0.0,0.0,1.0,0.0,0.0,1.0,0.0,0.0,0.04330916684814362,-0.00013365601226609852,0.00021739501586810265,-0.0002349995706978095,-0.7207262260942586,-0.4616636654724212,3.649067044426898,0.00018766249283825331,0.00011997803403464429,84.44894175029845,0.045337369822315544,-0.008484735445592698,-0.5680297264208817,-3.921253349007125e-05,-2.8522490812869892e-05
0.5500000000000004,-3.378950739367318e-05,-0.09085935650685886,0.139500840992543,0.767655399066532,0.640862846183188,1.1171326517280755e-05,2.3263446519674917e-05,25.049236150116815,0.010754503547473808,-0.003117477179996553,-0.0012133449822850095,-0.5494339994766552,-0.3779855039375701,3.901252665924907,-0.0010664262133726085,0.011045380712380995,80.54768908437354,0.0467140869113691,-0.015630680810146402,1.0,5.822179289419141,-2.271663497754872e-06,0.005322264156181764,1.870289260854952,0.5620914727182837,0.15806738046619848,0.0,0.00025154218821302866,0.11869017350437283,-1.607236434914684e-05,0.00020161424590561087,0.10467617120810535,-5.131205072782409e-05,0.00024405902928479562,0.0,-5.131205072782409e-05,0.00024405902928479562,1.0,0.0,0.0,1.0,0.0,0.0,1.0,0.0,0.0,0.046040107083941066,-0.00027138088734644154,0.00023636409383988267,-0.001672110691182543,-0.7505388816826668,-0.5164271822952818,3.9012532023364246,-0.010863063987864664,0.000972721295161724,84.44894175029845,0.045647660697996494,-0.004585300097765407,-0.6058453189715562,-3.904134364450145e-05,-3.496741353441203e-05
0.5600000000000004,-3.499799052078103e-05,-0.09645010196036985,0.13548858104193473,0.7545923323129868,0.6561938820958416,3.337394636834656e-05,-7.83898379572708e-07,25.85344166896161,0.011184787499497998,-0.0029806432387342184,7.706110874250885e-05,-0.5695926470496998,-0.4240771759762602,4.155347066736144,0.00029702887448679175,-0.0069362669030946745,80.29359468356232,0.04269007314021674,0.017065544529899133,2.0,7.838685590379461,-1.4016881322048702e-05,0.006714363441832398,1.8164965059178613,0.6159782474687957,0.1580673788921692,0.0,0.00033783606119271804,0.1264865844778359,1.0317910903688056e-05,-0.0001270501701747061,0.11112558501161499,4.912011019849235e-06,2.4063537346497493e-06,0.0,4.912011019849235e-06,2.4063537346497493e-06,1.0,0.0,0.0,1.0,0.0,0.0,1.0,0.0,0.0,0.04879040929211008,-9.753810973084381e-05,0.0002228833007824007,0.00015818800175967815,-0.7780114349483791,-0.5796617910853564,4.155346728609366,0.007087427890867095,-0.0008823030508327235,84.44894175029846,0.042987102014703536,0.010129277626804458,-0.6461292159573165,-6.214238953657257e-05,2.746707398752468e-05
0.5700000000000004,-4.269169941577702e-05,-0.10223912228715827,0.13099334464960463,0.7403624510504966,0.6722078849003342,1.5804259220634083e-05,1.739381879004955e-05,26.65508460081687,0.011626549048373238,-0.002955284337196615,-0.00012280749682971623,-0.5889453941069919,-0.47346179918825615,4.4262835787818755,-2.8436081719029652e-05,-0.0009349200167991541,80.02265817151661,0.045455875432409455,0.0019001285620508222,2.0,6.473563728577982,-2.0262466777498656e-06,0.009145095174688265,1.7562290941772285,0.6764966252763855,0.158067381090179,0.0,0.0005862965701326728,0.13479116065618735,2.957574281674773e-06,-1.5192918535360626e-05,0.11869017350437283,-1.607236434914684e-05,0.00020161424590561087,0.0,-1.607236434914684e-05,0.00020161424590561087,1.0,0.0,0.0,1.0,0.0,0.0,1.0,0.0,0.0,0.05172414880596341,-0.00018329076404475673,0.00023858706367027113,-0.00015058148688260872,-0.8042848017781535,-0.6473444910184974,4.426283530279183,0.0011358880521455408,-0.00011838795138755948,84.44894175029849,0.04542743935069043,0.0009652085452516681,-0.6889757029764197,-4.3367796907716337e-05,-2.044552208780183e-05
0.5800000000000004,-4.492156568407618e-05,-0.1081997182719237,0.12595541017302606,0.7248947402666609,0.688859648034763,1.2347968388474766e-05,2.628079779909955e-05,27.460340613062566,0.01207349019623393,-0.002956836485870016,-0.0013873057571061227,-0.6034880969777613,-0.5325922243557116,4.686063013343349,0.00435317215093664,0.018930504626895737,80.65176762584402,0.041505425959325846,-0.02967669417466256,1.0,4.422998775200892,-4.335569595947941e-06,0.013894258993974083,1.688687019652276,0.7474882676302096,0.16128362612605845,0.0,0.0007861664338996752,0.14310364070744336,8.186995990104943e-05,0.00034394931215155013,0.1264865844778359,1.0317910903688056e-05,-0.0001270501701747061,0.0,1.0317910903688056e-05,-0.0001270501701747061,1.0,0.0,0.0,1.0,0.0,0.0,1.0,0.0,0.0,0.05457801928136691,-0.00041751240939735503,0.00030364187354368476,-0.0019173021201021264,-0.8238417044355356,-0.727750401586232,4.686063937955061,-0.018425885383424042,0.00539771087542754,85.33783063918736,0.04585859811026249,-0.010746189547766821,-0.7344313308407884,-4.3910764802373956e-05,-4.000286084283607e-05
0.5900000000000004,-4.505092910736749e-05,-0.11429567811423752,0.12032416077538892,0.7080431213909784,0.7061691988097443,2.2883662974108206e-05,1.94849122350579e-05,28.265402214175214,0.01252753967495665,-0.002934462985773745,-0.0021161096027880345,-0.6154409515125444,-0.5946375581727011,4.978008266559905,0.011708977515624698,0.029674385126920194,80.35982237262748,0.03418041445749634,-0.023052253877453233,0.0,0.0,0.0,0.0,1.613181345080696,0.8232654946837349,0.16128363799596643,0.0,0.0010205298170794953,0.15222399165015085,0.0002154562586475131,0.0005356565006255848,0.13479116065618735,2.957574281674773e-06,-1.5192918535360626e-05,0.0,2.957574281674773e-06,-1.5192918535360626e-05,1.0,0.0,0.0,1.0,0.0,0.0,1.0,0.0,0.0,0.05773986013964209,-0.000562778219284883,0.00037659162171820075,-0.002892472051565026,-0.8399084099099975,-0.8125100664795732,4.978010091140187,-0.0293450092246733,0.011763254903792325,85.33783063918739,0.04588939197312104,0.006622131249466961,-0.7827480356509072,-5.868329207835688e-05,-1.8969604262768248e-05
0.6000000000000004,-4.725402949485745e-05,-0.11762747809628565,0.11877491474795648,0.6985557266061344,0.7155556532681605,5.402002466489083e-06,6.222997703598503e-05,29.092088289743753,0.01295687542962954,-0.0029706478054855904,0.000647919930911766,-0.1454451657761773,0.12250110630673985,1.1527995459422653,-0.00023848025028213883,-0.002329172608801207,84.18503109324513,0.04751486236375228,0.005930977371989469,2.0,47.38855461270252,-0.00408496077140795,0.006198309340080678,1.5913135615744833,0.19477199497097863,0.16128364137592108,0.0,-0.481493711045863,0.08550561328660986,4.444508318598534e-07,-3.281018274069542e-05,0.14310364070744336,8.186995990104943e-05,0.00034394931215155013,0.0,8.186995990104943e-05,0.00034394931215155013,1.0,0.0,0.0,1.0,0.0,0.0,1.0,0.0,0.0,0.016321594756747076,-3.1481551659082346e-05,5.673636231125842e-05,0.0008606445593030739,-0.1980781998442637,0.14979133017973087,1.152799330826492,0.002443371573228778,-8.845287730312948e-05,85.33783063918739,0.04727638211347014,0.0036018047631882623,-0.8094402682456135,-5.9213691711729396e-05,-0.00011393655272157881
0.6100000000000004,-4.0929823090856825e-05,-0.1184632539864141,0.12059422200590937,0.6961817614228013,0.7178655532238103,1.656984788603878e-05,4.777404049890479e-05,29.93884198637599,0.013453593818407302,-0.0028712504328312154,0.0005114447069549742,-0.048228915726881934,0.1949846938199786,0.38432271719299554,-0.0004890267701266398,-0.0034447689593849777,84.95350792199442,0.04933631919633904,-0.000707482432097644,2.0,8.7065163869486,-0.003034246456104908,0.0013454440849433402,1.6139784389188574,0.19040956304724937,0.16128364289889302,0.0,-0.464005796528485,0.07220299905702834,-3.275858046681033e-06,-5.5787284643567546e-05,0.15222399165015085,0.0002154562586475131,0.0005356565006255848,0.0,0.0002154562586475131,0.0005356565006255848,1.0,0.0,0.0,1.0,0.0,0.0,1.0,0.0,0.0,0.0080011215743707,1.8821255079745664e-05,1.6581053618738636e-05,0.0006889387884146431,-0.06567951724839668,0.2502850292506207,0.38432242036908576,0.0034928514310148644,-0.0003656795063847018,85.33783063918742,0.0488472924262124,-0.0041522513914826215,-0.8160648768444303,-6.908279769498103e-05,-7.773195781702553e-05
0.6200000000000004,-3.7245912987065066e-05,-0.11882130886939354,0.12227333922286102,0.6951513172897306,0.7188634390811869,2.47553411523491e-05,3.7548558983878675e-05,30.789351430101124,0.0140896957620443,-0.002525850656925352,0.00024842361713341377,-0.02669114848361695,0.13509347579965353,0.21460634696766373,-0.0002167996217249197,-0.0017923028689733965,85.12322429221973,0.06896080520825787,0.046384927625010945,2.0,3.732979057813323,-0.0016850517684022515,0.0002885987576447025,1.6351579255656217,0.17623757892721284,0.16128374681866442,0.0,-0.45693632226899755,0.06937761332897419,2.225849976795833e-06,-2.8111759692703628e-05,0.08550561328660986,4.444508318598534e-07,-3.281018274069542e-05,0.0,4.444508318598534e-07,-3.281018274069542e-05,1.0,0.0,0.0,1.0,0.0,0.0,1.0,0.0,0.0,0.006163675286019296,7.005269635780911e-06,1.1566938922596057e-05,0.00033573541382577425,-0.036358065242089344,0.173833680034896,0.21460619125791947,0.001817405675218564,-0.00015238384549719908,85.3378306391874,0.06874400558653294,0.04459262475603755,-0.818933738544453,-7.660303959805484e-05,-5.187114936021882e-05
0.6300000000000004,-3.548641166168786e-05,-0.11900455946364023,0.12328462803156,0.6946235823663852,0.7193733918743418,2.872204125183666e-05,3.253826676699893e-05,31.641262008419037,0.014775388979790381,-0.002121454811855543,0.000122426601249632,-0.009003789123981589,0.06892987001638033,0.07097940475180914,-0.00014775680024855397,-0.0008541084201555934,85.26685123443559,0.06799654362037856,0.033453368166218675,2.0,5.060217034855457,-0.0008422337385052131,0.00023737978756357064,1.6479348323131386,0.1669899699558077,0.161283722575056,0.0,-0.45340377034286133,0.06690974657453813,3.7568230903835135e-06,-1.2235475030394266e-05,0.07220299905702834,-3.275858046681033e-06,-5.5787284643567546e-05,0.0,-3.275858046681033e-06,-5.5787284643567546e-05,1.0,0.0,0.0,1.0,0.0,0.0,1.0,0.0,0.0,0.004608656490621301,4.517950353930655e-06,5.0848413420130945e-06,0.00016485696734380514,-0.012253482934558167,0.08901460155203886,0.07097933099253413,0.0008648978163830506,-0.00011728514844752746,85.3378306391874,0.06784878682013,0.032599259746063085,-0.8204014661125696,-8.020556868571856e-05,-3.923095665508017e-05
0.6400000000000005,-3.448534923443984e-05,-0.11897902195036787,0.12369293839011088,0.6947071862062666,0.719292655061443,3.04851606092213e-05,2.9642649378749546e-05,32.49487276267372,0.015453722491315004,-0.0018431735189970119,8.920236830941002e-05,0.01517828763028246,0.014683168573327665,-0.12630587248952577,-0.0002160934374429155,-0.0005345838865450853,85.46413651167694,0.06790339306128695,0.023299637339307996,2.0,6.621169846635238,-0.0004062245046273366,0.0004942044913500557,1.6531603620660362,0.16426447554978346,0.16128370953263596,0.0,-0.450903980836923,0.06334001573429145,2.612371527516051e-06,-7.035393593879568e-06,0.06937761332897419,2.225849976795833e-06,-2.8111759692703628e-05,0.0,2.225849976795833e-06,-2.8111759692703628e-05,1.0,0.0,0.0,1.0,0.0,0.0,1.0,0.0,0.0,0.002472633294315334,1.1388521177126938e-05,-5.15200449111865e-06,0.00011842794738912028,0.020704904297150457,0.020128748208412962,-0.1263059180493052,0.0005310317658624671,-0.00019741487190598166,85.33783063918742,0.06768729962384404,0.02276505345276291,-0.8201690179887864,-8.127566751860662e-05,-3.23389545491496e-05
0.6500000000000005,-3.360597220180643e-05,-0.1186821972543099,0.12361211148759507,0.695586534961135,0.718442322440621,3.124346057677978e-05,2.703210799878288e-05,33.35069755203691,0.01613639380205813,-0.0016367798568639104,8.656775974695281e-05,0.04492794167679075,-0.02954343326071595,-0.36895231571218695,-0.0003186353531297627,-0.0004348157783748132,85.70678295489962,0.06868790472993062,0.018592194489029226,2.0,7.667666905228103,-0.00020400602853389016,0.0007529999196317929,1.6523275230761034,0.1665186618544959,0.16128370728491112,0.0,-0.4494813263473017,0.05877666110423763,7.164131488654571e-07,-5.684610967925437e-06,0.06690974657453813,3.7568230903835135e-06,-1.2235475030394266e-05,0.0,3.7568230903835135e-06,-1.2235475030394266e-05,1.0,0.0,0.0,1.0,0.0,0.0,1.0,0.0,0.0,-0.0001545344733785606,2.2645730966227204e-05,-1.7834813634507695e-05,0.0001132462845949544,0.06125857295535363,-0.03536455309558388,-0.3689523525629504,0.00041444811424225627,-0.00030271052128998696,85.33783063918743,0.06836926937680086,0.018157378710654412,-0.8177225348382126,-8.064811881501481e-05,-2.677591303526498e-05
0.6600000000000005,-3.27814775562344e-05,-0.11807007115658638,0.1231199135424384,0.6973873316799256,0.7166944314205441,3.132765892472099e-05,2.4529870038140825e-05,34.20909501960592,0.01682762718968183,-0.0014630282103363014,7.693833788456043e-05,0.07782929469898876,-0.06835068919993204,-0.637918589132596,-0.000373281040007748,-0.0003227977798476164,85.97574922832003,0.0695177090068115,0.01636326795308271,2.0,8.109783778351904,-0.00011259702441182573,0.0007901732515394598,1.6464556864355462,0.1730823538060483,0.1612837080297982,0.0,-0.4487882433252804,0.05353373527791537,-4.141474605853478e-07,-4.054587020964278e-06,0.06334001573429145,2.612371527516051e-06,-7.035393593879568e-06,0.0,2.612371527516051e-06,-7.035393593879568e-06,1.0,0.0,0.0,1.0,0.0,0.0,1.0,0.0,0.0,-0.003066667814234004,3.482462397192368e-05,-3.137931626428032e-05,9.926831234486197e-05,0.10613728410327401,-0.08361778184059641,-0.6379186165580465,0.00028239763044869394,-0.00035888481437334796,85.33783063918743,0.06914442796680376,0.016040470173235094,-0.8127033735287762,-7.881139074442644e-05,-2.19471627036602e-05
0.6700000000000005,-3.208296034599934e-05,-0.11712160970925324,0.12225113553798099,0.7001712886893624,0.7139749050525857,3.083157147953269e-05,2.235270125905121e-05,35.070256964980466,0.017525284276184373,-0.0013074043919443323,6.256542194438093e-05,0.11196095484144067,-0.10529178277983586,-0.9204536870260827,-0.0003938505386581816,-0.00020583715783287316,86.2582843262135,0.06993973226091786,0.014811734139470938,2.0,8.203500834421162,-6.979026054221293e-05,0.0006432056479733986,1.636000938901468,0.18385741489069915,0.1612837082831585,0.0,-0.4484672383547291,0.0478254123905435,-1.0000661215544705e-06,-2.2497017569295046e-06,0.05877666110423763,7.164131488654571e-07,-5.684610967925437e-06,0.0,7.164131488654571e-07,-5.684610967925437e-06,1.0,0.0,0.0,1.0,0.0,0.0,1.0,0.0,0.0,-0.0061257107568751775,4.734192832901672e-05,-4.546607260803649e-05,7.937189639777233e-05,0.1527646090456257,-0.1293750585616737,-0.9204537048248868,0.00014415066907832566,-0.00037939664934435893,85.33783063918742,0.06954588172225969,0.014605896981638064,-0.8049197344626624,-7.611554467865998e-05,-1.819208855077765e-05
0.6800000000000005,-3.1526361663917384e-05,-0.11583030043962024,0.12101374024440317,0.7039638982433958,0.7102357556858538,2.9882595177640983e-05,2.0550827290184367e-05,35.934287067813905,0.01822515382774383,-0.0011656971092213863,4.918407550467365e-05,0.14627170237291426,-0.14230806046054864,-1.211008448166703,-0.00039838390641430834,-0.00011270862910782968,86.54883908735412,0.06998982275545845,0.013591208354626691,2.0,8.108473350477588,-4.7444173685365354e-05,0.00035150337672152726,1.6210680405044862,0.19895262318513723,0.16128370770611267,0.0,-0.4483045942606158,0.041743282971349646,-1.343350435008719e-06,-7.882575591612935e-07,0.05353373527791537,-4.141474605853478e-07,-4.054587020964278e-06,0.0,-4.141474605853478e-07,-4.054587020964278e-06,1.0,0.0,0.0,1.0,0.0,0.0,1.0,0.0,0.0,-0.009271584020252584,6.01274105210741e-05,-6.014993600386645e-05,6.10946142567797e-05,0.19975179059458723,-0.1752277921215354,-1.2110084583966014,2.9794177954641806e-05,-0.0003817699461313243,85.33783063918742,0.06959143884904415,0.013478499725518862,-0.7942679379793788,-7.284449850561039e-05,-1.5506222059745504e-05
0.6900000000000005,-3.094275471000296e-05,-0.11436828456077926,0.11963366928318701,0.7081599325782754,0.706052058157165,2.9381572707927396e-05,1.4123969628522056e-05,36.79951613447359,0.018930302506641638,-0.0010261378085793327,5.569210737954521e-05,0.09198653005713332,-0.06315396341400013,-0.6234845960072151,-0.0032101278839359857,-0.0032604731709796795,85.96131523519465,0.07265103804023966,0.016001151509323328,4.0,37.70432052641532,-0.0007261154895629451,0.017794136716865642,1.6044000824138873,0.1742189260381353,0.16128370676763218,0.0,-0.4761214882860182,0.051370651465074094,-5.243904174179539e-05,-5.839221598447317e-05,0.0478254123905435,-1.0000661215544705e-06,-2.2497017569295046e-06,0.0,-1.0000661215544705e-06,-2.2497017569295046e-06,1.0,0.0,0.0,1.0,0.0,0.0,1.0,0.0,0.0,-0.002910675596946553,6.521537528617954e-05,-6.261894594562029e-05,7.260364594526074e-05,0.12455945380222805,-0.07715317372064295,-0.6234848643630134,0.003212548846345565,-0.003206322621658391,85.33783063918743,0.06944091015630367,0.012740678338343648,-0.7824171774150496,-6.679075211315439e-05,-3.703763664513208e-06
0.7000000000000005,-3.219176502202566e-05,-0.11400093587368289,0.11952888130014915,0.7084134468804627,0.7057976958873041,2.280955725503834e-05,-1.5454374004645455e-05,37.65361268612003,0.019674559174323997,-0.0008681375843156101,-0.00025971084796432193,-0.0011093727166685075,0.013390640545164263,0.17994587482493168,-0.0036691865306351886,-0.0008307629452706372,85.15788476436249,0.07285470073081726,0.013209779055867616,4.0,15.250503068638,-0.0009207002382132234,0.020923027822502074,1.6031173529069787,0.16413409029315826,0.1612837056521249,0.0,-0.4881721068668568,0.06577494019121533,-6.355702126109891e-05,-1.8730244435003724e-05,0.041743282971349646,-1.343350435008719e-06,-7.882575591612935e-07,0.0,-1.343350435008719e-06,-7.882575591612935e-07,1.0,0.0,0.0,1.0,0.0,0.0,1.0,0.0,0.0,0.005788278235270175,-2.836981970797063e-07,-2.8107721972312806e-05,-0.0003603942960959268,-0.0029164450726942236,0.015967064598905168,0.1799456673460496,0.0008190378635665979,-0.0036819755214639563,85.33783063918743,0.06918551420018207,0.012379016110596979,-0.781698930554582,-3.1104203629181055e-05,4.720639275165321e-05
0.7100000000000005,-3.4829946885583994e-05,-0.11411151494599539,0.11969716770972663,0.7078337474502832,0.7063790664146404,1.404953030720447e-05,-1.74436002635588e-05,38.50534898947092,0.02037874107049489,-0.0007564062512963256,-0.00025141358576591616,-0.01376753046475285,0.016338266344330228,0.1360424245028382,-0.0004427967764250761,0.0017312258646882883,85.20178821468458,0.06802402289079429,0.008642196405491031,4.0,12.091550862108024,-0.0005547896459166812,0.0026068251708372104,1.605135770004969,0.16425280007052298,0.16128369978191204,0.0,-0.4860505510902728,0.06511603830112252,-6.935329945542967e-06,2.763377574715185e-05,0.051370651465074094,-5.243904174179539e-05,-5.839221598447317e-05,0.0,-5.243904174179539e-05,-5.839221598447317e-05,1.0,0.0,0.0,1.0,0.0,0.0,1.0,0.0,0.0,0.005313216071489311,-2.5902044753083428e-05,4.846266446469738e-06,-0.0003442828944596636,-0.018991879450150444,0.02016750595832014,0.1360423964124138,-0.0017327923628897841,-0.00044529269580440966,85.33783063918742,0.06758122611436922,0.01037342227017932,-0.7833409332508927,-1.2937650376355027e-05,4.410362271546673e-05
0.7200000000000005,-3.6900692593153966e-05,-0.11422559712676146,0.11982842293397841,0.7074673900086899,0.7067459882127605,7.821604681251843e-06,-1.2581006777260665e-05,39.35769028201412,0.020971946353490208,-0.0007412645856519827,-0.0001577725493845504,-0.008693294745363343,0.009878143192286309,0.07458017619665684,-6.648729855012382e-05,0.0012606785701379489,85.26325046299077,0.04849195028318689,-0.005281517877384015,4.0,12.00990991376691,-0.0002974025312769968,0.00026244836690792703,1.6067296392019288,0.16399969175070717,0.16128364859488642,0.0,-0.48470853166226957,0.06409267893880259,-8.008306445437515e-07,2.0292523374414806e-05,0.06577494019121533,-6.355702126109891e-05,-1.8730244435003724e-05,0.0,-6.355702126109891e-05,-1.8730244435003724e-05,1.0,0.0,0.0,1.0,0.0,0.0,1.0,0.0,0.0,0.004647751096606321,-1.7163014543661778e-05,5.076374368851409e-06,-0.00021574257810800368,-0.011899054508301069,0.012255640026636008,0.07458016577846004,-0.0012612488281416958,-6.735275320276874e-05,85.33783063918743,0.04842546298463676,-0.004020839307246065,-0.7843779470907847,-4.9492591169809655e-06,2.9996136100853405e-05
0.7300000000000005,-3.805167879677279e-05,-0.1142894369236471,0.11990131805707115,0.707277226164162,0.7069362950376163,4.4050008733867555e-06,-9.413378089902422e-06,40.210530521549096,0.021409756540980998,-0.0007912913540577785,-7.886728492990525e-05,-0.004443326899070734,0.005120984428938999,0.03691289793160612,-1.752447023074619e-05,0.0006432164281372058,85.30091774125582,0.0413859377308202,-0.002818312672888597,4.0,12.31421764869852,-0.00015887076101417374,1.9169090552762346e-05,1.6076178056028285,0.16389446602171864,0.16128363401619084,0.0,-0.4839249549833483,0.06345771327804105,-2.3871046696480154e-07,9.873264949081915e-06,0.06511603830112252,-6.935329945542967e-06,2.763377574715185e-05,0.0,-6.935329945542967e-06,2.763377574715185e-05,1.0,0.0,0.0,1.0,0.0,0.0,1.0,0.0,0.0,0.004239894245417161,-8.711053858716708e-06,3.4420917202423603e-06,-0.00010782115959561169,-0.006071908175417912,0.006367264890534934,0.036912893028319294,-0.000643486427580399,-1.793563565513366e-05,85.33783063918742,0.04136841326058945,-0.0021750962447513915,-0.7849160139409016,-9.591249648578728e-07,2.1307884467347348e-05
0.7400000000000005,-3.8599508872589175e-05,-0.1143210520475958,0.11993810211851996,0.7071848425240894,0.7070287111811485,2.7818139011565526e-06,-7.871642012608074e-06,41.06364748155948,0.02181847601247352,-0.0007875329154888354,-3.56953751727549e-05,-0.0021404795345631193,0.002521540296157087,0.017618875930449064,-7.208516423087745e-06,0.0002917945610867579,85.32021176325698,0.04061030739728024,0.0033019088020796988,4.0,12.526798256173986,-9.019917253691445e-05,2.791061523478924e-05,1.6080667606861259,0.16386606798610434,0.16128363267024187,0.0,-0.48350387397849276,0.06313132859200152,-2.0237009707510203e-07,3.8834900281085905e-06,0.06409267893880259,-8.008306445437515e-07,2.0292523374414806e-05,0.0,-8.008306445437515e-07,2.0292523374414806e-05,1.0,0.0,0.0,1.0,0.0,0.0,1.0,0.0,0.0,0.004030978407327086,-4.216493805663313e-06,2.5710440283128208e-06,-4.879911564978119e-05,-0.0029236626568173514,0.003139416908635966,0.01761887371949958,-0.00029192299743394925,-7.409523693412067e-06,85.33783063918743,0.040603098880857155,0.0035937033631664567,-0.7851773603156678,9.077100182440329e-07,1.7110150893163145e-05
0.7500000000000006,-3.8840815694696135e-05,-0.11433611719310553,0.11995602415121653,0.7071410712251516,0.7070724894454202,2.066453912296272e-06,-7.1923339381079914e-06,41.916901974163785,0.022223917065103266,-0.0007340805070870543,-1.5240376026623965e-05,-0.0010097319120616526,0.0012162309223289257,0.008287122231746631,-3.3629077887501365e-06,0.00012445466436054512,85.32954351695568,0.040501524467981914,0.006979826101248439,4.0,12.641760696260254,-5.718521994044212e-05,1.593255092491895e-05,1.608285759765312,0.1638592953306719,0.16128363329106907,0.0,-0.4832913190184057,0.06297326212812446,-1.989797362836533e-07,1.019351036016772e-06,0.06345771327804105,-2.3871046696480154e-07,9.873264949081915e-06,0.0,-2.3871046696480154e-07,9.873264949081915e-06,1.0,0.0,0.0,1.0,0.0,0.0,1.0,0.0,0.0,0.003929934173382762,-2.1032739021284735e-06,2.148859448495285e-06,-2.083636522969297e-05,-0.0013789816925966866,0.0015158053048987686,0.008287121284679774,-0.00012451506928692102,-3.4593448622300914e-06,85.33783063918743,0.04049816156019317,0.007104280765608984,-0.7853011740994127,1.7305924510768856e-06,1.5260411530912998e-05
0.7600000000000006,-3.8941840514118204e-05,-0.11434319391491597,0.11996462931101498,0.7071205480975782,0.7070930139715149,1.7664207378800457e-06,-6.909271057989097e-06,42.77022223040396,0.022628674343506676,-0.0006547825621191753,-6.22245741571172e-06,-0.0004724015573803088,0.0005813703292758248,0.00387325379380157,-1.5875966877705217e-06,5.0728037870293896e-05,85.33395738539365,0.040451652872855605,0.008642981372785791,4.0,12.699344127251996,-4.1515587198601156e-05,7.888669850989318e-06,1.6083910106026866,0.16385775223732765,0.16128363376214785,0.0,-0.48318743443649625,0.06289845650823596,-1.9475111699172724e-07,-2.459437758764575e-07,0.06313132859200152,-2.0237009707510203e-07,3.8834900281085905e-06,0.0,-2.0237009707510203e-07,3.8834900281085905e-06,1.0,0.0,0.0,1.0,0.0,0.0,1.0,0.0,0.0,0.0038821410689791613,-1.1592198691083353e-06,1.9486579635033427e-06,-8.508320367433666e-06,-0.0006451219434153231,0.0007252024342366819,0.0038732534049912967,-5.0756271093582675e-05,-1.633142868999691e-06,85.33783063918744,0.04045006527616783,0.008693709410656085,-0.7853592242493441,2.0771797076482233e-06,1.4488105719271844e-05
0.7700000000000006,-3.8982328057449e-05,-0.1143464989642864,0.11996873416883051,0.7071109693122467,0.7071025930014619,1.645787745095947e-06,-6.796628792051417e-06,43.62357344355237,0.023032962271607775,-0.000564786973914226,-2.4291213560892994e-06,-0.0002202532212414345,0.00027675982574699185,0.0018052166168439439,-7.4464655023279e-07,1.976343685031037e-05,85.3360254225706,0.04040615391220797,0.009242592269082093,4.0,12.727340226380091,-3.4120046911320645e-05,3.750298000157614e-06,1.6084412595138835,0.16385740713084426,0.16128363390972267,0.0,-0.4831374416364589,0.06286339929846814,-1.9079954094250054e-07,-7.786424454082536e-07,0.06297326212812446,-1.989797362836533e-07,1.019351036016772e-06,0.0,-1.989797362836533e-07,1.019351036016772e-06,1.0,0.0,0.0,1.0,0.0,0.0,1.0,0.0,0.0,0.003859748662402493,-7.477166942287306e-07,1.8539518827446185e-06,-3.3221982099291146e-06,-0.0003007770457261678,0.0003455043211383789,0.001805216463813562,-1.9776595697574478e-05,-7.659655229458075e-07,85.33783063918744,0.040405409265657735,0.009262355705932403,-0.7853863174920619,2.217448787978879e-06,1.4179803858923004e-05
0.7800000000000006,-3.899778330902024e-05,-0.11434803877333866,0.11997068639158315,0.7071065076514084,0.7071070546875144,1.5994920664840814e-06,-6.754070423349111e-06,44.47693913042556,0.023436801560368415,-0.00047157108748020673,-8.957312048918377e-07,-0.00010254136491914958,0.00013149708780908238,0.0008403216625215348,-3.47157134869586e-07,7.26793841953456e-06,85.33699031752492,0.040361902685870255,0.009350343734709367,4.0,12.740777205464772,-3.0824076847887905e-05,1.7585353655442992e-06,1.6084651756945059,0.16385733047919254,0.16128363386986797,0.0,-0.4831135586167218,0.06284704075076149,-1.8799342745504203e-07,-9.941978619430114e-07,0.06289845650823596,-1.9475111699172724e-07,-2.459437758764575e-07,0.0,-1.9475111699172724e-07,-2.459437758764575e-07,1.0,0.0,0.0,1.0,0.0,0.0,1.0,0.0,0.0,0.0038493010160610204,-5.691976606806302e-07,1.8087637694208427e-06,-1.2254990881346001e-06,-0.000140029119351815,0.00016428177987654389,0.0008403216053584111,-7.274063818410827e-06,-3.5709008554670844e-07,85.33783063918744,0.04036155552873538,0.009357611673128902,-0.7853989370104512,2.2718074878423685e-06,1.406275941868292e-05
0.7900000000000006,-3.9003297094597044e-05,-0.1143487554254725,0.11997161352651742,0.7071044313123536,0.7071091310190459,1.582823389010919e-06,-6.739140652684005e-06,45.3303115640542,0.02384020427193659,-0.0003784890843028726,-3.0216954573207607e-07,-4.771018904691708e-05,6.242077891361842e-05,0.0003909609990349207,-1.611491243274359e-07,2.4407113748910013e-06,85.3374396781884,0.04031880741327783,0.00924487814834994,4.0,12.747188679321267,-3.059631108277838e-05,8.203881638632521e-07,1.6084765420555491,0.16385731341200535,0.16128363374582433,0.0,-0.4831021883176393,0.06283942207986921,-1.8623575294304863e-07,-1.077776370712909e-06,0.06286339929846814,-1.9079954094250054e-07,-7.786424454082536e-07,0.0,-1.9079954094250054e-07,-7.786424454082536e-07,1.0,0.0,0.0,1.0,0.0,0.0,1.0,0.0,0.0,0.0038444354976820694,-4.898408094695166e-07,1.786713310786742e-06,-4.1369469047990395e-07,-6.515220213614151e-05,7.80388297354106e-05,0.0003909609793027943,-2.443561228332608e-06,-1.6576658905108942e-07,85.33783063918744,0.0403186462641535,0.00924731885972483,-0.7854048097735823,2.291688358814435e-06,1.4021364693261838e-05
0.8000000000000006,-3.900504866938851e-05,-0.11434908882653999,0.11997205353285319,0.707103465392631,0.7071100969310846,1.5774313092239258e-06,-6.734554400679329e-06,46.18368713842334,0.024243180691546767,-0.00028696706207388353,-8.53835810101013e-08,-2.2193238239315878e-05,2.9617386818817203e-05,0.00018185836489929282,-7.449777331808923e-08,6.825871924390365e-07,85.33764878082255,0.040276591352795835,0.009050945131032287,4.0,12.750239519151918,-3.0482452683569528e-05,3.819925215541675e-07,1.6084819401521886,0.163857309512852,0.161283633588868,0.0,-0.4830967839941804,0.06283587679427063,-1.8520582131664118e-07,-1.108388327331035e-06,0.06284704075076149,-1.8799342745504203e-07,-9.941978619430114e-07,0.0,-1.8799342745504203e-07,-9.941978619430114e-07,1.0,0.0,0.0,1.0,0.0,0.0,1.0,0.0,0.0,0.0038421714323409553,-4.517019424410211e-07,1.7754547585562681e-06,-1.1708298781657607e-07,-3.0306658975032894e-05,3.7053183064306185e-05,0.00018185835902784567,-6.839128264712791e-07,-7.664191214544913e-08,85.33783063918744,0.040276516855022516,0.009051627718224726,-0.7854075417962805,2.2983107674614448e-06,1.4008436209936721e-05
0.8100000000000006,-3.900547295475025e-05,-0.11434924390778986,0.1199722622834793,0.7071030161022228,0.7071105462170064,1.5760573586926774e-06,-6.733552107909163e-06,47.03706417403637,0.024645738029589512,-0.00019758697467385432,-1.3323897805141695e-08,-1.0322848602839739e-05,1.4049650429475811e-05,8.45879470362672e-05,-3.4224673686224095e-08,1.0101227147739029e-07,85.33774605124042,0.0402349468476665,0.008821739587769035,4.0,12.751689318407461,-3.0425791290755733e-05,1.7771597557028546e-07,1.6084845028805739,0.1638573085188521,0.1612836334210954,0.0,-0.48309421734734576,0.06283422758905609,-1.846263590512216e-07,-1.118618404764416e-06,0.06283942207986921,-1.8623575294304863e-07,-1.077776370712909e-06,0.0,-1.8623575294304863e-07,-1.077776370712909e-06,1.0,0.0,0.0,1.0,0.0,0.0,1.0,0.0,0.0,0.003841118245486499,-4.3027457128189814e-07,1.7692262419019462e-06,-1.8415843288794865e-08,-1.4096673351656837e-05,1.7588642883771454e-05,8.458794588921469e-05,-1.016288691949374e-07,-3.5219793199938525e-08,85.33783063918746,0.040234912622992815,0.008821840600040513,-0.7854088125751179,2.30012893656087e-06,1.400545782063761e-05
0.8200000000000006,-3.900548388676229e-05,-0.1143493160412806,0.11997236130301812,0.7071028071232276,0.7071107551937154,1.5759603270386414e-06,-6.73362505717455e-06,47.89044188934961,0.025047880780198824,-0.00011057660171191598,6.377807561327507e-09,-4.801528282898664e-06,6.663948667251527e-06,3.9344796961948666e-05,-1.5527796922621846e-08,-5.615057363429543e-08,85.33779129439048,0.04019364416046857,0.008579111293103223,4.0,12.752377834619576,-3.0397696582695755e-05,8.262923834705655e-08,1.608485719290898,0.16385730816665758,0.16128363325133074,0.0,-0.483092998864579,0.06283346049864476,-1.8430912469858665e-07,-1.1214523487380587e-06,0.06283587679427063,-1.8520582131664118e-07,-1.108388327331035e-06,0.0,-1.8520582131664118e-07,-1.108388327331035e-06,1.0,0.0,0.0,1.0,0.0,0.0,1.0,0.0,0.0,0.003840628384881939,-4.1541953288715176e-07,1.7653416120385589e-06,8.610131098621551e-09,-6.556865825145179e-06,8.347922144011763e-06,3.9344797185278816e-05,5.5863768265401755e-08,-1.598952888512729e-08,85.33783063918744,0.040193628632671646,0.00857905514252959,-0.785409403653743,2.3003703044247433e-06,1.4005520480158017e-05
0.8300000000000006,-3.9005400239079336e-05,-0.11434934959360829,0.11997240826781104,0.7071027099183846,0.7071108523974493,1.5761738187844526e-06,-6.733914925568607e-06,48.74381992080624,0.02544961156788961,-2.6020470459626468e-05,8.945426088401151e-09,-2.233440064852917e-06,3.1605836409169752e-06,1.830130782746482e-05,-6.8523088885000446e-09,-7.514828205676915e-08,85.33781233787961,0.04015253619925113,0.00833170420178639,4.0,12.752704705348325,-3.0383809186032562e-05,3.839145498089207e-08,1.6084862965997924,0.16385730795792447,0.16128363308288787,0.0,-0.48309242052512696,0.06283310371065992,-1.84138797758941e-07,-1.1218517119829867e-06,0.06283422758905609,-1.846263590512216e-07,-1.118618404764416e-06,0.0,-1.846263590512216e-07,-1.118618404764416e-06,1.0,0.0,0.0,1.0,0.0,0.0,1.0,0.0,0.0,0.003840400543661879,-4.0304332033848926e-07,1.7625491282711102e-06,1.217262564091362e-08,-3.0499356765066515e-06,3.9617453913416665e-06,1.8301308293332167e-05,7.501486975682345e-08,-7.066525677245368e-09,85.33783063918744,0.040152529346942245,0.008331629053504333,-0.7854096785889878,2.30019320248685e-06,1.400623803632456e-05
0.8400000000000006,-3.900531916929525e-05,-0.11434936520085322,0.11997243054184158,0.7071026647024199,0.7071108976128875,1.5763966502792818e-06,-6.734170705912489e-06,49.5971980993088,0.025850931865445025,5.6052533713579236e-05,6.999936741334833e-09,-1.0389386872544444e-06,1.4989365213650741e-06,8.513305818513406e-06,-2.8278116017678476e-09,-5.8235327699099675e-08,85.33782212588162,0.040111535733557295,0.008082781651553402,4.0,12.752859858028632,-3.0376962973588384e-05,1.7814368955997715e-08,1.6084865705704774,0.16385730778305901,0.16128363291692335,0.0,-0.48309214605497547,0.062832937757769,-1.8404862830280727e-07,-1.1216000884334076e-06,0.06283346049864476,-1.8430912469858665e-07,-1.1214523487380587e-06,0.0,-1.8430912469858665e-07,-1.1214523487380587e-06,1.0,0.0,0.0,1.0,0.0,0.0,1.0,0.0,0.0,0.00384029456869787,-3.915436204860778e-07,1.7602655542195447e-06,9.541875019176229e-09,-1.4187485672905585e-06,1.8800443501810596e-06,8.513306209247806e-06,5.817326349628252e-08,-2.9271901032477784e-09,85.33783063918743,0.04011153290574569,0.008082723416225703,-0.7854098064783033,2.2999715961746932e-06,1.4006898156685296e-05
0.8500000000000006,-3.9005261446919924e-05,-0.1143493724611089,0.11997244110534953,0.7071026436686024,0.7071109186464575,1.576559581621302e-06,-6.73434644136691e-06,50.4505763462084,0.02625184247751048,0.00013563399268149893,4.603100138102661e-09,-4.83313411046052e-07,7.108612480580012e-07,3.960389185128152e-06,-9.610926491502118e-10,-3.8134140814848866e-08,85.33782667879824,0.04007059331922021,0.007833492985692428,4.0,12.752933494965797,-3.037359595349509e-05,8.243498413253582e-09,1.6084867005802812,0.16385730761796413,0.1612836327537955,0.0,-0.48309201580584493,0.06283286056465112,-1.8400135488352558e-07,-1.121275166010234e-06,0.06283310371065992,-1.84138797758941e-07,-1.1218517119829867e-06,0.0,-1.84138797758941e-07,-1.1218517119829867e-06,1.0,0.0,0.0,1.0,0.0,0.0,1.0,0.0,0.0,0.00384024527477924,-3.803199138216066e-07,1.758219135767092e-06,6.280807434752449e-09,-6.599978644084936e-07,8.921310615000762e-07,3.960389451614321e-06,3.810526441207171e-08,-1.007194574083104e-09,85.33783063918742,0.04007059235812756,0.007833454851551612,-0.7854098659705725,2.299800690198011e-06,1.4007359393444585e-05
0.8600000000000007,-3.900522510335754e-05,-0.11434937583865619,0.11997244611496626,0.707102633883432,0.7071109284315122,1.5766641408465614e-06,-6.734454461022177e-06,51.303954624923804,0.026652343835382425,0.00021272238889798094,2.7800395734144516e-09,-2.2484962065926454e-07,3.3711245451331116e-07,1.8424765630578745e-06,-9.528467111905545e-11,-2.2977023023876316e-08,85.33782879671085,0.04002968175746982,0.007584195570578722,4.0,12.752968441240583,-3.0371943562645942e-05,3.7919924751940655e-09,1.6084867622722465,0.16385730745732263,0.16128363259358847,0.0,-0.483091953999799,0.06283282465634213,-1.8397669720690846e-07,-1.1210252950575287e-06,0.062832937757769,-1.8404862830280727e-07,-1.1216000884334076e-06,0.0,-1.8404862830280727e-07,-1.1216000884334076e-06,1.0,0.0,0.0,1.0,0.0,0.0,1.0,0.0,0.0,0.0038402223446940293,-3.691619747013047e-07,1.7562832441623114e-06,3.796822423111241e-09,-3.0704490791111775e-07,4.2332238712695e-07,1.8424767293626261e-06,2.2963584842507733e-08,-1.1667113500316845e-10,85.33783063918742,0.04002968166218515,0.007584172593555698,-0.7854098936470498,2.299687276035354e-06,1.4007646358038738e-05
0.8700000000000007,-3.9005203695796914e-05,-0.11434937741001583,0.11997244849065695,0.7071026293310009,0.7071109329838894,1.5767270706097668e-06,-6.7345165175466185e-06,52.157332918439536,0.027052436167040828,0.00028731815866560404,1.5960839798849035e-09,-1.0461172755655609e-07,1.598654289444057e-07,8.572174730723744e-07,3.062757406780112e-10,-1.3171875332742087e-08,85.33782978196996,0.039988786404629335,0.007334970934000766,4.0,12.75298502498365,-3.0371134207229922e-05,1.7943011473155922e-09,1.6084867915450223,0.16385730729994213,0.1612836324363038,0.0,-0.48309192467277445,0.06283280795176995,-1.8396382261313966e-07,-1.1208621706812586e-06,0.06283286056465112,-1.8400135488352558e-07,-1.121275166010234e-06,0.0,-1.8400135488352558e-07,-1.121275166010234e-06,1.0,0.0,0.0,1.0,0.0,0.0,1.0,0.0,0.0,0.003840211677719481,-3.580049019135325e-07,1.754398869794584e-06,2.1826025347274536e-09,-1.428504544067272e-07,2.0086186107636056e-07,8.572175726696804e-07,1.3165619064766298e-08,2.963547568579729e-10,85.33783063918743,0.039988786710905076,0.0073349577621254335,-0.7854099065231929,2.299616694705898e-06,1.4007813461565865e-05
0.8800000000000007,-3.900519160337296e-05,-0.1143493781411125,0.11997244961724592,0.7071026272129155,0.7071109351019494,1.5767637695056484e-06,-6.734550333266964e-06,53.0107112188406,0.027452119591823535,0.0003594220479380795,8.860427639733516e-10,-4.86736383045292e-08,7.580972701903633e-08,3.9884603900623536e-07,4.925150021176339e-10,-7.304594229366715e-09,85.33783024034139,0.03994789950379672,0.007085816662173961,4.0,12.75299289444052,-3.0370738476712122e-05,8.788244148878311e-10,1.6084868054344188,0.1638573071455424,0.16128363228192533,0.0,-0.4830919107576111,0.06283280018034926,-1.8395702824341795e-07,-1.1207639954209068e-06,0.06283282465634213,-1.8397669720690846e-07,-1.1210252950575287e-06,0.0,-1.8397669720690846e-07,-1.1210252950575287e-06,1.0,0.0,0.0,1.0,0.0,0.0,1.0,0.0,0.0,0.00384020671522631,-3.468341296971075e-07,1.752538511506706e-06,1.2141710304575717e-09,-6.646252026314195e-08,9.530340188356266e-08,3.9884609803882204e-07,7.301679202116557e-09,4.879127816448146e-10,85.33783063918743,0.03994789999631172,0.007085809357579732,-0.785409912514007,2.299573668918201e-06,1.4007906409059727e-05
0.8900000000000007,-3.9005184966600606e-05,-0.11434937848128512,0.11997245015148043,0.707102626227388,0.7071109360874654,1.5767850109554137e-06,-6.734567759359109e-06,53.86408952244499,0.02785139417185675,0.00042903466162487003,4.802256884067612e-10,-2.2648153426537107e-08,3.594896898123022e-08,1.8558594438763305e-07,5.788890749920836e-10,-3.956014393042688e-09,85.33783045360148,0.03990701699822453,0.006836712460452904,4.0,12.752996628572708,-3.037054529871075e-05,4.558053140251705e-10,1.6084868120244555,0.16385730699405052,0.1612836321304379,0.0,-0.4830919041553424,0.0628327965646657,-1.8395334635088217e-07,-1.1207076991885908e-06,0.06283280795176995,-1.8396382261313966e-07,-1.1208621706812586e-06,0.0,-1.8396382261313966e-07,-1.1208621706812586e-06,1.0,0.0,0.0,1.0,0.0,0.0,1.0,0.0,0.0,0.0038402044064587866,-3.3565029779129123e-07,1.750689351363497e-06,6.605440037485536e-10,-3.0922638345723435e-08,4.5217306166518835e-08,1.8558598003038806e-07,3.954653900233521e-09,5.767541751890475e-10,85.33783063918743,0.0399070175771136,0.006836708504438511,-0.7854099153014836,2.2995470794279003e-06,1.400795613661895e-05
0.9000000000000007,-3.900518139981094e-05,-0.11434937863957371,0.11997245040481223,0.707102625768803,0.7071109365460451,1.5767975186305228e-06,-6.734576019351717e-06,54.71746782753981,0.028250259939486544,0.0004961564036031753,2.5564780314892156e-10,-1.053895618961776e-08,1.7046665874176478e-08,8.635959994606897e-08,6.189466815965767e-10,-2.1047771545530082e-09,85.33783055282782,0.03986613678806676,0.006587639786575791,4.0,12.752998400388138,-3.0370451137989862e-05,2.627839134114903e-10,1.6084868151510958,0.1638573068454425,0.1612836319818309,0.0,-0.4830919010228972,0.0628327948823568,-1.8395124703618273e-07,-1.1206764158506617e-06,0.06283280018034926,-1.8395702824341795e-07,-1.1207639954209068e-06,0.0,-1.8395702824341795e-07,-1.1207639954209068e-06,1.0,0.0,0.0,1.0,0.0,0.0,1.0,0.0,0.0,0.0038402033322745533,-3.2445722108246063e-07,1.748845414544506e-06,3.541186129660842e-10,-1.4386560108824674e-08,2.1452942305999326e-08,8.63596225657258e-08,2.1041399614571266e-09,6.179563399394016e-10,85.33783063918743,0.03986613740701344,0.006587637681798636,-0.7854099165985499,2.299529850955643e-06,1.4007981623273495e-05
0.9100000000000007,-3.900517951335563e-05,-0.11434937871323272,0.11997245052493881,0.7071026255554019,0.7071109367594437,1.5768052319811148e-06,-6.734579284523124e-06,55.57084613332809,0.02864871691170378,0.0005607875199642611,1.342091714758041e-10,-4.904432253195614e-09,8.083216942385276e-09,4.018855076431833e-08,6.375234540331727e-10,-1.1044759638319627e-09,85.33783059899888,0.03982525779561223,0.006338585696996149,4.0,12.752999241070977,-3.037040530426416e-05,1.770032591920111e-10,1.6084868166344812,0.16385730669970938,0.16128363183609798,0.0,-0.48309189953675696,0.06283279409956478,-1.8394994778325634e-07,-1.1206593904110911e-06,0.0628327965646657,-1.8395334635088217e-07,-1.1207076991885908e-06,0.0,-1.8395334635088217e-07,-1.1207076991885908e-06,1.0,0.0,0.0,1.0,0.0,0.0,1.0,0.0,0.0,0.003840202832484441,-3.1325834196307054e-07,1.7470039157571364e-06,1.884017274212051e-10,-6.692166354011882e-09,1.0177833926164324e-08,4.018856631028106e-08,1.1041753300542592e-09,6.370640548362725e-10,85.33783063918743,0.03982525843313568,0.006338584592520185,-0.7854099172021358,2.2995177900678614e-06,1.4007993873046777e-05
0.9200000000000007,-3.900517852811955e-05,-0.11434937874751176,0.11997245058190018,0.7071026254560903,0.707110936858754,1.5768103683571974e-06,-6.734579879741482e-06,56.42422443943907,0.029046765097643912,0.0006229281529147734,6.967516649468941e-11,-2.2824783263288074e-09,3.8328418183190234e-09,1.8703396973877914e-08,6.461378510956627e-10,-5.732053212817549e-10,85.33783062048403,0.03978437947167582,0.00608954212283169,4.0,12.752999639940438,-3.0370383022532144e-05,1.3989020032011616e-10,1.6084868173382285,0.16385730655684672,0.16128363169323542,0.0,-0.4830918988317028,0.06283279373530354,-1.839490509912419e-07,-1.1206502405770736e-06,0.0628327948823568,-1.8395124703618273e-07,-1.1206764158506617e-06,0.0,-1.8395124703618273e-07,-1.1206764158506617e-06,1.0,0.0,0.0,1.0,0.0,0.0,1.0,0.0,0.0,0.0038402025999483783,-3.020560523727714e-07,1.7451635564554492e-06,1.0032959548174944e-10,-3.111678146435119e-09,4.828479727532816e-09,1.8703408747923925e-08,5.730613016371897e-10,6.459247464523082e-10,85.33783063918743,0.03978438011781367,0.006089541549626369,-0.7854099174830299,2.29950851840702e-06,1.4007999036016132e-05
0.9300000000000007,-3.90051780187813e-05,-0.11434937876346536,0.11997245060890949,0.7071026254098703,0.7071109369049734,1.5768141416261323e-06,-6.73457906873879e-06,57.27760274570022,0.029444404502450377,0.0006825783818803102,3.584304126531722e-11,-1.0623125219892146e-09,1.8173962476882202e-09,8.704935934715601e-09,6.501319599948026e-10,-2.948105513435403e-10,85.33783063048249,0.03974350153809414,0.005840504339671268,4.0,12.75299982918215,-3.037037220326999e-05,1.238765289278596e-10,1.6084868176720895,0.16385730641685256,0.16128363155324124,0.0,-0.4830918984972215,0.06283279356578952,-1.8394835577626286e-07,-1.120645343541869e-06,0.06283279409956478,-1.8394994778325634e-07,-1.1206593904110911e-06,0.0,-1.8394994778325634e-07,-1.1206593904110911e-06,1.0,0.0,0.0,1.0,0.0,0.0,1.0,0.0,0.0,0.003840202491767668,-2.908518397607381e-07,1.7433237311854518e-06,5.415417743962225e-11,-1.4454439124570591e-09,2.2906163011306283e-09,8.70494572598308e-09,2.947394147095297e-10,6.500331062330399e-10,85.33783063918742,0.0397435021882261,0.005840504044860717,-0.7854099176137586,2.2995007268942843e-06,1.400800046189931e-05
0.9400000000000007,-3.900517775767938e-05,-0.11434937877089071,0.11997245062171624,0.707102625388358,0.7071109369264854,1.576817202909789e-06,-6.734577525762819e-06,58.130981052031245,0.029841635129249342,0.0007397382502284542,1.8298275546689267e-11,-4.944554550736331e-10,8.617293340626362e-10,4.051708739670946e-09,6.51983319657451e-10,-1.5049246584165197e-10,85.3378306351357,0.03970262385471057,0.005591469689543077,4.0,12.752999918963365,-3.0370366955564942e-05,1.1682303282591643e-10,1.6084868178304705,0.16385730627972547,0.16128363141611435,0.0,-0.4830918983385466,0.0628327934868991,-1.8394776113942986e-07,-1.12064270411366e-06,0.06283279373530354,-1.839490509912419e-07,-1.1206502405770736e-06,0.0,-1.839490509912419e-07,-1.1206502405770736e-06,1.0,0.0,0.0,1.0,0.0,0.0,1.0,0.0,0.0,0.0038402024414538405,-2.796465736728155e-07,1.7414841576227416e-06,3.020697096353168e-11,-6.699895462010162e-10,1.0866301396228871e-09,4.051717500452804e-09,1.5045524860724498e-10,6.51937464181687e-10,85.33783063918742,0.039702624506693894,0.005591469539050611,-0.7854099176746043,2.299493710489796e-06,1.4007999940615935e-05
0.9500000000000007,-3.900517762478105e-05,-0.11434937877434696,0.11997245062778858,0.7071026253783449,0.7071109369364985,1.576819896073552e-06,-6.734575605404039e-06,58.984359358394805,0.030238456980152657,0.0007944077813044787,9.280502011049233e-12,-2.3016157356156034e-10,4.0858628538739766e-10,1.885983881515644e-09,6.528409490971886e-10,-7.633731856124739e-11,85.33783063730142,0.03966174635122497,0.005342436717830758,4.0,12.752999961557602,-3.037036441293217e-05,1.1364095121039031e-10,1.6084868179056024,0.1638573061454654,0.16128363128185416,0.0,-0.48309189826327487,0.06283279345018176,-1.8394721651763596e-07,-1.120641247241197e-06,0.06283279356578952,-1.8394835577626286e-07,-1.120645343541869e-06,0.0,-1.8394835577626286e-07,-1.120645343541869e-06,1.0,0.0,0.0,1.0,0.0,0.0,1.0,0.0,0.0,0.003840202418069051,-2.6844074279361506e-07,1.7396447041078853e-06,1.7897822275289156e-11,-3.0907504681594867e-10,5.154634193277821e-10,1.885992111679834e-09,7.631588827253111e-11,6.52819678195045e-10,85.3378306391874,0.03966174700406592,0.00534243664149344,-0.7854099177029258,2.299487095683996e-06,1.4007998414618286e-05
0.9600000000000007,-3.9005177557553536e-05,-0.11434937877595586,0.11997245063066776,0.7071026253736837,0.7071109369411595,1.5768224004956835e-06,-6.734573492014475e-06,59.8377376647735,0.03063487005675366,0.0008465869875513878,4.6798264940626295e-12,-1.0714696152517158e-10,1.9372876579858603e-10,8.779525626686697e-10,6.532377538456083e-10,-3.851455235136446e-11,85.33783063830946,0.039620868989878884,0.005093404632852628,4.0,12.752999981530747,-3.037036318205566e-05,1.1218135884360673e-10,1.6084868179412426,0.16385730601407167,0.16128363115046038,0.0,-0.48309189822756865,0.0628327934330919,-1.8394669669215918e-07,-1.1206404032107075e-06,0.0628327934868991,-1.8394776113942986e-07,-1.12064270411366e-06,0.0,-1.8394776113942986e-07,-1.12064270411366e-06,1.0,0.0,0.0,1.0,0.0,0.0,1.0,0.0,0.0,0.00384020240721696,-2.572346138202807e-07,1.7378053091187242e-06,1.1617693594307413e-11,-1.4108871934307974e-10,2.445155672447757e-10,8.779605217052522e-10,3.850047007943193e-11,6.532278868965052e-10,85.3378306391874,0.03962086964311664,0.0050934045943380754,-0.7854099177161092,2.299480687146605e-06,1.4007996374359566e-05
0.9700000000000008,-3.9005177523733984e-05,-0.11434937877670488,0.11997245063203289,0.7071026253715139,0.7071109369433293,1.576824808823824e-06,-6.73457128054838e-06,60.691115971159235,0.031030874360373106,0.0008962758755837561,2.3473074274506184e-12,-4.988433016454457e-11,9.185224075522577e-11,4.0871852024103323e-10,6.5342082329399e-10,-1.9342762341980624e-11,85.33783063877868,0.03957999175437285,0.004844373033817057,4.0,12.752999991236585,-3.0370362586795707e-05,1.115054657709563e-10,1.6084868179581489,0.16385730588554404,0.1612836310219329,0.0,-0.4830918982106313,0.06283279342513663,-1.8394618912795907e-07,-1.1206398739823065e-06,0.06283279345018176,-1.8394721651763596e-07,-1.120641247241197e-06,0.0,-1.8394721651763596e-07,-1.120641247241197e-06,1.0,0.0,0.0,1.0,0.0,0.0,1.0,0.0,0.0,0.00384020240219757,-2.460283304738478e-07,1.7359659440639077e-06,8.433582364785545e-12,-6.289202518911249e-11,1.1598338202875556e-10,4.0872634163091663e-10,1.933210055516857e-11,6.53416246432829e-10,85.3378306391874,0.039579992407793675,0.004844373014474294,-0.7854099177222462,2.2994743837847295e-06,1.4007994072657304e-05
0.9800000000000008,-3.900517750681066e-05,-0.1143493787770536,0.11997245063268014,0.7071026253705037,0.7071109369443395,1.5768271685166107e-06,-6.734569019534268e-06,61.54449427754826,0.03142646989223671,0.0009434744491384601,1.171079193132861e-12,-2.3226486243292906e-11,4.3548408455543304e-11,1.9027246636689815e-10,6.535047734854349e-10,-9.67673735154563e-12,85.33783063899713,0.03953911463769293,0.004595341711582172,4.0,12.75299999583927,-3.0370362299164677e-05,1.1119090550954175e-10,1.6084868179661675,0.16385730575988278,0.16128363089627165,0.0,-0.4830918982025974,0.06283279342143318,-1.8394568761214833e-07,-1.1206395052856606e-06,0.0628327934330919,-1.8394669669215918e-07,-1.1206404032107075e-06,0.0,-1.8394669669215918e-07,-1.1206404032107075e-06,1.0,0.0,0.0,1.0,0.0,0.0,1.0,0.0,0.0,0.0038402023998930263,-2.348219685860729e-07,1.7341265956633169e-06,6.827863271052846e-12,-2.6488585885072558e-11,5.501331963592956e-11,1.9028021825831255e-10,9.66766794254026e-12,6.535026506506962e-10,85.3378306391874,0.039539115291197705,0.004595341701905434,-0.7854099177251035,2.2994681337258883e-06,1.4007991638804853e-05
0.9900000000000008,-3.90051774983892e-05,-0.11434937877721597,0.119972450632987,0.7071026253700334,0.7071109369448098,1.576829503719896e-06,-6.734566733614077e-06,62.39787258393881,0.03182165665350814,0.000988182710353658,5.807058646520863e-13,-1.0816790636392638e-11,2.0645690184118266e-11,8.858209792770035e-11,6.535427647815654e-10,-4.825944104088697e-12,85.33783063909883,0.03949823763543795,0.0043463105526865015,4.0,12.752999998028617,-3.0370362160289655e-05,1.1104407061297933e-10,1.6084868179699714,0.16385730563708759,0.16128363077347657,0.0,-0.48309189819878684,0.06283279341970918,-1.8394518907348624e-07,-1.1206392179463573e-06,0.06283279342513663,-1.8394618912795907e-07,-1.1206398739823065e-06,0.0,-1.8394618912795907e-07,-1.1206398739823065e-06,1.0,0.0,0.0,1.0,0.0,0.0,1.0,0.0,0.0,0.003840202398852372,-2.2361556744666713e-07,1.7322872576748728e-06,6.0218914764019245e-12,-9.542174843816828e-12,2.609212499264489e-11,8.858981489266874e-11,4.817615986313977e-12,6.535417802111762e-10,85.3378306391874,0.03949823828898071,0.004346310547860557,-0.7854099177264338,2.299461910540654e-06,1.4007989138492044e-05
1.0000000000000007,-3.900517749422736e-05,-0.11434937877729162,0.11997245063313247,0.7071026253698145,0.7071109369450287,1.5768318266441335e-06,-6.734564435228319e-06,63.25125089033007,0.032216434645319515,0.0010304006605396886,2.856624358148882e-13,-5.040183279507649e-12,9.787355909927332e-12,4.1246220412991546e-11,6.535594393276308e-10,-2.4020967065650297e-12,85.33783063914616,0.03945736074543487,0.0040972794989994395,4.0,12.752999999062594,-3.0370362093287695e-05,1.1097896549864455e-10,1.6084868179717753,0.16385730551715869,0.16128363065354762,0.0,-0.4830918981969796,0.06283279341890669,-1.8394469199788588e-07,-1.1206389716296133e-06,0.06283279342143318,-1.8394568761214833e-07,-1.1206395052856606e-06,0.0,-1.8394568761214833e-07,-1.1206395052856606e-06,1.0,0.0,0.0,1.0,0.0,0.0,1.0,0.0,0.0,0.0038402023984001024,-2.1240914733223468e-07,1.7304479271918459e-06,5.619085078416521e-12,-1.6537588382647634e-12,1.2374368630295973e-11,4.1253919898435036e-11,2.394113664227677e-12,6.535589826587723e-10,85.3378306391874,0.03945736139899431,0.004097279496597343,-0.7854099177270532,2.299455700847422e-06,1.4007986604898407e-05
1.0100000000000007,-3.9005177492190084e-05,-0.11434937877732687,0.11997245063320143,0.7071026253697126,0.7071109369451306,1.576834143438215e-06,-6.734562130632611e-06,64.10462919672165,0.03261080386878738,0.0010701283005841034,1.38743113962861e-13,-2.3496405169398806e-12,4.640240191058094e-12,1.9198449795787692e-11,6.535662229573343e-10,-1.1952626092301389e-12,85.3378306391682,0.03941648396661318,0.003848248520940415,4.0,12.752999999559625,-3.0370362060994083e-05,1.1094973399904533e-10,1.6084868179726306,0.16385730540009588,0.16128363053648484,0.0,-0.48309189819612247,0.06283279341853287,-1.8394419564001615e-07,-1.1206387458919297e-06,0.06283279341970918,-1.8394518907348624e-07,-1.1206392179463573e-06,0.0,-1.8394518907348624e-07,-1.1206392179463573e-06,1.0,0.0,0.0,1.0,0.0,0.0,1.0,0.0,0.0,0.003840202398221571,-2.0120271863657648e-07,1.7286086028517557e-06,5.4184930303753185e-12,2.0203684990066297e-12,5.869173665154169e-12,1.9206140560184617e-11,1.1874403051090877e-12,6.535660112553955e-10,85.3378306391874,0.0394164846201794,0.003848248519745152,-0.7854099177273413,2.2994494979003675e-06,1.4007984054715033e-05
1.0200000000000007,-3.9005177491210494e-05,-0.11434937877734333,0.11997245063323413,0.7071026253696651,0.7071109369451781,1.576836457176022e-06,-6.734559822950281e-06,64.95800750311338,0.0330047643250206,0.0011073656311598884,6.573724846440819e-14,-1.097820803163127e-12,2.2001152706637353e-12,8.940514707876845e-12,6.535684249772203e-10,-5.956375621916643e-13,85.33783063917845,0.039375607298446524,0.0035992176035482826,4.0,12.75299999979197,-3.037036204545096e-05,1.1093601457545981e-10,1.6084868179730367,0.16385730528589912,0.16128363042228816,0.0,-0.4830918981957159,0.062832793418359,-1.8394369963428034e-07,-1.1206385304237574e-06,0.06283279341890669,-1.8394469199788588e-07,-1.1206389716296133e-06,0.0,-1.8394469199788588e-07,-1.1206389716296133e-06,1.0,0.0,0.0,1.0,0.0,0.0,1.0,0.0,0.0,0.0038402023981706566,-1.89996286648496e-07,1.7267692840247421e-06,5.318807646026088e-12,3.729814556453521e-12,2.783868506715274e-12,8.948201125355831e-12,5.878900542070663e-13,6.535683268002338e-10,85.33783063918739,0.039375607952014946,0.003599217602952645,-0.7854099177274758,2.299443298324124e-06,1.4007981496278516e-05
1.0300000000000007,-3.900517749075531e-05,-0.11434937877735102,0.11997245063324961,0.7071026253696431,0.7071109369452001,1.5768387693949522e-06,-6.734557513741619e-06,65.8113858095052,0.033398316015118404,0.001142112652829087,2.937906774504938e-14,-5.101881551906233e-13,1.0353308987061705e-12,4.125209586030713e-12,6.535685675332512e-10,-2.9704008994805356e-13,85.33783063918327,0.03933473073773546,0.0033501867379596008,4.0,12.752999999977984,-3.0370362037943077e-05,1.1092944727208598e-10,1.6084868179732288,0.1638573051745686,0.16128363031095763,0.0,-0.48309189819552334,0.0628327934182773,-1.8394320380010948e-07,-1.1206383200471137e-06,0.06283279341853287,-1.8394419564001615e-07,-1.1206387458919297e-06,0.0,-1.8394419564001615e-07,-1.1206387458919297e-06,1.0,0.0,0.0,1.0,0.0,0.0,1.0,0.0,0.0,0.003840202398178656,-1.787898539866508e-07,1.7249299702797907e-06,5.269155127514919e-12,4.532259842280553e-12,1.3105525622563519e-12,4.1328938276197856e-12,2.893277033947117e-13,6.535685224461934e-10,85.33783063918739,0.03933473139130403,0.0033501867376625606,-0.785409917727538,2.2994371004290636e-06,1.40079789337549e-05
1.0400000000000007,-3.9005177490561985e-05,-0.11434937877735457,0.11997245063325686,0.707102625369633,0.7071109369452102,1.5768410808527045e-06,-6.734555203774157e-06,66.66476411589703,0.03379145894009584,0.0011743693660629603,1.1411920346011792e-14,-2.3855274903441855e-13,4.851681413753624e-13,1.9013923407864245e-12,6.535677535250652e-10,-1.4956356049603146e-13,85.33783063918548,0.03929385427627208,0.0031011559169508846,4.0,12.753000000257616,-3.0370362034390364e-05,1.1092610512978172e-10,1.6084868179733187,0.16385730506610413,0.16128363020249326,0.0,-0.48309189819543324,0.06283279341823955,-1.8394270805094238e-07,-1.120638112227716e-06,0.062832793418359,-1.8394369963428034e-07,-1.1206385304237574e-06,0.0,-1.8394369963428034e-07,-1.1206385304237574e-06,1.0,0.0,0.0,1.0,0.0,0.0,1.0,0.0,0.0,0.0038402023982147078,-1.675834218155389e-07,1.72309066111942e-06,5.244611868220996e-12,4.903179827793176e-12,6.143021974454002e-13,1.9090754972997363e-12,1.4186740414561372e-13,6.535677328435659e-10,85.33783063918739,0.03929385492983983,0.003101155916801321,-0.7854099177275666,2.2994309033813227e-06,1.4007976369194648e-05
1.0500000000000007,-3.900517749049704e-05,-0.11434937877735628,0.11997245063326027,0.7071026253696283,0.7071109369452149,1.5768433919338297e-06,-6.734552893438061e-06,67.51814242228886,0.03418419310099653,0.0012041357713205906,2.515960430454641e-15,-1.145047638250584e-13,2.2914299923838227e-13,8.856730404708241e-13,6.535664114261057e-10,-7.656135205582057e-14,85.33783063918649,0.03925297791620764,0.002852125139850907,4.0,12.753000000190664,-3.0370362032669518e-05,1.1092443720315416e-10,1.6084868179733611,0.16385730496050582,0.16128363009689498,0.0,-0.4830918981953907,0.06283279341822232,-1.8394221234524912e-07,-1.120637905669273e-06,0.0628327934182773,-1.8394320380010948e-07,-1.1206383200471137e-06,0.0,-1.8394320380010948e-07,-1.1206383200471137e-06,1.0,0.0,0.0,1.0,0.0,0.0,1.0,0.0,0.0,0.0038402023982638364,-1.5637699087213322e-07,1.721251356574911e-06,5.232452523801948e-12,5.072553160414917e-12,2.9019566130743945e-13,8.933556488153121e-13,6.88726201825425e-14,6.535664018254158e-10,85.33783063918737,0.03925297856977405,0.002852125139774346,-0.7854099177275796,2.2994247067581847e-06,1.4007973803639607e-05
1.0600000000000007,-3.9005177490491255e-05,-0.1143493787773571,0.11997245063326188,0.7071026253696262,0.707110936945217,1.5768457028388822e-06,-6.7345505829362056e-06,68.37152072868074,0.034576518498719705,0.0012314118689871337,-7.293681933791704e-16,-5.733930786613083e-14,1.0748120292008164e-13,4.177186173519813e-13,6.535648411293533e-10,-5.040526167625121e-14,85.33783063918698,0.03921210163768002,0.0026030943973768587,4.0,12.753000000249308,-3.037036203183685e-05,1.1092352770284322e-10,1.6084868179733811,0.16385730485777353,0.16128362999416282,0.0,-0.48309189819537046,0.06283279341821438,-1.8394171665995672e-07,-1.1206376999178519e-06,0.06283279341823955,-1.8394270805094238e-07,-1.120638112227716e-06,0.0,-1.8394270805094238e-07,-1.120638112227716e-06,1.0,0.0,0.0,1.0,0.0,0.0,1.0,0.0,0.0,0.003840202398318891,-1.4517056100262902e-07,1.719412055723995e-06,5.228011857878379e-12,5.150601848809954e-12,1.3597698367571302e-13,4.254010164969537e-13,4.271996153753021e-14,6.535648367216152e-10,85.33783063918739,0.03921210229124486,0.0026030943973264532,-0.7854099177275856,2.299418510338713e-06,1.4007971237631965e-05
1.0700000000000007,-3.9005177490511956e-05,-0.11434937877735754,0.11997245063326269,0.7071026253696251,0.7071109369452181,1.5768480136612294e-06,-6.734548272363214e-06,69.22489903507264,0.03496843513408505,0.0012561976594084416,-3.4542930839905836e-15,-4.208637750242677e-14,7.460857135536791e-14,2.939523509850827e-13,6.535631404248377e-10,-2.6960977437937444e-14,85.3378306391871,0.03917122546270935,0.0023540636983282854,4.0,12.752999999693714,-3.037036203146215e-05,1.1092289226377913e-10,1.608486817973391,0.16385730475790744,0.16128362989429676,0.0,-0.4830918981953606,0.06283279341821238,-1.839412209850876e-07,-1.1206374941992566e-06,0.06283279341822232,-1.8394221234524912e-07,-1.120637905669273e-06,0.0,-1.8394221234524912e-07,-1.120637905669273e-06,1.0,0.0,0.0,1.0,0.0,0.0,1.0,0.0,0.0,0.0038402023983776733,-1.3396413307585972e-07,1.7175727595489833e-06,5.224268318439859e-12,5.171405391663387e-12,9.44224477039254e-14,3.016345591453325e-13,1.9276600046577283e-14,6.535631371962937e-10,85.3378306391874,0.03917122611627249,0.0023540636983013243,-0.7854099177275886,2.2994123140201907e-06,1.4007968671424487e-05
1.0800000000000007,-3.9005177490552864e-05,-0.11434937877735787,0.11997245063326321,0.7071026253696243,0.7071109369452189,1.5768503244165298e-06,-6.734545961735928e-06,70.07827734146454,0.03535994300831172,0.0012784931430945923,-4.221214534993718e-15,-1.6094355743231593e-14,2.004809040998032e-14,7.250959795526795e-14,6.535612321525845e-10,-2.1655493755285448e-14,85.3378306391873,0.03913034941111647,0.0021050330507631668,4.0,12.752999999914994,-3.037036203121235e-05,1.1092306968429107e-10,1.6084868179733975,0.16385730466090734,0.16128362979729685,0.0,-0.4830918981953541,0.06283279341820859,-1.8394072532071362e-07,-1.120637288794711e-06,0.06283279341821438,-1.8394171665995672e-07,-1.1206376999178519e-06,0.0,-1.8394171665995672e-07,-1.1206376999178519e-06,1.0,0.0,0.0,1.0,0.0,0.0,1.0,0.0,0.0,0.0038402023984353967,-1.2275770726428655e-07,1.7157334689190066e-06,5.223213643972454e-12,5.206954153364943e-12,2.5314647780052476e-14,8.019174500774638e-14,1.3972754002045877e-14,6.535612314645459e-10,85.33783063918737,0.0391303500646777,0.0021050330507415113,-0.7854099177275911,2.2994061177861546e-06,1.4007966105061402e-05
1.0900000000000007,-3.9005177490602846e-05,-0.11434937877735807,0.11997245063326348,0.7071026253696239,0.7071109369452193,1.5768526351385525e-06,-6.734543651086711e-06,70.93165564785645,0.03575104212262756,0.0012982983205565414,-5.774974573300426e-15,-2.0343947168710016e-14,3.377309157733224e-14,1.2543837755252903e-13,6.535599454190725e-10,-6.620083826565427e-15,85.33783063918723,0.03908947345205201,0.00185600244162663,4.0,12.752999999658615,-3.0370362031101328e-05,1.1092118853804796e-10,1.6084868179734009,0.16385730456677317,0.1612836297031631,0.0,-0.4830918981953507,0.06283279341820965,-1.839402296488218e-07,-1.1206370832096092e-06,0.06283279341821238,-1.839412209850876e-07,-1.1206374941992566e-06,0.0,-1.839412209850876e-07,-1.1206374941992566e-06,1.0,0.0,0.0,1.0,0.0,0.0,1.0,0.0,0.0,0.0038402023984960873,-1.11551283300575e-07,1.71389418247293e-06,5.221063172939729e-12,5.200987133184019e-12,4.284891444742375e-14,1.3312039980509844e-13,-1.063026863724404e-15,6.535599439321715e-10,85.33783063918736,0.039089474105611956,0.00185600244162001,-0.7854099177275923,2.2993999215979917e-06,1.4007963538630597e-05
1.1000000000000008,-3.900517749065459e-05,-0.11434937877735818,0.11997245063326362,0.7071026253696236,0.7071109369452195,1.576854945849896e-06,-6.734541340439324e-06,71.78503395424835,0.03614173247782861,0.0013156131921247328,-4.775979642142121e-15,-3.194947987285191e-15,-3.0681451475557216e-15,-3.3729668641025085e-14,6.53557777924216e-10,-1.7023219656338758e-14,85.33783063918737,0.03904859761855925,0.0016069718846207857,4.0,12.752999999953587,-3.0370362031045817e-05,1.109223753217008e-10,1.6084868179734024,0.16385730447550548,0.16128362961189543,0.0,-0.483091898195349,0.06283279341820681,-1.8393973399451856e-07,-1.1206368780820075e-06,0.06283279341820859,-1.8394072532071362e-07,-1.120637288794711e-06,0.0,-1.8394072532071362e-07,-1.120637288794711e-06,1.0,0.0,0.0,1.0,0.0,0.0,1.0,0.0,0.0,0.0038402023985544854,-1.0034486139563203e-07,1.7120549016570935e-06,5.222427776090042e-12,5.224537904206268e-12,-3.861969171147158e-15,-2.6047595968100687e-14,9.34129541498951e-15,6.535577784304792e-10,85.33783063918735,0.03904859827211703,0.0016069718846037624,-0.7854099177275928,2.299393725431515e-06,1.4007960972194868e-05
1.1100000000000008,-3.90051774907109e-05,-0.11434937877735825,0.11997245063326366,0.7071026253696236,0.7071109369452195,1.5768572565396496e-06,-6.734539029781802e-06,72.63841226064025,0.036532014075210215,0.0013304377583365095,-6.4868975556779e-15,-7.038376766407645e-15,1.0798842478440129e-14,2.1945820238284435e-14,6.535566205966764e-10,2.24565993373e-16,85.3378306391873,0.03900772185776349,0.001357941357734565,4.0,12.75299999979878,-3.0370362031004183e-05,1.1091991932354946e-10,1.608486817973403,0.1638573043871038,0.1612836295234939,0.0,-0.4830918981953485,0.06283279341820781,-1.8393923832467046e-07,-1.120636672453795e-06,0.06283279341820965,-1.839402296488218e-07,-1.1206370832096092e-06,0.0,-1.839402296488218e-07,-1.1206370832096092e-06,1.0,0.0,0.0,1.0,0.0,0.0,1.0,0.0,0.0,0.0038402023986152107,-8.913844115853643e-08,1.7102156241351383e-06,5.220056333413909e-12,5.219080709543406e-12,1.3865116386707166e-14,2.962775349490825e-14,-7.906882726298815e-15,6.53556620245787e-10,85.33783063918733,0.039007722511320106,0.0013579413577347896,-0.7854099177275928,2.299387529298015e-06,1.4007958405722967e-05
1.1200000000000008,-3.9005177490783705e-05,-0.11434937877735832,0.11997245063326384,0.7071026253696236,0.7071109369452195,1.5768595671664404e-06,-6.7345367190696595e-06,73.49179056703215,0.036921886915000035,0.0013427720192861223,-7.265349002651923e-15,-8.934555128292512e-15,1.613944951503577e-14,4.982518240103994e-14,6.535551411136429e-10,8.07058377869362e-15,85.33783063918726,0.03896684612120041,0.0011089108408956,4.0,12.75300000006747,-3.0370362030823772e-05,1.1091852841902954e-10,1.6084868179734053,0.1638573043015679,0.16128362943795846,0.0,-0.4830918981953463,0.06283279341820833,-1.839387426667401e-07,-1.1206364669825735e-06,0.06283279341820681,-1.8393973399451856e-07,-1.1206368780820075e-06,0.0,-1.8393973399451856e-07,-1.1206368780820075e-06,1.0,0.0,0.0,1.0,0.0,0.0,1.0,0.0,0.0,0.003840202398675631,-7.793202126885192e-08,1.7083763476995273e-06,5.218969738326394e-12,5.216382417754168e-12,2.0639226031630717e-14,5.750704103518881e-14,-1.575308647201602e-14,6.535551403428317e-10,85.33783063918732,0.03896684677475555,0.0011089108409036705,-0.7854099177275928,2.299381333241002e-06,1.400795583909805e-05
1.1300000000000008,-3.9005177490830135e-05,-0.11434937877735835,0.11997245063326376,0.7071026253696236,0.7071109369452195,1.576861877876394e-06,-6.73453440845849e-06,74.34516887342406,0.0373113509987034,0.001352615975597613,-4.639708911888057e-15,-3.87469223601377e-15,-4.4647981325429056e-15,-1.3865371653123178e-14,6.535528352581591e-10,-1.607796843218327e-14,85.3378306391873,0.038925970635774326,0.0008598804281376838,4.0,12.752999999801768,-3.037036203089316e-05,1.109201552482607e-10,1.6084868179734046,0.16385730421889852,0.16128362935528914,0.0,-0.48309189819534726,0.06283279341820718,-1.8393824701741382e-07,-1.120636262107796e-06,0.06283279341820781,-1.8393923832467046e-07,-1.120636672453795e-06,0.0,-1.8393923832467046e-07,-1.120636672453795e-06,1.0,0.0,0.0,1.0,0.0,0.0,1.0,0.0,0.0,0.0038402023987350632,-6.672560571288878e-08,1.7065370825489253e-06,5.222557823838642e-12,5.223452274500438e-12,-5.8078909040880985e-15,-6.183363973417634e-15,8.395957398530161e-15,6.535528355198245e-10,85.33783063918729,0.03892597128932716,0.0008598804281216058,-0.7854099177275928,2.299375137105606e-06,1.4007953272729905e-05
1.1400000000000008,-3.9005177490883465e-05,-0.11434937877735842,0.11997245063326381,0.7071026253696236,0.7071109369452195,1.576864188547384e-06,-6.734532097816626e-06,75.19854717981596,0.03770040632790204,0.0013599696279261895,-4.176936561973244e-15,-3.208294041518175e-15,-8.613985872396486e-15,-2.888278934751681e-14,6.535508510619664e-10,-2.1837971777129064e-14,85.33783063918729,0.03888509523112374,0.0006108500488713436,4.0,12.753000000228026,-3.037036203083765e-05,1.1092078291452746e-10,1.608486817973405,0.1638573041390949,0.16128362927548592,0.0,-0.48309189819534676,0.06283279341820691,-1.8393775136627937e-07,-1.12063605689492e-06,0.06283279341820833,-1.839387426667401e-07,-1.1206364669825735e-06,0.0,-1.839387426667401e-07,-1.1206364669825735e-06,1.0,0.0,0.0,1.0,0.0,0.0,1.0,0.0,0.0,0.0038402023987950153,-5.551919186445324e-08,1.7046978210414712e-06,5.22318963266696e-12,5.2244387055629116e-12,-1.1133069541895975e-14,-2.1200762974646527e-14,1.4156093602533478e-14,6.535508515678536e-10,85.33783063918726,0.03888509588467459,0.0006108500488495056,-0.7854099177275928,2.299368941019981e-06,1.4007950706272956e-05
1.1500000000000008,-3.900517749092266e-05,-0.11434937877735843,0.1199724506332637,0.7071026253696236,0.7071109369452195,1.5768664992683602e-06,-6.734529787242526e-06,76.05192548620786,0.03808905290371946,0.0013648329767379365,-5.47507575312571e-15,-4.603645846705353e-15,5.630693498745304e-15,8.540581434142826e-15,6.535497464887988e-10,-5.3876680905013935e-15,85.33783063918723,0.038844219950569386,0.0003618197209877216,4.0,12.752999999679759,-3.0370362030990306e-05,1.1091792920016912e-10,1.6084868179734038,0.1638573040621577,0.16128362919854883,0.0,-0.4830918981953482,0.06283279341820758,-1.8393725569598719e-07,-1.1206358512956787e-06,0.06283279341820718,-1.8393824701741382e-07,-1.120636262107796e-06,0.0,-1.8393824701741382e-07,-1.120636262107796e-06,1.0,0.0,0.0,1.0,0.0,0.0,1.0,0.0,0.0,0.0038402023988555432,-4.431278057194609e-08,1.7028585651292182e-06,5.221361609442225e-12,5.2223094652744905e-12,7.204366924414637e-15,1.6222474829979957e-14,-2.2944700639845076e-15,6.535497463614451e-10,85.33783063918725,0.038844220604119135,0.00036181972098233393,-0.7854099177275928,2.2993627448927997e-06,1.4007948139983756e-05
1.1600000000000008,-3.900517749097444e-05,-0.11434937877735846,0.11997245063326367,0.7071026253696238,0.7071109369452194,1.5768688099394901e-06,-6.7345274766287955e-06,76.90530379259977,0.038477290727260034,0.0013672060224896236,-4.0982440695782365e-15,1.7171446285144e-16,-2.0221297706158155e-14,-8.858547794316485e-14,6.53546523346555e-10,-2.87217722377897e-14,85.33783063918732,0.03880334477281989,0.00011278943568251553,4.0,12.752999999978453,-3.0370362030990306e-05,1.1092325231085469e-10,1.6084868179734033,0.16385730398808648,0.1612836291244778,0.0,-0.48309189819534853,0.06283279341820582,-1.8393676006890024e-07,-1.1206356464034128e-06,0.06283279341820691,-1.8393775136627937e-07,-1.12063605689492e-06,0.0,-1.8393775136627937e-07,-1.12063605689492e-06,1.0,0.0,0.0,1.0,0.0,0.0,1.0,0.0,0.0,0.0038402023989146097,-3.3106370756973265e-08,1.7010193138136486e-06,5.223312395468331e-12,5.229283195681654e-12,-2.5816564351553317e-14,-8.090345222166839e-14,2.1040380401153418e-14,6.535465246351104e-10,85.33783063918723,0.03880334542636641,0.00011278943565379375,-0.7854099177275926,2.299356548829006e-06,1.4007945573580263e-05
1.1700000000000008,-3.900517749102264e-05,-0.1143493787773585,0.11997245063326367,0.7071026253696238,0.7071109369452194,1.5768711206136696e-06,-6.734525166030364e-06,77.75868209899167,0.038865119799598793,0.0013670887656265802,-5.476556131367363e-15,-6.852343901165461e-15,1.466592249600415e-14,4.238096875145543e-14,6.535466043628415e-10,-2.170443206553188e-15,85.33783063918719,0.03876246969860491,-0.0001362408067692738,4.0,12.753000000021476,-3.0370362030990306e-05,1.1091584297081804e-10,1.6084868179734033,0.16385730391688139,0.16128362905327284,0.0,-0.4830918981953487,0.06283279341820817,-1.839362643828372e-07,-1.1206354406157217e-06,0.06283279341820758,-1.8393725569598719e-07,-1.1206358512956787e-06,0.0,-1.8393725569598719e-07,-1.1206358512956787e-06,1.0,0.0,0.0,1.0,0.0,0.0,1.0,0.0,0.0,0.003840202398976148,-2.1899963425088238e-08,1.6991800672040415e-06,5.221308807612993e-12,5.2190849607397504e-12,1.8708503396721413e-14,5.006280174472428e-14,-5.511904843790634e-15,6.535466037999076e-10,85.33783063918723,0.03876247035215152,-0.00013624080677144423,-0.7854099177275926,2.2993503527714465e-06,1.4007943007208172e-05
1.1800000000000008,-3.9005177491075e-05,-0.11434937877735853,0.1199724506332636,0.7071026253696238,0.7071109369452194,1.576873431277369e-06,-6.734522855436157e-06,78.61206040538357,0.03925254012176965,0.0013644812065770331,-5.075385443487058e-15,-1.992827663588807e-15,-1.171031843720654e-14,-5.6677753397240835e-14,6.53543363913276e-10,-1.7620524144213273e-14,85.33783063918727,0.03872159475142737,-0.00038527099657727394,4.0,12.752999999912838,-3.0370362031059694e-05,1.1092128856717881e-10,1.6084868179734024,0.16385730384854247,0.161283628984934,0.0,-0.4830918981953494,0.06283279341820638,-1.8393576875841566e-07,-1.1206352355840383e-06,0.06283279341820582,-1.8393676006890024e-07,-1.1206356464034128e-06,0.0,-1.8393676006890024e-07,-1.1206356464034128e-06,1.0,0.0,0.0,1.0,0.0,0.0,1.0,0.0,0.0,0.0038402023990351947,-1.0693557994232233e-08,1.6973408262635847e-06,5.2219280217974424e-12,5.22617513390834e-12,-1.490386083593659e-14,-4.899584578858159e-14,9.938936711423689e-15,6.535433646962967e-10,85.33783063918722,0.038721595404970735,-0.00038527099659489445,-0.7854099177275926,2.2993441567370765e-06,1.4007940440835861e-05
1.1900000000000008,-3.90051774911258e-05,-0.11434937877735858,0.11997245063326366,0.7071026253696238,0.7071109369452194,1.5768757419241727e-06,-6.73452054483313e-06,79.46543871177548,0.03963955169491516,0.0013593833458141616,-5.304571200438941e-15,-4.3841418425523775e-15,7.513740743948832e-15,3.391832007295797e-15,6.535426024374332e-10,-7.548854418530465e-15,85.3378306391872,0.03868071989750311,-0.000634301147777537,4.0,12.753000000101693,-3.037036203103194e-05,1.1091706123838223e-10,1.608486817973403,0.16385730378306954,0.16128362891946127,0.0,-0.48309189819534865,0.06283279341820747,-1.8393527309138138e-07,-1.120635030090564e-06,0.06283279341820817,-1.839362643828372e-07,-1.1206354406157217e-06,0.0,-1.839362643828372e-07,-1.1206354406157217e-06,1.0,0.0,0.0,1.0,0.0,0.0,1.0,0.0,0.0,0.0038402023990959646,5.128454138365842e-10,1.6955015895544555e-06,5.221543404435878e-12,5.222569654761983e-12,9.693952577143272e-15,1.1073657196167703e-14,-1.3316220704077328e-16,6.535426023960027e-10,85.3378306391872,0.03868072055104571,-0.0006343011477850859,-0.7854099177275926,2.2993379607278154e-06,1.4007937874433558e-05
1.2000000000000008,-3.900517749118246e-05,-0.1143493787773586,0.11997245063326357,0.7071026253696239,0.7071109369452193,1.5768780525675943e-06,-6.734518234245032e-06,80.31881701816738,0.040026154520125055,0.0013517951837894772,-5.442882549255948e-15,-4.0671109640395845e-15,-3.020433364348366e-15,-2.1773150380872135e-14,6.535402720592126e-10,-1.1233734412090375e-14,85.33783063918723,0.03863984516620944,-0.0008833312481609166,4.0,12.75299999984997,-3.037036203108745e-05,1.1091898711719963e-10,1.6084868179734022,0.16385730372046278,0.16128362885685465,0.0,-0.48309189819534964,0.062832793418207,-1.8393477745403824e-07,-1.1206348248467596e-06,0.06283279341820638,-1.8393576875841566e-07,-1.1206352355840383e-06,0.0,-1.8393576875841566e-07,-1.1206352355840383e-06,1.0,0.0,0.0,1.0,0.0,0.0,1.0,0.0,0.0,0.003840202399155811,1.171924669050518e-08,1.6936623583431168e-06,5.221374440150546e-12,5.2231736131445194e-12,-3.844855073749786e-15,-1.4091325703152949e-14,3.55192873032114e-15,6.535402723568883e-10,85.3378306391872,0.03863984581974971,-0.0008833312481721504,-0.7854099177275923,2.2993317647366914e-06,1.4007935308056904e-05
1.2100000000000009,-3.9005177491233066e-05,-0.11434937877735867,0.11997245063326364,0.7071026253696239,0.7071109369452193,1.5768803632006133e-06,-6.734515923652179e-06,81.17219532455928,0.04041234859848313,0.0013417167209519153,-5.259647581347311e-15,-4.485528282774123e-15,-1.3324100516314802e-15,-1.830237220325627e-14,6.535385340371897e-10,-1.221745992542605e-14,85.33783063918725,0.03859897053257644,-0.0011323613080918926,4.0,12.753000000184661,-3.037036203101806e-05,1.109186474493171e-10,1.608486817973403,0.16385730366072226,0.1612836287971141,0.0,-0.48309189819534876,0.06283279341820705,-1.8393428180731202e-07,-1.1206346195529594e-06,0.06283279341820747,-1.8393527309138138e-07,-1.120635030090564e-06,0.0,-1.8393527309138138e-07,-1.120635030090564e-06,1.0,0.0,0.0,1.0,0.0,0.0,1.0,0.0,0.0,0.0038402023992159715,2.2925646114312224e-08,1.691823131533071e-06,5.221606608974149e-12,5.22257712997391e-12,-1.6804601576168008e-15,-1.0620560779311966e-14,4.5356493572170056e-15,6.535385343056324e-10,85.33783063918723,0.03859897118611497,-0.00113236130810411,-0.7854099177275923,2.2993255687615586e-06,1.4007932741663064e-05
1.2200000000000009,-3.9005177491286585e-05,-0.1143493787773587,0.11997245063326356,0.707102625369624,0.7071109369452192,1.5768826738411336e-06,-6.734513613086339e-06,82.02557363095119,0.04079813393112904,0.0013291479577736502,-4.882903962313569e-15,-7.336195261788731e-15,4.829139929922334e-15,2.6678981817836817e-14,6.535372281331724e-10,-1.2654609889093652e-14,85.33783063918719,0.03855809601716481,-0.0013813913190472813,4.0,12.752999999780844,-3.0370362031059694e-05,1.1091639584135492e-10,1.608486817973402,0.16385730360384768,0.16128362874023963,0.0,-0.4830918981953497,0.06283279341820784,-1.8393378615336704e-07,-1.1206344142538899e-06,0.062832793418207,-1.8393477745403824e-07,-1.1206348248467596e-06,0.0,-1.8393477745403824e-07,-1.1206348248467596e-06,1.0,0.0,0.0,1.0,0.0,0.0,1.0,0.0,0.0,0.003840202399276577,3.413204332660343e-08,1.689983910050846e-06,5.222089417296507e-12,5.2185078239620205e-12,5.964167507202667e-15,3.436078107643345e-14,4.9724865805897495e-15,6.53537227878037e-10,85.33783063918722,0.03855809667070204,-0.0013813913190599358,-0.7854099177275919,2.299319372793418e-06,1.4007930175326336e-05
1.2300000000000009,-3.90051774913366e-05,-0.11434937877735876,0.11997245063326362,0.7071026253696239,0.7071109369452193,1.5768849844657216e-06,-6.734511302510404e-06,82.87895193734309,0.041183510519105467,0.0013140888946865522,-5.996462887857935e-15,-1.924561882318264e-15,-1.0219632694736655e-14,-6.765451358693152e-14,6.535343922610634e-10,-9.88329579156609e-15,85.33783063918729,0.038517221603821775,-0.0016304212877256165,4.0,12.753000000275149,-3.0370362031059694e-05,1.1092064392902646e-10,1.6084868179734024,0.16385730354983913,0.16128362868623128,0.0,-0.483091898195349,0.06283279341820616,-1.8393329052874396e-07,-1.1206342088945357e-06,0.06283279341820705,-1.8393428180731202e-07,-1.1206346195529594e-06,0.0,-1.8393428180731202e-07,-1.1206346195529594e-06,1.0,0.0,0.0,1.0,0.0,0.0,1.0,0.0,0.0,0.003840202399335675,4.5338438608621706e-08,1.6881446931390684e-06,5.220596948685217e-12,5.226289354786296e-12,-1.2827381220969596e-14,-5.997276786640946e-14,2.2018938777998836e-15,6.535343930821618e-10,85.33783063918722,0.03851722225735617,-0.0016304212877354999,-0.7854099177275923,2.299313176847558e-06,1.4007927608957953e-05
1.2400000000000009,-3.9005177491393094e-05,-0.1143493787773588,0.11997245063326356,0.7071026253696241,0.7071109369452191,1.5768872950810846e-06,-6.734508991943005e-06,83.73233024373499,0.04156847836358435,0.0012965395321760706,-4.66004138249228e-15,-1.0476517144776762e-14,1.1804237170096937e-14,7.972565037690621e-14,6.535342650471134e-10,-1.187601391122723e-14,85.33783063918715,0.03847634730429046,-0.0018794512092615268,4.0,12.75299999971508,-3.037036203103194e-05,1.109133892210953e-10,1.608486817973402,0.16385730349869673,0.161283628635089,0.0,-0.4830918981953496,0.06283279341820877,-1.8393279485730076e-07,-1.120634003621649e-06,0.06283279341820784,-1.8393378615336704e-07,-1.1206344142538899e-06,0.0,-1.8393378615336704e-07,-1.1206344142538899e-06,1.0,0.0,0.0,1.0,0.0,0.0,1.0,0.0,0.0,0.003840202399397389,5.6544831809217516e-08,1.6863054813872736e-06,5.222349196621488e-12,5.213970904672003e-12,1.4598244278124372e-14,8.740740912303404e-14,4.193538515036551e-15,6.535342641593089e-10,85.33783063918723,0.03847634795782473,-0.0018794512092734027,-0.7854099177275918,2.299306980925895e-06,1.400792504259851e-05
1.2500000000000009,-3.900517749144388e-05,-0.11434937877735889,0.11997245063326359,0.707102625369624,0.7071109369452192,1.5768896056977599e-06,-6.7345066813861924e-06,84.5857085501269,0.041953037465584875,0.0012764998706643346,-5.998903816596541e-15,-8.735507389895856e-16,-1.526977436722581e-14,-1.0161218271799665e-13,6.535303553297474e-10,-1.2096013557054747e-14,85.33783063918733,0.038435473114173294,-0.002128481085482274,4.0,12.752999999979597,-3.0370362031059694e-05,1.109222862888922e-10,1.6084868179734022,0.16385730345042052,0.16128362858681278,0.0,-0.48309189819534926,0.06283279341820554,-1.839322992544087e-07,-1.1206337983185423e-06,0.06283279341820616,-1.8393329052874396e-07,-1.1206342088945357e-06,0.0,-1.8393329052874396e-07,-1.1206342088945357e-06,1.0,0.0,0.0,1.0,0.0,0.0,1.0,0.0,0.0,0.0038402023994555464,6.775122296685944e-08,1.684466274503655e-06,5.220579182558771e-12,5.22787773556081e-12,-1.9148793622231976e-14,-9.393046830482887e-14,4.414906778087418e-15,6.535303565759983e-10,85.33783063918723,0.03843547376770365,-0.00212848108549437,-0.785409917727592,2.299300785010058e-06,1.4007922476260174e-05
1.260000000000001,-3.9005177491500694e-05,-0.11434937877735894,0.11997245063326359,0.707102625369624,0.7071109369452192,1.5768919162922429e-06,-6.734504370819606e-06,85.4390868565188,0.04233718782629366,0.0012539699106428471,-5.363628578881056e-15,-1.074768007823816e-14,1.7296007539674925e-14,1.1401588185690533e-13,6.535313762153303e-10,-3.4763963727852246e-15,85.33783063918712,0.0383945990275841,-0.0023775109188152416,4.0,12.752999999661395,-3.0370362031059694e-05,1.1091411328765799e-10,1.6084868179734022,0.16385730340501023,0.16128362854140268,0.0,-0.48309189819534915,0.06283279341820942,-1.83931803565518e-07,-1.1206335928534452e-06,0.06283279341820877,-1.8393279485730076e-07,-1.120634003621649e-06,0.0,-1.8393279485730076e-07,-1.120634003621649e-06,1.0,0.0,0.0,1.0,0.0,0.0,1.0,0.0,0.0,0.003840202399518,7.895761207732333e-08,1.6826270723532008e-06,5.2213442178229945e-12,5.213337881485831e-12,2.154687195859102e-14,1.2169754537716466e-13,-4.206295174643598e-15,6.535313748257428e-10,85.33783063918723,0.03839459968111548,-0.002377510918818718,-0.785409917727592,2.2992945891286236e-06,1.4007919909885874e-05
1.270000000000001,-3.9005177491556544e-05,-0.114349378777359,0.11997245063326359,0.7071026253696241,0.7071109369452191,1.5768942268831438e-06,-6.734502060262402e-06,86.2924651629107,0.04272092944669171,0.00122894965251804,-5.649217712651238e-15,-2.210407777875458e-15,-9.224037052833971e-15,-6.307568340741172e-14,6.535274077597623e-10,-1.1883909505501687e-14,85.33783063918732,0.03835372507537683,-0.0026265406964766855,4.0,12.752999999933714,-3.037036203101806e-05,1.109191964523959e-10,1.6084868179734022,0.16385730336246626,0.16128362849885863,0.0,-0.4830918981953491,0.0628327934182062,-1.839313079675683e-07,-1.1206333876960343e-06,0.06283279341820554,-1.839322992544087e-07,-1.1206337983185423e-06,0.0,-1.839322992544087e-07,-1.1206337983185423e-06,1.0,0.0,0.0,1.0,0.0,0.0,1.0,0.0,0.0,0.003840202399576203,9.016399888841677e-08,1.6807878761744898e-06,5.221008492470263e-12,5.2258208926733355e-12,-1.1580479325855519e-14,-5.5394005190949584e-14,4.202556291351081e-15,6.535274085505573e-10,85.33783063918726,0.038353725728904234,-0.002626540696488569,-0.7854099177275918,2.2992883932613498e-06,1.4007917343526548e-05
1.280000000000001,-3.9005177491609155e-05,-0.1143493787773591,0.11997245063326364,0.7071026253696239,0.7071109369452193,1.57689653747078e-06,-6.734499749709646e-06,87.1458434693026,0.04310426232801263,0.0012014390968008433,-5.013743235199272e-15,-1.1651242728715236e-14,1.1820334729256024e-14,1.202446312060659e-13,6.535277898389016e-10,-7.396847457341523e-15,85.33783063918716,0.038312851200262836,-0.00287557044221356,4.0,12.753000000058881,-3.0370362031045817e-05,1.10913479423444e-10,1.6084868179734029,0.1638573033227882,0.16128362845918068,0.0,-0.4830918981953486,0.06283279341820955,-1.8393081229208368e-07,-1.1206331823069906e-06,0.06283279341820942,-1.83931803565518e-07,-1.1206335928534452e-06,0.0,-1.83931803565518e-07,-1.1206335928534452e-06,1.0,0.0,0.0,1.0,0.0,0.0,1.0,0.0,0.0,0.003840202399638308,1.0137038410440752e-07,1.6789486835304163e-06,5.221801743435987e-12,5.2120816596915375e-12,1.4348918357063013e-14,1.2792628116721665e-13,-2.8584736529480223e-16,6.535277884221831e-10,85.33783063918727,0.03831285185379062,-0.002875570442220957,-0.7854099177275923,2.2992821974037597e-06,1.4007914777173092e-05
1.290000000000001,-3.9005177491662335e-05,-0.11434937877735912,0.11997245063326359,0.7071026253696241,0.7071109369452191,1.5768988480623615e-06,-6.7344974391808815e-06,87.99922177569451,0.04348718647129618,0.0011714382439221398,-5.177407636615128e-15,-4.139947466186484e-15,-4.322630349267024e-15,-1.8336267997839793e-14,6.535244762102326e-10,-1.3201303134771989e-14,85.33783063918729,0.03827197747274581,-0.0031246001267816316,4.0,12.752999999896012,-3.037036203103194e-05,1.10916045592882e-10,1.6084868179734022,0.16385730328597622,0.16128362842236876,0.0,-0.4830918981953492,0.06283279341820701,-1.8393031668403082e-07,-1.1206329771070817e-06,0.0628327934182062,-1.839313079675683e-07,-1.1206333876960343e-06,0.0,-1.839313079675683e-07,-1.1206333876960343e-06,1.0,0.0,0.0,1.0,0.0,0.0,1.0,0.0,0.0,0.0038402023996969258,1.1257676669690016e-07,1.6771094974723295e-06,5.221608922805272e-12,5.222936594227174e-12,-5.590417042473871e-15,-1.0654614634153745e-14,5.5196580545013474e-15,6.5352447649064e-10,85.33783063918727,0.03827197812627029,-0.003124600126794833,-0.7854099177275918,2.299276001557532e-06,1.4007912210868227e-05
1.300000000000001,-3.900517749171032e-05,-0.11434937877735923,0.11997245063326366,0.7071026253696238,0.7071109369452194,1.5769011586473018e-06,-6.734495128646622e-06,88.85260008208641,0.04386970187760852,0.001138947094323569,-4.7582091406060895e-15,-8.640036682676467e-15,5.297615735968248e-15,7.365620822660686e-14,6.535238436090291e-10,-1.203328770521797e-14,85.33783063918719,0.038231103813513204,-0.0033736297830749577,4.0,12.753000000098487,-3.037036203108745e-05,1.109111991234805e-10,1.6084868179734029,0.16385730325203018,0.16128362838842294,0.0,-0.4830918981953485,0.06283279341820876,-1.839298210283816e-07,-1.1206327717804177e-06,0.06283279341820955,-1.8393081229208368e-07,-1.1206331823069906e-06,0.0,-1.8393081229208368e-07,-1.1206331823069906e-06,1.0,0.0,0.0,1.0,0.0,0.0,1.0,0.0,0.0,0.003840202399758039,1.2378314792728164e-07,1.6752703145264752e-06,5.2221394605634735e-12,5.2163342538834145e-12,6.2060285545956684e-15,8.133784562633846e-14,4.350979078999711e-15,6.535238427944158e-10,85.33783063918726,0.03823110446703705,-0.003373629783086991,-0.7854099177275927,2.299269805719582e-06,1.400790964454773e-05
1.310000000000001,-3.9005177491761967e-05,-0.11434937877735925,0.11997245063326357,0.707102625369624,0.7071109369452192,1.5769034692323175e-06,-6.734492818137401e-06,89.70597838847831,0.04425180854806576,0.0011039656484674507,-5.349992002641457e-15,-3.511351196043318e-15,-2.3216052167207457e-16,3.9423426648850215e-15,6.535214824902591e-10,-9.634339151797179e-15,85.33783063918726,0.03819023029966784,-0.0036226593791581297,4.0,12.752999999815732,-3.037036203108745e-05,1.1091302227971078e-10,1.6084868179734022,0.16385730322095043,0.1612836283573432,0.0,-0.4830918981953494,0.06283279341820744,-1.839293254054074e-07,-1.1206325664353994e-06,0.06283279341820701,-1.8393031668403082e-07,-1.1206329771070817e-06,0.0,-1.8393031668403082e-07,-1.1206329771070817e-06,1.0,0.0,0.0,1.0,0.0,0.0,1.0,0.0,0.0,0.0038402023998174045,1.349895264446634e-07,1.6734311380966295e-06,5.221332078847837e-12,5.2235348896801505e-12,-4.159946096760148e-16,1.1623934820668257e-14,1.9525667636863587e-15,6.53521482466874e-10,85.33783063918726,0.03819023095318932,-0.003622659379167764,-0.785409917727592,2.299263609901153e-06,1.4007907078274766e-05
1.320000000000001,-3.900517749181579e-05,-0.1143493787773593,0.11997245063326359,0.7071026253696238,0.7071109369452194,1.5769057797929734e-06,-6.734490507607143e-06,90.55935669487022,0.0446335064838897,0.0010664939068596513,-5.375517189003493e-15,1.30771894499568e-16,-9.426092006201233e-15,-1.0856905081982254e-13,6.535181408564535e-10,-1.5211304113963637e-14,85.33783063918736,0.03814935688568466,-0.0038716889338760974,4.0,12.753000000221752,-3.037036203115684e-05,1.1091991702672749e-10,1.6084868179734022,0.16385730319273661,0.1612836283291295,0.0,-0.48309189819534915,0.06283279341820547,-1.8392882980245587e-07,-1.1206323612292256e-06,0.06283279341820876,-1.839298210283816e-07,-1.1206327717804177e-06,0.0,-1.839298210283816e-07,-1.1206327717804177e-06,1.0,0.0,0.0,1.0,0.0,0.0,1.0,0.0,0.0,0.0038402023998763044,1.461959031879757e-07,1.6715919661477324e-06,5.221316794798025e-12,5.229138583342134e-12,-1.1503402497493362e-14,-1.008874572526466e-13,7.530391645824008e-15,6.535181422210959e-10,85.33783063918725,0.0381493575392028,-0.0038716889338913088,-0.7854099177275927,2.299257414112391e-06,1.4007904511942777e-05
1.330000000000001,-3.900517749186812e-05,-0.1143493787773593,0.11997245063326353,0.707102625369624,0.7071109369452192,1.5769080903637331e-06,-6.734488197108178e-06,91.41273500126212,0.04501479568614363,0.0010265318699407121,-5.037266082613034e-15,-4.126684960299664e-15,9.53495777139562e-15,6.657229971390162e-14,6.535190690820225e-10,-8.44076587501282e-15,85.33783063918719,0.03810848357743605,-0.004120718444806197,4.0,12.752999999763466,-3.037036203115684e-05,1.1091287174121594e-10,1.6084868179734015,0.16385730316738895,0.1612836283037819,0.0,-0.48309189819534964,0.06283279341820856,-1.8392833412308045e-07,-1.1206321558061788e-06,0.06283279341820744,-1.839293254054074e-07,-1.1206325664353994e-06,0.0,-1.839293254054074e-07,-1.1206325664353994e-06,1.0,0.0,0.0,1.0,0.0,0.0,1.0,0.0,0.0,0.0038402023999383203,1.5740227781243241e-07,1.6697527990186795e-06,5.2217097579647644e-12,5.222217736782049e-12,1.1802703493301418e-14,7.425385479048844e-14,7.585650416961923e-16,6.535190683084472e-10,85.33783063918726,0.03810848423095512,-0.004120718444814638,-0.785409917727592,2.299251218329049e-06,1.4007901945678063e-05
1.340000000000001,-3.900517749192309e-05,-0.11434937877735933,0.11997245063326353,0.707102625369624,0.7071109369452192,1.5769104009126375e-06,-6.734485886594205e-06,92.26611330765402,0.04539567615583202,0.0009840795381266436,-6.129550481617048e-15,8.042140457735245e-16,-1.3005989020626457e-14,-1.554433471115206e-13,6.535138661717744e-10,-1.1362572688406196e-14,85.3378306391874,0.03806761037859835,-0.004369747910400295,4.0,12.752999999982288,-3.037036203115684e-05,1.1092289921516745e-10,1.6084868179734015,0.16385730314490715,0.16128362828130033,0.0,-0.4830918981953495,0.06283279341820457,-1.8392783855643765e-07,-1.1206319505539445e-06,0.06283279341820547,-1.8392882980245587e-07,-1.1206323612292256e-06,0.0,-1.8392882980245587e-07,-1.1206323612292256e-06,1.0,0.0,0.0,1.0,0.0,0.0,1.0,0.0,0.0,0.0038402023999960337,1.6860865052291865e-07,1.6679136367263764e-06,5.220271571906936e-12,5.230366107341782e-12,-1.575734563993888e-14,-1.4776183185733098e-13,3.682052359804575e-15,6.53513868042145e-10,85.33783063918725,0.03806761103211222,-0.004369747910411658,-0.785409917727592,2.2992450225753594e-06,1.4007899379367726e-05
1.350000000000001,-3.900517749197753e-05,-0.11434937877735936,0.11997245063326355,0.707102625369624,0.7071109369452192,1.576912711459132e-06,-6.734483576091106e-06,93.11949161404593,0.045776147894148765,0.0009391369119120895,-4.981254776463496e-15,-6.420766032693134e-15,1.079875068269607e-14,8.780121683018755e-14,6.535155119824148e-10,-9.38700581916524e-15,85.33783063918717,0.03802673729429772,-0.004618777328555571,4.0,12.753000000049656,-3.037036203114296e-05,1.1091248766977386e-10,1.6084868179734015,0.16385730312529162,0.16128362826168485,0.0,-0.4830918981953493,0.06283279341820895,-1.839273428675667e-07,-1.1206317452150555e-06,0.06283279341820856,-1.8392833412308045e-07,-1.1206321558061788e-06,0.0,-1.8392833412308045e-07,-1.1206321558061788e-06,1.0,0.0,0.0,1.0,0.0,0.0,1.0,0.0,0.0,0.003840202400058785,1.7981502102033924e-07,1.66607447968699e-06,5.221761680812285e-12,5.219061861852412e-12,1.3271545691903394e-14,9.548273699629254e-14,1.7046919579259641e-15,6.53515510970435e-10,85.33783063918726,0.038026737947813236,-0.0046187773285649575,-0.785409917727592,2.2992388268347797e-06,1.4007896813076116e-05
1.360000000000001,-3.900517749203269e-05,-0.11434937877735941,0.1199724506332635,0.7071026253696243,0.7071109369452189,1.5769150220040456e-06,-6.734481265605648e-06,93.97286992043783,0.04615621090220704,0.0008917039917581424,-5.430355036699276e-15,-4.677185905252011e-15,-4.5753847402690865e-15,-4.5519147079890096e-14,6.535115262728628e-10,-1.3001089370386194e-14,85.33783063918732,0.037985864335564376,-0.004867806694691492,4.0,12.752999999885702,-3.0370362031073572e-05,1.1091669600104597e-10,1.608486817973401,0.16385730310854227,0.16128362824493542,0.0,-0.48309189819534976,0.06283279341820648,-1.839268472814113e-07,-1.1206315399793563e-06,0.06283279341820457,-1.8392783855643765e-07,-1.1206319505539445e-06,0.0,-1.8392783855643765e-07,-1.1206319505539445e-06,1.0,0.0,0.0,1.0,0.0,0.0,1.0,0.0,0.0,0.0038402024001174618,1.910213892572227e-07,1.6642353282149741e-06,5.221174894499442e-12,5.2223428304307616e-12,-5.676255910052849e-15,-3.783764738821157e-14,5.319794775758002e-15,6.535115268704297e-10,85.33783063918727,0.037985864989075906,-0.004867806694704493,-0.7854099177275912,2.2992326311110526e-06,1.4007894246816709e-05
1.370000000000001,-3.900517749208603e-05,-0.11434937877735948,0.11997245063326353,0.7071026253696243,0.7071109369452189,1.576917332540505e-06,-6.734478955116972e-06,94.82624822682973,0.046535865181209536,0.0008417807781630095,-6.115888210956309e-15,-7.780785168064793e-15,-4.644756345715666e-15,-3.45670205181865e-14,6.535095835385218e-10,-7.577102617258797e-15,85.33783063918732,0.03794499148035584,-0.005116836017950032,4.0,12.75300000012642,-3.0370362031059694e-05,1.1091765623259169e-10,1.6084868179734015,0.1638573030946588,0.16128362823105205,0.0,-0.4830918981953496,0.06283279341820668,-1.8392635165956264e-07,-1.1206313345799527e-06,0.06283279341820895,-1.839273428675667e-07,-1.1206317452150555e-06,0.0,-1.839273428675667e-07,-1.1206317452150555e-06,1.0,0.0,0.0,1.0,0.0,0.0,1.0,0.0,0.0,0.003840202400177697,2.022277554601813e-07,1.6623961814331478e-06,5.2202247646649e-12,5.21820892965047e-12,-5.824914006858369e-15,-2.6885583224918257e-14,-1.0424902436304713e-16,6.535095839436011e-10,85.33783063918729,0.03794499213386543,-0.005116836017957609,-0.7854099177275912,2.299226435400829e-06,1.4007891680544563e-05
1.380000000000001,-3.900517749215225e-05,-0.11434937877735955,0.11997245063326344,0.7071026253696246,0.7071109369452185,1.5769196430476804e-06,-6.734476644626133e-06,95.67962653322164,0.04691511073198157,0.0007893672714684957,-5.739166407866677e-15,-1.032522906366946e-14,6.515733819940571e-16,2.2697790351333755e-14,6.535084125575946e-10,-9.407399410338667e-15,85.33783063918725,0.037904118706649004,-0.005365865307444887,4.0,12.752999999848239,-3.0370362031045817e-05,1.1091428696364197e-10,1.6084868179734002,0.1638573030836412,0.16128362822003472,0.0,-0.4830918981953507,0.06283279341820762,-1.839258560281285e-07,-1.1206311293089583e-06,0.06283279341820648,-1.839268472814113e-07,-1.1206315399793563e-06,0.0,-1.839268472814113e-07,-1.1206315399793563e-06,1.0,0.0,0.0,1.0,0.0,0.0,1.0,0.0,0.0,0.003840202400238433,2.1343412021939703e-07,1.6605570383280538e-06,5.2207197673345894e-12,5.214419926323745e-12,5.832603808934363e-16,3.03792272254539e-14,1.7256438540120877e-15,6.535084123110897e-10,85.33783063918727,0.03790411936015742,-0.005365865307454295,-0.7854099177275902,2.2992202397444316e-06,1.4007889114245315e-05
1.390000000000001,-3.900517749220583e-05,-0.11434937877735969,0.11997245063326346,0.7071026253696244,0.7071109369452188,1.576921953572852e-06,-6.7344743341523515e-06,96.53300483961354,0.047293947555771355,0.0007344634721917094,-6.20054957610697e-15,-1.0715548802248156e-14,-7.345918198381126e-15,-6.110746876847711e-14,6.535052049385939e-10,-8.795701614174174e-15,85.33783063918732,0.03786324606952074,-0.005614894540373759,4.0,12.75300000022491,-3.0370362031101328e-05,1.1092140359960466e-10,1.6084868179734007,0.16385730307548987,0.16128362821188347,0.0,-0.4830918981953503,0.06283279341820618,-1.839253604316958e-07,-1.1206309239977264e-06,0.06283279341820668,-1.8392635165956264e-07,-1.1206313345799527e-06,0.0,-1.8392635165956264e-07,-1.1206313345799527e-06,1.0,0.0,0.0,1.0,0.0,0.0,1.0,0.0,0.0,0.003840202400297644,2.2464048241277727e-07,1.6587179013406986e-06,5.220089432602997e-12,5.214555371231739e-12,-9.131538138975248e-15,-5.342607405052316e-14,1.1145950209935014e-15,6.535052056699575e-10,85.33783063918726,0.03786324672302595,-0.005614894540382555,-0.7854099177275908,2.2992140440673087e-06,1.4007886547992548e-05
1.400000000000001,-3.900517749225943e-05,-0.11434937877735978,0.11997245063326348,0.7071026253696242,0.707110936945219,1.5769242640938907e-06,-6.734472023688979e-06,97.38638314600544,0.047672375653777244,0.0006770693808290441,-4.470142044961431e-15,-8.045459104231494e-15,1.2378894215766163e-14,1.0843147379234275e-13,6.535066146993852e-10,-1.535082649782973e-14,85.33783063918715,0.03782237354692871,-0.005863923725830923,4.0,12.753000000049855,-3.037036203115684e-05,1.1091172379142841e-10,1.6084868179734007,0.16385730307020457,0.16128362820659825,0.0,-0.48309189819535003,0.06283279341820928,-1.8392486475343126e-07,-1.1206307188168167e-06,0.06283279341820762,-1.839258560281285e-07,-1.1206311293089583e-06,0.0,-1.839258560281285e-07,-1.1206311293089583e-06,1.0,0.0,0.0,1.0,0.0,0.0,1.0,0.0,0.0,0.0038402024003595966,2.3584684253542897e-07,1.6568787695697924e-06,5.222402651317897e-12,5.21668073278551e-12,1.5102594503189358e-14,1.1611293287719785e-13,7.668466748477355e-15,6.535066135150162e-10,85.33783063918726,0.03782237420043533,-0.005863923725846274,-0.7854099177275916,2.299207848406198e-06,1.4007883981756272e-05
1.410000000000001,-3.900517749231325e-05,-0.11434937877735984,0.11997245063326346,0.7071026253696242,0.707110936945219,1.5769265746083494e-06,-6.734469713233368e-06,98.23976145239735,0.048050395027135824,0.0006171849978514237,-5.635172040347282e-15,-5.808514392369961e-15,9.130265815526141e-16,-5.8786343006567195e-15,6.535032976668907e-10,-9.448062722052523e-15,85.33783063918726,0.03778150114108929,-0.006112952862946241,4.0,12.752999999922194,-3.0370362031170717e-05,1.1091257961514141e-10,1.6084868179734007,0.16385730306778537,0.1612836282041791,0.0,-0.48309189819535,0.06283279341820722,-1.8392436916173474e-07,-1.1206305134124288e-06,0.06283279341820618,-1.839253604316958e-07,-1.1206309239977264e-06,0.0,-1.839253604316958e-07,-1.1206309239977264e-06,1.0,0.0,0.0,1.0,0.0,0.0,1.0,0.0,0.0,0.0038402024004184783,2.4705320036219515e-07,1.6550396429882558e-06,5.220814375560615e-12,5.2204793807691765e-12,1.147823739192987e-15,1.802742752176158e-15,1.7665757185588328e-15,6.535032977567555e-10,85.33783063918726,0.03778150179459259,-0.006112952862955689,-0.7854099177275916,2.299201652763659e-06,1.4007881415529544e-05
1.420000000000001,-3.9005177492368056e-05,-0.11434937877735991,0.11997245063326353,0.7071026253696239,0.7071109369452193,1.5769288851063363e-06,-6.73446740276083e-06,99.09313975878925,0.04842800567674001,0.0005548103236284859,-5.449534056790371e-15,-3.964584054108518e-15,6.7160660671416006e-15,5.842861015413319e-14,6.535028414991475e-10,-8.13489876762924e-15,85.3378306391872,0.03774062880353779,-0.006361981971784309,4.0,12.753000000071967,-3.0370362031240106e-05,1.109098071121447e-10,1.6084868179734015,0.1638573030682321,0.161283628204626,0.0,-0.48309189819534903,0.06283279341820845,-1.839238735199777e-07,-1.120630308087051e-06,0.06283279341820928,-1.8392486475343126e-07,-1.1206307188168167e-06,0.0,-1.8392486475343126e-07,-1.1206307188168167e-06,1.0,0.0,0.0,1.0,0.0,0.0,1.0,0.0,0.0,0.0038402024004792925,2.58259556954314e-07,1.653200519519883e-06,5.221041544755422e-12,5.222366384496005e-12,8.218731774364908e-15,6.610997226085727e-14,4.529480818754678e-16,6.535028408177012e-10,85.33783063918726,0.03774062945704063,-0.006361981971792444,-0.7854099177275924,2.2991954571390585e-06,1.4007878849257783e-05
1.430000000000001,-3.9005177492423025e-05,-0.11434937877735991,0.1199724506332635,0.7071026253696241,0.7071109369452191,1.5769311956054558e-06,-6.734465092315128e-06,99.94651806518115,0.04880520760370587,0.0004899453586225826,-5.307091010698838e-15,-1.2068917219689766e-15,1.9013432239635114e-15,-6.6764207135688876e-15,6.535003409349686e-10,-1.0941055831183578e-14,85.33783063918727,0.03769975661136627,-0.006611011020397101,4.0,12.752999999859416,-3.0370362031184595e-05,1.1090878644307682e-10,1.608486817973401,0.16385730307154497,0.16128362820793893,0.0,-0.4830918981953493,0.06283279341820723,-1.8392337791653413e-07,-1.1206301028399624e-06,0.06283279341820722,-1.8392436916173474e-07,-1.1206305134124288e-06,0.0,-1.8392436916173474e-07,-1.1206305134124288e-06,1.0,0.0,0.0,1.0,0.0,0.0,1.0,0.0,0.0,0.0038402024005387042,2.694659108901333e-07,1.651361402564022e-06,5.221229167861293e-12,5.226451798119156e-12,2.4512086499631548e-15,1.0049324755529373e-15,3.2596094007169857e-15,6.535003410517602e-10,85.33783063918727,0.037699757264866615,-0.0066110110204080415,-0.7854099177275919,2.299189261533387e-06,1.4007876283037794e-05
1.440000000000001,-3.900517749247536e-05,-0.11434937877735991,0.11997245063326353,0.7071026253696242,0.707110936945219,1.5769335061024125e-06,-6.734462781873418e-06,100.79989637157306,0.049182000809296286,0.00042259010335685555,-5.37113347291701e-15,-3.3091744131007938e-15,-9.992929184396623e-15,-1.2995262757276333e-13,6.534964491034321e-10,-1.5062360653530405e-14,85.33783063918739,0.03765888452492992,-0.006860040025199316,4.0,12.753000000210829,-3.0370362031115206e-05,1.109204669753892e-10,1.6084868179734013,0.16385730307772392,0.1612836282141179,0.0,-0.48309189819534915,0.06283279341820498,-1.839228823387123e-07,-1.1206298976170168e-06,0.06283279341820845,-1.839238735199777e-07,-1.120630308087051e-06,0.0,-1.839238735199777e-07,-1.120630308087051e-06,1.0,0.0,0.0,1.0,0.0,0.0,1.0,0.0,0.0,0.0038402024005974866,2.8067226287267717e-07,1.6495222903471599e-06,5.221147767491701e-12,5.224659907000602e-12,-1.2079147016380652e-14,-1.2227129005615566e-13,7.381859118374534e-15,6.534964507176721e-10,85.33783063918726,0.037658885178426374,-0.006860040025214379,-0.7854099177275916,2.2991830659349522e-06,1.4007873716823676e-05
1.450000000000001,-3.9005177492526885e-05,-0.11434937877735998,0.11997245063326352,0.7071026253696244,0.7071109369452188,1.5769358165984703e-06,-6.734460471448153e-06,101.65327467796496,0.04955838529462149,0.00035274455829131535,-5.246727691287863e-15,-6.746439499261876e-15,2.6592238591940326e-15,4.372546036924791e-14,6.53496889661395e-10,-1.1274753787803658e-14,85.33783063918723,0.03761801255964172,-0.007109068979823067,4.0,12.753000000032637,-3.0370362031073572e-05,1.1090782710432441e-10,1.608486817973401,0.16385730308676882,0.16128362822316292,0.0,-0.48309189819534937,0.06283279341820808,-1.8392238668407712e-07,-1.1206296922541483e-06,0.06283279341820723,-1.8392337791653413e-07,-1.1206301028399624e-06,0.0,-1.8392337791653413e-07,-1.1206301028399624e-06,1.0,0.0,0.0,1.0,0.0,0.0,1.0,0.0,0.0,0.003840202400659483,2.918786124943787e-07,1.6476831836446677e-06,5.221282692406093e-12,5.2188016139361544e-12,3.0129560281621354e-15,5.140677542110399e-14,3.5929803056087855e-15,6.534968891896791e-10,85.33783063918727,0.03761801321313861,-0.007109068979834342,-0.7854099177275911,2.2991768703511376e-06,1.4007871150640035e-05
1.460000000000001,-3.900517749258703e-05,-0.11434937877736007,0.11997245063326346,0.7071026253696246,0.7071109369452185,1.5769381270658543e-06,-6.7344581610127045e-06,102.50665298435686,0.04993436106068883,0.00028040872384306286,-6.64005356019554e-15,-1.0993066187153246e-14,-1.2388628614332149e-14,-1.2966723481430072e-13,6.534920973105599e-10,-6.0276843900036116e-15,85.33783063918742,0.03757714065823077,-0.007358097908002051,4.0,12.752999999988376,-3.0370362031059694e-05,1.1092526877997903e-10,1.6084868179734007,0.1638573030986798,0.16128362823507397,0.0,-0.48309189819535003,0.06283279341820489,-1.8392189112734386e-07,-1.120629486861663e-06,0.06283279341820498,-1.839228823387123e-07,-1.1206298976170168e-06,0.0,-1.839228823387123e-07,-1.1206298976170168e-06,1.0,0.0,0.0,1.0,0.0,0.0,1.0,0.0,0.0,0.0038402024007177247,3.030849609278898e-07,1.6458440797438532e-06,5.219391081957086e-12,5.214637593232262e-12,-1.512280267651439e-14,-1.2198601434700786e-13,-1.6527680741098633e-15,6.534920988152495e-10,85.33783063918729,0.03757714131172287,-0.0073580979080080785,-0.7854099177275902,2.299170674813693e-06,1.4007868584414559e-05
1.470000000000001,-3.900517749264172e-05,-0.1143493787773602,0.11997245063326348,0.7071026253696245,0.7071109369452186,1.5769404375403212e-06,-6.734455850589947e-06,103.36003129074876,0.05030992810844398,0.00020558260040385204,-5.189785519990371e-15,-1.1306277468396715e-14,2.4560533614999077e-15,5.873326065242544e-14,6.534929916992994e-10,-1.2639191673625627e-14,85.33783063918725,0.03753626891100984,-0.007607126772301083,4.0,12.753000000081549,-3.037036203108745e-05,1.109091919990369e-10,1.6084868179734007,0.1638573031134569,0.16128362824985107,0.0,-0.48309189819535003,0.0628327934182083,-1.839213954679723e-07,-1.1206292816850027e-06,0.06283279341820808,-1.8392238668407712e-07,-1.1206296922541483e-06,0.0,-1.8392238668407712e-07,-1.1206296922541483e-06,1.0,0.0,0.0,1.0,0.0,0.0,1.0,0.0,0.0,0.0038402024007798833,3.142913065964336e-07,1.6440049828616675e-06,5.22133644820885e-12,5.21275455498079e-12,2.6268833715370276e-15,6.64145398380679e-14,4.957354547045258e-15,6.534929910672183e-10,85.3378306391873,0.03753626956450283,-0.007607126772313722,-0.7854099177275905,2.299164479272786e-06,1.4007866018218715e-05
1.480000000000001,-3.9005177492697254e-05,-0.11434937877736033,0.11997245063326344,0.7071026253696245,0.7071109369452186,1.57694274800728e-06,-6.734453540177271e-06,104.21340959714067,0.050685086439238004,0.00012826618853329318,-4.99441949984235e-15,-8.698584502722884e-15,3.585364801032057e-15,5.0820662974736785e-14,6.534913709103787e-10,-1.422966140160428e-14,85.33783063918725,0.03749539726952318,-0.007856155592799787,4.0,12.75299999986626,-3.0370362031129083e-05,1.1090774119579497e-10,1.6084868179734002,0.16385730313109997,0.16128362826749418,0.0,-0.4830918981953504,0.06283279341820816,-1.8392089985564637e-07,-1.1206290764190212e-06,0.06283279341820489,-1.8392189112734386e-07,-1.120629486861663e-06,0.0,-1.8392189112734386e-07,-1.120629486861663e-06,1.0,0.0,0.0,1.0,0.0,0.0,1.0,0.0,0.0,0.0038402024008399142,3.254976502499125e-07,1.6421658906978798e-06,5.221590181067108e-12,5.2161802314922226e-12,4.1452802967639925e-15,5.850193471101317e-14,6.547901039189026e-15,6.534913703899984e-10,85.3378306391873,0.03749539792301455,-0.007856155592814017,-0.7854099177275905,2.2991582837540346e-06,1.400786345203609e-05
1.490000000000001,-3.9005177492749065e-05,-0.1143493787773604,0.11997245063326346,0.7071026253696244,0.7071109369452188,1.5769450584754162e-06,-6.734451229769539e-06,105.06678790353257,0.05105983605416339,4.845948868409567e-05,-6.267260638996525e-15,-6.379701188029087e-15,-5.742864086601222e-15,-9.575841165322016e-14,6.534879624255939e-10,-5.848975344724258e-15,85.33783063918739,0.03745452573596774,-0.008105184368589428,4.0,12.752999999987871,-3.0370362031170717e-05,1.1091814865553317e-10,1.6084868179734007,0.16385730315160904,0.16128362828800333,0.0,-0.48309189819535,0.06283279341820557,-1.83920404275631e-07,-1.120628870974383e-06,0.0628327934182083,-1.839213954679723e-07,-1.1206292816850027e-06,0.0,-1.839213954679723e-07,-1.1206292816850027e-06,1.0,0.0,0.0,1.0,0.0,0.0,1.0,0.0,0.0,0.0038402024008984434,3.367039917899168e-07,1.640326803366735e-06,5.2198411918763024e-12,5.22034645082487e-12,-6.741922287425319e-15,-8.807724109417399e-14,-1.8316758415876163e-15,6.534879635296148e-10,85.33783063918729,0.037454526389455706,-0.008105184368595277,-0.7854099177275911,2.299152088236933e-06,1.4007860885863766e-05
1.500000000000001,-3.9005177492803065e-05,-0.11434937877736047,0.11997245063326348,0.7071026253696243,0.7071109369452189,1.5769473689327092e-06,-6.7344489193643855e-06,105.92016620992447,0.05143417695430687,-3.3837498693705866e-05,-4.5320264455625464e-15,-6.1821424851512975e-15,1.0532788141109236e-14,1.3989893044483204e-13,6.534893061374805e-10,-1.657995135795278e-14,85.33783063918717,0.03741365429272756,-0.008354213106970881,4.0,12.752999999815987,-3.0370362031170717e-05,1.1091292181468006e-10,1.6084868179734007,0.16385730317498415,0.16128362831137852,0.0,-0.4830918981953497,0.06283279341820983,-1.8391990861188282e-07,-1.1206286658734642e-06,0.06283279341820816,-1.8392089985564637e-07,-1.1206290764190212e-06,0.0,-1.8392089985564637e-07,-1.1206290764190212e-06,1.0,0.0,0.0,1.0,0.0,0.0,1.0,0.0,0.0,0.0038402024009611124,3.4791033183501014e-07,1.6384877201690385e-06,5.2221935615696125e-12,5.218731596973072e-12,1.244678882592021e-14,1.4758019504584464e-13,8.897565552045638e-15,6.534893045976886e-10,85.33783063918732,0.037413654946216866,-0.008354213106987462,-0.7854099177275914,2.299145892742416e-06,1.4007858319687812e-05
1.5100000000000011,-3.900517749285531e-05,-0.11434937877736054,0.11997245063326349,0.7071026253696243,0.7071109369452189,1.5769496793878996e-06,-6.734446608969899e-06,106.77354451631638,0.051808109140573044,-0.00011862477322549182,-5.844628267924419e-15,-3.5170062959435047e-15,-4.667001283412527e-15,-7.085263826760954e-14,6.534850967559656e-10,-8.244130365566468e-15,85.33783063918739,0.037372782983855816,-0.008603241789713263,4.0,12.752999999963954,-3.0370362031184595e-05,1.1091342917095095e-10,1.6084868179734009,0.1638573032012252,0.16128362833761972,0.0,-0.4830918981953496,0.06283279341820604,-1.8391941304907956e-07,-1.120628460430829e-06,0.06283279341820557,-1.83920404275631e-07,-1.120628870974383e-06,0.0,-1.83920404275631e-07,-1.120628870974383e-06,1.0,0.0,0.0,1.0,0.0,0.0,1.0,0.0,0.0,0.003840202401018947,3.591166691913855e-07,1.6366486429363047e-06,5.220386847820855e-12,5.223848897507504e-12,-5.561316380824819e-15,-6.31714839241301e-14,5.633312057672274e-16,6.534850975953944e-10,85.33783063918732,0.037372783637340916,-0.008603241789721506,-0.7854099177275914,2.2991396972602645e-06,1.4007855753530434e-05
1.5200000000000011,-3.9005177492913044e-05,-0.11434937877736054,0.11997245063326352,0.7071026253696241,0.7071109369452191,1.5769519898217642e-06,-6.734444298561891e-06,107.62692282270828,0.0521816326141866,-0.00020590233440396876,-5.707633909922656e-15,-2.0684310783218303e-15,8.956813225624263e-15,1.3239138915140192e-13,6.534860820855633e-10,-6.952156470545508e-15,85.33783063918719,0.037331911743262905,-0.00885227044415739,4.0,12.753000000010392,-3.0370362031226228e-05,1.1091466106622474e-10,1.608486817973401,0.1638573032303324,0.16128362836672694,0.0,-0.4830918981953493,0.06283279341820974,-1.8391891739515682e-07,-1.120628255111592e-06,0.06283279341820983,-1.8391990861188282e-07,-1.1206286658734642e-06,0.0,-1.8391990861188282e-07,-1.1206286658734642e-06,1.0,0.0,0.0,1.0,0.0,0.0,1.0,0.0,0.0,0.0038402024010812646,3.703230053306179e-07,1.6348095688521073e-06,5.220562460274393e-12,5.2241055876880676e-12,1.0526863327875271e-14,1.4007254563355749e-13,-7.301366782579595e-16,6.534860805208485e-10,85.33783063918732,0.03733191239674899,-0.008852270444164343,-0.7854099177275919,2.2991335018079293e-06,1.4007853187330665e-05
1.5300000000000011,-3.900517749296999e-05,-0.11434937877736054,0.11997245063326349,0.7071026253696242,0.707110936945219,1.5769543002514897e-06,-6.734441988168721e-06,108.48030112910018,0.05255474737609621,-0.00029567018183614206,-5.604146474920504e-15,-6.811348760030899e-16,-3.657460751760795e-15,-7.268154425194527e-14,6.534818400814343e-10,-1.003865725769704e-14,85.3378306391874,0.03729104065686541,-0.0091012990347329,4.0,12.752999999925418,-3.037036203121235e-05,1.109110085794912e-10,1.6084868179734009,0.1638573032623055,0.1612836283987002,0.0,-0.48309189819534953,0.06283279341820604,-1.8391842183688625e-07,-1.1206280498731587e-06,0.06283279341820604,-1.8391941304907956e-07,-1.120628460430829e-06,0.0,-1.8391941304907956e-07,-1.120628460430829e-06,1.0,0.0,0.0,1.0,0.0,0.0,1.0,0.0,0.0,0.0038402024011391592,3.8152933866317564e-07,1.6329705016297778e-06,5.22068778100005e-12,5.2275108258708e-12,-4.257522097987883e-15,-6.500041509837003e-14,2.3579097164420935e-15,6.534818409634542e-10,85.33783063918733,0.037291041310347245,-0.00910129903474294,-0.7854099177275918,2.299127306375096e-06,1.4007850621155786e-05
1.5400000000000011,-3.900517749302474e-05,-0.11434937877736054,0.1199724506332635,0.7071026253696242,0.707110936945219,1.5769566106816407e-06,-6.73443967778393e-06,109.33367943549209,0.05292745342765281,-0.00038792831496233096,-5.453058989879747e-15,-3.0801107898167193e-15,-3.328044703690739e-15,-6.714798171730814e-14,6.534799474339725e-10,-1.1424373533249014e-14,85.3378306391874,0.037250169676192386,-0.009350327581498133,4.0,12.753000000112026,-3.037036203121235e-05,1.1091192497717621e-10,1.608486817973401,0.16385730329714487,0.16128362843353947,0.0,-0.48309189819534937,0.06283279341820613,-1.8391792623678913e-07,-1.1206278446054087e-06,0.06283279341820974,-1.8391891739515682e-07,-1.120628255111592e-06,0.0,-1.8391891739515682e-07,-1.120628255111592e-06,1.0,0.0,0.0,1.0,0.0,0.0,1.0,0.0,0.0,0.0038402024011993385,3.9273566999420436e-07,1.6311314392012817e-06,5.220880135422062e-12,5.2243324350559854e-12,-3.873185607222789e-15,-5.946686470331834e-14,3.743607878100739e-15,6.534799482672386e-10,85.33783063918733,0.03725017032967234,-0.009350327581509558,-0.7854099177275918,2.299121110948037e-06,1.4007848054997125e-05
1.5500000000000012,-3.900517749307833e-05,-0.11434937877736061,0.11997245063326346,0.7071026253696245,0.7071109369452186,1.5769589211086246e-06,-6.734437367416411e-06,110.18705774188399,0.053299750769948986,-0.0004826767333298378,-5.153072188814482e-15,-3.5674389816130884e-15,5.2052641680559735e-15,9.026960698159165e-14,6.534799557638032e-10,-1.2333816175729346e-14,85.33783063918725,0.03720929880125011,-0.009599356084461377,4.0,12.752999999843098,-3.0370362031129083e-05,1.1090905212852607e-10,1.6084868179734007,0.16385730333485016,0.16128362847124478,0.0,-0.48309189819534976,0.06283279341820888,-1.8391743060404004e-07,-1.1206276393315064e-06,0.06283279341820604,-1.8391842183688625e-07,-1.1206280498731587e-06,0.0,-1.8391842183688625e-07,-1.1206280498731587e-06,1.0,0.0,0.0,1.0,0.0,0.0,1.0,0.0,0.0,0.003840202401261159,4.0394199934223286e-07,1.6292923815590568e-06,5.221277437499625e-12,5.2224439008813815e-12,5.951199443138668e-15,9.795073071176824e-14,4.6519022649981526e-15,6.534799547574518e-10,85.33783063918733,0.03720929945473007,-0.009599356084473711,-0.7854099177275907,2.2991149155405474e-06,1.4007845488868723e-05
1.5600000000000012,-3.9005177493130216e-05,-0.11434937877736068,0.11997245063326345,0.7071026253696244,0.7071109369452188,1.576961231534543e-06,-6.7344350570560785e-06,111.0404360482759,0.05367163940409486,-0.0005799154364788375,-5.414191617651308e-15,-7.559075201906745e-15,-3.556600276094106e-15,-4.3105756183540353e-14,6.534762856312543e-10,-1.180497592834295e-14,85.33783063918739,0.037168428047455654,-0.00984838453725138,4.0,12.75299999996761,-3.037036203121235e-05,1.1091243563618772e-10,1.6084868179734004,0.16385730337542143,0.16128362851181607,0.0,-0.48309189819534987,0.06283279341820651,-1.839169350381165e-07,-1.1206274340327388e-06,0.06283279341820613,-1.8391792623678913e-07,-1.1206278446054087e-06,0.0,-1.8391792623678913e-07,-1.1206278446054087e-06,1.0,0.0,0.0,1.0,0.0,0.0,1.0,0.0,0.0,0.0038402024013198316,4.151483264298064e-07,1.6274533293143986e-06,5.220904412482368e-12,5.218299045429265e-12,-4.350893033232944e-15,-3.542467943678139e-14,4.1240779581103895e-15,6.53476286186399e-10,85.33783063918735,0.03716842870093194,-0.009848384537263185,-0.7854099177275911,2.2991087201407235e-06,1.4007842922753114e-05
1.5700000000000012,-3.900517749318862e-05,-0.1143493787773607,0.11997245063326349,0.7071026253696243,0.7071109369452189,1.5769635419345502e-06,-6.734432746677406e-06,111.8938143546678,0.054043119331106615,-0.0006796444239885279,-6.063068412638791e-15,4.4371198391427965e-16,7.168605041420879e-15,8.16704206302104e-14,6.534766479037244e-10,-4.307040627878066e-15,85.33783063918729,0.03712755736634941,-0.010097412959940615,4.0,12.753000000035149,-3.037036203121235e-05,1.1091055999137878e-10,1.6084868179734009,0.16385730341885868,0.1612836285552534,0.0,-0.4830918981953495,0.06283279341820878,-1.8391643940238781e-07,-1.1206272286041172e-06,0.06283279341820888,-1.8391743060404004e-07,-1.1206276393315064e-06,0.0,-1.8391743060404004e-07,-1.1206276393315064e-06,1.0,0.0,0.0,1.0,0.0,0.0,1.0,0.0,0.0,0.003840202401381299,4.263546520761557e-07,1.6256142803962016e-06,5.220003768188117e-12,5.2276924548999014e-12,8.642456904326466e-15,8.935144693448577e-14,-3.3747716795946027e-15,6.534766469041003e-10,85.33783063918737,0.037127558019826055,-0.010097412959944922,-0.7854099177275914,2.299102524775626e-06,1.400784035658238e-05
1.5800000000000012,-3.9005177493243265e-05,-0.11434937877736076,0.11997245063326348,0.7071026253696243,0.7071109369452189,1.57696585234042e-06,-6.734430436323583e-06,112.7471926610597,0.054414190552020986,-0.0007818636954294221,-5.366269697834237e-15,-3.451871430537999e-15,-1.7691992106377899e-15,-2.4878397614331468e-14,6.534733439457466e-10,-1.1662376177990433e-14,85.33783063918739,0.037086686832822825,-0.010346441321493618,4.0,12.752999999939352,-3.0370362031226228e-05,1.1090743965870285e-10,1.6084868179734007,0.1638573034651619,0.16128362860155673,0.0,-0.4830918981953497,0.06283279341820687,-1.839159438333233e-07,-1.120627023446992e-06,0.06283279341820651,-1.839169350381165e-07,-1.1206274340327388e-06,0.0,-1.839169350381165e-07,-1.1206274340327388e-06,1.0,0.0,0.0,1.0,0.0,0.0,1.0,0.0,0.0,0.0038402024014402595,4.3756097514442256e-07,1.6237752380684284e-06,5.220942029568755e-12,5.2234593477664185e-12,-2.1964018946406155e-15,-1.719735648615865e-14,3.9813798401299475e-15,6.534733442849687e-10,85.33783063918736,0.03708668748629617,-0.01034644132150528,-0.7854099177275914,2.299096329418929e-06,1.4007837790463367e-05
1.5900000000000012,-3.900517749329879e-05,-0.11434937877736073,0.11997245063326352,0.7071026253696243,0.7071109369452189,1.5769681627350677e-06,-6.734428125962343e-06,113.6005709674516,0.054784853067904024,-0.0008865732503600388,-5.4625097905512415e-15,1.808874762692176e-15,3.3120972202875954e-15,2.2522840478544698e-14,6.534725745935534e-10,-9.610438867744881e-15,85.33783063918733,0.03704581636757715,-0.010595469654766185,4.0,12.753000000045468,-3.0370362031170717e-05,1.1090584119706082e-10,1.608486817973401,0.16385730351433106,0.1612836286507261,0.0,-0.4830918981953492,0.06283279341820772,-1.8391544821987207e-07,-1.120626818118706e-06,0.06283279341820878,-1.8391643940238781e-07,-1.1206272286041172e-06,0.0,-1.8391643940238781e-07,-1.1206272286041172e-06,1.0,0.0,0.0,1.0,0.0,0.0,1.0,0.0,0.0,0.003840202401500888,4.4876729682924277e-07,1.6219361988487153e-06,5.22079434628524e-12,5.229914846673775e-12,4.043745861601293e-15,3.020385759270138e-14,1.929105843708116e-15,6.534725743514961e-10,85.33783063918736,0.037045817021049726,-0.010595469654775796,-0.7854099177275914,2.2990901340776845e-06,1.4007835224321476e-05
1.6000000000000012,-3.900517749334974e-05,-0.11434937877736077,0.11997245063326348,0.7071026253696244,0.7071109369452188,1.57697047313965e-06,-6.734425815632818e-06,114.4539492738435,0.05515510687987181,-0.0009937730883178388,-5.084743749823234e-15,-5.933541656102724e-16,-2.5402469777629737e-16,-9.627793062010971e-15,6.53470171436632e-10,-1.3351982625563537e-14,85.33783063918735,0.03700494604770779,-0.010844497927803341,4.0,12.752999999897588,-3.0370362031198472e-05,1.1090353041793595e-10,1.6084868179734007,0.1638573035663664,0.16128362870276147,0.0,-0.4830918981953497,0.06283279341820713,-1.8391495263631519e-07,-1.1206266129001378e-06,0.06283279341820687,-1.839159438333233e-07,-1.120627023446992e-06,0.0,-1.839159438333233e-07,-1.120627023446992e-06,1.0,0.0,0.0,1.0,0.0,0.0,1.0,0.0,0.0,0.0038402024015606554,4.5997361586939223e-07,1.620097166148888e-06,5.221296151661356e-12,5.227034022024597e-12,-3.558691919148753e-16,-1.9467769014465e-15,5.670912345402748e-15,6.534701716164571e-10,85.33783063918733,0.03700494670117797,-0.010844497927816693,-0.7854099177275912,2.299083938742513e-06,1.4007832658247527e-05
1.6100000000000012,-3.900517749340291e-05,-0.11434937877736077,0.11997245063326349,0.7071026253696244,0.7071109369452188,1.5769727835286538e-06,-6.734423505294155e-06,115.30732758023541,0.055524951989146004,-0.0011034632087969164,-5.615768730767172e-15,-7.343786914020687e-15,-6.0794576828694295e-15,-5.986970634300992e-14,6.534675295105794e-10,-1.0747631339285498e-14,85.3378306391874,0.03696407582769152,-0.011093526159492814,4.0,12.753000000127278,-3.0370362031198472e-05,1.1091227264494469e-10,1.6084868179734009,0.16385730362126757,0.16128362875766283,0.0,-0.48309189819534953,0.06283279341820622,-1.8391445705884502e-07,-1.1206264075649785e-06,0.06283279341820772,-1.8391544821987207e-07,-1.120626818118706e-06,0.0,-1.8391544821987207e-07,-1.120626818118706e-06,1.0,0.0,0.0,1.0,0.0,0.0,1.0,0.0,0.0,0.0038402024016202267,4.711799329817215e-07,1.6182581379388453e-06,5.22056385708318e-12,5.218635990432381e-12,-7.51066064661207e-15,-5.2188740226608256e-14,3.0669585613730675e-15,6.534675302503426e-10,85.33783063918735,0.03696407648115905,-0.011093526159503563,-0.7854099177275912,2.2990777434297028e-06,1.4007830092144014e-05
1.6200000000000012,-3.9005177493457544e-05,-0.11434937877736082,0.11997245063326345,0.7071026253696244,0.7071109369452188,1.5769750939097863e-06,-6.734421194966016e-06,116.16070588662731,0.0558943883967898,-0.0012156436113568228,-5.121697479805167e-15,2.030349795183791e-15,4.5870404073699926e-15,3.7756611614627626e-14,6.534671808188868e-10,-1.1993889101778777e-14,85.33783063918732,0.03692320571340278,-0.011342554347378513,4.0,12.752999999871664,-3.0370362031240106e-05,1.1090633612543912e-10,1.6084868179734004,0.16385730367903492,0.16128362881543018,0.0,-0.4830918981953499,0.06283279341820798,-1.839139614419519e-07,-1.120626202300232e-06,0.06283279341820713,-1.8391495263631519e-07,-1.1206266129001378e-06,0.0,-1.8391495263631519e-07,-1.1206266129001378e-06,1.0,0.0,0.0,1.0,0.0,0.0,1.0,0.0,0.0,0.0038402024016814004,4.823862481561768e-07,1.6164191145185989e-06,5.221213308227392e-12,5.2300365416828995e-12,5.573930542276463e-15,4.5437582713108006e-14,4.312508368755902e-15,6.534671804257861e-10,85.33783063918736,0.036923206366869965,-0.011342554347390506,-0.7854099177275912,2.299071548140083e-06,1.4007827526054273e-05
1.6300000000000012,-3.9005177493509396e-05,-0.11434937877736083,0.11997245063326346,0.7071026253696245,0.7071109369452186,1.576977404291299e-06,-6.734418884647117e-06,117.01408419301922,0.056263416103807605,-0.0013303142955815262,-5.420118783181666e-15,-1.0671701478786484e-14,-8.297268855085334e-15,-9.994253682970267e-14,6.534635526902373e-10,-1.3411457969974248e-14,85.33783063918747,0.036882335705576724,-0.011591582491177591,4.0,12.753000000156415,-3.0370362031198472e-05,1.109174389554687e-10,1.6084868179734007,0.1638573037396684,0.16128362887606354,0.0,-0.4830918981953499,0.06283279341820545,-1.8391346588461144e-07,-1.120625997039994e-06,0.06283279341820622,-1.8391445705884502e-07,-1.1206264075649785e-06,0.0,-1.8391445705884502e-07,-1.1206264075649785e-06,1.0,0.0,0.0,1.0,0.0,0.0,1.0,0.0,0.0,0.003840202401740027,4.935925613608743e-07,1.614580095842869e-06,5.2208077015113964e-12,5.214607804169429e-12,-1.0084594264723496e-14,-9.226159802378207e-14,5.731124213793852e-15,6.534635539323337e-10,85.33783063918737,0.03688233635904028,-0.011591582491191002,-0.7854099177275907,2.299065352856998e-06,1.4007824959982345e-05
1.6400000000000012,-3.9005177493565246e-05,-0.11434937877736089,0.11997245063326345,0.7071026253696246,0.7071109369452185,1.5769797146558769e-06,-6.734416574327032e-06,117.86746249941112,0.05663203511138148,-0.0014474752609814738,-5.642842615021381e-15,-4.2859291915409e-15,1.789811175907777e-15,2.855534476653921e-14,6.534631231817487e-10,-8.627656579070603e-15,85.33783063918735,0.03684146583063682,-0.011840610579929104,4.0,12.753000000039965,-3.0370362031170717e-05,1.1090169953101469e-10,1.6084868179734004,0.16385730380316754,0.16128362893956294,0.0,-0.48309189819535014,0.06283279341820774,-1.8391297027219024e-07,-1.1206257916668876e-06,0.06283279341820798,-1.839139614419519e-07,-1.120626202300232e-06,0.0,-1.839139614419519e-07,-1.120626202300232e-06,1.0,0.0,0.0,1.0,0.0,0.0,1.0,0.0,0.0,0.0038402024018015317,5.047988720070577e-07,1.6127410831934071e-06,5.220476438200069e-12,5.221864477827427e-12,2.046618249960973e-15,3.6236243619656394e-14,9.46390653183306e-16,6.534631228572337e-10,85.33783063918737,0.036841466484099944,-0.011840610579937733,-0.7854099177275904,2.2990591576050938e-06,1.4007822393894874e-05
1.6500000000000012,-3.900517749362087e-05,-0.114349378777361,0.11997245063326341,0.7071026253696248,0.7071109369452184,1.5769820250177394e-06,-6.734414264018837e-06,118.72084080580302,0.05700024542063035,-0.0015671265070930926,-5.472807965221455e-15,-1.445492735329119e-14,-9.028249868919609e-15,-7.789948696505869e-14,6.53460067488867e-10,-1.332372327090714e-14,85.33783063918744,0.03680059603058997,-0.012089638637651723,4.0,12.75299999996298,-3.0370362031170717e-05,1.1091768229360332e-10,1.6084868179734,0.1638573038695328,0.16128362900592833,0.0,-0.4830918981953508,0.06283279341820582,-1.8391247470819926e-07,-1.1206255864660521e-06,0.06283279341820545,-1.8391346588461144e-07,-1.120625997039994e-06,0.0,-1.8391346588461144e-07,-1.120625997039994e-06,1.0,0.0,0.0,1.0,0.0,0.0,1.0,0.0,0.0,0.0038402024018604937,5.160051813739581e-07,1.6109020738743363e-06,5.220710621026658e-12,5.209469703602699e-12,-1.1226935680269714e-14,-7.0218589766418e-14,5.643269706211805e-15,6.534600684708356e-10,85.33783063918737,0.036800596684050044,-0.012089638637665047,-0.7854099177275902,2.299052962367676e-06,1.4007819827827814e-05
1.6600000000000013,-3.900517749367454e-05,-0.11434937877736108,0.11997245063326342,0.7071026253696248,0.7071109369452184,1.576984335375534e-06,-6.734411953715603e-06,119.57421911219492,0.057368047032592365,-0.0016892680334863958,-5.306986617331462e-15,-8.92793562663463e-15,6.153764793489805e-16,1.531148630119416e-14,6.534592658852211e-10,-1.2321178637263458e-14,85.33783063918735,0.036759726378115344,-0.012338666634252517,4.0,12.753000000064871,-3.0370362031170717e-05,1.10905526768803e-10,1.6084868179734002,0.16385730393876405,0.1612836290751597,0.0,-0.4830918981953507,0.0628327934182075,-1.8391197910456345e-07,-1.1206253811631385e-06,0.06283279341820774,-1.8391297027219024e-07,-1.1206257916668876e-06,0.0,-1.8391297027219024e-07,-1.1206257916668876e-06,1.0,0.0,0.0,1.0,0.0,0.0,1.0,0.0,0.0,0.003840202401921618,5.272114879153921e-07,1.6090630712313854e-06,5.2209117416255916e-12,5.215911529584169e-12,5.878172153538616e-16,2.2992366756485323e-14,4.640054647721264e-15,6.534592657597915e-10,85.33783063918736,0.03675972703157461,-0.012338666634264838,-0.7854099177275902,2.2990467671418673e-06,1.4007817261766965e-05
1.6700000000000013,-3.9005177493727564e-05,-0.11434937877736125,0.11997245063326337,0.7071026253696248,0.7071109369452184,1.5769866457345267e-06,-6.734409643429888e-06,120.42759741858683,0.05773543994833362,-0.0018138998397197262,-5.463050769759562e-15,-1.47612721718947e-14,-4.48415158562858e-15,-2.6814497534227598e-14,6.534569898082649e-10,-1.2544549121530139e-14,85.3378306391874,0.03671885679392315,-0.012587694602564202,4.0,12.752999999941801,-3.0370362031240106e-05,1.1091296898697416e-10,1.608486817973399,0.16385730401086132,0.16128362914725708,0.0,-0.48309189819535137,0.06283279341820673,-1.8391148352838722e-07,-1.1206251758850241e-06,0.06283279341820582,-1.8391247470819926e-07,-1.1206255864660521e-06,0.0,-1.8391247470819926e-07,-1.1206255864660521e-06,1.0,0.0,0.0,1.0,0.0,0.0,1.0,0.0,0.0,0.0038402024019812764,5.38417793206489e-07,1.6072240716377896e-06,5.220692437993322e-12,5.208649007133646e-12,-5.727510566673557e-15,-1.9133642198795744e-14,4.8637591372533545e-15,6.534569901806156e-10,85.33783063918737,0.03671885744738014,-0.012587694602576745,-0.7854099177275902,2.299040571927547e-06,1.4007814695740278e-05
1.6800000000000013,-3.900517749378455e-05,-0.11434937877736132,0.11997245063326341,0.7071026253696248,0.7071109369452184,1.5769889560691684e-06,-6.7344073331281075e-06,121.28097572497873,0.05810242416897009,-0.001941021925330906,-5.5418329502069054e-15,-1.0860360170947208e-14,-1.1658030275971876e-15,-7.054170153609499e-15,6.534555634158036e-10,-1.1190859668616771e-14,85.33783063918737,0.036677987355103206,-0.012836722510661966,4.0,12.753000000120863,-3.0370362031198472e-05,1.1090823266677359e-10,1.6084868179734,0.1638573040858246,0.16128362922222045,0.0,-0.48309189819535103,0.06283279341820709,-1.8391098793960104e-07,-1.1206249705745554e-06,0.0628327934182075,-1.8391197910456345e-07,-1.1206253811631385e-06,0.0,-1.8391197910456345e-07,-1.1206253811631385e-06,1.0,0.0,0.0,1.0,0.0,0.0,1.0,0.0,0.0,0.003840202402041606,5.496240957651044e-07,1.60538507859743e-06,5.22056778304955e-12,5.2135383997522734e-12,-1.5483059861656633e-15,6.266585405357898e-16,3.509942326329449e-15,6.534555635399773e-10,85.33783063918737,0.036677988008558766,-0.012836722510673157,-0.7854099177275902,2.2990343767467816e-06,1.4007812129664e-05
1.6900000000000013,-3.9005177493838464e-05,-0.11434937877736144,0.11997245063326338,0.7071026253696248,0.7071109369452184,1.5769912664119424e-06,-6.734405022849359e-06,122.13435403137063,0.0584689996957235,-0.002070634289813771,-5.4906493440598785e-15,-5.0699984798850356e-15,4.6828080102897214e-15,4.9228658280379e-14,6.534541551437574e-10,-9.268165421507922e-15,85.33783063918729,0.036637118016135506,-0.013085750377403043,4.0,12.75299999986597,-3.0370362031226228e-05,1.1090010785205217e-10,1.6084868179733993,0.1638573041636537,0.16128362930004977,0.0,-0.4830918981953515,0.0628327934182081,-1.8391049235070223e-07,-1.1206247652578496e-06,0.06283279341820673,-1.8391148352838722e-07,-1.1206251758850241e-06,0.0,-1.8391148352838722e-07,-1.1206251758850241e-06,1.0,0.0,0.0,1.0,0.0,0.0,1.0,0.0,0.0,0.003840202402102328,5.608303964555306e-07,1.6035460900538608e-06,5.220607660798729e-12,5.220613889686155e-12,5.619279755786318e-15,5.690945639259726e-14,1.5868541274522769e-15,6.534541545837756e-10,85.33783063918733,0.03663711866958966,-0.013085750377412312,-0.7854099177275902,2.299028181568685e-06,1.4007809563637783e-05
1.7000000000000013,-3.9005177493896774e-05,-0.11434937877736151,0.1199724506332634,0.7071026253696248,0.7071109369452184,1.5769935767302761e-06,-6.734402712555913e-06,122.98773233776254,0.05883516652965696,-0.0022027369327281008,-6.24043009163437e-15,-1.4329396641661012e-14,-5.893772357603389e-15,-4.617082125788686e-14,6.534519183464501e-10,-6.76133653980146e-15,85.33783063918737,0.036596248782892,-0.013334778200351855,4.0,12.753000000144201,-3.0370362031226228e-05,1.1091350434073546e-10,1.6084868179733998,0.16385730424434894,0.16128362938074509,0.0,-0.4830918981953512,0.06283279341820638,-1.8390999677950073e-07,-1.1206245599268643e-06,0.06283279341820709,-1.8391098793960104e-07,-1.1206249705745554e-06,0.0,-1.8391098793960104e-07,-1.1206249705745554e-06,1.0,0.0,0.0,1.0,0.0,0.0,1.0,0.0,0.0,0.00384020240216141,5.720366951767564e-07,1.6017071062509492e-06,5.2195950113380835e-12,5.209322106453468e-12,-7.353021619330107e-15,-3.849006771214863e-14,-9.19252654999329e-16,6.534519188783405e-10,85.33783063918733,0.03659624943634392,-0.013334778200358617,-0.7854099177275902,2.299021986425387e-06,1.4007806997564502e-05
1.7100000000000013,-3.900517749395613e-05,-0.11434937877736161,0.11997245063326338,0.7071026253696248,0.7071109369452184,1.576995887043051e-06,-6.734400402270945e-06,123.84111064415444,0.05920092467177486,-0.0023373298536577603,-5.4020467592726924e-15,-1.8936300255745782e-15,8.284488732239612e-15,6.865440692351371e-14,6.534506695479159e-10,-9.271383236089757e-15,85.33783063918723,0.03655537965904402,-0.013583805977975705,4.0,12.753000000010559,-3.0370362031240106e-05,1.1090334802344824e-10,1.6084868179733993,0.16385730432791,0.16128362946430638,0.0,-0.48309189819535137,0.06283279341820845,-1.8390950119189116e-07,-1.1206243546871194e-06,0.0628327934182081,-1.8391049235070223e-07,-1.1206247652578496e-06,0.0,-1.8391049235070223e-07,-1.1206247652578496e-06,1.0,0.0,0.0,1.0,0.0,0.0,1.0,0.0,0.0,0.003840202402222765,5.832429919018266e-07,1.5998681273923323e-06,5.22069498317792e-12,5.2245698864720255e-12,1.0141161868353758e-14,7.633516408746544e-14,1.589971230080025e-15,6.534506687596395e-10,85.3378306391873,0.03655538031249469,-0.013583805977984977,-0.7854099177275902,2.299015791299288e-06,1.4007804431502931e-05
1.7200000000000013,-3.900517749401335e-05,-0.11434937877736169,0.11997245063326338,0.7071026253696248,0.7071109369452184,1.576998197355209e-06,-6.734398091996969e-06,124.69448895054634,0.05956627412326368,-0.0024744130521112415,-6.0455560327807295e-15,-1.6282112296609093e-14,-8.469810881005995e-15,-8.142076361241703e-14,6.534484459354823e-10,-9.208670096018504e-15,85.33783063918737,0.036514510638719286,-0.013832833712720566,4.0,12.753000000174264,-3.0370362031240106e-05,1.1091735684894283e-10,1.6084868179733993,0.16385730441433718,0.1612836295507337,0.0,-0.4830918981953514,0.06283279341820575,-1.8390900562261247e-07,-1.1206241494026934e-06,0.06283279341820638,-1.8390999677950073e-07,-1.1206245599268643e-06,0.0,-1.8390999677950073e-07,-1.1206245599268643e-06,1.0,0.0,0.0,1.0,0.0,0.0,1.0,0.0,0.0,0.0038402024022812556,5.944492866817384e-07,1.5980291531681398e-06,5.219840147315588e-12,5.207049899146297e-12,-1.042871853224337e-14,-7.37400330279634e-14,1.5283788153198673e-15,6.534484469104724e-10,85.33783063918729,0.036514511292167734,-0.013832833712729774,-0.7854099177275902,2.2990095961829913e-06,1.4007801865461717e-05
1.7300000000000013,-3.900517749406897e-05,-0.11434937877736179,0.11997245063326338,0.7071026253696249,0.7071109369452183,1.5770005076659955e-06,-6.73439578173473e-06,125.54786725693825,0.05993121488510428,-0.0026139865276821645,-5.251560735754657e-15,-6.040453447949243e-15,5.024864286799516e-15,4.1523123295684204e-14,6.534469646874161e-10,-1.1840093045825879e-14,85.33783063918723,0.0364736417527503,-0.01408186139179243,4.0,12.753000000029566,-3.0370362031198472e-05,1.1089909360225313e-10,1.6084868179733993,0.1638573045036303,0.16128362964002696,0.0,-0.48309189819535137,0.06283279341820794,-1.839085100409167e-07,-1.1206239441684562e-06,0.06283279341820845,-1.8390950119189116e-07,-1.1206243546871194e-06,0.0,-1.8390950119189116e-07,-1.1206243546871194e-06,1.0,0.0,0.0,1.0,0.0,0.0,1.0,0.0,0.0,0.003840202402342699,6.056555789740799e-07,1.596190185009259e-06,5.2208815306127265e-12,5.219344453687769e-12,6.091391035695039e-15,4.920385565060764e-14,4.1589224734977285e-15,6.534469642482382e-10,85.33783063918727,0.036473642406197264,-0.014081861391804269,-0.7854099177275898,2.2990034010785135e-06,1.4007799299441679e-05
1.7400000000000013,-3.9005177494124064e-05,-0.11434937877736193,0.11997245063326337,0.7071026253696249,0.7071109369452183,1.5770028179750525e-06,-6.734393471482416e-06,126.40124556333015,0.060295746958530134,-0.002756050279859526,-5.609133704596836e-15,-1.7249437794695664e-14,-6.611684018635882e-15,-5.308813097693285e-14,6.534451209939132e-10,-1.222900685998023e-14,85.33783063918733,0.036432772943872316,-0.014330889038935616,4.0,12.75299999996643,-3.0370362031226228e-05,1.1091502019903829e-10,1.608486817973399,0.16385730459578945,0.1612836297321862,0.0,-0.4830918981953517,0.06283279341820623,-1.8390801446663093e-07,-1.1206237388952503e-06,0.06283279341820575,-1.8390900562261247e-07,-1.1206241494026934e-06,0.0,-1.8390900562261247e-07,-1.1206241494026934e-06,1.0,0.0,0.0,1.0,0.0,0.0,1.0,0.0,0.0,0.0038402024024017886,6.168618698128196e-07,1.5943512203069288e-06,5.22040505962908e-12,5.205518127339287e-12,-8.259097150271664e-15,-4.540741744718734e-14,4.548548014406007e-15,6.534451216713802e-10,85.33783063918727,0.03643277359731744,-0.014330889038947846,-0.7854099177275898,2.29899720598511e-06,1.4007796733439103e-05
1.7500000000000013,-3.900517749417631e-05,-0.11434937877736201,0.11997245063326338,0.7071026253696249,0.7071109369452183,1.5770051282809124e-06,-6.734391161239887e-06,127.25462386972205,0.060659870344580834,-0.0029006043082127333,-5.6009087550357235e-15,-8.579144535810493e-15,1.3183988919280718e-15,1.2165349830606806e-14,6.534434355927491e-10,-9.686588310784079e-15,85.33783063918727,0.03639190428256595,-0.014579916624959199,4.0,12.753000000055831,-3.0370362031226228e-05,1.1090284488592173e-10,1.6084868179733993,0.16385730469081472,0.16128362982721145,0.0,-0.48309189819535153,0.06283279341820741,-1.8390751889059567e-07,-1.1206235335705642e-06,0.06283279341820794,-1.839085100409167e-07,-1.1206239441684562e-06,0.0,-1.839085100409167e-07,-1.1206239441684562e-06,1.0,0.0,0.0,1.0,0.0,0.0,1.0,0.0,0.0,0.0038402024024626106,6.280681578631959e-07,1.592512262254008e-06,5.220381917254538e-12,5.216244224243696e-12,1.5454323875164197e-15,1.9846025000154378e-14,2.0056733447526743e-15,6.534434354733339e-10,85.33783063918729,0.03639190493600939,-0.014579916624968886,-0.7854099177275898,2.2989910109054542e-06,1.4007794167452571e-05
1.7600000000000013,-3.9005177494239755e-05,-0.11434937877736215,0.11997245063326334,0.707102625369625,0.7071109369452182,1.5770074385539074e-06,-6.734388850975254e-06,128.10800217611396,0.06102358504432242,-0.003047648612300342,-6.231313240246118e-15,-1.4193861876662659e-14,-3.400331947944809e-15,-2.9807614053519336e-14,6.534417593050977e-10,-5.976954729762979e-15,85.33783063918733,0.03635103568953922,-0.014828944182704591,4.0,12.752999999951928,-3.0370362031240106e-05,1.1091022303317255e-10,1.6084868179733989,0.16385730478870583,0.16128362992510265,0.0,-0.483091898195352,0.06283279341820662,-1.8390702331799275e-07,-1.1206233282194502e-06,0.06283279341820623,-1.8390801446663093e-07,-1.1206237388952503e-06,0.0,-1.8390801446663093e-07,-1.1206237388952503e-06,1.0,0.0,0.0,1.0,0.0,0.0,1.0,0.0,0.0,0.0038402024025222703,6.392744446334845e-07,1.5906733072702053e-06,5.219519313594616e-12,5.209276130086996e-12,-4.22534415190505e-15,-2.212698564013278e-14,-1.7036343991961772e-15,6.534417596354345e-10,85.3378306391873,0.03635103634298098,-0.014828944182710567,-0.7854099177275895,2.2989848158707533e-06,1.4007791601398312e-05
1.7700000000000014,-3.900517749429287e-05,-0.11434937877736223,0.11997245063326338,0.7071026253696249,0.7071109369452183,1.577009748844794e-06,-6.734386540742807e-06,128.96138048250586,0.061386891058870866,-0.0031971831916599996,-5.586373605613233e-15,-1.1616411862892397e-14,-7.477660767237967e-16,-8.806233640874409e-16,6.534399854689589e-10,-1.0213502572692335e-14,85.33783063918732,0.036310167241881776,-0.0150779716802351,4.0,12.753000000101686,-3.0370362031240106e-05,1.1090554839227108e-10,1.6084868179733993,0.163857304889463,0.16128363002585983,0.0,-0.4830918981953517,0.06283279341820718,-1.8390652774645418e-07,-1.120623123017374e-06,0.06283279341820741,-1.8390751889059567e-07,-1.1206235335705642e-06,0.0,-1.8390751889059567e-07,-1.1206235335705642e-06,1.0,0.0,0.0,1.0,0.0,0.0,1.0,0.0,0.0,0.0038402024025827,6.504807287773969e-07,1.5888343588299795e-06,5.2203774317709085e-12,5.212393009105396e-12,-1.0516409020346668e-15,6.800015096933488e-15,2.532723312534768e-15,6.534399855090818e-10,85.33783063918732,0.03631016789532176,-0.015077971680245314,-0.7854099177275898,2.2989786208274075e-06,1.4007789035419137e-05
1.7800000000000014,-3.900517749434972e-05,-0.11434937877736236,0.11997245063326335,0.7071026253696249,0.7071109369452183,1.5770120591219235e-06,-6.734384230507427e-06,129.81475878889776,0.06174978838944786,-0.0033492080457857747,-4.83999581840001e-15,-4.664437643390518e-15,4.922467644795846e-15,4.591622748015313e-14,6.534378752117387e-10,-1.5900047321368795e-14,85.33783063918726,0.03626929889407404,-0.015326999136392051,4.0,12.752999999873683,-3.0370362031253983e-05,1.1089745341059425e-10,1.6084868179733989,0.16385730499308596,0.16128363012948296,0.0,-0.483091898195352,0.06283279341820802,-1.8390603218287358e-07,-1.1206229178400883e-06,0.06283279341820662,-1.8390702331799275e-07,-1.1206233282194502e-06,0.0,-1.8390702331799275e-07,-1.1206233282194502e-06,1.0,0.0,0.0,1.0,0.0,0.0,1.0,0.0,0.0,0.003840202402643318,6.61687011072759e-07,1.5869954148800762e-06,5.221376327528579e-12,5.221049347134302e-12,5.911168837016115e-15,5.359688260855366e-14,8.218951549984101e-15,6.534378747686469e-10,85.3378306391873,0.036269299547511916,-0.015326999136407952,-0.7854099177275898,2.298972425807842e-06,1.4007786469423593e-05
1.7900000000000014,-3.900517749439923e-05,-0.11434937877736241,0.11997245063326337,0.7071026253696249,0.7071109369452183,1.5770143694107992e-06,-6.734381920297579e-06,130.66813709528967,0.062112277037116505,-0.003503723174237027,-5.556966707137589e-15,-1.337959284188851e-14,-5.685646936105973e-15,-5.429437072955122e-14,6.53436805789983e-10,-1.0525888460357959e-14,85.33783063918735,0.0362284306519875,-0.015576026548751948,4.0,12.75300000014034,-3.0370362031253983e-05,1.1091079341183297e-10,1.608486817973399,0.163857305099575,0.16128363023597206,0.0,-0.4830918981953517,0.06283279341820622,-1.839055366003804e-07,-1.1206227124683208e-06,0.06283279341820718,-1.8390652774645418e-07,-1.120623123017374e-06,0.0,-1.8390652774645418e-07,-1.120623123017374e-06,1.0,0.0,0.0,1.0,0.0,0.0,1.0,0.0,0.0,0.0038402024027023468,6.728932912851719e-07,1.5851564756915235e-06,5.220392732690902e-12,5.2105157601483084e-12,-7.038282196305523e-15,-4.661376735904067e-14,2.8455361512226247e-15,6.534368064616104e-10,85.33783063918729,0.0362284313054243,-0.015576026548762474,-0.7854099177275898,2.2989662307860576e-06,1.4007783903485686e-05
1.8000000000000014,-3.900517749445475e-05,-0.1143493787773625,0.11997245063326335,0.7071026253696249,0.7071109369452183,1.5770166796774482e-06,-6.734379610076963e-06,131.52151540168157,0.06247435700288115,-0.0036607285765978214,-5.310294977301792e-15,-2.4566051801244183e-15,8.104156393218683e-15,7.390459117016465e-14,6.534340883771244e-10,-1.1889716373859777e-14,85.3378306391872,0.03618756251929549,-0.01582505391580501,4.0,12.753000000010303,-3.037036203128174e-05,1.1090073872529197e-10,1.6084868179733989,0.16385730520892994,0.16128363034532714,0.0,-0.4830918981953518,0.06283279341820852,-1.8390504105024604e-07,-1.1206225072148075e-06,0.06283279341820802,-1.8390603218287358e-07,-1.1206229178400883e-06,0.0,-1.8390603218287358e-07,-1.1206229178400883e-06,1.0,0.0,0.0,1.0,0.0,0.0,1.0,0.0,0.0,0.003840202402763847,6.840995695214719e-07,1.5833175414182758e-06,5.220702556147966e-12,5.223663581176984e-12,9.83835164975319e-15,8.15851725351378e-14,4.208460981075386e-15,6.534340875579155e-10,85.33783063918727,0.03618756317272958,-0.0158250539158169,-0.7854099177275898,2.2989600357979604e-06,1.4007781337509907e-05
1.8100000000000014,-3.900517749450903e-05,-0.11434937877736259,0.11997245063326335,0.707102625369625,0.7071109369452182,1.5770189899413666e-06,-6.734377299865642e-06,132.37489370807347,0.06283602828792823,-0.003820224252376808,-5.5477669217098974e-15,-1.4144405139461638e-14,-8.215859018365415e-15,-1.0074269618185676e-13,6.534336611718238e-10,-1.0667524322619428e-14,85.33783063918735,0.03614669449011962,-0.016074081239992294,4.0,12.753000000169767,-3.0370362031253983e-05,1.1091474739254922e-10,1.608486817973399,0.16385730532115064,0.16128363045754818,0.0,-0.4830918981953518,0.06283279341820534,-1.839045454598862e-07,-1.1206223019159838e-06,0.06283279341820622,-1.839055366003804e-07,-1.1206227124683208e-06,0.0,-1.839055366003804e-07,-1.1206227124683208e-06,1.0,0.0,0.0,1.0,0.0,0.0,1.0,0.0,0.0,0.0038402024028220674,6.953058458142961e-07,1.5814786118125401e-06,5.220380673304607e-12,5.20984744154064e-12,-9.969397663935111e-15,-9.306212873584042e-14,2.9875477485909444e-15,6.534336623910763e-10,85.33783063918725,0.03614669514355328,-0.016074081240002962,-0.7854099177275895,2.2989538408223413e-06,1.4007778771549606e-05
1.8200000000000014,-3.9005177494561925e-05,-0.11434937877736269,0.11997245063326335,0.7071026253696251,0.7071109369452181,1.5770213002031152e-06,-6.734374989665129e-06,133.22827201446538,0.06319729089323861,-0.0039822102011677005,-5.3583341249538545e-15,-7.576442755172445e-15,4.953770415212974e-15,5.516794612504636e-14,6.534308121537426e-10,-1.1658351147580374e-14,85.3378306391872,0.036105826595301926,-0.016323108508517217,4.0,12.753000000035017,-3.0370362031226228e-05,1.108963409304114e-10,1.608486817973399,0.16385730543623778,0.1612836305726352,0.0,-0.4830918981953518,0.06283279341820815,-1.839040499141273e-07,-1.1206220966584983e-06,0.06283279341820852,-1.8390504105024604e-07,-1.1206225072148075e-06,0.0,-1.8390504105024604e-07,-1.1206225072148075e-06,1.0,0.0,0.0,1.0,0.0,0.0,1.0,0.0,0.0,0.0038402024028838704,7.065121196092536e-07,1.579639688242893e-06,5.220612045074272e-12,5.217103453599877e-12,5.908022966030894e-15,6.284848729542897e-14,3.977270922517927e-15,6.534308115520477e-10,85.33783063918726,0.036105827248732736,-0.016323108508528875,-0.7854099177275893,2.2989476458593256e-06,1.40077762056081e-05
1.8300000000000014,-3.900517749462273e-05,-0.11434937877736283,0.11997245063326333,0.7071026253696251,0.7071109369452181,1.5770236104359695e-06,-6.734372679445255e-06,134.08165032085728,0.06355814482004571,-0.004146686422459619,-6.4606005789061055e-15,-1.767185592140426e-14,-6.276327581140347e-15,-5.2369980091114626e-14,6.534301823023688e-10,-2.6051542335191166e-15,85.3378306391873,0.03606495877756952,-0.01657213574511948,4.0,12.752999999966038,-3.0370362031240106e-05,1.1091250838489702e-10,1.6084868179733989,0.1638573055541905,0.16128363069058815,0.0,-0.4830918981953521,0.0628327934182062,-1.8390355433158974e-07,-1.1206218912154674e-06,0.06283279341820534,-1.839045454598862e-07,-1.1206223019159838e-06,0.0,-1.839045454598862e-07,-1.1206223019159838e-06,1.0,0.0,0.0,1.0,0.0,0.0,1.0,0.0,0.0,0.003840202402942818,7.177183918724797e-07,1.5778007681560567e-06,5.219101647991959e-12,5.204850045213921e-12,-7.762490636706701e-15,-4.4689512344743426e-14,-5.075134256338521e-15,6.534301828582749e-10,85.33783063918725,0.0360649594309997,-0.016572135745122087,-0.7854099177275893,2.2989414509358896e-06,1.4007773639607183e-05
1.8400000000000014,-3.900517749467764e-05,-0.11434937877736293,0.11997245063326334,0.7071026253696251,0.7071109369452181,1.577025920678887e-06,-6.734370369252321e-06,134.93502862724918,0.06391859006938913,-0.004313652915821829,-5.4324684287403185e-15,-1.0549133025354803e-14,1.9657739204693944e-15,2.836375040559614e-14,6.534276027106159e-10,-1.1094910583586303e-14,85.3378306391872,0.03602409110740918,-0.016821162920580977,4.0,12.753000000057257,-3.0370362031240106e-05,1.1090017698220597e-10,1.6084868179733989,0.16385730567500928,0.16128363081140706,0.0,-0.48309189819535187,0.06283279341820766,-1.8390305878431376e-07,-1.1206216860929284e-06,0.06283279341820815,-1.839040499141273e-07,-1.1206220966584983e-06,0.0,-1.839040499141273e-07,-1.1206220966584983e-06,1.0,0.0,0.0,1.0,0.0,0.0,1.0,0.0,0.0,0.0038402024030038066,7.289246615638978e-07,1.5759618546963563e-06,5.22048549196714e-12,5.213450896064625e-12,2.259309157637609e-15,3.604424974501423e-14,3.4140635812490558e-15,6.534276024173585e-10,85.33783063918723,0.036024091760836784,-0.016821162920592072,-0.7854099177275893,2.298935256014532e-06,1.4007771073665252e-05
1.8500000000000014,-3.900517749473645e-05,-0.11434937877736308,0.1199724506332633,0.7071026253696251,0.7071109369452181,1.577028230904641e-06,-6.734368059047747e-06,135.78840693364108,0.06427862664233484,-0.004483109680812893,-5.75288962031565e-15,-1.4662989211132884e-14,-2.8562011765072216e-15,-2.8648602103739446e-14,6.534264973029705e-10,-8.116219434798097e-15,85.33783063918726,0.035983223505524894,-0.01707019006776704,4.0,12.752999999950795,-3.037036203128174e-05,1.1090770960341719e-10,1.6084868179733982,0.16385730579869415,0.16128363093509193,0.0,-0.4830918981953523,0.06283279341820663,-1.839025632123747e-07,-1.1206214807611138e-06,0.0628327934182062,-1.8390355433158974e-07,-1.1206218912154674e-06,0.0,-1.8390355433158974e-07,-1.1206218912154674e-06,1.0,0.0,0.0,1.0,0.0,0.0,1.0,0.0,0.0,0.0038402024030633024,7.401309298678344e-07,1.5741229443175278e-06,5.2200362746725495e-12,5.2085373745157395e-12,-3.5483518099586903e-15,-2.0968137477434948e-14,4.3580124655579333e-16,6.534264976448315e-10,85.33783063918723,0.035983224158951395,-0.017070190067775156,-0.7854099177275893,2.2989290611165767e-06,1.4007768507687771e-05
1.8600000000000014,-3.9005177494787385e-05,-0.11434937877736316,0.11997245063326334,0.707102625369625,0.7071109369452182,1.5770305411468023e-06,-6.734365748879669e-06,136.641785240033,0.06463825453999883,-0.0046550567169702664,-5.251695932672571e-15,-1.1749504706752562e-14,-1.3507873989350306e-16,-8.897088817780501e-16,6.53424405510238e-10,-1.2243805003382845e-14,85.33783063918725,0.03594235604900618,-0.01731921715472122,4.0,12.75300000010382,-3.0370362031295617e-05,1.1090293487626325e-10,1.6084868179733987,0.16385730592524492,0.16128363106164276,0.0,-0.48309189819535187,0.06283279341820716,-1.8390206765799481e-07,-1.1206212755637787e-06,0.06283279341820766,-1.8390305878431376e-07,-1.1206216860929284e-06,0.0,-1.8390305878431376e-07,-1.1206216860929284e-06,1.0,0.0,0.0,1.0,0.0,0.0,1.0,0.0,0.0,0.0038402024031237163,7.513371955333121e-07,1.5722840404740791e-06,5.220704118535026e-12,5.212089043801555e-12,-2.719319416767122e-16,6.790761260015453e-15,4.56320894246087e-15,6.534244055743344e-10,85.33783063918725,0.03594235670243059,-0.017319217154733463,-0.7854099177275896,2.298922866216175e-06,1.4007765941792377e-05
1.8700000000000014,-3.900517749484031e-05,-0.11434937877736327,0.11997245063326333,0.707102625369625,0.7071109369452182,1.577032851376576e-06,-6.7343634387059876e-06,137.4951635464249,0.06499747376360274,-0.004829494023788106,-4.689524971968865e-15,-3.686434954712398e-15,5.6498791420440005e-15,3.923950674708691e-14,6.534216030946167e-10,-1.8294221347775938e-14,85.33783063918723,0.035901488692334595,-0.01756824420032227,4.0,12.752999999864773,-3.0370362031309495e-05,1.108949137725529e-10,1.6084868179733987,0.16385730605466162,0.16128363119105954,0.0,-0.48309189819535203,0.06283279341820788,-1.8390157211793312e-07,-1.1206210703994263e-06,0.06283279341820663,-1.839025632123747e-07,-1.1206214807611138e-06,0.0,-1.839025632123747e-07,-1.1206214807611138e-06,1.0,0.0,0.0,1.0,0.0,0.0,1.0,0.0,0.0,0.003840202403184262,7.625434593574939e-07,1.5704451411159012e-06,5.221460916321778e-12,5.2222208505361375e-12,6.881887217157953e-15,4.691998807484847e-14,1.061336554462355e-14,6.534216027581477e-10,85.33783063918727,0.035901489345756196,-0.017568244200340564,-0.7854099177275896,2.2989166713348602e-06,1.4007763375876629e-05
1.8800000000000014,-3.900517749489213e-05,-0.11434937877736333,0.11997245063326334,0.707102625369625,0.7071109369452182,1.577035161603154e-06,-6.734361128546833e-06,138.3485418528168,0.06535628431420965,-0.005006421600825965,-6.190395701051167e-15,-1.3296370084477606e-14,-6.2672035882180215e-15,-5.747266057542252e-14,6.534216958834789e-10,-3.030293460944045e-15,85.33783063918732,0.03586062144138164,-0.01781727120214503,4.0,12.753000000153678,-3.0370362031295617e-05,1.1090825197015024e-10,1.6084868179733987,0.16385730618694422,0.16128363132334225,0.0,-0.48309189819535175,0.06283279341820613,-1.8390107652715525e-07,-1.1206208648534187e-06,0.06283279341820716,-1.8390206765799481e-07,-1.1206212755637787e-06,0.0,-1.8390206765799481e-07,-1.1206212755637787e-06,1.0,0.0,0.0,1.0,0.0,0.0,1.0,0.0,0.0,0.003840202403243328,7.737497209871209e-07,1.5686062465416813e-06,5.21938842744112e-12,5.210507819680316e-12,-7.721821027498255e-15,-4.979228947722859e-14,-4.649858061796628e-15,6.534216965043609e-10,85.33783063918726,0.03586062209480334,-0.017817271202148058,-0.7854099177275896,2.2989104764710143e-06,1.4007760809985917e-05
1.8900000000000015,-3.900517749494814e-05,-0.11434937877736341,0.11997245063326333,0.707102625369625,0.7071109369452182,1.5770374718114825e-06,-6.734358818378462e-06,139.2019201592087,0.06571468619282392,-0.005185839447667895,-4.4843335290220036e-15,-1.2774499655917958e-15,8.697405083771284e-15,6.63847533437433e-14,6.534174801673373e-10,-2.1372936561232803e-14,85.33783063918717,0.035819754299822336,-0.018066298158635592,4.0,12.753000000011204,-3.0370362031323372e-05,1.1089833658804287e-10,1.6084868179733987,0.16385730632209275,0.16128363145849092,0.0,-0.4830918981953519,0.06283279341820837,-1.8390058101611958e-07,-1.1206206599097843e-06,0.06283279341820788,-1.8390157211793312e-07,-1.1206210703994263e-06,0.0,-1.8390157211793312e-07,-1.1206210703994263e-06,1.0,0.0,0.0,1.0,0.0,0.0,1.0,0.0,0.0,0.0038402024033047802,7.849559809305125e-07,1.5667673568520558e-06,5.22171931108999e-12,5.225105417866867e-12,1.0599305939663474e-14,7.406520866272678e-14,1.3691931237385586e-14,6.534174795479884e-10,85.33783063918725,0.035819754953239816,-0.018066298158656964,-0.7854099177275896,2.2989042816345326e-06,1.4007758244063392e-05
1.9000000000000015,-3.900517749500075e-05,-0.11434937877736348,0.11997245063326331,0.7071026253696251,0.7071109369452181,1.5770397820221412e-06,-6.734356508224608e-06,140.0552984656006,0.0660726794006319,-0.005367747563822557,-5.9587274465641536e-15,-1.3362022330993479e-14,-7.711375589988111e-15,-8.966296733528212e-14,6.534187040944132e-10,-3.5118340558523612e-15,85.3378306391873,0.03577888726544359,-0.018315325070774203,4.0,12.752999999989537,-3.0370362031309495e-05,1.1091039915678262e-10,1.6084868179733984,0.16385730646010718,0.16128363159650555,0.0,-0.483091898195352,0.06283279341820554,-1.8390008540772912e-07,-1.1206204543168312e-06,0.06283279341820613,-1.8390107652715525e-07,-1.1206208648534187e-06,0.0,-1.8390107652715525e-07,-1.1206208648534187e-06,1.0,0.0,0.0,1.0,0.0,0.0,1.0,0.0,0.0,0.003840202403363203,7.961622384990959e-07,1.5649284720327656e-06,5.219669519221047e-12,5.210653255721619e-12,-9.352731790044207e-15,-8.19826278873637e-14,-4.168047521438571e-15,6.534187050993249e-10,85.33783063918722,0.035778887918862294,-0.018315325070777714,-0.7854099177275893,2.298898086805035e-06,1.4007755678170228e-05
1.9100000000000015,-3.900517749505647e-05,-0.11434937877736356,0.11997245063326334,0.707102625369625,0.7071109369452182,1.5770420922195697e-06,-6.734354198073601e-06,140.9086767719925,0.06643026393867023,-0.005552145948860488,-5.404727035329159e-15,-5.627011209221811e-15,5.415524468382662e-15,4.62877192510691e-14,6.53414546090533e-10,-1.2767139480454822e-14,85.33783063918719,0.03573802035808161,-0.018564351930250668,4.0,12.75300000004157,-3.0370362031323372e-05,1.108930823857884e-10,1.6084868179733987,0.16385730660098777,0.1612836317373861,0.0,-0.48309189819535164,0.06283279341820801,-1.838995898983991e-07,-1.120620249211574e-06,0.06283279341820837,-1.8390058101611958e-07,-1.1206206599097843e-06,0.0,-1.8390058101611958e-07,-1.1206206599097843e-06,1.0,0.0,0.0,1.0,0.0,0.0,1.0,0.0,0.0,0.003840202403424789,8.073684939755334e-07,1.5630895928848657e-06,5.220430477733384e-12,5.2196026311723514e-12,6.57758194942564e-15,5.3968077317240566e-14,5.086315223767732e-15,6.534145456062526e-10,85.33783063918723,0.03573802101149615,-0.018564351930263435,-0.7854099177275896,2.298891892002859e-06,1.4007753112272067e-05
1.9200000000000015,-3.90051774951121e-05,-0.11434937877736363,0.11997245063326331,0.7071026253696252,0.707110936945218,1.5770444024072863e-06,-6.734351887918341e-06,141.7620550783844,0.06678743980808127,-0.0057390346023084736,-5.5079200148265766e-15,-9.062479816796745e-15,-4.021399187301074e-15,-5.608435084016135e-14,6.534144010187088e-10,-8.724768011897579e-15,85.33783063918729,0.03569715354395215,-0.018813378751129956,4.0,12.75299999995433,-3.037036203126786e-05,1.1090390273877021e-10,1.6084868179733984,0.16385730674473412,0.1612836318811326,0.0,-0.483091898195352,0.0628327934182061,-1.8389909431804234e-07,-1.1206200438657033e-06,0.06283279341820554,-1.8390008540772912e-07,-1.1206204543168312e-06,0.0,-1.8390008540772912e-07,-1.1206204543168312e-06,1.0,0.0,0.0,1.0,0.0,0.0,1.0,0.0,0.0,0.003840202403483793,8.185747475847428e-07,1.5612507179640182e-06,5.220262842148447e-12,5.2159548677665796e-12,-4.849226306825125e-15,-4.840402395285821e-14,1.044692108711737e-15,6.534144016902078e-10,85.33783063918723,0.03569715419736655,-0.01881337875113868,-0.7854099177275891,2.298885697215758e-06,1.400775054635822e-05
1.9300000000000015,-3.900517749516416e-05,-0.1143493787773637,0.11997245063326334,0.707102625369625,0.7071109369452182,1.5770467126044683e-06,-6.734349577794317e-06,142.6154333847763,0.06714420700995455,-0.00592841352371515,-5.170370036264179e-15,-8.60629866537337e-15,9.201696021898495e-16,1.565825160433183e-14,6.534117061222608e-10,-1.3355988140704985e-14,85.33783063918722,0.035656286852430275,-0.019062405521209434,4.0,12.753000000068038,-3.037036203133725e-05,1.1089718995240941e-10,1.6084868179733987,0.16385730689134648,0.161283632027745,0.0,-0.4830918981953517,0.06283279341820745,-1.8389859878410917e-07,-1.12061983868129e-06,0.06283279341820801,-1.838995898983991e-07,-1.120620249211574e-06,0.0,-1.838995898983991e-07,-1.120620249211574e-06,1.0,0.0,0.0,1.0,0.0,0.0,1.0,0.0,0.0,0.0038402024035446808,8.297809989921894e-07,1.5594118485396701e-06,5.220717136984063e-12,5.215939447192973e-12,9.730034780461318e-16,2.333858058712035e-14,5.675420661452839e-15,6.53411706004925e-10,85.33783063918723,0.03565628750584198,-0.01906240552122279,-0.7854099177275896,2.298879502435242e-06,1.4007747980511028e-05
1.9400000000000015,-3.900517749521755e-05,-0.11434937877736379,0.1199724506332633,0.7071026253696252,0.707110936945218,1.577049022785149e-06,-6.734347267655616e-06,143.4688116911682,0.0675005655453736,-0.00612028271263172,-5.584172954478259e-15,-7.89000882286087e-15,8.129807370564823e-16,3.3658390090550133e-15,6.53410013098348e-10,-9.720462366465323e-15,85.33783063918722,0.035615420258549184,-0.01931143225084843,4.0,12.75299999991381,-3.0370362031295617e-05,1.1089742323873171e-10,1.6084868179733982,0.1638573070408248,0.16128363217722338,0.0,-0.48309189819535214,0.06283279341820718,-1.838981032337232e-07,-1.1206196333448124e-06,0.0628327934182061,-1.8389909431804234e-07,-1.1206200438657033e-06,0.0,-1.8389909431804234e-07,-1.1206200438657033e-06,1.0,0.0,0.0,1.0,0.0,0.0,1.0,0.0,0.0,0.0038402024036046614,8.409872484951875e-07,1.5575729835172429e-06,5.22013656988038e-12,5.216952849233054e-12,9.538192529983512e-16,1.1046121577079312e-14,2.0400044427016632e-15,6.53410013082766e-10,85.33783063918722,0.0356154209119592,-0.01931143225085815,-0.7854099177275891,2.298873307674487e-06,1.4007745414623049e-05
1.9500000000000015,-3.900517749527395e-05,-0.11434937877736386,0.11997245063326333,0.707102625369625,0.7071109369452182,1.5770513329570843e-06,-6.734344957531554e-06,144.32218999756012,0.06785651541547794,-0.006314642168586159,-5.4139202401769425e-15,-9.125887603680943e-15,-1.6673937479322802e-15,-3.656210001201923e-14,6.534089003995132e-10,-9.939870466175895e-15,85.33783063918725,0.03557455378286559,-0.01956045893152858,4.0,12.753000000098778,-3.0370362031365006e-05,1.1090139428231258e-10,1.6084868179733987,0.16385730719316893,0.1612836323295677,0.0,-0.4830918981953517,0.06283279341820652,-1.8389760767513778e-07,-1.1206194280793944e-06,0.06283279341820745,-1.8389859878410917e-07,-1.12061983868129e-06,0.0,-1.8389859878410917e-07,-1.12061983868129e-06,1.0,0.0,0.0,1.0,0.0,0.0,1.0,0.0,0.0,0.0038402024036643385,8.521934958387844e-07,1.5557341238185453e-06,5.220350753789085e-12,5.215655986173066e-12,-1.9696558908953166e-15,-2.888182891861139e-14,2.2597168333419368e-15,6.534089008558286e-10,85.3378306391872,0.03557455443627449,-0.01956045893153852,-0.7854099177275896,2.298867112941812e-06,1.400774284875596e-05
1.9600000000000015,-3.900517749532687e-05,-0.11434937877736394,0.1199724506332633,0.7071026253696252,0.707110936945218,1.5770536431276942e-06,-6.734342647408558e-06,145.17556830395202,0.06821205662130993,-0.006511491891146723,-5.383243896931649e-15,-6.2891511198401324e-15,4.816258792596936e-15,6.101965613933578e-14,6.534055864087263e-10,-1.3249757165837353e-14,85.33783063918715,0.03553368740923166,-0.019809485569938466,4.0,12.752999999882107,-3.0370362031309495e-05,1.108922656244661e-10,1.6084868179733982,0.16385730734837903,0.16128363248477792,0.0,-0.4830918981953519,0.06283279341820822,-1.838971121564436e-07,-1.1206192228696836e-06,0.06283279341820718,-1.838981032337232e-07,-1.1206196333448124e-06,0.0,-1.838981032337232e-07,-1.1206196333448124e-06,1.0,0.0,0.0,1.0,0.0,0.0,1.0,0.0,0.0,0.003840202403725506,8.633997413050447e-07,1.5538952686946482e-06,5.22039058655849e-12,5.218534780412747e-12,5.662891967647961e-15,6.869991241152352e-14,5.568930780250921e-15,6.534055857569588e-10,85.3378306391872,0.03553368806263724,-0.019809485569951716,-0.7854099177275891,2.298860918212487e-06,1.400774028288985e-05
1.9700000000000015,-3.900517749537946e-05,-0.11434937877736401,0.11997245063326331,0.7071026253696251,0.7071109369452181,1.5770559532972703e-06,-6.734340337305056e-06,146.02894661034392,0.06856718916404135,-0.006710831879828011,-5.0241479912120814e-15,-9.518562903881649e-15,-5.584153575504972e-15,-9.095645183457166e-14,6.534061300929874e-10,-1.177650222715369e-14,85.33783063918727,0.035492821149385595,-0.020058512161210695,4.0,12.753000000138004,-3.037036203133725e-05,1.1090569739397034e-10,1.6084868179733984,0.16385730750645502,0.16128363264285409,0.0,-0.4830918981953517,0.06283279341820551,-1.8389661656969298e-07,-1.1206190175767682e-06,0.06283279341820652,-1.8389760767513778e-07,-1.1206194280793944e-06,0.0,-1.8389760767513778e-07,-1.1206194280793944e-06,1.0,0.0,0.0,1.0,0.0,0.0,1.0,0.0,0.0,0.0038402024037839733,8.74605984610352e-07,1.5520564187225263e-06,5.220849993526833e-12,5.2155755178286e-12,-6.623185599965112e-15,-8.327619990264241e-14,4.096777878752078e-15,6.534061312102498e-10,85.33783063918719,0.03549282180279172,-0.02005851216122247,-0.7854099177275893,2.298854723500433e-06,1.4007737717059891e-05
1.9800000000000015,-3.9005177495433976e-05,-0.11434937877736408,0.1199724506332633,0.7071026253696252,0.707110936945218,1.5770582634521447e-06,-6.734338027194428e-06,146.88232491673583,0.06892191304469118,-0.006912662134207944,-6.062393497885213e-15,-6.694363352073217e-15,8.01591235623047e-15,1.156455000389098e-13,6.534014146448758e-10,-8.59790754508195e-15,85.33783063918709,0.03545195499893373,-0.02030753870717351,4.0,12.75300000001022,-3.0370362031323372e-05,1.1089599109952078e-10,1.6084868179733982,0.1638573076673971,0.16128363280379615,0.0,-0.4830918981953518,0.0628327934182092,-1.838961210793891e-07,-1.1206188122511522e-06,0.06283279341820822,-1.838971121564436e-07,-1.1206192228696836e-06,0.0,-1.838971121564436e-07,-1.1206192228696836e-06,1.0,0.0,0.0,1.0,0.0,0.0,1.0,0.0,0.0,0.003840202403846322,8.858122258418284e-07,1.5502175736315087e-06,5.219437100604206e-12,5.217544907598444e-12,9.42073657647008e-15,1.2332567334218055e-13,9.167317877649163e-16,6.5340141329635e-10,85.3378306391872,0.035451955652335145,-0.020307538707182108,-0.7854099177275891,2.298848528810659e-06,1.4007735151204875e-05
1.9900000000000015,-3.900517749548861e-05,-0.11434937877736416,0.1199724506332633,0.7071026253696252,0.707110936945218,1.5770605736016993e-06,-6.734335717091377e-06,147.73570322312773,0.0692762282644458,-0.007116982653795104,-4.9355222519422755e-15,-1.108314377139246e-14,-6.911174487401687e-15,-1.1566503096629922e-13,6.534030851190606e-10,-1.2100575219123837e-14,85.33783063918735,0.03541108895565856,-0.020556565208738203,4.0,12.752999999990685,-3.0370362031323372e-05,1.1090834850237563e-10,1.6084868179733982,0.1638573078312051,0.16128363296760417,0.0,-0.48309189819535175,0.06283279341820504,-1.8389562547542166e-07,-1.1206186070466139e-06,0.06283279341820551,-1.8389661656969298e-07,-1.1206190175767682e-06,0.0,-1.8389661656969298e-07,-1.1206190175767682e-06,1.0,0.0,0.0,1.0,0.0,0.0,1.0,0.0,0.0,0.00384020240390393,8.97018465168552e-07,1.5483787334121236e-06,5.220943445490431e-12,5.213706946696706e-12,-8.16226719857808e-15,-1.0798481245914588e-13,4.4210668715620776e-15,6.534030865305605e-10,85.33783063918723,0.03541108960906165,-0.020556565208750304,-0.7854099177275891,2.2988423341369224e-06,1.4007732585360045e-05
2.0000000000000013,-3.9005177495542234e-05,-0.11434937877736424,0.11997245063326331,0.7071026253696251,0.7071109369452181,1.5770628837486029e-06,-6.734333407001905e-06,148.58908152951963,0.06963013482434181,-0.007323793438160133,-5.450024963090485e-15,-7.422614514762395e-15,4.557337680038332e-15,6.449264172584369e-14,6.53398624614193e-10,-1.2274094564340443e-14,85.33783063918717,0.035370223039398,-0.020805591657696552,4.0,12.75300000003234,-3.0370362031365006e-05,1.1089054179479767e-10,1.6084868179733984,0.16385730799787906,0.1612836331342781,0.0,-0.48309189819535153,0.06283279341820831,-1.838951299830671e-07,-1.1206184017840445e-06,0.0628327934182092,-1.838961210793891e-07,-1.1206188122511522e-06,0.0,-1.838961210793891e-07,-1.1206188122511522e-06,1.0,0.0,0.0,1.0,0.0,0.0,1.0,0.0,0.0,0.003840202403965994,9.082247020709551e-07,1.5465398988611316e-06,5.220240264835027e-12,5.216980302076283e-12,5.31330149495592e-15,7.217280905234963e-14,4.593324682062275e-15,6.533986239101362e-10,85.33783063918725,0.035370223692796625,-0.020805591657708827,-0.7854099177275893,2.298836139478877e-06,1.4007730019538884e-05
2.0100000000000002,-3.900517749559284e-05,-0.11434937877736434,0.11997245063326328,0.7071026253696253,0.7071109369452179,1.577065193896763e-06,-6.734331096918562e-06,149.44245983591154,0.06998363272552151,-0.007533094486829793,-5.187344904272689e-15,-9.761276445364058e-15,-3.0113054093036674e-15,-5.483919386616448e-14,6.533986468586134e-10,-1.1624379266120878e-14,85.33783063918727,0.035329357216367235,-0.021054618068027785,4.0,12.752999999965214,-3.0370362031295617e-05,1.1090163699988197e-10,1.6084868179733982,0.16385730816741875,0.16128363330381795,0.0,-0.48309189819535175,0.06283279341820612,-1.8389463441021762e-07,-1.120618196507665e-06,0.06283279341820504,-1.8389562547542166e-07,-1.1206186070466139e-06,0.0,-1.8389562547542166e-07,-1.1206186070466139e-06,1.0,0.0,0.0,1.0,0.0,0.0,1.0,0.0,0.0,0.0038402024040248115,9.194309372424003e-07,1.544701068540153e-06,5.220576752803772e-12,5.2148954070857076e-12,-3.5804602161051616e-15,-4.715903100550179e-14,3.944479458879054e-15,6.533986475495617e-10,85.33783063918722,0.03532935786976588,-0.021054618068039408,-0.7854099177275887,2.298829944823263e-06,1.4007727453730327e-05
2.019999999999999,-3.900517749565116e-05,-0.11434937877736441,0.11997245063326331,0.7071026253696251,0.7071109369452181,1.57706750401753e-06,-6.7343287868305786e-06,150.29583814230344,0.07033672196907441,-0.007744885799352857,-5.620651581516807e-15,-7.879084265487897e-15,8.841955294520033e-16,9.893646350176499e-15,6.533958600543396e-10,-9.769675201082242e-15,85.3378306391872,0.03528849151594082,-0.02130364442758058,4.0,12.753000000052475,-3.0370362031365006e-05,1.1089448978568554e-10,1.6084868179733984,0.1638573083398244,0.16128363347622374,0.0,-0.4830918981953515,0.06283279341820733,-1.8389413889179468e-07,-1.120617991207171e-06,0.06283279341820831,-1.838951299830671e-07,-1.1206184017840445e-06,0.0,-1.838951299830671e-07,-1.1206184017840445e-06,1.0,0.0,0.0,1.0,0.0,0.0,1.0,0.0,0.0,0.0038402024040856218,9.30637170105051e-07,1.5428622437142603e-06,5.219976307552497e-12,5.216791612451854e-12,9.870548063431975e-16,1.7573762921043675e-14,2.089336027940035e-15,6.533958599626091e-10,85.33783063918722,0.03528849216933668,-0.02130364442759035,-0.7854099177275893,2.298823750215946e-06,1.400772488789146e-05
2.029999999999998,-3.9005177495702364e-05,-0.11434937877736451,0.11997245063326328,0.7071026253696253,0.7071109369452179,1.577069814152537e-06,-6.734326476757476e-06,151.14921644869534,0.07068940255608404,-0.007959167375280438,-5.326943475552618e-15,-7.948338434142619e-15,3.409459974064651e-16,3.3767891769488583e-15,6.533941706335294e-10,-1.1855045385554542e-14,85.3378306391872,0.035247625913153016,-0.02155267074668907,4.0,12.752999999937488,-3.0370362031323372e-05,1.1089477421607977e-10,1.6084868179733982,0.16385730851509592,0.16128363365149542,0.0,-0.4830918981953518,0.06283279341820716,-1.838936433523938e-07,-1.1206177859807504e-06,0.06283279341820612,-1.8389463441021762e-07,-1.120618196507665e-06,0.0,-1.8389463441021762e-07,-1.120618196507665e-06,1.0,0.0,0.0,1.0,0.0,0.0,1.0,0.0,0.0,0.0038402024041456636,9.418434011932811e-07,1.5410234232924456e-06,5.2203612993827465e-12,5.2167606436169025e-12,3.317794981975184e-16,1.1056901100640184e-14,4.174773600843781e-15,6.533941706429113e-10,85.3378306391872,0.03524762656654719,-0.021552670746700926,-0.7854099177275887,2.298817555593315e-06,1.4007722322091993e-05
2.039999999999997,-3.9005177495759827e-05,-0.11434937877736458,0.11997245063326331,0.7071026253696252,0.707110936945218,1.5770721242629123e-06,-6.7343241666843465e-06,152.00259475508724,0.07104167448768985,-0.00817593921414067,-5.8763074816057405e-15,-8.623208321856649e-15,-1.545886004100318e-15,-4.3131446326234494e-14,6.533931360798987e-10,-6.714835751835999e-15,85.33783063918723,0.03520676042855975,-0.021801697016839455,4.0,12.753000000072038,-3.0370362031351128e-05,1.1089897425441428e-10,1.6084868179733984,0.1638573086932335,0.161283633829633,0.0,-0.4830918981953515,0.06283279341820634,-1.8389314780493993e-07,-1.1206175806227172e-06,0.06283279341820733,-1.8389413889179468e-07,-1.120617991207171e-06,0.0,-1.8389413889179468e-07,-1.120617991207171e-06,1.0,0.0,0.0,1.0,0.0,0.0,1.0,0.0,0.0,0.0038402024042052704,9.530496300033053e-07,1.5391846081933525e-06,5.2195977410731246e-12,5.216245143634593e-12,-1.7157774042684003e-15,-3.545138404854957e-14,-9.650846695008414e-16,6.533931365755251e-10,85.33783063918719,0.035206761081952885,-0.02180169701684617,-0.7854099177275891,2.298811361017367e-06,1.4007719756273126e-05
2.049999999999996,-3.900517749581813e-05,-0.11434937877736466,0.11997245063326328,0.7071026253696254,0.7071109369452178,1.5770744343650309e-06,-6.734321856604169e-06,152.85597306147915,0.07139353776493422,-0.008395201315501649,-5.675618468923756e-15,-7.950013684701998e-15,3.3039956940920377e-15,7.816926352646811e-14,6.533896554332273e-10,-1.0110210156720043e-14,85.33783063918709,0.03516589504601386,-0.022050723244711024,4.0,12.752999999913484,-3.0370362031295617e-05,1.1088978297480584e-10,1.6084868179733982,0.1638573088742368,0.16128363401063653,0.0,-0.4830918981953517,0.06283279341820848,-1.8389265230232543e-07,-1.120617375416737e-06,0.06283279341820716,-1.838936433523938e-07,-1.1206177859807504e-06,0.0,-1.838936433523938e-07,-1.1206177859807504e-06,1.0,0.0,0.0,1.0,0.0,0.0,1.0,0.0,0.0,0.003840202404266694,9.642558569941634e-07,1.5373457976673668e-06,5.2198579361832286e-12,5.2161158925809034e-12,3.599955411724212e-15,8.584930964509143e-14,2.4294459559090312e-15,6.533896545429799e-10,85.33783063918717,0.03516589569940352,-0.022050723244721133,-0.7854099177275885,2.2988051664515404e-06,1.4007717190434416e-05
2.0599999999999947,-3.900517749587426e-05,-0.11434937877736474,0.11997245063326331,0.7071026253696252,0.707110936945218,1.5770767444671417e-06,-6.7343195465454515e-06,153.70935136787105,0.0717449923889889,-0.008616953678878023,-5.600807687316788e-15,-1.1225212120641575e-14,-3.651039039945066e-15,-8.229837390378755e-14,6.533904359373033e-10,-8.171708923652651e-15,85.33783063918727,0.03512502977725264,-0.022299749425456948,4.0,12.753000000082448,-3.037036203133725e-05,1.1090360814656883e-10,1.6084868179733984,0.16385730905810628,0.16128363419450595,0.0,-0.4830918981953515,0.06283279341820563,-1.8389215672435968e-07,-1.1206171701180014e-06,0.06283279341820634,-1.8389314780493993e-07,-1.1206175806227172e-06,0.0,-1.8389314780493993e-07,-1.1206175806227172e-06,1.0,0.0,0.0,1.0,0.0,0.0,1.0,0.0,0.0,0.00384020240432507,9.75462081821123e-07,1.53550699229553e-06,5.2199459472956916e-12,5.213158514280516e-12,-4.15066919999044e-15,-7.461833273421236e-14,4.921058992176432e-16,6.533904369104277e-10,85.33783063918719,0.03512503043064308,-0.02229974942546512,-0.7854099177275891,2.298798971902582e-06,1.4007714624636385e-05
2.0699999999999936,-3.9005177495928976e-05,-0.11434937877736484,0.1199724506332633,0.7071026253696253,0.7071109369452179,1.5770790545672844e-06,-6.734317236491879e-06,154.56272967426295,0.07209603836087282,-0.008841196303847679,-5.305050842929352e-15,-6.846162758015324e-15,4.019392482869104e-15,1.222907213400992e-13,6.53385397434484e-10,-1.3975953793974163e-14,85.33783063918705,0.035084164617883815,-0.022548775560867946,4.0,12.753000000006098,-3.0370362031309495e-05,1.108936501214258e-10,1.6084868179733982,0.16385730924484135,0.16128363438124127,0.0,-0.4830918981953517,0.06283279341820931,-1.8389166125175792e-07,-1.1206169649592924e-06,0.06283279341820848,-1.8389265230232543e-07,-1.120617375416737e-06,0.0,-1.8389265230232543e-07,-1.120617375416737e-06,1.0,0.0,0.0,1.0,0.0,0.0,1.0,0.0,0.0,0.003840202404387392,9.866683046736902e-07,1.5336681917991522e-06,5.220336526090394e-12,5.2171652611520815e-12,4.1387649892541534e-15,1.2997074560060864e-13,6.2949178498547e-15,6.533853960710667e-10,85.33783063918717,0.03508416527126921,-0.02254877556088192,-0.7854099177275887,2.2987927773613966e-06,1.4007712058846565e-05
2.0799999999999925,-3.9005177495981864e-05,-0.11434937877736494,0.11997245063326328,0.7071026253696253,0.7071109369452179,1.577081364666469e-06,-6.734314926450183e-06,155.41610798065486,0.07244667568177232,-0.009067929189919086,-5.261529460970487e-15,-1.2332015945406393e-14,-4.812827711956338e-15,-1.1208007394654526e-13,6.533874681693148e-10,-1.0376506478170102e-14,85.3378306391873,0.03504329956568778,-0.02279780165189336,4.0,12.75299999999409,-3.037036203133725e-05,1.1090636144158952e-10,1.6084868179733982,0.16385730943444266,0.1612836345708425,0.0,-0.4830918981953518,0.0628327934182051,-1.8389116565208138e-07,-1.1206167596330583e-06,0.06283279341820563,-1.8389215672435968e-07,-1.1206171701180014e-06,0.0,-1.8389215672435968e-07,-1.1206171701180014e-06,1.0,0.0,0.0,1.0,0.0,0.0,1.0,0.0,0.0,0.0038402024044449676,9.978745254487642e-07,1.5318293961822688e-06,5.220380909074266e-12,5.211924273880156e-12,-5.450884685173279e-15,-1.0440005157667581e-13,2.6971555457193187e-15,6.533874695184136e-10,85.33783063918719,0.03504330021907525,-0.02279780165190374,-0.7854099177275887,2.2987865828313554e-06,1.4007709493078513e-05
2.0899999999999914,-3.900517749603318e-05,-0.11434937877736502,0.1199724506332633,0.7071026253696252,0.707110936945218,1.577083674764189e-06,-6.7343126164237884e-06,156.26948628704676,0.072796904352724,-0.009297152336662904,-5.2866751581914806e-15,-7.007156640613662e-15,2.8256310263451683e-15,6.354692260628641e-14,6.533826839213112e-10,-1.3243152462243665e-14,85.33783063918713,0.0350024346405038,-0.0230468276903076,4.0,12.75300000001933,-3.0370362031378884e-05,1.1088801681365158e-10,1.6084868179733982,0.16385730962690978,0.16128363476330962,0.0,-0.4830918981953517,0.06283279341820826,-1.8389067017697817e-07,-1.1206165544254424e-06,0.06283279341820931,-1.8389166125175792e-07,-1.1206169649592924e-06,0.0,-1.8389166125175792e-07,-1.1206169649592924e-06,1.0,0.0,0.0,1.0,0.0,0.0,1.0,0.0,0.0,0.0038402024045069805,1.009080743905528e-06,1.5299906062257544e-06,5.220332854354545e-12,5.217397606113314e-12,3.0540797986718996e-15,7.122690963296212e-14,5.562576854590723e-15,6.533826832397631e-10,85.33783063918719,0.03500243529388648,-0.023046827690320845,-0.7854099177275891,2.2987803883161092e-06,1.4007706927338323e-05
2.0999999999999903,-3.9005177496091484e-05,-0.11434937877736513,0.11997245063326328,0.7071026253696254,0.7071109369452178,1.5770859848341495e-06,-6.7343103063733975e-06,157.12286459343866,0.07314672437487012,-0.009528865743606119,-5.855830472642732e-15,-1.0583114065870296e-14,-1.9680609084557856e-15,-5.112796769278732e-14,6.533829361750194e-10,-6.378267387211008e-15,85.33783063918723,0.03496156980854676,-0.02329585369011887,4.0,12.75299999997059,-3.0370362031323372e-05,1.1089926466339075e-10,1.6084868179733982,0.1638573098222426,0.16128363495864265,0.0,-0.4830918981953518,0.06283279341820616,-1.8389017461392105e-07,-1.1206163490372754e-06,0.0628327934182051,-1.8389116565208138e-07,-1.1206167596330583e-06,0.0,-1.8389116565208138e-07,-1.1206167596330583e-06,1.0,0.0,0.0,1.0,0.0,0.0,1.0,0.0,0.0,0.0038402024045658474,1.0202869605333823e-06,1.5281518205069591e-06,5.219540063876702e-12,5.213679673730565e-12,-2.202823419823731e-15,-4.344802775912219e-14,-1.3014748201726479e-15,6.533829367606831e-10,85.33783063918717,0.0349615704619297,-0.023295853690125247,-0.7854099177275885,2.2987741938346525e-06,1.4007704361530834e-05
2.109999999999989,-3.900517749614416e-05,-0.1143493787773652,0.1199724506332633,0.7071026253696252,0.707110936945218,1.5770882949162154e-06,-6.73430799635937e-06,157.97624289983057,0.07349613574930017,-0.009763069410297363,-5.2925408345253e-15,-7.964968383866709e-15,-3.321910880652291e-16,1.0544049455655815e-14,6.533800147179152e-10,-1.2282782510129603e-14,85.33783063918719,0.034920705099191804,-0.023544879639139264,4.0,12.753000000053357,-3.0370362031378884e-05,1.1089178750008969e-10,1.6084868179733982,0.16385731002044163,0.16128363515684158,0.0,-0.48309189819535164,0.06283279341820731,-1.8388967910843916e-07,-1.1206161438852338e-06,0.06283279341820826,-1.8389067017697817e-07,-1.1206165544254424e-06,0.0,-1.8389067017697817e-07,-1.1206165544254424e-06,1.0,0.0,0.0,1.0,0.0,0.0,1.0,0.0,0.0,0.003840202404626627,1.0314931750063228e-06,1.5263130402772616e-06,5.2202961986917675e-12,5.2165612202093815e-12,-6.22135154761659e-16,1.822399810898177e-14,4.602624846321612e-15,6.533800146480816e-10,85.3378306391872,0.03492070575257182,-0.023544879639151545,-0.7854099177275891,2.298767999358801e-06,1.4007701795801797e-05
2.119999999999988,-3.900517749619928e-05,-0.1143493787773653,0.11997245063326326,0.7071026253696254,0.7071109369452178,1.577090604982183e-06,-6.734305686328107e-06,158.82962120622247,0.07384513847709766,-0.00999976333628796,-5.198891632626918e-15,-7.9164628895682e-15,2.415168290799482e-16,2.9427532606769686e-15,6.533783314703935e-10,-1.3154106661749564e-14,85.33783063918722,0.03487984048747298,-0.023793905547714357,4.0,12.752999999932474,-3.0370362031351128e-05,1.1089212017771564e-10,1.6084868179733978,0.16385731022150643,0.1612836353579064,0.0,-0.4830918981953521,0.06283279341820713,-1.8388918358202865e-07,-1.1206159386389692e-06,0.06283279341820616,-1.8389017461392105e-07,-1.1206163490372754e-06,0.0,-1.8389017461392105e-07,-1.1206163490372754e-06,1.0,0.0,0.0,1.0,0.0,0.0,1.0,0.0,0.0,0.0038402024046866557,1.0426993876070427e-06,1.5244742644526824e-06,5.220411445200942e-12,5.216680243085758e-12,1.8263337495280031e-16,1.0622688484716295e-14,5.474024222723437e-15,6.533783315001487e-10,85.33783063918722,0.03487984114085131,-0.02379390554772751,-0.7854099177275885,2.298761804899939e-06,1.4007699230027442e-05
2.129999999999987,-3.900517749625114e-05,-0.11434937877736537,0.11997245063326328,0.7071026253696252,0.707110936945218,1.577092915054346e-06,-6.734303376329456e-06,159.68299951261437,0.07419373255940198,-0.010238947521105704,-5.924165853833386e-15,-9.40609147702904e-15,-1.7154070223916793e-15,-3.887106451098209e-14,6.53377416955527e-10,-5.430588003883739e-15,85.33783063918725,0.0348389759939456,-0.024042931407332567,4.0,12.753000000077687,-3.0370362031420517e-05,1.1089642363323005e-10,1.6084868179733982,0.16385731042543702,0.16128363556183714,0.0,-0.48309189819535175,0.06283279341820643,-1.8388868804289006e-07,-1.120615733243333e-06,0.06283279341820731,-1.8388967910843916e-07,-1.1206161438852338e-06,0.0,-1.8388967910843916e-07,-1.1206161438852338e-06,1.0,0.0,0.0,1.0,0.0,0.0,1.0,0.0,0.0,0.0038402024047463124,1.0539055979130283e-06,1.5226354939530094e-06,5.2193994979303415e-12,5.21507176422096e-12,-1.964383720266862e-15,-3.11911963634065e-14,-2.249178723350122e-15,6.533774173859829e-10,85.3378306391872,0.034838976647323015,-0.024042931407337997,-0.7854099177275891,2.2987556104549406e-06,1.400769666431978e-05
2.139999999999986,-3.900517749631134e-05,-0.11434937877736547,0.11997245063326326,0.7071026253696254,0.7071109369452178,1.577095225092229e-06,-6.734301066296062e-06,160.53637781900628,0.07454191799725554,-0.010480621964318981,-5.11679619435363e-15,-5.166739522719921e-15,3.4844708243100747e-15,5.67570400894149e-14,6.533736360736222e-10,-1.5973034278911318e-14,85.33783063918715,0.03479811160246375,-0.024291957224666937,4.0,12.75299999990686,-3.0370362031365006e-05,1.1088731813546252e-10,1.6084868179733978,0.16385731063223344,0.16128363576863378,0.0,-0.483091898195352,0.0628327934182081,-1.8388819255836316e-07,-1.1206155281690607e-06,0.06283279341820713,-1.8388918358202865e-07,-1.1206159386389692e-06,0.0,-1.8388918358202865e-07,-1.1206159386389692e-06,1.0,0.0,0.0,1.0,0.0,0.0,1.0,0.0,0.0,0.0038402024048074567,1.0651118065075714e-06,1.5207967280208047e-06,5.220503150905629e-12,5.219793653613734e-12,3.9545206043729645e-15,6.443694067807831e-14,8.292614546321407e-15,6.533736355039722e-10,85.3378306391872,0.034798112255837385,-0.02429195722468291,-0.7854099177275885,2.298749416047656e-06,1.4007694098519327e-05
2.149999999999985,-3.900517749636353e-05,-0.11434937877736553,0.11997245063326328,0.7071026253696253,0.7071109369452179,1.5770975351506446e-06,-6.7342987563060146e-06,161.38975612539818,0.07488969479183001,-0.010724786665442318,-5.842887554056105e-15,-1.0763525323580924e-14,-3.9591674563301675e-15,-8.912193035224343e-14,6.533748930823292e-10,-3.968617862035625e-15,85.33783063918727,0.03475724732476261,-0.024540982994900616,4.0,12.753000000089159,-3.0370362031365006e-05,1.1090103752705122e-10,1.6084868179733982,0.16385731084189598,0.16128363597829629,0.0,-0.48309189819535175,0.0628327934182055,-1.8388769698276314e-07,-1.1206153226968102e-06,0.06283279341820643,-1.8388868804289006e-07,-1.120615733243333e-06,0.0,-1.8388868804289006e-07,-1.120615733243333e-06,1.0,0.0,0.0,1.0,0.0,0.0,1.0,0.0,0.0,0.0038402024048659875,1.0763180127508632e-06,1.518957967250715e-06,5.219473269824141e-12,5.213678310106277e-12,-4.476932387299256e-15,-8.144210252834684e-14,-3.710752703297935e-15,6.533748940862562e-10,85.33783063918719,0.03475724797813751,-0.024540982994904585,-0.7854099177275888,2.2987432216354827e-06,1.4007691532817187e-05
2.1599999999999837,-3.9005177496417565e-05,-0.11434937877736563,0.11997245063326327,0.7071026253696254,0.7071109369452178,1.577099845195302e-06,-6.734296446308427e-06,162.24313443179008,0.0752370629441443,-0.010971441624053736,-4.609342609061955e-15,-5.524190556270975e-15,4.32178200557426e-15,1.1413063167265739e-13,6.53369232590618e-10,-2.2231041861450455e-14,85.33783063918709,0.034716383156452806,-0.024790008719772546,4.0,12.753000000006564,-3.0370362031351128e-05,1.1089135779524819e-10,1.608486817973398,0.16385731105442433,0.1612836361908247,0.0,-0.483091898195352,0.06283279341820913,-1.8388720153329139e-07,-1.120615117767354e-06,0.0628327934182081,-1.8388819255836316e-07,-1.1206155281690607e-06,0.0,-1.8388819255836316e-07,-1.1206155281690607e-06,1.0,0.0,0.0,1.0,0.0,0.0,1.0,0.0,0.0,0.0038402024049282984,1.0875242172631948e-06,1.5171192113457275e-06,5.2211776595475024e-12,5.2188280044501505e-12,4.522502745748776e-15,1.2181052613947882e-13,1.4550255446000212e-14,6.533692314201504e-10,85.3378306391872,0.03471638380982204,-0.024790008719794778,-0.7854099177275885,2.2987370272434752e-06,1.4007688967089942e-05
2.1699999999999826,-3.900517749646852e-05,-0.11434937877736573,0.11997245063326326,0.7071026253696254,0.7071109369452178,1.5771021552418489e-06,-6.734294136325561e-06,163.09651273818199,0.07558402245538476,-0.01122058683966168,-5.544206189960571e-15,-1.2484781421580664e-14,-5.192566807318984e-15,-1.1422579000005717e-13,6.533720446148118e-10,-4.58523184353744e-15,85.33783063918729,0.034675519095311316,-0.025039034400294657,4.0,12.752999999993666,-3.0370362031378884e-05,1.1090374265137268e-10,1.6084868179733973,0.1638573112698185,0.16128363640621898,0.0,-0.4830918981953521,0.06283279341820502,-1.8388670593195268e-07,-1.1206149121939022e-06,0.0628327934182055,-1.8388769698276314e-07,-1.1206153226968102e-06,0.0,-1.8388769698276314e-07,-1.1206153226968102e-06,1.0,0.0,0.0,1.0,0.0,0.0,1.0,0.0,0.0,0.0038402024049859376,1.0987304194106044e-06,1.5152804603348863e-06,5.2198437072455474e-12,5.2116248980317326e-12,-5.878303263643774e-15,-1.0654599115744068e-13,-3.0939221507782665e-15,6.533720459210612e-10,85.33783063918717,0.03467551974868336,-0.025039034400299243,-0.7854099177275885,2.298730832859447e-06,1.4007686401392098e-05
2.1799999999999815,-3.900517749652321e-05,-0.11434937877736581,0.11997245063326327,0.7071026253696253,0.7071109369452179,1.5771044652745068e-06,-6.7342918263464e-06,163.9498910445739,0.07593057332658794,-0.011472222311836859,-5.3961943454102564e-15,-6.614030124106876e-15,2.9700701648991715e-15,6.152581884375608e-14,6.533666699511193e-10,-1.3729207540945168e-14,85.33783063918713,0.034634655161181055,-0.02528806002818043,4.0,12.753000000021089,-3.037036203140664e-05,1.1088552434568208e-10,1.608486817973398,0.16385731148807858,0.16128363662447914,0.0,-0.4830918981953519,0.06283279341820822,-1.8388621048031393e-07,-1.1206147071023553e-06,0.06283279341820913,-1.8388720153329139e-07,-1.120615117767354e-06,0.0,-1.8388720153329139e-07,-1.120615117767354e-06,1.0,0.0,0.0,1.0,0.0,0.0,1.0,0.0,0.0,0.003840202405047947,1.1099366194600678e-06,1.5134417149693658e-06,5.220066255956578e-12,5.21780781205707e-12,3.2657826147665795e-15,6.920562118653244e-14,6.048834912352322e-15,6.533666692990427e-10,85.33783063918719,0.03463465581454773,-0.02528806002819416,-0.7854099177275888,2.298724638504663e-06,1.400768383569037e-05
2.1899999999999804,-3.9005177496576495e-05,-0.11434937877736591,0.11997245063326326,0.7071026253696255,0.7071109369452176,1.5771067752989933e-06,-6.7342895163613025e-06,164.8032693509658,0.07627671555889609,-0.011726348040106204,-5.248741941136016e-15,-9.712145300836996e-15,-2.154157902531526e-15,-6.022202014641835e-14,6.533673052363151e-10,-9.721578674444357e-15,85.33783063918727,0.03459379132027391,-0.02553708561747263,4.0,12.752999999968582,-3.0370362031351128e-05,1.1089662211853452e-10,1.6084868179733973,0.16385731170920467,0.16128363684560518,0.0,-0.4830918981953521,0.06283279341820597,-1.8388571492136266e-07,-1.1206145017726655e-06,0.06283279341820502,-1.8388670593195268e-07,-1.1206149121939022e-06,0.0,-1.8388670593195268e-07,-1.1206149121939022e-06,1.0,0.0,0.0,1.0,0.0,0.0,1.0,0.0,0.0,0.0038402024051067407,1.1211428176456233e-06,1.5116029738498713e-06,5.220230977499174e-12,5.214753177452108e-12,-2.3977934370106507e-15,-5.2542239554197975e-14,2.042086521847733e-15,6.533673059681719e-10,85.33783063918722,0.034593791973641215,-0.02553708561748235,-0.7854099177275882,2.2987184441607115e-06,1.4007681269970965e-05
2.1999999999999793,-3.900517749662921e-05,-0.11434937877736598,0.11997245063326328,0.7071026253696253,0.7071109369452179,1.577109085327108e-06,-6.734287206406111e-06,165.6566476573577,0.07662244915339866,-0.011982964024018397,-5.6177059209489005e-15,-7.887635363645298e-15,2.5939505679893615e-16,9.987456554661512e-15,6.533641685264308e-10,-9.529852466088021e-15,85.33783063918723,0.03455292760196684,-0.02578611115597353,4.0,12.753000000044263,-3.0370362031420517e-05,1.1088908721184496e-10,1.6084868179733982,0.1638573119331967,0.1612836370695971,0.0,-0.48309189819535187,0.06283279341820729,-1.8388521943163603e-07,-1.1206142965164268e-06,0.06283279341820822,-1.8388621048031393e-07,-1.1206147071023553e-06,0.0,-1.8388621048031393e-07,-1.1206147071023553e-06,1.0,0.0,0.0,1.0,0.0,0.0,1.0,0.0,0.0,0.0038402024051676117,1.1323490135768648e-06,1.5097642382157124e-06,5.21972468474525e-12,5.216536352321465e-12,1.8103789917845505e-16,1.766719887281974e-14,1.8498851252802466e-15,6.533641684307827e-10,85.33783063918725,0.03455292825533101,-0.02578611115598306,-0.7854099177275888,2.2987122498333686e-06,1.4007678704311119e-05
2.209999999999978,-3.900517749668854e-05,-0.11434937877736608,0.11997245063326326,0.7071026253696255,0.7071109369452176,1.577111395319533e-06,-6.734284896411811e-06,166.5100259637496,0.07696777411117915,-0.012242070263124724,-5.611471333049509e-15,-7.380271625340785e-15,-2.514197249083469e-16,-1.867870579708654e-15,6.533624971725371e-10,-9.62111779552935e-15,85.33783063918726,0.03451206398129314,-0.026035136654028446,4.0,12.752999999946816,-3.0370362031365006e-05,1.1088945400652096e-10,1.6084868179733973,0.16385731216005436,0.16128363729645492,0.0,-0.4830918981953522,0.06283279341820702,-1.8388472391848937e-07,-1.120614091257107e-06,0.06283279341820597,-1.8388571492136266e-07,-1.1206145017726655e-06,0.0,-1.8388571492136266e-07,-1.1206145017726655e-06,1.0,0.0,0.0,1.0,0.0,0.0,1.0,0.0,0.0,0.0038402024052275902,1.1435552076954325e-06,1.5079255069879883e-06,5.219720158287774e-12,5.217284441618103e-12,-3.9260729542503276e-16,5.811852760009394e-15,1.94125656514532e-15,6.533624972173112e-10,85.33783063918726,0.034512064634655636,-0.026035136654038067,-0.7854099177275882,2.298706055542981e-06,1.4007676138549087e-05
2.219999999999977,-3.9005177496741646e-05,-0.11434937877736615,0.11997245063326327,0.7071026253696254,0.7071109369452178,1.5771137053349496e-06,-6.734282586469319e-06,167.3634042701415,0.07731269043337692,-0.012503666756953039,-5.51530959593848e-15,-8.989489304961183e-15,-1.8977675028552325e-15,-4.3443323950819385e-14,6.533617235317824e-10,-7.836084601914732e-15,85.33783063918729,0.03447120047880806,-0.026284162103133984,4.0,12.753000000067955,-3.037036203140664e-05,1.1089376871358724e-10,1.6084868179733978,0.16385731238977808,0.1612836375261786,0.0,-0.4830918981953521,0.0628327934182063,-1.838842283889516e-07,-1.1206138859733173e-06,0.06283279341820729,-1.8388521943163603e-07,-1.1206142965164268e-06,0.0,-1.8388521943163603e-07,-1.1206142965164268e-06,1.0,0.0,0.0,1.0,0.0,0.0,1.0,0.0,0.0,0.0038402024052872513,1.1547613995913599e-06,1.5060867810854164e-06,5.219824700230053e-12,5.215508340649346e-12,-2.179947455991219e-15,-3.5763622719477346e-14,1.5653568610152983e-16,6.533617240442581e-10,85.33783063918725,0.03447120113216979,-0.02628416210314182,-0.7854099177275885,2.2986998612496896e-06,1.4007673572903345e-05
2.229999999999976,-3.900517749679664e-05,-0.11434937877736624,0.11997245063326324,0.7071026253696256,0.7071109369452175,1.5771160153279615e-06,-6.734280276501701e-06,168.2167825765334,0.0776571981210343,-0.012767753505071741,-5.05899481525316e-15,-7.523085411722447e-15,3.1642456033783052e-15,7.835217918869151e-14,6.533576315282538e-10,-1.753959873287348e-14,85.33783063918715,0.034430337078366645,-0.02653318750994621,4.0,12.752999999917666,-3.0370362031365006e-05,1.1088486006994055e-10,1.6084868179733973,0.1638573126223674,0.16128363775876817,0.0,-0.4830918981953523,0.06283279341820847,-1.8388373292096411e-07,-1.1206136808911017e-06,0.06283279341820702,-1.8388472391848937e-07,-1.120614091257107e-06,0.0,-1.8388472391848937e-07,-1.120614091257107e-06,1.0,0.0,0.0,1.0,0.0,0.0,1.0,0.0,0.0,0.0038402024053486774,1.1659675897020037e-06,1.50424805974781e-06,5.220462777608603e-12,5.2164158005945075e-12,3.3419781361948855e-15,8.603190308239509e-14,9.859209628677096e-15,6.533576307231877e-10,85.33783063918723,0.03443033773172428,-0.026533187509963748,-0.7854099177275881,2.2986936669791453e-06,1.4007671007192362e-05
2.239999999999975,-3.900517749684707e-05,-0.11434937877736633,0.11997245063326327,0.7071026253696254,0.7071109369452178,1.5771183253368015e-06,-6.734277966574538e-06,169.0701608829253,0.078001297175323,-0.013034330506995215,-5.2474150502766185e-15,-1.1942384024922662e-14,-3.4484145567428694e-15,-8.275933746691634e-14,6.533593199282096e-10,-7.07923748247378e-15,85.33783063918733,0.0343894737917018,-0.02678221286964853,4.0,12.753000000084445,-3.0370362031434395e-05,1.1089853131614357e-10,1.6084868179733978,0.16385731285782287,0.16128363799422357,0.0,-0.4830918981953521,0.06283279341820559,-1.838832373490704e-07,-1.1206134754530684e-06,0.0628327934182063,-1.838842283889516e-07,-1.1206138859733173e-06,0.0,-1.838842283889516e-07,-1.1206138859733173e-06,1.0,0.0,0.0,1.0,0.0,0.0,1.0,0.0,0.0,0.003840202405407045,1.1771737774864317e-06,1.5024093435796383e-06,5.220147690033768e-12,5.21197963463022e-12,-3.8816249254642045e-15,-7.507967000381847e-14,-5.999964391483017e-16,6.53359320893915e-10,85.33783063918725,0.034389474445061116,-0.026782212869655608,-0.7854099177275885,2.2986874727103637e-06,1.4007668441570526e-05
2.249999999999974,-3.9005177496901776e-05,-0.11434937877736642,0.11997245063326324,0.7071026253696255,0.7071109369452176,1.577120635321165e-06,-6.734275656628101e-06,169.9235391893172,0.07834498759726187,-0.013303397762301597,-5.6601882441029055e-15,-6.138363099617086e-15,3.866396745252278e-15,1.2268808753812065e-13,6.533531166405439e-10,-1.4998018793043057e-14,85.3378306391871,0.03434861061442701,-0.027031238184022095,4.0,12.753000000005548,-3.037036203140664e-05,1.1088904393224112e-10,1.6084868179733973,0.1638573130961441,0.16128363823254488,0.0,-0.48309189819535225,0.06283279341820926,-1.8388274192172873e-07,-1.1206132703413977e-06,0.06283279341820847,-1.8388373292096411e-07,-1.1206136808911017e-06,0.0,-1.8388373292096411e-07,-1.1206136808911017e-06,1.0,0.0,0.0,1.0,0.0,0.0,1.0,0.0,0.0,0.0038402024054693764,1.1883799634124648e-06,1.5005706322643828e-06,5.219624772571833e-12,5.217822705403183e-12,3.929790278883027e-15,1.3036773982258595e-13,7.317359406909629e-15,6.533531152844738e-10,85.33783063918723,0.034348611267780126,-0.027031238184037094,-0.7854099177275882,2.298681278472853e-06,1.4007665875892914e-05
2.2599999999999727,-3.900517749695556e-05,-0.11434937877736652,0.11997245063326324,0.7071026253696255,0.7071109369452176,1.5771229453028192e-06,-6.734273346691992e-06,170.7769174957091,0.07868826938803722,-0.013574955270499471,-5.125912863536026e-15,-1.193315637665503e-14,-3.3125333289156712e-15,-1.2362319707878957e-13,6.533565328890571e-10,-6.383257156145376e-15,85.33783063918736,0.034307747544316806,-0.0272802634540316,4.0,12.752999999995332,-3.037036203140664e-05,1.1090137432702437e-10,1.6084868179733973,0.16385731333733106,0.16128363847373206,0.0,-0.48309189819535225,0.06283279341820483,-1.8388224632229535e-07,-1.1206130649335193e-06,0.06283279341820559,-1.838832373490704e-07,-1.1206134754530684e-06,0.0,-1.838832373490704e-07,-1.1206134754530684e-06,1.0,0.0,0.0,1.0,0.0,0.0,1.0,0.0,0.0,0.003840202405526817,1.1995861471835126e-06,1.4987319258559474e-06,5.220277777915869e-12,5.212295409892543e-12,-3.347240922007788e-15,-1.1594356744678472e-13,-1.2956459761976537e-15,6.533565343269013e-10,85.33783063918723,0.03430774819767334,-0.027280263454037983,-0.7854099177275882,2.298675084248592e-06,1.400766331023276e-05
2.2699999999999716,-3.900517749700811e-05,-0.1143493787773666,0.11997245063326324,0.7071026253696254,0.7071109369452178,1.5771252552860455e-06,-6.734271036775611e-06,171.63029580210102,0.07903114254868562,-0.013849003031159508,-5.231479598407124e-15,-7.1042959372045994e-15,2.292911758685862e-15,6.763700956473116e-14,6.533506975897799e-10,-1.5746794383840776e-14,85.33783063918716,0.034266884601216054,-0.027529288671411484,4.0,12.753000000019217,-3.0370362031476028e-05,1.1088304026088893e-10,1.6084868179733973,0.16385731358138406,0.1612836387177851,0.0,-0.48309189819535214,0.0628327934182083,-1.8388175089039092e-07,-1.1206128598523418e-06,0.06283279341820926,-1.8388274192172873e-07,-1.1206132703413977e-06,0.0,-1.8388274192172873e-07,-1.1206132703413977e-06,1.0,0.0,0.0,1.0,0.0,0.0,1.0,0.0,0.0,0.003840202405588997,1.210792328763023e-06,1.4968932250819753e-06,5.220168735974222e-12,5.216992963362928e-12,2.315483817908346e-15,7.531663888188738e-14,8.066564934018281e-15,6.53350696889589e-10,85.33783063918723,0.034266885254566753,-0.027529288671427232,-0.7854099177275885,2.298668890036844e-06,1.4007660744611245e-05
2.2799999999999705,-3.9005177497058274e-05,-0.11434937877736671,0.11997245063326324,0.7071026253696256,0.7071109369452175,1.5771275652617487e-06,-6.73426872685274e-06,172.48367410849292,0.07937360708034925,-0.014125541043808565,-5.179424248461429e-15,-1.0174193100922346e-14,-1.271234060657368e-15,-5.909850289809336e-14,6.533516282555002e-10,-9.394877687957495e-15,85.3378306391873,0.03422602175133519,-0.027778313850186618,4.0,12.752999999978009,-3.037036203140664e-05,1.1089411632473671e-10,1.6084868179733973,0.16385731382830293,0.16128363896470396,0.0,-0.48309189819535225,0.06283279341820598,-1.838812553374325e-07,-1.1206126544868289e-06,0.06283279341820483,-1.8388224632229535e-07,-1.1206130649335193e-06,0.0,-1.8388224632229535e-07,-1.1206130649335193e-06,1.0,0.0,0.0,1.0,0.0,0.0,1.0,0.0,0.0,0.0038402024056477337,1.2219985084487155e-06,1.4950545285618923e-06,5.2201930620065726e-12,5.2140232014344005e-12,-1.2584554760219511e-15,-5.14189089566186e-14,1.715561611432739e-15,6.533516289703128e-10,85.33783063918725,0.03422602240468682,-0.027778313850196013,-0.7854099177275881,2.2986626958342635e-06,1.4007658178971514e-05
2.2899999999999694,-3.900517749711517e-05,-0.11434937877736678,0.11997245063326324,0.7071026253696254,0.7071109369452178,1.5771298752222315e-06,-6.734266416942592e-06,173.33705241488482,0.07971566298411757,-0.014404569307995357,-5.4859260324874294e-15,-7.865176538011248e-15,8.122971425325946e-16,9.912281860037446e-15,6.533483164216554e-10,-1.0870619619136914e-14,85.33783063918723,0.03418515902405189,-0.02802733897817591,4.0,12.753000000025237,-3.037036203146215e-05,1.1088640809093792e-10,1.6084868179733973,0.16385731407808765,0.16128363921448874,0.0,-0.48309189819535203,0.06283279341820726,-1.838807598639473e-07,-1.120612449263188e-06,0.0628327934182083,-1.8388175089039092e-07,-1.1206128598523418e-06,0.0,-1.8388175089039092e-07,-1.1206128598523418e-06,1.0,0.0,0.0,1.0,0.0,0.0,1.0,0.0,0.0,0.00384020240570859,1.233204685923855e-06,1.493215837521467e-06,5.219779917758048e-12,5.216441785173828e-12,8.895323279572925e-16,1.7591847630590097e-14,3.1908391592162262e-15,6.53348316342653e-10,85.33783063918725,0.03418515967740021,-0.02802733897818678,-0.7854099177275885,2.298656501670536e-06,1.400765561334396e-05
2.2999999999999683,-3.90051774971657e-05,-0.1143493787773669,0.11997245063326324,0.7071026253696256,0.7071109369452175,1.5771321851839238e-06,-6.734264107028389e-06,174.19043072127673,0.08005731026107402,-0.01468608782327115,-5.2344699360143095e-15,-7.990709955761771e-15,-4.180716061764454e-17,3.0533481390116604e-15,6.533466712947864e-10,-1.2471252624094292e-14,85.33783063918723,0.034144296394399386,-0.02827636406572901,4.0,12.752999999968253,-3.037036203139276e-05,1.1088675760677618e-10,1.6084868179733973,0.16385731433073816,0.16128363946713936,0.0,-0.48309189819535214,0.0628327934182071,-1.8388026436002308e-07,-1.1206122440412552e-06,0.06283279341820598,-1.838812553374325e-07,-1.1206126544868289e-06,0.0,-1.838812553374325e-07,-1.1206126544868289e-06,1.0,0.0,0.0,1.0,0.0,0.0,1.0,0.0,0.0,0.0038402024057686245,1.2444108615847282e-06,1.4913771508894085e-06,5.2201064496033605e-12,5.21632380984972e-12,-1.8044124791568616e-16,1.0732906247305498e-14,4.791541525655963e-15,6.533466713152192e-10,85.33783063918723,0.034144297047746054,-0.028276364065741483,-0.7854099177275881,2.2986503075013295e-06,1.4007653047709659e-05
2.309999999999967,-3.900517749722184e-05,-0.11434937877736696,0.11997245063326324,0.7071026253696254,0.7071109369452178,1.5771344951340372e-06,-6.734261797133252e-06,175.04380902766863,0.08039854891235791,-0.014970096589163992,-5.75743508977418e-15,-9.690978782391804e-15,-9.803595401919499e-16,-3.934937919213516e-14,6.533459883668257e-10,-5.836632106810906e-15,85.33783063918726,0.0341034338829326,-0.028525389104328974,4.0,12.753000000036497,-3.0370362031489906e-05,1.1089124862045675e-10,1.6084868179733973,0.16385731458625455,0.1612836397226558,0.0,-0.48309189819535203,0.06283279341820637,-1.838797688417337e-07,-1.1206120386732533e-06,0.06283279341820726,-1.838807598639473e-07,-1.120612449263188e-06,0.0,-1.838807598639473e-07,-1.120612449263188e-06,1.0,0.0,0.0,1.0,0.0,0.0,1.0,0.0,0.0,0.003840202405828274,1.2556170349539739e-06,1.4895384695843426e-06,5.2193680619482575e-12,5.214445067002692e-12,-1.000785151333763e-15,-3.166987749555625e-14,-1.8427617119404255e-15,6.533459888076806e-10,85.33783063918722,0.034103434536278586,-0.02852538910433481,-0.7854099177275885,2.2986441133690537e-06,1.4007650482102424e-05
2.319999999999966,-3.900517749727911e-05,-0.11434937877736708,0.11997245063326324,0.7071026253696256,0.7071109369452175,1.5771368050646675e-06,-6.734259487214352e-06,175.89718733406053,0.08073937893901163,-0.015256595605242123,-5.572444651964425e-15,-4.8631936082345216e-15,1.2971026177899823e-15,5.741425425856254e-14,6.533416393787678e-10,-1.3147992101606341e-14,85.33783063918716,0.03406257147350734,-0.028774414100646573,4.0,12.752999999956486,-3.0370362031420517e-05,1.1088224100855692e-10,1.6084868179733973,0.1638573148446367,0.16128363998103815,0.0,-0.4830918981953522,0.06283279341820808,-1.8387927339089563e-07,-1.1206118335514495e-06,0.0628327934182071,-1.8388026436002308e-07,-1.1206122440412552e-06,0.0,-1.8388026436002308e-07,-1.1206122440412552e-06,1.0,0.0,0.0,1.0,0.0,0.0,1.0,0.0,0.0,0.0038402024058894276,1.2668232065661767e-06,1.487699792838338e-06,5.219632238785802e-12,5.219919503687187e-12,1.1245848887300561e-15,6.509375815192168e-14,5.4679436851106326e-15,6.533416387681907e-10,85.33783063918722,0.034062572126848975,-0.028774414100659722,-0.7854099177275881,2.2986379192550555e-06,1.4007647916434822e-05
2.329999999999965,-3.900517749733401e-05,-0.11434937877736714,0.11997245063326324,0.7071026253696255,0.7071109369452176,1.5771391150041954e-06,-6.734257177330214e-06,176.75056564045244,0.0810798003422068,-0.015545584871020141,-5.452254750583065e-15,-1.12805579293926e-14,-1.9892390555869805e-15,-9.031069153181951e-14,6.533437294644002e-10,-5.591854091539168e-15,85.33783063918729,0.034021709177855484,-0.02902343904985455,4.0,12.753000000044976,-3.0370362031448273e-05,1.1089607690055956e-10,1.6084868179733973,0.16385731510588475,0.1612836402422863,0.0,-0.48309189819535214,0.06283279341820543,-1.8387877782498882e-07,-1.1206116281678637e-06,0.06283279341820637,-1.838797688417337e-07,-1.1206120386732533e-06,0.0,-1.838797688417337e-07,-1.1206120386732533e-06,1.0,0.0,0.0,1.0,0.0,0.0,1.0,0.0,0.0,0.0038402024059479354,1.2780293759080134e-06,1.4858611212694993e-06,5.219744770154087e-12,5.212767624616887e-12,-1.903663055071623e-15,-8.263121816682115e-14,-2.0871415044865383e-15,6.533437305013841e-10,85.3378306391872,0.03402170983119921,-0.029023439049860142,-0.7854099177275882,2.2986317251514894e-06,1.4007645350840128e-05
2.339999999999964,-3.9005177497387546e-05,-0.11434937877736724,0.11997245063326324,0.7071026253696256,0.7071109369452175,1.577141424936643e-06,-6.734254867443401e-06,177.60394394684434,0.08141981312296227,-0.01583706438607603,-5.234156461408253e-15,-4.9923135198007655e-15,2.107518713407009e-15,1.1511616408668531e-13,6.533370058194738e-10,-1.846202739030816e-14,85.3378306391871,0.03398084699159202,-0.029272463953714998,4.0,12.753000000003585,-3.0370362031420517e-05,1.1088647046810258e-10,1.6084868179733973,0.16385731536999948,0.16128364050640032,0.0,-0.48309189819535225,0.06283279341820912,-1.8387828241863501e-07,-1.1206114231511002e-06,0.06283279341820808,-1.8387927339089563e-07,-1.1206118335514495e-06,0.0,-1.8387927339089563e-07,-1.1206118335514495e-06,1.0,0.0,0.0,1.0,0.0,0.0,1.0,0.0,0.0,0.0038402024060102857,1.2892355434140498e-06,1.484022454544423e-06,5.22007743591742e-12,5.219247438212056e-12,1.6798716531587424e-15,1.2279565226843098e-13,1.078161260771625e-14,6.533370045931242e-10,85.33783063918722,0.03398084764492902,-0.02927246395373346,-0.7854099177275882,2.298625531059247e-06,1.4007642785234797e-05
2.349999999999963,-3.900517749743906e-05,-0.11434937877736732,0.11997245063326323,0.7071026253696256,0.7071109369452175,1.5771437348691146e-06,-6.734252557569686e-06,178.45732225323624,0.08175941728246432,-0.016131034149918275,-5.112522419795941e-15,-1.183679481442376e-14,-3.7789915494575374e-15,-1.2678887150783264e-13,6.533410355409248e-10,-6.51963152529043e-15,85.33783063918736,0.03393998491248889,-0.029521488813213054,4.0,12.752999999995886,-3.0370362031448273e-05,1.1089894691973282e-10,1.608486817973397,0.16385731563697872,0.1612836407733802,0.0,-0.48309189819535236,0.06283279341820477,-1.8387778681953992e-07,-1.120611217689699e-06,0.06283279341820543,-1.8387877782498882e-07,-1.1206116281678637e-06,0.0,-1.8387877782498882e-07,-1.1206116281678637e-06,1.0,0.0,0.0,1.0,0.0,0.0,1.0,0.0,0.0,0.003840202406067761,1.3004417086753794e-06,1.4821837927380777e-06,5.220172308969505e-12,5.212325354452922e-12,-3.9371712457387144e-15,-1.191094230371925e-13,-1.1590663643087243e-15,6.533410370175839e-10,85.33783063918723,0.033939985565829923,-0.029521488813219574,-0.7854099177275882,2.2986193369772458e-06,1.400764021965432e-05
2.3599999999999617,-3.90051774974953e-05,-0.11434937877736741,0.11997245063326323,0.7071026253696255,0.7071109369452176,1.577146044784991e-06,-6.734250247698207e-06,179.31070055962815,0.08209861282174948,-0.016427494162117605,-5.7426287301899816e-15,-6.245003212541122e-15,1.5345193975686808e-15,6.133366801976963e-14,6.533347159164488e-10,-1.1418846943386725e-14,85.33783063918716,0.03389912296039334,-0.029770513620089818,4.0,12.753000000018037,-3.0370362031476028e-05,1.1088039514118952e-10,1.608486817973397,0.16385731590682429,0.1612836410432259,0.0,-0.4830918981953523,0.06283279341820816,-1.8387729140939092e-07,-1.1206110125307433e-06,0.06283279341820912,-1.8387828241863501e-07,-1.1206114231511002e-06,0.0,-1.8387828241863501e-07,-1.1206114231511002e-06,1.0,0.0,0.0,1.0,0.0,0.0,1.0,0.0,0.0,0.003840202406129902,1.3116478717332393e-06,1.4803451365544352e-06,5.219341770946868e-12,5.218041236713164e-12,1.4003337912486827e-15,6.901307792279951e-14,3.738851324578522e-15,6.533347152394783e-10,85.33783063918722,0.03389912361372805,-0.029770513620101236,-0.7854099177275882,2.298613142928468e-06,1.400763765406505e-05
2.3699999999999606,-3.900517749754834e-05,-0.11434937877736749,0.11997245063326323,0.7071026253696264,0.7071109369452183,1.5771483546983994e-06,-6.734247937825879e-06,180.16407886602005,0.08243739974198191,-0.01672644442219182,-5.241134731527996e-15,-7.781011355951536e-15,6.81390599392596e-15,-3.607691537129034e-14,6.533350629057358e-10,-1.0931303773294921e-14,85.33783063918727,0.0338582611088564,-0.030019538385323872,4.0,12.752999999898492,-3.0370362031725828e-05,1.1088783341550766e-10,1.6084868179733973,0.16385731617953658,0.16128364131593748,0.0,-0.48309189819535225,0.0628327934182064,-1.8387679587956364e-07,-1.1206108072745408e-06,0.06283279341820477,-1.8387778681953992e-07,-1.120611217689699e-06,0.0,-1.8387778681953992e-07,-1.120611217689699e-06,1.0,0.0,0.0,1.0,0.0,0.0,1.0,0.0,0.0,0.0038402024061889735,1.3228540328695007e-06,1.4785064849533474e-06,5.219992602613955e-12,5.216810770097816e-12,9.058902804987387e-15,-2.8397504936227047e-14,3.2520145085091465e-15,6.533350633680129e-10,85.33783063918723,0.033858261762191456,-0.030019538385334804,-0.7854099177275881,2.2986069488836994e-06,1.4007635088472216e-05
2.3799999999999595,-3.9005177497601845e-05,-0.11434937877736755,0.11997245063326334,0.7071026253696264,0.7071109369452183,1.5771506646110854e-06,-6.7342456279781785e-06,181.01745717241195,0.08277577804433035,-0.017027884929656803,-5.118127136300715e-15,-9.209896462284512e-15,6.564301894415655e-15,-3.1105892238239604e-14,6.533335498362294e-10,-1.1727997548616218e-14,85.33783063918726,0.03381739937624432,-0.03026856310128785,4.0,12.753000000100915,-3.0370362031614806e-05,1.108881458820538e-10,1.6084868179733987,0.16385731645511398,0.16128364159151487,0.0,-0.48309189819535064,0.0628327934182065,-1.838763003848747e-07,-1.120610602045146e-06,0.06283279341820816,-1.8387729140939092e-07,-1.1206110125307433e-06,0.0,-1.8387729140939092e-07,-1.1206110125307433e-06,1.0,0.0,0.0,1.0,0.0,0.0,1.0,0.0,0.0,0.003840202406249135,1.3340601917992715e-06,1.4766678386887606e-06,5.2201467786499505e-12,5.214889808077034e-12,8.67519925195992e-15,-2.3426493777798647e-14,4.048689814256572e-15,6.533335502494411e-10,85.33783063918723,0.033817400029577865,-0.030268563101299578,-0.7854099177275881,2.298600754859647e-06,1.4007632522925526e-05
2.3899999999999584,-3.900517749765287e-05,-0.11434937877736766,0.11997245063326337,0.7071026253696265,0.7071109369452182,1.5771529745160466e-06,-6.734243318117797e-06,181.87083547880385,0.08311374772971823,-0.017331815684130007,-5.7067269399790685e-15,-6.027276935076829e-15,8.05610164548609e-15,2.3607500637543296e-14,6.533300293989488e-10,-9.97041830964202e-15,85.33783063918719,0.03377653773392375,-0.03051758777985231,4.0,12.75299999986391,-3.0370362031559295e-05,1.1088092292555176e-10,1.6084868179733993,0.16385731673355713,0.1612836418699581,0.0,-0.4830918981953503,0.06283279341820745,-1.8387580492669333e-07,-1.1206103967673654e-06,0.0628327934182064,-1.8387679587956364e-07,-1.1206108072745408e-06,0.0,-1.8387679587956364e-07,-1.1206108072745408e-06,1.0,0.0,0.0,1.0,0.0,0.0,1.0,0.0,0.0,0.0038402024063098356,1.3452663490138901e-06,1.474829196470512e-06,5.219339366519072e-12,5.2185821108350496e-12,1.0205281800290308e-14,3.1286844894809777e-14,2.2907529226113354e-15,6.533300291483935e-10,85.33783063918722,0.03377653838725378,-0.03051758777986228,-0.7854099177275877,2.2985945608402813e-06,1.4007629957348725e-05
2.3999999999999573,-3.9005177497709324e-05,-0.11434937877736774,0.11997245063326342,0.7071026253696265,0.7071109369452182,1.5771552844064158e-06,-6.734241008270311e-06,182.72421378519576,0.08345130879940521,-0.017638236685089678,-5.18490896131533e-15,-1.3206098515773828e-14,-2.9394086906770016e-15,-4.3214611955179456e-14,6.533310846726804e-10,-9.575547291168264e-15,85.33783063918726,0.033735676212716496,-0.030766612408251733,4.0,12.753000000138552,-3.0370362031503784e-05,1.1089144543847261e-10,1.6084868179734,0.16385731701486617,0.1612836421512672,0.0,-0.48309189819534964,0.06283279341820625,-1.8387530938917276e-07,-1.1206101915151529e-06,0.0628327934182065,-1.838763003848747e-07,-1.120610602045146e-06,0.0,-1.838763003848747e-07,-1.120610602045146e-06,1.0,0.0,0.0,1.0,0.0,0.0,1.0,0.0,0.0,0.003840202406369219,1.3564725039935363e-06,1.472990559743622e-06,5.220023022339584e-12,5.209780455178933e-12,-3.5649713149984165e-15,-3.553525816769243e-14,1.8963568440502735e-15,6.533310852029194e-10,85.33783063918722,0.03373567686604758,-0.03076661240826131,-0.7854099177275877,2.298588366858711e-06,1.4007627391784914e-05
2.409999999999956,-3.900517749776039e-05,-0.11434937877736787,0.1199724506332634,0.7071026253696266,0.7071109369452181,1.5771575943003806e-06,-6.734238698423706e-06,183.57759209158766,0.08378846125424567,-0.01794714793218192,-5.517932124311162e-15,-7.7563584006674e-15,8.873929823923444e-15,7.757945147674e-14,6.533256214114808e-10,-1.303394477009934e-14,85.33783063918713,0.03369481478621255,-0.03101563699742338,4.0,12.752999999818076,-3.0370362031489906e-05,1.1087913950258113e-10,1.6084868179733998,0.1638573172990409,0.1612836424354421,0.0,-0.48309189819534987,0.0628327934182084,-1.8387481396849592e-07,-1.1206099863326588e-06,0.06283279341820745,-1.8387580492669333e-07,-1.1206103967673654e-06,0.0,-1.8387580492669333e-07,-1.1206103967673654e-06,1.0,0.0,0.0,1.0,0.0,0.0,1.0,0.0,0.0,0.003840202406430634,1.367678657238948e-06,1.4711519272180885e-06,5.219574034098065e-12,5.215864497592336e-12,1.0810404570663421e-14,8.525876626032218e-14,5.353937571312133e-15,6.533256205625423e-10,85.3378306391872,0.03369481543953817,-0.031015636997436414,-0.7854099177275875,2.2985821728710163e-06,1.4007624826225598e-05
2.419999999999955,-3.900517749781258e-05,-0.11434937877736798,0.11997245063326341,0.7071026253696265,0.7071109369452182,1.5771599041892792e-06,-6.7342363885956125e-06,184.43097039797956,0.08412520509557568,-0.01825854942485329,-4.825464676744305e-15,-1.582036267916618e-14,-7.078877129704796e-15,-6.820351396822956e-14,6.533286577732497e-10,-1.0969459176255541e-14,85.33783063918727,0.033653953490354806,-0.031264661532473204,4.0,12.752999999987466,-3.0370362031545417e-05,1.1089486677993213e-10,1.6084868179733998,0.1638573175860815,0.16128364272248286,0.0,-0.4830918981953496,0.0628327934182058,-1.8387431839675736e-07,-1.1206097810532427e-06,0.06283279341820625,-1.8387530938917276e-07,-1.1206101915151529e-06,0.0,-1.8387530938917276e-07,-1.1206101915151529e-06,1.0,0.0,0.0,1.0,0.0,0.0,1.0,0.0,0.0,0.003840202406489161,1.3788848080029045e-06,1.4693133006499718e-06,5.2204820482220055e-12,5.2065656890718355e-12,-8.75430690049978e-15,-6.052417853803057e-14,3.2904795027233465e-15,6.533286586135965e-10,85.3378306391872,0.03365395414368346,-0.031264661532484174,-0.7854099177275877,2.298575978907466e-06,1.4007622260697405e-05
2.429999999999954,-3.900517749786969e-05,-0.11434937877736805,0.11997245063326344,0.7071026253696265,0.7071109369452182,1.577162214058051e-06,-6.734234078764484e-06,185.28434870437147,0.08446154032449331,-0.018572441162648945,-5.9646302658072185e-15,-4.9683216347798936e-15,6.792925846417188e-15,4.124968897017207e-14,6.533223760640235e-10,-8.749463821943822e-15,85.33783063918715,0.0336130923090254,-0.0315136860200884,4.0,12.753000000048655,-3.0370362031503784e-05,1.1087745734255726e-10,1.6084868179734,0.16385731787598806,0.16128364301238943,0.0,-0.48309189819534915,0.06283279341820777,-1.8387382299560643e-07,-1.120609575769302e-06,0.0628327934182084,-1.8387481396849592e-07,-1.1206099863326588e-06,0.0,-1.8387481396849592e-07,-1.1206099863326588e-06,1.0,0.0,0.0,1.0,0.0,0.0,1.0,0.0,0.0,0.003840202406550452,1.3900909566181274e-06,1.4674746791472369e-06,5.218933098088049e-12,5.219745028606606e-12,8.415106411742532e-15,4.8928934363359414e-14,1.0697597291921397e-15,6.53322375591749e-10,85.33783063918719,0.033613092962347775,-0.03151368602009715,-0.7854099177275877,2.298569784979695e-06,1.4007619695147646e-05
2.439999999999953,-3.900517749792235e-05,-0.11434937877736816,0.11997245063326341,0.7071026253696265,0.7071109369452182,1.5771645239319712e-06,-6.73423176893766e-06,186.13772701076337,0.0847974669420439,-0.01888882314513586,-5.087884197013593e-15,-1.1265349401802276e-14,-3.842339309218632e-15,-3.7471921061844756e-14,6.533236664743378e-10,-1.1547519534824014e-14,85.3378306391872,0.033572231220914975,-0.03176271046908657,4.0,12.752999999943064,-3.0370362031545417e-05,1.1088842555786146e-10,1.6084868179733998,0.16385731816876026,0.16128364330516184,0.0,-0.4830918981953495,0.06283279341820634,-1.8387332745764694e-07,-1.1206093705766628e-06,0.0628327934182058,-1.8387431839675736e-07,-1.1206097810532427e-06,0.0,-1.8387431839675736e-07,-1.1206097810532427e-06,1.0,0.0,0.0,1.0,0.0,0.0,1.0,0.0,0.0,0.0038402024066097056,1.401297103557069e-06,1.4656360619121328e-06,5.2201055877432565e-12,5.2121966334879705e-12,-4.783246276303019e-15,-2.979264008661383e-14,3.868374400688954e-15,6.533236669602566e-10,85.33783063918716,0.03357223187423864,-0.031762710469098114,-0.7854099177275877,2.2985635910455433e-06,1.4007617129610094e-05
2.4499999999999518,-3.900517749797758e-05,-0.1143493787773682,0.11997245063326346,0.7071026253696265,0.7071109369452182,1.5771668337947301e-06,-6.73422945912991e-06,186.99110531715527,0.08513298494931683,-0.01920769537186285,-5.331985054140175e-15,-7.0226686471555794e-15,1.6998954283433924e-15,3.2997726732456995e-15,6.533201525160731e-10,-1.213993455061526e-14,85.33783063918715,0.03353137025539141,-0.03201173486730807,4.0,12.753000000083343,-3.0370362031489906e-05,1.1088159265153615e-10,1.6084868179734004,0.16385731846439838,0.16128364360080008,0.0,-0.48309189819534887,0.06283279341820708,-1.8387283200905753e-07,-1.1206091653465146e-06,0.06283279341820777,-1.8387382299560643e-07,-1.120609575769302e-06,0.0,-1.8387382299560643e-07,-1.120609575769302e-06,1.0,0.0,0.0,1.0,0.0,0.0,1.0,0.0,0.0,0.0038402024066702535,1.4125032481830863e-06,1.4637974501475412e-06,5.21976487413876e-12,5.217361362582125e-12,2.085271122904678e-15,1.0979016661982402e-14,4.4605333678177466e-15,6.533201525297199e-10,85.33783063918715,0.03353137090871156,-0.032011734867320216,-0.7854099177275877,2.298557397147535e-06,1.4007614564099946e-05
2.4599999999999507,-3.9005177498026914e-05,-0.11434937877736831,0.11997245063326342,0.7071026253696265,0.7071109369452182,1.5771691436664278e-06,-6.734227149323058e-06,187.84448362354718,0.08546809434739544,-0.019529057842381053,-5.060558293066684e-15,-7.632987749466902e-15,7.273758636319576e-16,5.949580342390279e-16,6.533185104165492e-10,-1.40341898762988e-14,85.33783063918713,0.033490509387494906,-0.03226075922508257,4.0,12.752999999894008,-3.0370362031545417e-05,1.1088194381179635e-10,1.6084868179734,0.16385731876290233,0.1612836438993041,0.0,-0.4830918981953494,0.06283279341820704,-1.8387233652547512e-07,-1.120608960140497e-06,0.06283279341820634,-1.8387332745764694e-07,-1.1206093705766628e-06,0.0,-1.8387332745764694e-07,-1.1206093705766628e-06,1.0,0.0,0.0,1.0,0.0,0.0,1.0,0.0,0.0,0.00384020240673033,1.4237093910038569e-06,1.4619588427953624e-06,5.22011974838351e-12,5.216595108518542e-12,8.399646357136417e-16,8.274196537204559e-15,6.354827721754892e-15,6.533185104842545e-10,85.33783063918713,0.033490510040813416,-0.03226075922509661,-0.7854099177275877,2.2985512032332826e-06,1.4007611998598517e-05
2.4699999999999496,-3.900517749808108e-05,-0.11434937877736835,0.11997245063326346,0.7071026253696265,0.7071109369452182,1.577171453519492e-06,-6.734224839531095e-06,188.69786192993908,0.08580279513741906,-0.019852910556218593,-5.63982740833936e-15,-9.462613404507767e-15,-2.308878801850894e-15,-2.9487347537078605e-14,6.533180153382861e-10,-7.803711006591319e-15,85.33783063918715,0.03344964863777876,-0.03250978353391634,4.0,12.753000000114673,-3.037036203151766e-05,1.1088558691123751e-10,1.6084868179734004,0.1638573190642721,0.161283644200674,0.0,-0.4830918981953489,0.0628327934182065,-1.8387184102500838e-07,-1.1206087547893217e-06,0.06283279341820708,-1.8387283200905753e-07,-1.1206091653465146e-06,0.0,-1.8387283200905753e-07,-1.1206091653465146e-06,1.0,0.0,0.0,1.0,0.0,0.0,1.0,0.0,0.0,0.00384020240679011,1.4349155315368695e-06,1.4601202407704882e-06,5.219312899641815e-12,5.2144403704959555e-12,-2.8293360697472098e-15,-2.1808160290820178e-14,1.245740654494137e-16,6.533180156863481e-10,85.33783063918712,0.03344964929109678,-0.03250978353392415,-0.7854099177275877,2.298545009366056e-06,1.4007609433110685e-05
2.4799999999999485,-3.900517749813724e-05,-0.11434937877736846,0.11997245063326342,0.7071026253696266,0.7071109369452181,1.5771737633591197e-06,-6.734222529718646e-06,189.55124023633098,0.08613708732042998,-0.0201792535129438,-5.343855880166571e-15,-7.104817461745607e-15,4.67679903121469e-15,6.288115938696167e-14,6.533132560550619e-10,-1.3919631288186785e-14,85.33783063918706,0.03340878799010056,-0.032758807800477636,4.0,12.75299999986409,-3.0370362031503784e-05,1.1087620681046968e-10,1.6084868179734,0.16385731936850773,0.16128364450490967,0.0,-0.48309189819534937,0.06283279341820813,-1.8387134560204833e-07,-1.1206085496564299e-06,0.06283279341820704,-1.8387233652547512e-07,-1.120608960140497e-06,0.0,-1.8387233652547512e-07,-1.120608960140497e-06,1.0,0.0,0.0,1.0,0.0,0.0,1.0,0.0,0.0,0.0038402024068512177,1.4461216702946765e-06,1.4582816432976405e-06,5.219708504098035e-12,5.2167306304993735e-12,5.469553470828853e-15,7.056033528840417e-14,6.239876636310757e-15,6.533132553893011e-10,85.33783063918712,0.03340878864341382,-0.032758807800491556,-0.7854099177275875,2.2985388155082164e-06,1.4007606867573457e-05
2.4899999999999474,-3.9005177498189876e-05,-0.11434937877736853,0.11997245063326345,0.7071026253696265,0.7071109369452182,1.5771760732046053e-06,-6.734220219945744e-06,190.4046185427229,0.08647097089756602,-0.020508086712085316,-5.424396718818142e-15,-6.765915086440467e-15,-6.2942544877998615e-15,-9.735917901322107e-14,6.533156409041105e-10,-8.06839277972387e-15,85.33783063918723,0.0333679274620585,-0.0330078320174954,4.0,12.752999999987596,-3.037036203153154e-05,1.1088890599676733e-10,1.6084868179734002,0.16385731967560932,0.1612836448120112,0.0,-0.4830918981953489,0.06283279341820527,-1.8387085005209015e-07,-1.1206083443144962e-06,0.0628327934182065,-1.8387184102500838e-07,-1.1206087547893217e-06,0.0,-1.8387184102500838e-07,-1.1206087547893217e-06,1.0,0.0,0.0,1.0,0.0,0.0,1.0,0.0,0.0,0.0038402024069095916,1.4573278067046762e-06,1.4564430512732113e-06,5.2195760863877155e-12,5.218463629011084e-12,-7.457380901642729e-15,-8.96800177392531e-14,3.897787437950481e-16,6.533156420530583e-10,85.33783063918713,0.03336792811537414,-0.03300783201750347,-0.7854099177275877,2.29853262167033e-06,1.4007604302115816e-05
2.4999999999999463,-3.9005177498248125e-05,-0.1143493787773686,0.11997245063326346,0.7071026253696264,0.7071109369452183,1.5771783830268947e-06,-6.734217910158005e-06,191.2579968491148,0.08680444587003093,-0.020839410153144576,-6.224469683558485e-15,-5.418345804147823e-15,9.825489443613147e-15,1.422487345204428e-13,6.533073906091342e-10,-9.383169560392304e-15,85.33783063918702,0.033327067030923405,-0.03325685619435579,4.0,12.752999999823674,-3.0370362031559295e-05,1.1088337529749191e-10,1.6084868179734004,0.16385731998557662,0.16128364512197854,0.0,-0.48309189819534876,0.06283279341820962,-1.8387035469615092e-07,-1.120608139097843e-06,0.06283279341820813,-1.8387134560204833e-07,-1.1206085496564299e-06,0.0,-1.8387134560204833e-07,-1.1206085496564299e-06,1.0,0.0,0.0,1.0,0.0,0.0,1.0,0.0,0.0,0.003840202406972292,1.468533941367731e-06,1.454604463513911e-06,5.218480474310316e-12,5.218230483118275e-12,1.1557045200217912e-14,1.4992780838610194e-13,1.7029050195374128e-15,6.533073889571543e-10,85.33783063918716,0.03332706768423079,-0.03325685619436517,-0.7854099177275881,2.2985264278647736e-06,1.4007601736611824e-05
2.509999999999945,-3.900517749830566e-05,-0.11434937877736864,0.11997245063326346,0.7071026253696264,0.7071109369452183,1.5771806928453632e-06,-6.73421560037861e-06,192.1113751555067,0.08713751223873932,-0.02117322383574263,-5.426533938708653e-15,-2.61529982162019e-15,-4.2221403785743646e-15,-8.087995380539128e-14,6.533107277018339e-10,-9.880195297135297e-15,85.33783063918726,0.03328620673410052,-0.03350588031558777,4.0,12.752999999962991,-3.0370362031559295e-05,1.1088389410510947e-10,1.6084868179734004,0.16385732029840974,0.16128364543481166,0.0,-0.48309189819534865,0.06283279341820559,-1.838698591327426e-07,-1.1206079338674956e-06,0.06283279341820527,-1.8387085005209015e-07,-1.1206083443144962e-06,0.0,-1.8387085005209015e-07,-1.1206083443144962e-06,1.0,0.0,0.0,1.0,0.0,0.0,1.0,0.0,0.0,0.0038402024070299827,1.4797400735397959e-06,1.4527658819023481e-06,5.219548494811321e-12,5.2236900069583305e-12,-4.92504768246706e-15,-7.320083706912485e-14,2.201518827003233e-15,6.5331072867838e-10,85.33783063918717,0.03328620738741125,-0.033505880315597654,-0.7854099177275882,2.298520234073015e-06,1.4007599171120652e-05
2.519999999999944,-3.900517749836212e-05,-0.11434937877736864,0.1199724506332635,0.7071026253696262,0.7071109369452185,1.5771830026611478e-06,-6.734213290617153e-06,192.9647534618986,0.0874701700049244,-0.021509527759368752,-5.732421773845292e-15,-2.1328276633496115e-15,7.22644641883184e-15,1.0141688399903613e-13,6.533043774977999e-10,-1.2694940705061677e-14,85.3378306391871,0.033245346514361354,-0.03375490440489202,4.0,12.753000000037911,-3.0370362031600928e-05,1.1088165600172295e-10,1.6084868179734009,0.16385732061410874,0.16128364575051066,0.0,-0.48309189819534826,0.06283279341820894,-1.8386936374523971e-07,-1.1206077286814196e-06,0.06283279341820962,-1.8387035469615092e-07,-1.120608139097843e-06,0.0,-1.8387035469615092e-07,-1.120608139097843e-06,1.0,0.0,0.0,1.0,0.0,0.0,1.0,0.0,0.0,0.003840202407092064,1.4909462042798077e-06,1.4509273036738276e-06,5.219122532771427e-12,5.222810622402328e-12,8.487294551758966e-15,1.0909594660581158e-13,5.0150093723432635e-15,6.533043763646911e-10,85.3378306391872,0.03324534716766573,-0.033754904404904716,-0.7854099177275887,2.2985140403004335e-06,1.4007596605661382e-05
2.529999999999943,-3.900517749841508e-05,-0.11434937877736864,0.11997245063326348,0.7071026253696264,0.7071109369452183,1.577185312479965e-06,-6.7342109808565446e-06,193.8181317682905,0.08780241916962545,-0.021848321923592293,-5.206315801335049e-15,-2.1730184549707615e-15,-2.9877525007313865e-15,-3.396908442185108e-14,6.53305991372499e-10,-1.3159362093102658e-14,85.33783063918723,0.03320448644215197,-0.03400392843306497,4.0,12.752999999945835,-3.0370362031559295e-05,1.108789199025485e-10,1.6084868179734004,0.16385732093267333,0.16128364606907541,0.0,-0.48309189819534865,0.06283279341820644,-1.8386886821397687e-07,-1.1206075234533572e-06,0.06283279341820559,-1.838698591327426e-07,-1.1206079338674956e-06,0.0,-1.838698591327426e-07,-1.1206079338674956e-06,1.0,0.0,0.0,1.0,0.0,0.0,1.0,0.0,0.0,0.003840202407150702,1.5021523322598541e-06,1.4490887321551705e-06,5.219823116519643e-12,5.223856567735425e-12,-3.719149565822897e-15,-2.6289999445448225e-14,5.480399170199624e-15,6.533059918361933e-10,85.3378306391872,0.033204487095457966,-0.034003928433078125,-0.7854099177275882,2.2985078465227697e-06,1.4007594040206108e-05
2.539999999999942,-3.9005177498468584e-05,-0.11434937877736866,0.1199724506332635,0.7071026253696262,0.7071109369452185,1.5771876222920766e-06,-6.734208671119567e-06,194.6715100746824,0.08813425973393481,-0.022189606327960732,-5.529673592814227e-15,-2.0094753744646475e-15,5.783855007084658e-17,1.389134375826217e-14,6.533030020712059e-10,-1.1759835402949226e-14,85.33783063918717,0.033163626447021886,-0.03425295242931749,4.0,12.75300000007702,-3.0370362031614806e-05,1.1087434629227535e-10,1.6084868179734009,0.16385732125410393,0.16128364639050594,0.0,-0.4830918981953484,0.06283279341820736,-1.8386837276807303e-07,-1.1206073181949065e-06,0.06283279341820894,-1.8386936374523971e-07,-1.1206077286814196e-06,0.0,-1.8386936374523971e-07,-1.1206077286814196e-06,1.0,0.0,0.0,1.0,0.0,0.0,1.0,0.0,0.0,0.0038402024072113285,1.5133584587731974e-06,1.4472501640644124e-06,5.219367627348218e-12,5.223669944446658e-12,-1.2536457717214834e-16,2.157038338668262e-14,4.080558568009308e-15,6.533030019558924e-10,85.33783063918719,0.03316362710032489,-0.03425295242932925,-0.7854099177275887,2.2985016527763787e-06,1.4007591474790368e-05
2.5499999999999408,-3.9005177498524515e-05,-0.11434937877736866,0.11997245063326346,0.7071026253696264,0.7071109369452183,1.577189932089216e-06,-6.734206361359956e-06,195.5248883810743,0.08846569169902391,-0.022533380971988943,-5.477171342585732e-15,-2.5177252815602616e-15,2.891394874488094e-16,2.0433541352229418e-14,6.533013831296166e-10,-1.2316571090916218e-14,85.33783063918717,0.033122766586217975,-0.0345019763699336,4.0,12.752999999920524,-3.037036203158705e-05,1.108738859860391e-10,1.6084868179734004,0.1638573215784003,0.16128364671480236,0.0,-0.483091898195349,0.06283279341820742,-1.8386787729835186e-07,-1.1206071129672952e-06,0.06283279341820644,-1.8386886821397687e-07,-1.1206075234533572e-06,0.0,-1.8386886821397687e-07,-1.1206075234533572e-06,1.0,0.0,0.0,1.0,0.0,0.0,1.0,0.0,0.0,0.0038402024072715056,1.5245645828071327e-06,1.4454116020305117e-06,5.21942739087309e-12,5.222941095074505e-12,1.1095961013324082e-16,2.811256601127224e-14,4.637265573504776e-15,6.533013829439495e-10,85.33783063918719,0.03312276723951936,-0.03450197636994592,-0.7854099177275882,2.2984954590406024e-06,1.400758890931996e-05
2.5599999999999397,-3.9005177498579775e-05,-0.11434937877736868,0.11997245063326349,0.7071026253696262,0.7071109369452185,1.5771922418843132e-06,-6.734204051629436e-06,196.3782666874662,0.08879671506587056,-0.022879645855271878,-6.001576765843753e-15,-3.367621712360662e-16,-3.966939067932065e-15,-8.820454672165744e-14,6.533014027146291e-10,-5.382794583168466e-15,85.33783063918727,0.03308190681569772,-0.034751000273164606,4.0,12.75300000012076,-3.037036203164256e-05,1.1088134690248097e-10,1.6084868179734007,0.1638573219055624,0.16128364704196455,0.0,-0.4830918981953487,0.06283279341820552,-1.838673818012747e-07,-1.1206069076091387e-06,0.06283279341820736,-1.8386837276807303e-07,-1.1206073181949065e-06,0.0,-1.8386837276807303e-07,-1.1206073181949065e-06,1.0,0.0,0.0,1.0,0.0,0.0,1.0,0.0,0.0,0.003840202407330433,1.5357707050826597e-06,1.4435730440714073e-06,5.218690368152202e-12,5.2266382839687735e-12,-4.5046934417656486e-15,-8.052557239132899e-14,-2.2957188613515707e-15,6.533014037244067e-10,85.33783063918719,0.033081907468999125,-0.03475100027316999,-0.7854099177275887,2.2984892653315444e-06,1.4007586343903103e-05
2.5699999999999386,-3.900517749863919e-05,-0.11434937877736868,0.11997245063326346,0.7071026253696264,0.7071109369452183,1.577194551659041e-06,-6.734201741874414e-06,197.2316449938581,0.08912732983573429,-0.02322840097728793,-5.57753442561066e-15,-2.997694410935687e-15,3.6563521218535115e-15,7.78820008131156e-14,6.532969110663697e-10,-1.317419656264715e-14,85.33783063918712,0.03304104716629816,-0.0350000241262074,4.0,12.752999999882078,-3.037036203158705e-05,1.1087771174927193e-10,1.6084868179734004,0.16385732223559032,0.1612836473719925,0.0,-0.4830918981953489,0.06283279341820845,-1.8386688638695014e-07,-1.1206067025110392e-06,0.06283279341820742,-1.8386787729835186e-07,-1.1206071129672952e-06,0.0,-1.8386787729835186e-07,-1.1206071129672952e-06,1.0,0.0,0.0,1.0,0.0,0.0,1.0,0.0,0.0,0.003840202407392337,1.5469768252459499e-06,1.441734491527376e-06,5.2192679931511795e-12,5.2218167259905086e-12,4.013985491170126e-15,8.556097915660557e-14,5.494524637890073e-15,6.532969102155272e-10,85.33783063918719,0.03304104781959507,-0.03500002412622058,-0.7854099177275882,2.2984830716418665e-06,1.4007583778423795e-05
2.5799999999999375,-3.9005177498694796e-05,-0.11434937877736871,0.11997245063326348,0.7071026253696263,0.7071109369452184,1.5771968614411054e-06,-6.734199432151098e-06,198.08502330025001,0.08945753600953561,-0.023579646337655656,-5.8072119459830094e-15,1.6449911758641426e-15,-7.388097950363806e-15,-1.5459107288323233e-13,6.532987623155986e-10,-5.556186937042235e-15,85.33783063918736,0.033000187624792246,-0.03524904793457348,4.0,12.75300000000111,-3.0370362031614806e-05,1.1088500749175408e-10,1.6084868179734004,0.16385732256848412,0.16128364770488626,0.0,-0.4830918981953488,0.06283279341820429,-1.8386639085933263e-07,-1.1206064971408403e-06,0.06283279341820552,-1.838673818012747e-07,-1.1206069076091387e-06,0.0,-1.838673818012747e-07,-1.1206069076091387e-06,1.0,0.0,0.0,1.0,0.0,0.0,1.0,0.0,0.0,0.003840202407449927,1.5581829432495512e-06,1.4398959438889994e-06,5.2189233192191615e-12,5.22973621687266e-12,-8.41205245490122e-15,-1.4691212831729278e-13,-2.121811312924765e-15,6.532987641077307e-10,85.3378306391872,0.03300018827809101,-0.03524904793457904,-0.7854099177275885,2.298476877963179e-06,1.4007581213010362e-05
2.5899999999999364,-3.900517749875217e-05,-0.11434937877736871,0.11997245063326341,0.7071026253696269,0.7071109369452179,1.5771991712059853e-06,-6.734197122402144e-06,198.93840160664192,0.08978733358864273,-0.02393338193580834,-5.70630500284626e-15,-1.356475522161814e-15,-7.55942877595896e-15,-1.556341539407925e-13,6.532974699008101e-10,-5.678742615651215e-15,85.33783063918736,0.03295932820220694,-0.03549807169365751,4.0,12.753000000001915,-3.0370362031503784e-05,1.1088693822289403e-10,1.6084868179733998,0.16385732290424362,0.16128364804064588,0.0,-0.48309189819534964,0.06283279341820415,-1.8386589538929695e-07,-1.120606291905003e-06,0.06283279341820845,-1.8386688638695014e-07,-1.1206067025110392e-06,0.0,-1.8386688638695014e-07,-1.1206067025110392e-06,1.0,0.0,0.0,1.0,0.0,0.0,1.0,0.0,0.0,0.0038402024075100214,1.569389059109457e-06,1.4380574015783365e-06,5.219045128733152e-12,5.225831933475696e-12,-8.631508195593893e-15,-1.4795522367203433e-13,-1.999232835536222e-15,6.532974717066434e-10,85.3378306391872,0.03295932885550441,-0.03549807169366319,-0.785409917727587,2.2984706842969393e-06,1.400757864753482e-05
2.5999999999999353,-3.900517749880757e-05,-0.11434937877736878,0.11997245063326337,0.7071026253696272,0.7071109369452175,1.5772014809712425e-06,-6.73419481266793e-06,199.79177991303382,0.09011672257403483,-0.024289607771340364,-5.335307267244792e-15,-1.324685503914748e-14,1.5835610161703748e-15,4.338165911893625e-14,6.532940054891177e-10,-1.168480102816504e-14,85.33783063918716,0.03291846889632404,-0.035747095404416326,4.0,12.752999999950678,-3.0370362031434395e-05,1.1087811951337826e-10,1.608486817973399,0.16385732324286892,0.16128364837927125,0.0,-0.48309189819535014,0.06283279341820766,-1.83865399959226e-07,-1.120606086777328e-06,0.06283279341820429,-1.8386639085933263e-07,-1.1206064971408403e-06,0.0,-1.8386639085933263e-07,-1.1206064971408403e-06,1.0,0.0,0.0,1.0,0.0,0.0,1.0,0.0,0.0,0.0038402024075722815,1.5805951728476958e-06,1.4362188645047913e-06,5.2195477379398785e-12,5.208750126743867e-12,1.6250078403961517e-15,5.1060592450953194e-14,4.005414871589281e-15,6.532940050262903e-10,85.3378306391872,0.032918469549618044,-0.03574709540442801,-0.7854099177275861,2.29846449064156e-06,1.400757608208752e-05
2.609999999999934,-3.9005177498858564e-05,-0.11434937877736899,0.11997245063326345,0.7071026253696265,0.7071109369452182,1.577203790749445e-06,-6.7341925029750314e-06,200.64515821942572,0.09044570296667785,-0.024648323843851665,-4.862315530768247e-15,-2.859389575426008e-14,1.461754919391969e-14,3.2587652004870474e-13,6.532897326950968e-10,-2.0123225138101553e-14,85.33783063918688,0.032877609632280334,-0.03599611909784408,4.0,12.752999999784763,-3.0370362031600928e-05,1.1087951816268163e-10,1.6084868179734002,0.16385732358436,0.1612836487207624,0.0,-0.4830918981953493,0.06283279341821289,-1.838649045443383e-07,-1.1206058817005165e-06,0.06283279341820415,-1.8386589538929695e-07,-1.120606291905003e-06,0.0,-1.8386589538929695e-07,-1.120606291905003e-06,1.0,0.0,0.0,1.0,0.0,0.0,1.0,0.0,0.0,0.0038402024076354432,1.5918012858301065e-06,1.4343803293078491e-06,5.220195898800351e-12,5.186486131065243e-12,1.6227059175547707e-14,3.3355546467381576e-13,1.244182896476744e-14,6.532897290109759e-10,85.3378306391872,0.03287761028557007,-0.0359961190978642,-0.7854099177275877,2.298458296994085e-06,1.4007573516728732e-05
2.619999999999933,-3.9005177498911975e-05,-0.11434937877736912,0.11997245063326348,0.7071026253696263,0.7071109369452184,1.577206100512642e-06,-6.73419019327925e-06,201.49853652581763,0.09077427476730879,-0.025009530153036946,-5.689709967397423e-15,2.415907045075958e-15,-5.146897356028184e-15,-1.0037052040861281e-13,6.532904389530335e-10,-8.3670017888431e-15,85.3378306391873,0.03283675053046516,-0.03624514272406525,4.0,12.752999999970529,-3.0370362031628684e-05,1.1087860473009296e-10,1.6084868179734004,0.16385732392871682,0.1612836490651193,0.0,-0.483091898195349,0.06283279341820527,-1.8386440904192274e-07,-1.1206056762588217e-06,0.06283279341820766,-1.83865399959226e-07,-1.120606086777328e-06,0.0,-1.83865399959226e-07,-1.120606086777328e-06,1.0,0.0,0.0,1.0,0.0,0.0,1.0,0.0,0.0,0.003840202407690933,1.6030073956016792e-06,1.4325418014339254e-06,5.219031956997956e-12,5.2302275519294325e-12,-5.9565464832152156e-15,-9.269165318122888e-14,6.887059397722567e-16,6.532904401408903e-10,85.3378306391872,0.0328367511837556,-0.03624514272407362,-0.7854099177275885,2.2984521033727988e-06,1.4007570951352694e-05
2.629999999999932,-3.9005177498965385e-05,-0.11434937877736914,0.11997245063326348,0.7071026253696262,0.7071109369452185,1.5772084102718554e-06,-6.73418788358905e-06,202.35191483220953,0.09110243797750442,-0.025373226698242893,-4.992712995828538e-15,-7.9291848550288e-15,5.306919213635153e-15,1.425936429100767e-13,6.532871636574223e-10,-1.883197124936787e-14,85.33783063918709,0.032795891508662856,-0.03649416631712371,4.0,12.75299999986841,-3.0370362031698073e-05,1.1087812716187247e-10,1.6084868179734002,0.16385732427593966,0.16128364941234205,0.0,-0.483091898195349,0.06283279341820967,-1.8386391361213002e-07,-1.120605471217704e-06,0.06283279341821289,-1.838649045443383e-07,-1.1206058817005165e-06,0.0,-1.838649045443383e-07,-1.1206058817005165e-06,1.0,0.0,0.0,1.0,0.0,0.0,1.0,0.0,0.0,0.003840202407753672,1.614213504089767e-06,1.4307032771476891e-06,5.219995535228002e-12,5.214803940465899e-12,5.610198102295623e-15,1.5027254793875357e-13,1.115194195959358e-14,6.53287162112455e-10,85.33783063918723,0.032795892161950016,-0.03649416631714254,-0.7854099177275888,2.2984459097634485e-06,1.4007568385984107e-05
2.639999999999931,-3.900517749901597e-05,-0.11434937877736923,0.11997245063326353,0.7071026253696258,0.707110936945219,1.5772107200381913e-06,-6.734185573924018e-06,203.20529313860143,0.09143019259773304,-0.025739413479275535,-5.939068549969373e-15,7.223695432767533e-15,-6.548227990296977e-15,-1.4742016178575843e-13,6.532867890381316e-10,-5.87562176996346e-15,85.3378306391874,0.032755032585944324,-0.03674318986917405,4.0,12.753000000166882,-3.0370362031809095e-05,1.1087854256624105e-10,1.6084868179734009,0.16385732462602814,0.16128364976243062,0.0,-0.48309189819534853,0.06283279341820457,-1.8386341813062616e-07,-1.1206052657592681e-06,0.06283279341820527,-1.8386440904192274e-07,-1.1206056762588217e-06,0.0,-1.8386440904192274e-07,-1.1206056762588217e-06,1.0,0.0,0.0,1.0,0.0,0.0,1.0,0.0,0.0,0.003840202407810636,1.625419610503782e-06,1.4288647573275662e-06,5.218658666483771e-12,5.236828482111481e-12,-7.372761197854214e-15,-1.397413556250098e-13,-1.8022880458527183e-15,6.532867907497321e-10,85.33783063918726,0.03275503323923111,-0.036743189869179925,-0.7854099177275902,2.2984397161603607e-06,1.4007565820668835e-05
2.6499999999999297,-3.9005177499078034e-05,-0.11434937877736918,0.11997245063326349,0.7071026253696261,0.7071109369452186,1.5772130297574987e-06,-6.734183264216813e-06,204.05867144499334,0.09175753862974302,-0.026108090495410914,-6.217678377447487e-15,-1.6669939010029928e-15,4.741330900775824e-15,1.1794584636869864e-13,6.532837629311034e-10,-9.563063120743482e-15,85.33783063918712,0.03271417382177575,-0.03699221335552287,4.0,12.75299999983713,-3.0370362031725828e-05,1.1087996676839629e-10,1.6084868179734004,0.16385732497898223,0.16128365011538495,0.0,-0.4830918981953489,0.06283279341820927,-1.8386292270133298e-07,-1.1206050605910685e-06,0.06283279341820967,-1.8386391361213002e-07,-1.120605471217704e-06,0.0,-1.8386391361213002e-07,-1.120605471217704e-06,1.0,0.0,0.0,1.0,0.0,0.0,1.0,0.0,0.0,0.003840202407873612,1.6366257141160308e-06,1.427026244639012e-06,5.218301725421024e-12,5.223115268948015e-12,5.139777399510279e-15,1.2562464382802938e-13,1.8832535631255317e-15,6.532837615669005e-10,85.33783063918723,0.03271417447505951,-0.03699221335553243,-0.7854099177275893,2.2984335226133215e-06,1.4007563255236667e-05
2.6599999999999286,-3.900517749913668e-05,-0.11434937877736916,0.11997245063326348,0.7071026253696262,0.7071109369452185,1.5772153394816663e-06,-6.734180954527464e-06,204.91204975138524,0.0920844760746515,-0.026479257746186154,-5.956613375890176e-15,4.628079280148692e-15,-4.399112228605245e-15,-1.0259120879956977e-13,6.532831892999563e-10,-6.524681300769402e-15,85.33783063918733,0.03267331518311527,-0.037241236789923984,4.0,12.752999999947445,-3.0370362031725828e-05,1.1087603100804421e-10,1.6084868179734002,0.16385732533480243,0.16128365047120505,0.0,-0.4830918981953491,0.06283279341820526,-1.838624272282799e-07,-1.1206048553048178e-06,0.06283279341820457,-1.8386341813062616e-07,-1.1206052657592681e-06,0.0,-1.8386341813062616e-07,-1.1206052657592681e-06,1.0,0.0,0.0,1.0,0.0,0.0,1.0,0.0,0.0,0.0038402024079313324,1.647831815340249e-06,1.4251877376016778e-06,5.218612242747141e-12,5.233055355515558e-12,-4.9526117005387615e-15,-9.491244022091439e-14,-1.1535131402065138e-15,6.532831904922612e-10,85.33783063918723,0.03267331583639846,-0.03724123678993051,-0.7854099177275888,2.2984273290710913e-06,1.4007560689842167e-05
2.6699999999999275,-3.9005177499201443e-05,-0.11434937877736914,0.11997245063326349,0.7071026253696261,0.7071109369452186,1.57721764918558e-06,-6.734178644832252e-06,205.76542805777714,0.092411004933627,-0.02685291523111756,-5.962371348472419e-15,1.504463011780608e-15,-1.0110494771723222e-15,-1.5339053623748292e-14,6.532810389302643e-10,-8.459673856475319e-15,85.33783063918723,0.03263245663473942,-0.03749026018691479,4.0,12.753000000066328,-3.037036203171195e-05,1.1087064030593399e-10,1.6084868179734004,0.16385732569348818,0.1612836508298909,0.0,-0.48309189819534903,0.06283279341820687,-1.838619317863121e-07,-1.120604650105926e-06,0.06283279341820927,-1.8386292270133298e-07,-1.1206050605910685e-06,0.0,-1.8386292270133298e-07,-1.1206050605910685e-06,1.0,0.0,0.0,1.0,0.0,0.0,1.0,0.0,0.0,0.003840202407992381,1.6590379149208851e-06,1.4233492346257982e-06,5.218603019562771e-12,5.2282870424610525e-12,-1.2740956354357221e-15,-7.66029621687565e-15,7.808683629676875e-16,6.532810391197405e-10,85.33783063918722,0.03263245728802046,-0.037490260186923245,-0.7854099177275893,2.2984211355626603e-06,1.4007558124420647e-05
2.6799999999999264,-3.9005177499253126e-05,-0.11434937877736913,0.11997245063326345,0.7071026253696264,0.7071109369452183,1.5772199589133665e-06,-6.734176335168147e-06,206.61880636416905,0.09273712520775,-0.0272290629497571,-5.515143077760966e-15,2.511073183499382e-15,-1.3756170272897664e-15,-2.0259109837901585e-14,6.532793704815027e-10,-1.1559510105184173e-14,85.33783063918723,0.03259159820527342,-0.03773928353461827,4.0,12.75299999993309,-3.0370362031670317e-05,1.1087012291919341e-10,1.6084868179734,0.16385732605503966,0.16128365119144253,0.0,-0.4830918981953496,0.06283279341820669,-1.8386143633400283e-07,-1.1206044449342193e-06,0.06283279341820526,-1.838624272282799e-07,-1.1206048553048178e-06,0.0,-1.838624272282799e-07,-1.1206048553048178e-06,1.0,0.0,0.0,1.0,0.0,0.0,1.0,0.0,0.0,0.0038402024080524304,1.670244012299331e-06,1.4215107370015625e-06,5.219195871431839e-12,5.229634255390976e-12,-1.7277306798339829e-15,-1.258034943411729e-14,3.880760105290791e-15,6.532793707652464e-10,85.33783063918722,0.03259159885855279,-0.03773928353462983,-0.7854099177275882,2.2984149420333935e-06,1.4007555559076853e-05
2.6899999999999253,-3.900517749931181e-05,-0.11434937877736913,0.11997245063326346,0.7071026253696263,0.7071109369452184,1.5772222686209908e-06,-6.734174025500927e-06,207.47218467056095,0.09306283689794385,-0.02760770090172235,-5.583851775483338e-15,-8.478507444754987e-16,-3.806694927949925e-15,-8.318525079462172e-14,6.532780472761811e-10,-9.370866158707681e-15,85.3378306391873,0.03255073986608927,-0.037988306844923846,4.0,12.753000000085585,-3.0370362031698073e-05,1.1087736187022576e-10,1.6084868179734002,0.16385732641945708,0.1612836515558599,0.0,-0.48309189819534953,0.06283279341820558,-1.8386094087834193e-07,-1.1206042396655813e-06,0.06283279341820687,-1.838619317863121e-07,-1.120604650105926e-06,0.0,-1.838619317863121e-07,-1.120604650105926e-06,1.0,0.0,0.0,1.0,0.0,0.0,1.0,0.0,0.0,0.0038402024081118534,1.681450107938599e-06,1.4196722434397024e-06,5.2190784634218475e-12,5.225751676553138e-12,-4.3414497134113545e-15,-7.550652189984659e-14,1.6925906301578819e-15,6.532780482738413e-10,85.33783063918722,0.03255074051936732,-0.03798830684493321,-0.7854099177275885,2.2984087485399114e-06,1.4007552993711322e-05
2.6999999999999242,-3.900517749936739e-05,-0.11434937877736913,0.11997245063326344,0.7071026253696265,0.7071109369452182,1.5772245783256115e-06,-6.734171715839063e-06,208.32556297695285,0.09338814000546812,-0.02798882908649141,-5.771552889547907e-15,7.451141326443137e-16,1.3867407303832044e-15,4.607850077655395e-14,6.532755918882937e-10,-1.029002394362507e-14,85.33783063918719,0.03250988164801795,-0.0382373301050603,4.0,12.752999999923235,-3.037036203165644e-05,1.1087393458880373e-10,1.6084868179733998,0.16385732678674034,0.16128365192314306,0.0,-0.48309189819534987,0.06283279341820786,-1.8386044544385247e-07,-1.1206040344535075e-06,0.06283279341820669,-1.8386143633400283e-07,-1.1206044449342193e-06,0.0,-1.8386143633400283e-07,-1.1206044449342193e-06,1.0,0.0,0.0,1.0,0.0,0.0,1.0,0.0,0.0,0.0038402024081733584,1.6926562013489707e-06,1.417833755325028e-06,5.21882214298288e-12,5.2267623640962364e-12,1.3339475306986126e-15,5.375720750172568e-14,2.61083456161998e-15,6.532755913773751e-10,85.33783063918723,0.03250988230129354,-0.03823733010507059,-0.7854099177275878,2.2984025550563306e-06,1.4007550428353587e-05
2.709999999999923,-3.9005177499424206e-05,-0.11434937877736913,0.11997245063326344,0.7071026253696264,0.7071109369452183,1.577226888025633e-06,-6.734169406188886e-06,209.17894128334476,0.09371303453117721,-0.028372447503710464,-5.215579923088453e-15,-1.0674584304458122e-15,-5.21915367047142e-15,-1.2713550429190345e-13,6.532747736643123e-10,-1.172647508153137e-14,85.33783063918737,0.03246902352463076,-0.03848635332598215,4.0,12.753000000100545,-3.0370362031684195e-05,1.1088063014709803e-10,1.6084868179733998,0.1638573271568892,0.16128365229329197,0.0,-0.48309189819534976,0.06283279341820479,-1.8385994998132606e-07,-1.1206038292522288e-06,0.06283279341820558,-1.8386094087834193e-07,-1.1206042396655813e-06,0.0,-1.8386094087834193e-07,-1.1206042396655813e-06,1.0,0.0,0.0,1.0,0.0,0.0,1.0,0.0,0.0,0.0038402024082315874,1.7038622930111919e-06,1.41599527147441e-06,5.219549877120978e-12,5.225784239323268e-12,-5.862429197255501e-15,-1.194567966914352e-13,4.048558558153553e-15,6.532747752062586e-10,85.33783063918725,0.03246902417790554,-0.03848635332599388,-0.7854099177275884,2.29839636159065e-06,1.4007547863014402e-05
2.719999999999922,-3.9005177499477075e-05,-0.11434937877736913,0.11997245063326341,0.7071026253696266,0.7071109369452181,1.5772291977268962e-06,-6.734167096549594e-06,210.03231958973666,0.0940375204764129,-0.02875855615282375,-5.515503156242167e-15,-4.891294868119537e-16,2.5422362692861684e-15,6.717010485820087e-14,6.532719799900884e-10,-1.2417432633970404e-14,85.33783063918717,0.03242816553777125,-0.038735376490352275,4.0,12.75300000002242,-3.037036203165644e-05,1.1087423776186116e-10,1.6084868179733993,0.1638573275299038,0.16128365266630665,0.0,-0.48309189819535,0.06283279341820822,-1.8385945455485328e-07,-1.12060362403926e-06,0.06283279341820786,-1.8386044544385247e-07,-1.1206040344535075e-06,0.0,-1.8386044544385247e-07,-1.1206040344535075e-06,1.0,0.0,0.0,1.0,0.0,0.0,1.0,0.0,0.0,0.0038402024082937938,1.7150683821047472e-06,1.4141567937639536e-06,5.219143129480648e-12,5.224957109904833e-12,2.6517249747683336e-15,7.484878464231727e-14,4.7381318884583015e-15,6.532719792562628e-10,85.33783063918725,0.03242816619104323,-0.038735376490364695,-0.7854099177275876,2.2983901681311637e-06,1.4007545297696827e-05
2.729999999999921,-3.9005177499534124e-05,-0.11434937877736917,0.11997245063326338,0.707102625369627,0.7071109369452178,1.5772315074072223e-06,-6.7341647868997106e-06,210.88569789612856,0.0943615978423378,-0.029147155033349734,-5.6826260086557705e-15,-5.591570822597543e-15,-1.8655333866305995e-15,-4.902397035280444e-14,6.532710307742881e-10,-8.461222061177085e-15,85.3378306391873,0.03238730766541174,-0.038984399607299845,4.0,12.752999999945102,-3.0370362031573173e-05,1.1087661972011492e-10,1.608486817973399,0.16385732790578444,0.1612836530421871,0.0,-0.4830918981953503,0.06283279341820604,-1.8385895909769068e-07,-1.12060341873972e-06,0.06283279341820479,-1.8385994998132606e-07,-1.1206038292522288e-06,0.0,-1.8385994998132606e-07,-1.1206038292522288e-06,1.0,0.0,0.0,1.0,0.0,0.0,1.0,0.0,0.0,0.003840202408352642,1.7262744690270107e-06,1.4123183212118663e-06,5.218886636520783e-12,5.219253018066015e-12,-2.107716034931237e-15,-4.1345330567662575e-14,7.827798704791436e-16,6.532710313597208e-10,85.33783063918726,0.032387308318682764,-0.038984399607308304,-0.7854099177275866,2.2983839747030577e-06,1.4007542732342725e-05
2.73999999999992,-3.900517749958945e-05,-0.11434937877736924,0.11997245063326338,0.707102625369627,0.7071109369452178,1.5772338170898084e-06,-6.734162477267251e-06,211.73907620252047,0.09468526663007053,-0.02953824414482502,-5.5345035744627696e-15,-9.787617535980842e-15,-1.7739075763409542e-15,-3.0882814372574665e-14,6.532694171989421e-10,-9.312483903301274e-15,85.33783063918729,0.03234644989654759,-0.039233422681378124,4.0,12.75300000006045,-3.037036203158705e-05,1.1087774128869837e-10,1.608486817973399,0.16385732828453065,0.1612836534209333,0.0,-0.4830918981953502,0.06283279341820637,-1.8385846365323855e-07,-1.1206032135294998e-06,0.06283279341820822,-1.8385945455485328e-07,-1.12060362403926e-06,0.0,-1.8385945455485328e-07,-1.12060362403926e-06,1.0,0.0,0.0,1.0,0.0,0.0,1.0,0.0,0.0,0.0038402024084129415,1.7374805540665671e-06,1.4104798533146966e-06,5.219073103967091e-12,5.213628548209576e-12,-2.1428938030438696e-15,-2.3204187346881857e-14,1.6339283766445608e-15,6.532694175811475e-10,85.33783063918726,0.03234645054981701,-0.039233422681387436,-0.7854099177275866,2.2983777812843516e-06,1.4007540167023439e-05
2.7499999999999187,-3.90051774996444e-05,-0.11434937877736938,0.11997245063326335,0.7071026253696272,0.7071109369452175,1.577236126761469e-06,-6.734160167631188e-06,212.59245450891237,0.09500852684048014,-0.029931823486889705,-5.288496131291367e-15,-1.0542056522080159e-14,2.3472361322170993e-15,6.563054072098012e-14,6.53267108521586e-10,-1.3074006109807144e-14,85.33783063918719,0.03230559221796607,-0.03948244571805051,4.0,12.752999999908413,-3.037036203153154e-05,1.1086983949435245e-10,1.6084868179733989,0.16385732866614253,0.16128365380254525,0.0,-0.48309189819535053,0.06283279341820808,-1.8385796822272908e-07,-1.120603008370431e-06,0.06283279341820604,-1.8385895909769068e-07,-1.12060341873972e-06,0.0,-1.8385895909769068e-07,-1.12060341873972e-06,1.0,0.0,0.0,1.0,0.0,0.0,1.0,0.0,0.0,0.00384020240847409,1.7486866374491026e-06,1.4086413894785017e-06,5.2194045190975885e-12,5.2118734110142706e-12,2.430042067626126e-15,7.330916803414616e-14,5.394773855681837e-15,6.532671078135749e-10,85.33783063918726,0.03230559287123318,-0.039482445718063586,-0.7854099177275863,2.298371587883531e-06,1.4007537601688738e-05
2.7599999999999176,-3.9005177499696524e-05,-0.11434937877736946,0.11997245063326338,0.707102625369627,0.7071109369452178,1.5772384364402011e-06,-6.734157858019101e-06,213.44583281530427,0.0953313784748262,-0.030327893059021876,-5.221844451553714e-15,-1.0786466593680881e-14,-3.513325719093104e-15,-7.671970221107293e-14,6.532662143431736e-10,-1.0857296729463243e-14,85.33783063918736,0.032264734660490985,-0.03973146870455519,4.0,12.753000000077929,-3.037036203158705e-05,1.1088170330860284e-10,1.608486817973399,0.16385732905062048,0.16128365418702298,0.0,-0.4830918981953504,0.06283279341820554,-1.8385747276719252e-07,-1.1206028031078356e-06,0.06283279341820637,-1.8385846365323855e-07,-1.1206032135294998e-06,0.0,-1.8385846365323855e-07,-1.1206032135294998e-06,1.0,0.0,0.0,1.0,0.0,0.0,1.0,0.0,0.0,0.003840202408532655,1.759892718522615e-06,1.4068029310945255e-06,5.2194662972885606e-12,5.212685601911626e-12,-4.041138527294902e-15,-6.904110156108334e-14,3.1791131344944e-15,6.532662152823102e-10,85.33783063918729,0.0322647353137572,-0.03973146870456605,-0.7854099177275866,2.2983653944881336e-06,1.4007535036405054e-05
2.7699999999999165,-3.9005177499750754e-05,-0.11434937877736959,0.11997245063326337,0.7071026253696271,0.7071109369452176,1.5772407461025737e-06,-6.734155548399833e-06,214.29921112169617,0.09565382153402469,-0.03072645286084215,-5.7355307859435315e-15,-1.013094613908998e-14,4.372686234733097e-15,1.2930001686638373e-13,6.532632084507839e-10,-1.0453825362275655e-14,85.33783063918716,0.032223877208713426,-0.039980491647276205,4.0,12.753000000008004,-3.0370362031559295e-05,1.1087119149198512e-10,1.6084868179733989,0.16385732943796397,0.16128365457436647,0.0,-0.48309189819535064,0.06283279341820924,-1.8385697735169713e-07,-1.120602597875761e-06,0.06283279341820808,-1.8385796822272908e-07,-1.120603008370431e-06,0.0,-1.8385796822272908e-07,-1.120603008370431e-06,1.0,0.0,0.0,1.0,0.0,0.0,1.0,0.0,0.0,0.003840202408594989,1.7710987976279998e-06,1.4049644774614406e-06,5.218771205634803e-12,5.2118684957145316e-12,4.5621635730761064e-15,1.3697857922272166e-13,2.774174616319388e-15,6.532632069635953e-10,85.33783063918729,0.032223877861976634,-0.03998049164728666,-0.7854099177275864,2.298359201118116e-06,1.4007532471094904e-05
2.7799999999999154,-3.9005177499805744e-05,-0.11434937877736966,0.11997245063326335,0.7071026253696271,0.7071109369452176,1.5772430557587005e-06,-6.734153238788254e-06,215.15258942808808,0.09597585601937038,-0.03112750289181421,-5.260275227839593e-15,-1.0170184404481709e-14,-6.360015372982269e-15,-1.3453345240437706e-13,6.532629992465132e-10,-9.824736955282558e-15,85.33783063918744,0.032183019860424426,-0.04022951454713628,4.0,12.753000000119297,-3.037036203158705e-05,1.108855671181888e-10,1.6084868179733989,0.1638573298281733,0.16128365496457572,0.0,-0.48309189819535076,0.0628327934182045,-1.8385648188729184e-07,-1.1206023926403996e-06,0.06283279341820554,-1.8385747276719252e-07,-1.1206028031078356e-06,0.0,-1.8385747276719252e-07,-1.1206028031078356e-06,1.0,0.0,0.0,1.0,0.0,0.0,1.0,0.0,0.0,0.0038402024086522358,1.782304874824643e-06,1.4031260284920352e-06,5.219382360175402e-12,5.213920946975554e-12,-7.272205686774489e-15,-1.2685489706976373e-13,2.1470127812867146e-15,6.532630008530638e-10,85.33783063918732,0.032183020513687426,-0.04022951454714611,-0.7854099177275864,2.2983530077659784e-06,1.4007529905794428e-05
2.7899999999999143,-3.900517749985887e-05,-0.11434937877736974,0.11997245063326335,0.707102625369627,0.7071109369452178,1.5772453654140967e-06,-6.734150929188659e-06,216.00596773447998,0.09629748193178808,-0.031531043151555006,-5.3147775000061054e-15,-1.002599543210804e-14,3.430217714814056e-15,7.553742539049411e-14,6.532599989200352e-10,-1.2994272185563594e-14,85.33783063918722,0.032142162646458486,-0.040478537391354784,4.0,12.75300000002338,-3.0370362031628684e-05,1.10867439365027e-10,1.6084868179733987,0.1638573302212482,0.16128365535765074,0.0,-0.4830918981953507,0.06283279341820829,-1.838559864739906e-07,-1.1206021874751852e-06,0.06283279341820924,-1.8385697735169713e-07,-1.120602597875761e-06,0.0,-1.8385697735169713e-07,-1.120602597875761e-06,1.0,0.0,0.0,1.0,0.0,0.0,1.0,0.0,0.0,0.0038402024087146134,1.793510949535441e-06,1.4012875855592895e-06,5.219312844413651e-12,5.2123912253698205e-12,3.750284022293463e-15,8.321596855457561e-14,5.315051251938868e-15,6.532599980946411e-10,85.33783063918729,0.03214216329971849,-0.04047853739136778,-0.7854099177275866,2.2983468144246395e-06,1.4007527340516103e-05
2.7999999999999132,-3.9005177499910234e-05,-0.11434937877736981,0.11997245063326333,0.7071026253696272,0.7071109369452175,1.5772476750666212e-06,-6.734148619596475e-06,216.85934604087188,0.0966186992725109,-0.03193707363955375,-5.110764115649126e-15,-8.271791482047332e-15,-4.497762562393162e-15,-1.3557032760083117e-13,6.532593488881794e-10,-1.142805306504744e-14,85.33783063918743,0.03210130550955764,-0.0407275602036511,4.0,12.75299999997527,-3.0370362031600928e-05,1.1088372340324725e-10,1.6084868179733987,0.16385733061718896,0.16128365575359152,0.0,-0.4830918981953509,0.06283279341820446,-1.8385549101928533e-07,-1.1206019822256709e-06,0.0628327934182045,-1.8385648188729184e-07,-1.1206023926403996e-06,0.0,-1.8385648188729184e-07,-1.1206023926403996e-06,1.0,0.0,0.0,1.0,0.0,0.0,1.0,0.0,0.0,0.0038402024087724313,1.8047170227794837e-06,1.3994491461010124e-06,5.219560358022048e-12,5.216362751254949e-12,-4.862666640931477e-15,-1.2789180347954136e-13,3.7503793589090094e-15,6.532593505257639e-10,85.33783063918729,0.03210130616281699,-0.04072756020366253,-0.7854099177275863,2.2983406210945665e-06,1.4007524775249573e-05
2.809999999999912,-3.9005177499966375e-05,-0.1143493787773699,0.11997245063326335,0.7071026253696271,0.7071109369452176,1.577249984701889e-06,-6.734146310003122e-06,217.7127243472638,0.09693950804257817,-0.032345594355379946,-5.5780869185518624e-15,-1.0628128849038003e-14,7.978127501164254e-16,2.7790765884349153e-14,6.532567868426546e-10,-9.968397828150308e-15,85.33783063918727,0.03206044852018924,-0.04097658295483904,4.0,12.753000000052674,-3.0370362031600928e-05,1.1087130043145472e-10,1.6084868179733989,0.1638573310159955,0.16128365615239806,0.0,-0.48309189819535064,0.06283279341820741,-1.8385499560154052e-07,-1.120601776976813e-06,0.06283279341820829,-1.838559864739906e-07,-1.1206021874751852e-06,0.0,-1.838559864739906e-07,-1.1206021874751852e-06,1.0,0.0,0.0,1.0,0.0,0.0,1.0,0.0,0.0,0.0038402024088343037,1.815923093256295e-06,1.397610713279691e-06,5.21892063318238e-12,5.211984016963716e-12,7.180284407538944e-16,3.5469249230299064e-14,2.2895628629347696e-15,6.532567865429144e-10,85.3378306391873,0.032060449173446026,-0.04097658295484901,-0.7854099177275864,2.2983344277962962e-06,1.4007522209967273e-05
2.819999999999911,-3.9005177500018986e-05,-0.11434937877737004,0.11997245063326331,0.7071026253696273,0.7071109369452174,1.577252294338396e-06,-6.734144000418967e-06,218.5661026536557,0.09725990824308203,-0.03275660529858121,-5.251228335820049e-15,-1.0835672762442335e-14,-1.7428052352223407e-15,-2.3158556716571945e-14,6.532553046716288e-10,-1.188726962734685e-14,85.33783063918733,0.03201959160788709,-0.04122560567410466,4.0,12.7529999999335,-3.0370362031573173e-05,1.1087545018845301e-10,1.6084868179733984,0.16385733141766773,0.16128365655407037,0.0,-0.4830918981953511,0.06283279341820647,-1.8385450016474787e-07,-1.1206015717902417e-06,0.06283279341820446,-1.8385549101928533e-07,-1.1206019822256709e-06,0.0,-1.8385549101928533e-07,-1.1206019822256709e-06,1.0,0.0,0.0,1.0,0.0,0.0,1.0,0.0,0.0,0.003840202408893854,1.8271291623421108e-06,1.395772283927219e-06,5.2193490593164115e-12,5.212120358284236e-12,-2.178469579590959e-15,-1.5480076792885026e-14,4.208823651675546e-15,6.532553049933087e-10,85.3378306391873,0.03201959226114239,-0.041225605674116546,-0.785409917727586,2.2983282345028994e-06,1.4007519644703386e-05
2.82999999999991,-3.900517750007256e-05,-0.11434937877737017,0.11997245063326334,0.7071026253696271,0.7071109369452176,1.5772546039693291e-06,-6.734141690846768e-06,219.4194809600476,0.09757989987519393,-0.03317010646867232,-5.153761802689128e-15,-9.737600991990355e-15,-1.082594026387394e-15,-3.349592543499195e-14,6.532535414600059e-10,-1.2876682430180725e-14,85.33783063918733,0.03197873482990325,-0.04147462833773149,4.0,12.753000000073158,-3.0370362031628684e-05,1.1087526660750953e-10,1.6084868179733984,0.16385733182220574,0.16128365695860844,0.0,-0.4830918981953508,0.06283279341820631,-1.8385400473461067e-07,-1.1206013665884035e-06,0.06283279341820741,-1.8385499560154052e-07,-1.120601776976813e-06,0.0,-1.8385499560154052e-07,-1.120601776976813e-06,1.0,0.0,0.0,1.0,0.0,0.0,1.0,0.0,0.0,0.0038402024089538456,1.8383352289131495e-06,1.3939338606158951e-06,5.219469572938409e-12,5.213598452104135e-12,-1.2480106286468251e-15,-2.5817459019389517e-14,5.198332568487728e-15,6.532535419148228e-10,85.3378306391873,0.031978735483156794,-0.04147462833774437,-0.7854099177275864,2.298322041229462e-06,1.4007517079457792e-05
2.839999999999909,-3.9005177500124066e-05,-0.11434937877737024,0.11997245063326331,0.7071026253696274,0.7071109369452173,1.5772569135970934e-06,-6.734139381279047e-06,220.2728592664395,0.0978994829398915,-0.03358609786524828,-5.715225816670379e-15,-1.0649081561149355e-14,3.2942984618056744e-15,6.771370520162471e-14,6.532513119583394e-10,-9.014381431530653e-15,85.33783063918723,0.03193787814219886,-0.041723650963965735,4.0,12.752999999889836,-3.0370362031545417e-05,1.1086701497424231e-10,1.6084868179733984,0.16385733222960944,0.16128365736601227,0.0,-0.48309189819535114,0.06283279341820808,-1.8385350931362876e-07,-1.1206011612997148e-06,0.06283279341820647,-1.8385450016474787e-07,-1.1206015717902417e-06,0.0,-1.8385450016474787e-07,-1.1206015717902417e-06,1.0,0.0,0.0,1.0,0.0,0.0,1.0,0.0,0.0,0.003840202409015044,1.8495412937431876e-06,1.3920954413689411e-06,5.2186909261192145e-12,5.211583985219013e-12,3.660876701374506e-15,7.539211723410453e-14,1.3353196689764157e-15,6.532513111781265e-10,85.3378306391873,0.031937878795450174,-0.04172365096397475,-0.7854099177275856,2.2983158479655503e-06,1.4007514514218199e-05
2.8499999999999077,-3.900517750018071e-05,-0.11434937877737038,0.11997245063326334,0.7071026253696272,0.7071109369452175,1.5772592232062251e-06,-6.734137071709328e-06,221.1262375728314,0.09821865743843425,-0.03400457948778743,-5.244544314071901e-15,-1.114279372283026e-14,-3.651866177341435e-15,-7.592933499265059e-14,6.532502792171861e-10,-1.189107473074693e-14,85.33783063918739,0.03189702157559847,-0.04197267354003188,4.0,12.753000000094923,-3.037036203158705e-05,1.1087928769785024e-10,1.6084868179733987,0.1638573326398791,0.16128365777628179,0.0,-0.4830918981953509,0.06283279341820554,-1.8385301387380604e-07,-1.1206009561308543e-06,0.06283279341820631,-1.8385400473461067e-07,-1.1206013665884035e-06,0.0,-1.8385400473461067e-07,-1.1206013665884035e-06,1.0,0.0,0.0,1.0,0.0,0.0,1.0,0.0,0.0,0.0038402024090735945,1.8607473564009133e-06,1.3902570275727193e-06,5.2193175834874444e-12,5.212085154013516e-12,-4.2470060540191085e-15,-6.825091410560107e-14,4.2130726754123486e-15,6.532502801591862e-10,85.33783063918732,0.03189702222884875,-0.041972673540043776,-0.7854099177275863,2.2983096547353993e-06,1.4007511948960187e-05
2.8599999999999066,-3.9005177500233116e-05,-0.11434937877737052,0.11997245063326331,0.7071026253696273,0.7071109369452174,1.577261532820362e-06,-6.734134762154212e-06,221.9796158792233,0.09853742337173817,-0.03442555133591031,-5.614988859294602e-15,-1.2786872365649416e-14,5.773599234884389e-15,1.5404308582590704e-13,6.532474612480684e-10,-1.0334363131347334e-14,85.33783063918716,0.031856165114692206,-0.042221696072325995,4.0,12.753000000009182,-3.0370362031600928e-05,1.1086864492062469e-10,1.6084868179733982,0.16385733305301417,0.161283658189417,0.0,-0.4830918981953511,0.06283279341820966,-1.8385251846627567e-07,-1.120600750884722e-06,0.06283279341820808,-1.8385350931362876e-07,-1.1206011612997148e-06,0.0,-1.8385350931362876e-07,-1.1206011612997148e-06,1.0,0.0,0.0,1.0,0.0,0.0,1.0,0.0,0.0,0.0038402024091361846,1.8719534170211552e-06,1.3884186185314678e-06,5.2188009668053286e-12,5.208083763042854e-12,6.1896415230548045e-15,1.6172146221533534e-13,2.6547170447738498e-15,6.532474594686445e-10,85.33783063918732,0.03185616576793967,-0.04222169607233633,-0.785409917727586,2.298303461507227e-06,1.4007509383733791e-05
2.8699999999999055,-3.900517750029231e-05,-0.11434937877737064,0.11997245063326331,0.7071026253696273,0.7071109369452174,1.5772638424086327e-06,-6.734132452587043e-06,222.8329941856152,0.09885578074109799,-0.03484901340908069,-6.222893796058658e-15,-9.71853094073336e-15,-5.388229968690283e-15,-1.4317298987753346e-13,6.532469924867353e-10,-3.3126120991544074e-15,85.33783063918744,0.0318153087572724,-0.0424707185617506,4.0,12.753000000118227,-3.0370362031614806e-05,1.1088339253006565e-10,1.6084868179733982,0.1638573334690151,0.161283658605418,0.0,-0.4830918981953511,0.0628327934182043,-1.8385202301962586e-07,-1.1206005455367655e-06,0.06283279341820554,-1.8385301387380604e-07,-1.1206009561308543e-06,0.0,-1.8385301387380604e-07,-1.1206009561308543e-06,1.0,0.0,0.0,1.0,0.0,0.0,1.0,0.0,0.0,0.003840202409193069,1.8831594756798332e-06,1.3865802141470991e-06,5.217950822642924e-12,5.214443236833893e-12,-5.892610973933037e-15,-1.3549467017904302e-13,-4.36486092510716e-15,6.532469941182928e-10,85.3378306391873,0.03181530941051939,-0.04247071856175391,-0.785409917727586,2.2982972683186325e-06,1.400750681846423e-05
2.8799999999999044,-3.900517750035058e-05,-0.11434937877737075,0.11997245063326333,0.7071026253696272,0.7071109369452175,1.5772661519939939e-06,-6.7341301430295795e-06,223.6863724920071,0.09917372954743851,-0.035274965706915413,-5.556666240046526e-15,-1.220746467296996e-14,3.760315012642322e-15,9.537650447886057e-14,6.532442065739299e-10,-1.0588358795957587e-14,85.33783063918723,0.0317744525341714,-0.042719740995527104,4.0,12.753000000025953,-3.0370362031628684e-05,1.1086458552626753e-10,1.6084868179733984,0.163857333887882,0.16128365902428474,0.0,-0.48309189819535103,0.06283279341820862,-1.8385152761573594e-07,-1.1206003404474533e-06,0.06283279341820966,-1.8385251846627567e-07,-1.120600750884722e-06,0.0,-1.8385251846627567e-07,-1.120600750884722e-06,1.0,0.0,0.0,1.0,0.0,0.0,1.0,0.0,0.0,0.003840202409255757,1.8943655319630502e-06,1.3847418158072008e-06,5.218852788616113e-12,5.2092705826177886e-12,4.032095931701997e-15,1.0305484447065528e-13,2.9091788138053876e-15,6.532442054870667e-10,85.33783063918733,0.03177445318741561,-0.04271974099553769,-0.7854099177275863,2.2982910751431786e-06,1.4007504253210784e-05
2.8899999999999033,-3.900517750040797e-05,-0.11434937877737085,0.1199724506332633,0.7071026253696274,0.7071109369452173,1.5772684615741007e-06,-6.734127833477696e-06,224.539750798399,0.09949126979199278,-0.03570340822890373,-5.8009480608790404e-15,-7.867969229417947e-15,-5.11911160179829e-15,-1.4499150077872312e-13,6.532433322107768e-10,-6.682131812990511e-15,85.3378306391875,0.03173359638813426,-0.042968763397390475,4.0,12.75299999997253,-3.037036203158705e-05,1.1088160449446687e-10,1.6084868179733982,0.16385733430961447,0.16128365944601725,0.0,-0.48309189819535125,0.06283279341820425,-1.8385103217858584e-07,-1.1206001351573818e-06,0.0628327934182043,-1.8385202301962586e-07,-1.1206005455367655e-06,0.0,-1.8385202301962586e-07,-1.1206005455367655e-06,1.0,0.0,0.0,1.0,0.0,0.0,1.0,0.0,0.0,0.0038402024093132574,1.9055715867117623e-06,1.3829034209338854e-06,5.218497014558939e-12,5.216833882249627e-12,-5.555115604055507e-15,-1.3731319952924914e-13,-9.95284926770923e-16,6.532433339033163e-10,85.33783063918736,0.03173359704137759,-0.04296876339739716,-0.7854099177275856,2.29828488198207e-06,1.4007501687963792e-05
2.899999999999902,-3.90051775004623e-05,-0.11434937877737097,0.11997245063326331,0.7071026253696273,0.7071109369452174,1.5772707711586271e-06,-6.7341255239449194e-06,225.39312910479092,0.09980840147582214,-0.036134340974605834,-5.395998817080388e-15,-1.3092292324654443e-14,-5.763673348773866e-16,4.2497902109106176e-15,6.532410946341949e-10,-1.0969918074488297e-14,85.33783063918735,0.031692740394028904,-0.043217785736287775,4.0,12.753000000071212,-3.0370362031614806e-05,1.1087233339505306e-10,1.6084868179733982,0.16385733473421255,0.1612836598706154,0.0,-0.4830918981953512,0.06283279341820697,-1.8385053676650357e-07,-1.1205999300179786e-06,0.06283279341820862,-1.8385152761573594e-07,-1.1206003404474533e-06,0.0,-1.8385152761573594e-07,-1.1206003404474533e-06,1.0,0.0,0.0,1.0,0.0,0.0,1.0,0.0,0.0,0.003840202409374975,1.9167776386959545e-06,1.3810650329013527e-06,5.2190398385742865e-12,5.208837879610858e-12,-8.647887739621238e-16,1.19280964162228e-14,3.2914392438835897e-15,6.532410946229325e-10,85.33783063918735,0.03169274104727,-0.043217785736298746,-0.785409917727586,2.2982786888275875e-06,1.4007499122756499e-05
2.909999999999901,-3.9005177500516215e-05,-0.11434937877737111,0.11997245063326328,0.7071026253696275,0.7071109369452172,1.577273080735776e-06,-6.734123214414884e-06,226.24650741118282,0.10012512460009648,-0.036567763943537085,-5.103796886542233e-15,-1.142885390098532e-14,3.3442374205136953e-15,7.436882728073186e-14,6.532390007646895e-10,-1.4407651310287556e-14,85.33783063918727,0.03165188448799781,-0.043466808038709566,4.0,12.752999999890504,-3.0370362031573173e-05,1.108649376653674e-10,1.608486817973398,0.16385733516167653,0.1612836602980793,0.0,-0.48309189819535153,0.06283279341820816,-1.8385004135312598e-07,-1.1205997248632265e-06,0.06283279341820425,-1.8385103217858584e-07,-1.1206001351573818e-06,0.0,-1.8385103217858584e-07,-1.1206001351573818e-06,1.0,0.0,0.0,1.0,0.0,0.0,1.0,0.0,0.0,0.0038402024094358355,1.927983689034949e-06,1.3792266488297664e-06,5.219430429819099e-12,5.2104284882066566e-12,3.634254735571575e-15,8.20471339391318e-14,6.728685726557692e-15,6.532389999696472e-10,85.33783063918735,0.031651885141236805,-0.04346680803872397,-0.7854099177275854,2.2982724956892467e-06,1.4007496557548609e-05
2.9199999999999,-3.9005177500566576e-05,-0.11434937877737125,0.11997245063326331,0.7071026253696273,0.7071109369452174,1.57727539031985e-06,-6.734120904907132e-06,227.09988571757472,0.10044143916595054,-0.037003677135227425,-5.1171240769761075e-15,-1.2854782165543465e-14,-3.6422514096425e-15,-6.010755934063704e-14,6.532378612593718e-10,-1.244965502505402e-14,85.33783063918743,0.03161102869206087,-0.043715830295530195,4.0,12.753000000101258,-3.0370362031628684e-05,1.108770057506618e-10,1.6084868179733982,0.1638573355920062,0.16128366072840897,0.0,-0.4830918981953513,0.0628327934182058,-1.8384954592291944e-07,-1.1205995196151667e-06,0.06283279341820697,-1.8385053676650357e-07,-1.1205999300179786e-06,0.0,-1.8385053676650357e-07,-1.1205999300179786e-06,1.0,0.0,0.0,1.0,0.0,0.0,1.0,0.0,0.0,0.0038402024094944813,1.9391897372720144e-06,1.3773882697121265e-06,5.21938834467426e-12,5.209637744946229e-12,-4.350944783348737e-15,-5.242928034273721e-14,4.771683546785713e-15,6.532378620219679e-10,85.33783063918737,0.03161102934529873,-0.04371583029554264,-0.785409917727586,2.2982663025552763e-06,1.4007493992388412e-05
2.929999999999899,-3.9005177500619546e-05,-0.11434937877737139,0.1199724506332633,0.7071026253696274,0.7071109369452173,1.5772776998875662e-06,-6.734118595393232e-06,227.95326402396663,0.10075734517427239,-0.037442080549309066,-5.514487325349266e-15,-1.0512336457149462e-14,6.598734579365697e-15,1.3276384081226023e-13,6.532351994349355e-10,-1.165999215665628e-14,85.33783063918725,0.031570173001814764,-0.04396485250857831,4.0,12.75300000000993,-3.0370362031600928e-05,1.1086640842963135e-10,1.608486817973398,0.16385733602520153,0.1612836611616044,0.0,-0.4830918981953515,0.06283279341820924,-1.8384905052220975e-07,-1.1205993143861771e-06,0.06283279341820816,-1.8385004135312598e-07,-1.1205997248632265e-06,0.0,-1.8385004135312598e-07,-1.1205997248632265e-06,1.0,0.0,0.0,1.0,0.0,0.0,1.0,0.0,0.0,0.0038402024095566733,1.9503957835369334e-06,1.375549895350263e-06,5.218844136744832e-12,5.211116669036371e-12,7.41665487024778e-15,1.4044208274552603e-13,3.98064539290105e-15,6.532351979212141e-10,85.33783063918737,0.031570173655049966,-0.04396485250858997,-0.7854099177275857,2.298260109447495e-06,1.4007491427203714e-05
2.939999999999898,-3.900517750067301e-05,-0.11434937877737153,0.1199724506332633,0.7071026253696273,0.7071109369452174,1.5772800094490712e-06,-6.73411628588645e-06,228.80664233035853,0.10107284262635674,-0.0378829741852458,-5.178025292563434e-15,-1.4109299963243316e-14,-6.4598412925144076e-15,-1.0129184387133049e-13,6.532346040423381e-10,-1.1496459006642887e-14,85.33783063918746,0.03152931741505301,-0.04421387467876991,4.0,12.753000000131077,-3.037036203164256e-05,1.108807969547273e-10,1.608486817973398,0.1638573364612624,0.16128366159766544,0.0,-0.4830918981953515,0.06283279341820507,-1.8384855508569358e-07,-1.1205991091691463e-06,0.0628327934182058,-1.8384954592291944e-07,-1.1205995196151667e-06,0.0,-1.8384954592291944e-07,-1.1205995196151667e-06,1.0,0.0,0.0,1.0,0.0,0.0,1.0,0.0,0.0,0.003840202409614239,1.9616018278998594e-06,1.373711525646649e-06,5.219275497130303e-12,5.208306360274675e-12,-7.680129710660984e-15,-9.361361010658153e-14,3.8188261630137544e-15,6.532346052778161e-10,85.33783063918736,0.03152931806828761,-0.044213874678781406,-0.785409917727586,2.2982539163570792e-06,1.4007488862027626e-05
2.9499999999998967,-3.900517750072867e-05,-0.11434937877737163,0.1199724506332633,0.7071026253696272,0.7071109369452175,1.5772823189974983e-06,-6.7341139763794635e-06,229.66002063675043,0.10138793152312836,-0.03832635804265464,-5.825969552020728e-15,-8.026265387688093e-15,3.62250487268126e-15,5.830582655140363e-14,6.532318900819478e-10,-8.372723331157758e-15,85.33783063918729,0.031488461962607704,-0.04446289679332965,4.0,12.753000000025565,-3.0370362031698073e-05,1.1086268647970019e-10,1.608486817973398,0.1638573369001892,0.16128366203659225,0.0,-0.48309189819535153,0.06283279341820797,-1.8384805968928266e-07,-1.12059890389798e-06,0.06283279341820924,-1.8384905052220975e-07,-1.1205993143861771e-06,0.0,-1.8384905052220975e-07,-1.1205993143861771e-06,1.0,0.0,0.0,1.0,0.0,0.0,1.0,0.0,0.0,0.00384020240967607,1.9728078697081852e-06,1.3718731619840345e-06,5.218386442740124e-12,5.2149176533091974e-12,4.17440315489326e-15,6.598400561966826e-14,6.939584753029962e-16,6.532318894047765e-10,85.33783063918735,0.031488462615839596,-0.04446289679333802,-0.7854099177275864,2.2982477232913017e-06,1.4007486296840886e-05
2.9599999999998956,-3.90051775007841e-05,-0.11434937877737174,0.11997245063326327,0.7071026253696274,0.7071109369452173,1.5772846285403935e-06,-6.734111666876975e-06,230.51339894314233,0.10170261186581148,-0.03877223212102844,-5.294476200213956e-15,-1.4062676595025669e-14,-6.855764563034531e-15,-1.2593083937585103e-13,6.532313155330973e-10,-1.0659073230600584e-14,85.33783063918749,0.03144760657841722,-0.04471191887960671,4.0,12.75299999999192,-3.037036203164256e-05,1.1088230795402976e-10,1.6084868179733978,0.1638573373419818,0.16128366247838483,0.0,-0.4830918981953518,0.0628327934182046,-1.838475642554841e-07,-1.1205986987245294e-06,0.06283279341820507,-1.8384855508569358e-07,-1.1205991091691463e-06,0.0,-1.8384855508569358e-07,-1.1205991091691463e-06,1.0,0.0,0.0,1.0,0.0,0.0,1.0,0.0,0.0,0.0038402024097341776,1.984013910319295e-06,1.3700348013994963e-06,5.219091100797161e-12,5.208548309006528e-12,-7.991431290662301e-15,-1.1825265036905043e-13,2.9816587273514625e-15,6.532313170483428e-10,85.33783063918736,0.031447607231648536,-0.04471191887961737,-0.7854099177275857,2.298241530239546e-06,1.4007483731658326e-05
2.9699999999998945,-3.9005177500838826e-05,-0.11434937877737184,0.11997245063326328,0.7071026253696273,0.7071109369452174,1.5772869380799556e-06,-6.734109357386639e-06,231.36677724953424,0.10201688365535434,-0.03922059641997438,-5.445142438222437e-15,-1.0493177199121933e-14,3.2660300946349155e-15,5.453864159856827e-14,6.532284605753931e-10,-1.1296588954343483e-14,85.33783063918732,0.031406751348358464,-0.0449609409020387,4.0,12.753000000053408,-3.0370362031684195e-05,1.1086414718152816e-10,1.608486817973398,0.16385733778663997,0.16128366292304303,0.0,-0.48309189819535164,0.06283279341820787,-1.838470688640019e-07,-1.1205984935230336e-06,0.06283279341820797,-1.8384805968928266e-07,-1.12059890389798e-06,0.0,-1.8384805968928266e-07,-1.12059890389798e-06,1.0,0.0,0.0,1.0,0.0,0.0,1.0,0.0,0.0,0.003840202409796233,1.9952199480211986e-06,1.3681964477432818e-06,5.218877473075525e-12,5.2117210408733234e-12,3.721256659097916e-15,6.221680168014754e-14,3.6178918841930534e-15,6.532284599768704e-10,85.33783063918737,0.03140675200158692,-0.044960940902049995,-0.785409917727586,2.298235337203653e-06,1.4007481166496188e-05
2.9799999999998934,-3.900517750089141e-05,-0.11434937877737196,0.11997245063326327,0.7071026253696274,0.7071109369452173,1.5772892476191624e-06,-6.7341070479063035e-06,232.22015555592614,0.10233074689310742,-0.039671450938932984,-5.257384751824844e-15,-7.74241321851543e-15,2.9440873148144427e-15,4.673103463877522e-14,6.532265861448469e-10,-1.2932793061181296e-14,85.33783063918732,0.031365896223986035,-0.04520996288068398,4.0,12.752999999920977,-3.037036203165644e-05,1.1086255252703786e-10,1.6084868179733978,0.16385733823416387,0.161283663370567,0.0,-0.4830918981953517,0.0628327934182077,-1.8384657345555264e-07,-1.1205982883410096e-06,0.0628327934182046,-1.838475642554841e-07,-1.1205986987245294e-06,0.0,-1.838475642554841e-07,-1.1205986987245294e-06,1.0,0.0,0.0,1.0,0.0,0.0,1.0,0.0,0.0,0.0038402024098562475,2.006425983773673e-06,1.3663580988431495e-06,5.219119657541575e-12,5.215328671678546e-12,3.3418745339704296e-15,5.440918462165385e-14,5.25417496339129e-15,6.532265856573286e-10,85.33783063918736,0.03136589687721262,-0.04520996288069692,-0.7854099177275857,2.2982291441762906e-06,1.4007478601352741e-05
2.9899999999998923,-3.900517750094646e-05,-0.11434937877737204,0.11997245063326331,0.7071026253696273,0.7071109369452174,1.5772915571455456e-06,-6.73410473842933e-06,233.07353386231804,0.10264420158016285,-0.0401247956774519,-5.835500184763521e-15,-1.085364134286479e-14,-3.2812544412873005e-15,-6.778812408068296e-14,6.532256585238975e-10,-6.895473232643871e-15,85.33783063918744,0.03132504120750393,-0.045458984814650494,4.0,12.752999999992886,-3.0370362031670317e-05,1.1087420818539263e-10,1.6084868179733982,0.16385733868455363,0.16128366382095669,0.0,-0.4830918981953514,0.06283279341820566,-1.8384607803221717e-07,-1.120598083020566e-06,0.06283279341820787,-1.838470688640019e-07,-1.1205984935230336e-06,0.0,-1.838470688640019e-07,-1.1205984935230336e-06,1.0,0.0,0.0,1.0,0.0,0.0,1.0,0.0,0.0,0.003840202409915112,2.017632017435898e-06,1.364519754804458e-06,5.21831240292515e-12,5.2121893681434485e-12,-3.778585592460287e-15,-6.011002901975668e-14,-7.822987994437398e-16,6.532256593114881e-10,85.33783063918737,0.03132504186072959,-0.04545898481465739,-0.7854099177275861,2.2982229511758824e-06,1.4007476036205594e-05
2.999999999999891,-3.900517750100237e-05,-0.11434937877737211,0.11997245063326331,0.7071026253696272,0.7071109369452175,1.5772938666635882e-06,-6.734102428956027e-06,233.92691216870995,0.10295724771760684,-0.04058063063508121,-5.347097186033175e-15,-3.2882130413369793e-15,3.97367528567153e-15,1.2874806405208534e-13,6.532223827529599e-10,-1.3437217778644245e-14,85.33783063918723,0.031284186281295416,-0.045708006711212466,4.0,12.752999999922018,-3.0370362031698073e-05,1.1086903341057015e-10,1.6084868179733982,0.1638573391378088,0.16128366427421204,0.0,-0.4830918981953514,0.06283279341820923,-1.8384558265264416e-07,-1.1205978779265782e-06,0.0628327934182077,-1.8384657345555264e-07,-1.1205982883410096e-06,0.0,-1.8384657345555264e-07,-1.1205982883410096e-06,1.0,0.0,0.0,1.0,0.0,0.0,1.0,0.0,0.0,0.003840202409977339,2.0288380495374566e-06,1.362681414818461e-06,5.218973428528028e-12,5.220439467246048e-12,4.0211574028724766e-15,1.3642616829893942e-13,5.75805095884879e-15,6.532223813073321e-10,85.33783063918736,0.0312841869345178,-0.04570800671122591,-0.7854099177275864,2.2982167581941716e-06,1.4007473471058855e-05
