time_s,x_m,y_m,z_m,qw,qx,qy,qz,wheel_x_rad,wheel_y_rad,wheel_z_rad,vx_world_m_s,vy_world_m_s,vz_world_m_s,wx_body_rad_s,wy_body_rad_s,wz_body_rad_s,wheel_x_relative_rad_s,wheel_y_relative_rad_s,wheel_z_relative_rad_s,active_contacts,normal_force_n,minimum_contact_distance_m,max_loaded_point_slip_m_s,potential_j,kinetic_j,motor_work_j,passive_work_j,constraint_work_j,command_x_nm,command_y_nm,command_z_nm,delayed_x_nm,delayed_y_nm,delayed_z_nm,applied_x_nm,applied_y_nm,applied_z_nm,saturated_x_bool,saturated_y_bool,saturated_z_bool,speed_cutoff_x_bool,speed_cutoff_y_bool,speed_cutoff_z_bool,speed_exceeded_x_bool,speed_exceeded_y_bool,speed_exceeded_z_bool,angular_momentum_x_world_nms,angular_momentum_y_world_nms,angular_momentum_z_world_nms,linear_momentum_x_world_kg_m_s,linear_momentum_y_world_kg_m_s,linear_momentum_z_world_kg_m_s,omega_world_x_rad_s,omega_world_y_rad_s,omega_world_z_rad_s,wheel_absolute_axial_x_rad_s,wheel_absolute_axial_y_rad_s,wheel_absolute_axial_z_rad_s,attitude_error_x_body_rad,attitude_error_y_body_rad,attitude_error_z_body_rad
0.0,0.0,0.0,0.3,1.0,0.0,0.0,0.0,0.0,0.0,0.0,0.0,0.0,0.0,0.0,0.0,0.0,0.0,0.0,0.0,0.0,0.0,0.0,0.0,0.0,0.0,0.0,0.0,0.0,0.006,-0.004,0.005,0.0,0.0,0.0,0.0,0.0,0.0,0.0,0.0,0.0,0.0,0.0,0.0,0.0,0.0,0.0,0.0,0.0,0.0,0.0,0.0,0.0,0.0,0.0,0.0,0.0,0.0,0.0,0.0,0.0,0.0
0.01,0.0,0.0,0.3,1.0,0.0,0.0,0.0,0.0,0.0,0.0,0.0,0.0,0.0,0.0,0.0,0.0,0.0,0.0,0.0,0.0,0.0,0.0,0.0,0.0,0.0,0.0,0.0,0.0,0.006,-0.004,0.005,0.0,0.0,0.0,0.0,0.0,0.0,0.0,0.0,0.0,0.0,0.0,0.0,0.0,0.0,0.0,0.0,0.0,0.0,0.0,0.0,0.0,0.0,0.0,0.0,0.0,0.0,0.0,0.0,0.0,0.0
0.020000000000000004,0.0,0.0,0.3,1.0,0.0,0.0,0.0,0.0,0.0,0.0,0.0,0.0,0.0,0.0,0.0,0.0,0.0,0.0,0.0,0.0,0.0,0.0,0.0,0.0,0.0,0.0,0.0,0.0,0.006,-0.004,0.005,0.006,-0.004,0.005,0.006,-0.004,0.005,0.0,0.0,0.0,0.0,0.0,0.0,0.0,0.0,0.0,0.0,0.0,0.0,0.0,0.0,0.0,0.0,0.0,0.0,0.0,0.0,0.0,0.0,0.0,0.0
0.030000000000000013,-2.5693349952728653e-07,-2.854151329694911e-08,0.30000028548706487,0.9999999997940363,-1.384419443913822e-05,9.351402249935667e-06,-1.1524634770230831e-05,0.006694355055546841,-0.004463147248945585,0.005578604825097567,-5.138623174361736e-05,-5.7069199779691415e-06,5.709797252150946e-05,-0.005537677776035474,0.003740560900231073,-0.004609853908408819,1.338871011109368,-0.8926294497891171,1.1157209650195135,0.0,0.0,0.0,0.0,0.0,8.591174345455123e-05,8.591174345455124e-05,0.0,0.0,0.006,-0.004,0.005,0.006,-0.004,0.005,0.006,-0.004,0.005,0.0,0.0,0.0,0.0,0.0,0.0,0.0,0.0,0.0,-1.2123159057577174e-20,5.685708658444491e-20,-1.9058241313221758e-21,7.355634113956344e-18,7.792703114739563e-19,-8.314475410248212e-18,-0.005537677776035475,0.003740560900231074,-0.00460985390840882,1.3333333333333326,-0.888888888888886,1.1111111111111047,2.768838888017737e-05,-1.8702804501155365e-05,2.3049269542044096e-05
0.04000000000000002,-1.0277059058593607e-06,-1.1408309202059913e-07,0.3000011419818299,0.9999999967045787,-5.53767776995248e-05,3.7405608961221644e-05,-4.609853903345016e-05,0.026777420222187362,-0.01785258899578234,0.02231441930039027,-0.00010276684461393795,-1.1397247675507175e-05,0.00011420265868866998,-0.01107535555207095,0.007481121800462147,-0.009219707816817638,2.6777420222187365,-1.7852588995782344,2.231441930039027,0.0,0.0,0.0,0.0,0.0,0.0003436469738182047,0.00034364697381820497,0.0,0.0,0.006,-0.004,0.005,0.006,-0.004,0.005,0.006,-0.004,0.005,0.0,0.0,0.0,0.0,0.0,0.0,0.0,0.0,0.0,2.117582368135751e-21,1.8211208365967457e-20,6.659796547786936e-20,1.4775642731904015e-17,1.1926223897340549e-18,-1.696098773582011e-17,-0.01107535555207095,0.007481121800462146,-0.009219707816817637,2.6666666666666656,-1.7777777777777721,2.2222222222222094,0.00011075355552070947,-7.481121800462145e-05,9.219707816817638e-05
0.05000000000000003,-2.312232916847132e-06,-2.5637584985177067e-07,0.3000025695849787,0.99999998331693,-0.00012459774926790719,8.416261978716886e-05,-0.00010372171236239958,0.060249195499921575,-0.04016832524051027,0.05020744342587811,-0.00015413621465782616,-1.705439024898431e-05,0.000171320766501871,-0.016613033328106434,0.011221682700693228,-0.013829561725226466,4.016613033328105,-2.6778883493673518,3.3471628950585424,0.0,0.0,0.0,0.0,0.0,0.0007732056910909604,0.000773205691090961,0.0,0.0,0.006,-0.004,0.005,0.006,-0.004,0.005,0.006,-0.004,0.005,0.0,0.0,0.0,0.0,0.0,0.0,0.0,0.0,0.0,-5.2304284492953046e-20,-1.4399560103323106e-20,-3.4622471719019526e-20,2.225324959026498e-17,1.9786689647860456e-18,-2.400152559339785e-17,-0.016613033328106427,0.011221682700693222,-0.01382956172522646,3.9999999999999987,-2.6666666666666585,3.3333333333333157,0.00024919549992159643,-0.00016832524051039837,0.00020744342587839695
0.06000000000000004,-4.110373944249486e-06,-4.550049668856749e-07,0.300004568464223,0.9999999472732607,-0.00022150710714830313,0.00014962243337954191,-0.00018439415309551863,0.10710968088874948,-0.07141035598312938,0.08925767720156112,-0.00020548870776376538,-2.266175373220093e-05,0.00022845899266943042,-0.022150711104141928,0.014962243600924309,-0.018439415633635294,5.355484044437476,-3.57051779915647,4.462883860078058,0.0,0.0,0.0,0.0,0.0,0.001374587895272818,0.00137458789527282,0.0,0.0,0.006,-0.004,0.005,0.006,-0.004,0.005,0.006,-0.004,0.005,0.0,0.0,0.0,0.0,0.0,0.0,0.0,0.0,0.0,-7.898582233146351e-20,-1.6517142471458857e-20,2.267930716273389e-19,2.907017074976759e-17,2.2497195079074217e-18,-3.222790957713162e-17,-0.022150711104141903,0.014962243600924293,-0.018439415633635273,5.333333333333334,-3.5555555555555456,4.444444444444423,0.00044301422208283827,-0.00029924487201848606,0.0003687883126727058
0.07000000000000005,-6.421931986767032e-06,-7.093896756396611e-07,0.3000071388541617,0.9999998712726116,-0.000346104846151159,0.00023378504623292886,-0.00028811585691275015,0.16735887638867109,-0.11157868122363968,0.1394651206274393,-0.0002568186745859116,-2.8202742484671668e-05,0.00028562401695769144,-0.027688388880177422,0.01870280450115539,-0.023049269542044126,6.694355055546846,-4.463147248945589,5.578604825097574,0.0,0.0,0.0,0.0,0.0,0.0021477935863637794,0.0021477935863637816,0.0,0.0,0.006,-0.004,0.005,0.006,-0.004,0.005,0.006,-0.004,0.005,0.0,0.0,0.0,0.0,0.0,0.0,0.0,0.0,0.0,6.691560283308973e-20,-1.3806637040245096e-19,3.0556713572198885e-19,3.65579420034956e-17,3.6591823321385775e-18,-3.9885087420310494e-17,-0.027688388880177394,0.018702804501155374,-0.023049269542044105,6.666666666666669,-4.444444444444433,5.55555555555553,0.000692209722004435,-0.00046757011252888454,0.0005762317385511029
0.08000000000000006,-9.246653452334803e-06,-1.0187832415980357e-06,0.30001028105608296,0.999999733070894,-0.0004983909554981711,0.00033665045106685896,-0.00041488681484166793,0.2409967819996864,-0.16067330096204116,0.2008297737035126,-0.0003081204454720457,-3.3660758651393544e-05,0.00034282249653648413,-0.03322606665621291,0.022443365401386473,-0.027659123450452953,8.033226066656217,-5.355776698734706,6.694325790117089,0.0,0.0,0.0,0.0,0.0,0.003092822764363844,0.003092822764363845,0.0,0.0,0.006,-0.004,0.005,0.006,-0.004,0.005,0.006,-0.004,0.005,0.0,0.0,0.0,0.0,0.0,0.0,0.0,0.0,0.0,2.5283933475540865e-19,-4.828087799349512e-20,2.2319318160150814e-19,4.400505567575541e-17,5.041540102057596e-18,-4.7759105697986464e-17,-0.033226066656212874,0.02244336540138645,-0.027659123450452926,8.000000000000005,-5.33333333333332,6.666666666666636,0.0009967819996863868,-0.0006733009620415938,0.0008297737035135884
0.09000000000000007,-1.2584227929719417e-05,-1.3822729384279282e-06,0.30001399543771023,0.9999995054808963,-0.0006783654157427717,0.00045821863474566893,-0.0005647070106939274,0.3280233977217954,-0.21869421519833382,0.2733516364297811,-0.00035938832539673347,-3.901920163792598e-05,0.0004000610603184185,-0.03876374443224839,0.026183926301617554,-0.03226897735886178,9.372097077765588,-6.248406148523824,7.810046755136605,0.0,0.0,0.0,0.0,0.0,0.004209675429273014,0.0042096754292730125,0.0,0.0,0.006,-0.004,0.005,0.006,-0.004,0.005,0.006,-0.004,0.005,0.0,0.0,0.0,0.0,0.0,0.0,0.0,0.0,0.0,-1.359487880343152e-19,5.166900978251232e-20,-1.359487880343152e-19,5.055770255571467e-17,4.662069341687668e-18,-5.738139997879532e-17,-0.03876374443224837,0.026183926301617547,-0.032268977358861764,9.33333333333334,-6.222222222222206,7.777777777777743,0.0013567310551286925,-0.0009164374205566135,0.0011294142075601616
0.10000000000000007,-1.643428790947936e-05,-1.7987800180384845e-06,0.3000182824328911,0.9999991563722906,-0.0008860281950062807,0.0005984895757361187,-0.0007375764179320404,0.4284387235549981,-0.2856414239325176,0.35703070880624466,-0.00041061658890101155,-4.426146760461385e-05,0.00045734630329048406,-0.04430142220828387,0.029924487201848635,-0.03687883126727059,10.710968088874958,-7.141035598312941,8.925767720156117,0.0,0.0,0.0,0.0,0.0,0.0054983515810912865,0.005498351581091282,0.0,0.0,0.006,-0.004,0.005,0.006,-0.004,0.005,0.006,-0.004,0.005,0.0,0.0,0.0,0.0,0.0,0.0,0.0,0.0,0.0,-6.649208635946258e-20,2.888382350137164e-19,2.4352197233561135e-19,5.829619556182997e-17,6.396792817664476e-18,-6.524186572931523e-17,-0.04430142220828386,0.02992448720184863,-0.03687883126727058,10.666666666666675,-7.111111111111092,8.888888888888847,0.0017720568883313542,-0.0011969794880739442,0.0014751532506908234
0.11000000000000008,-2.07964084543603e-05,-2.2670596756939608e-06,0.3000231425412297,0.9999986486716476,-0.001121379244529723,0.0007574632411027574,-0.0009334949959664744,0.5422427594992947,-0.3615149271645926,0.45186699083290344,-0.0004617994750399284,-4.937094898378375e-05,0.0005146847808364435,-0.049839099984319346,0.033665048102079716,-0.0414886851756794,12.049839099984329,-8.033665048102058,10.041488685175628,0.0,0.0,0.0,0.0,0.0,0.006958851219818666,0.006958851219818655,0.0,0.0,0.006,-0.004,0.005,0.006,-0.004,0.005,0.006,-0.004,0.005,0.0,0.0,0.0,0.0,0.0,0.0,0.0,0.0,0.0,-4.828087799349512e-19,3.1001405869507392e-19,1.3891340334970526e-19,6.560778396252909e-17,4.607859233063394e-18,-7.43762690325056e-17,-0.04983909998431937,0.03366504810207972,-0.04148868517567941,12.000000000000009,-7.999999999999979,9.999999999999948,0.0022427594992943697,-0.001514927164593586,0.0018669908329055733
0.12000000000000009,-2.5670106819210663e-05,-2.785701010429614e-06,0.3000285763276624,0.9999979403624553,-0.0013844184935413184,0.0009351395830410423,-0.0011524626858830816,0.6694355055546849,-0.4463147248945588,0.5578604825097573,-0.0005129311823392795,-5.433103402374594e-05,0.0005720830030485211,-0.05537677776035482,0.0374056090023108,-0.04609853908408821,13.3887101110937,-8.926294497891176,11.157209650195139,0.0,0.0,0.0,0.0,0.0,0.008591174345455133,0.00859117434545513,0.0,0.0,0.006,-0.004,0.005,0.006,-0.004,0.005,0.006,-0.004,0.005,0.0,0.0,0.0,0.0,0.0,0.0,0.0,0.0,0.0,2.973085644862594e-19,7.835054762102278e-19,-3.5151867311053464e-20,7.26415455565288e-17,6.2341624917916505e-18,-8.23722600545862e-17,-0.05537677776035482,0.037405609002310804,-0.04609853908408821,13.333333333333345,-8.888888888888864,11.11111111111105,0.002768838888017741,-0.0018702804501155392,0.0023049269542044118
0.1300000000000001,-3.105484202051616e-05,-3.353126981057617e-06,0.30003458442197617,0.999996984485151,-0.0016751458434396474,0.0011315185349482146,-0.0013944794056008597,0.8100169617211687,-0.5400408171224163,0.6750111838368063,-0.0005640058637628939,-5.912510636343551e-05,0.0006295474290269044,-0.0609144555363903,0.04114616990254188,-0.05070839299249702,14.72758112220307,-9.818923947680293,12.27293061521465,0.0,0.0,0.0,0.0,0.0,0.010395320958000703,0.010395320958000708,0.0,0.0,0.006,-0.004,0.005,0.006,-0.004,0.005,0.006,-0.004,0.005,0.0,0.0,0.0,0.0,0.0,0.0,0.0,0.0,0.0,4.667151539371195e-19,1.2874900798265365e-19,3.9471735342050396e-19,7.754078412344766e-17,1.0028870095490914e-17,-9.091035216290955e-17,-0.06091445553639027,0.04114616990254186,-0.050708392992497,14.666666666666679,-9.777777777777752,12.222222222222152,0.0033502950545014677,-0.002263039344639803,0.0027889616145873376
0.1400000000000001,-3.695001435566568e-05,-3.967594358088557e-06,0.30004116751827037,0.9999957291371608,-0.001993561161292498,0.001346600007031937,-0.0016595450444600527,0.9639871279987463,-0.6426932038481648,0.8033190948140502,-0.0006150176216918439,-6.373654464152879e-05,0.000687084461165594,-0.06645213331242578,0.04488673080277296,-0.05531824690090585,16.066452133312442,-10.71155339746941,13.388651580234162,0.0,0.0,0.0,0.0,0.0,0.012371291057455373,0.012371291057455389,0.0,0.0,0.006,-0.004,0.005,0.006,-0.004,0.005,0.006,-0.004,0.005,0.0,0.0,0.0,0.0,0.0,0.0,0.0,0.0,0.0,7.979050363135509e-19,6.556035011748285e-19,3.815883427380623e-19,8.547578877332594e-17,9.161508357502512e-18,-9.69276742202041e-17,-0.06645213331242573,0.04488673080277293,-0.05531824690090582,16.000000000000018,-10.666666666666638,13.333333333333256,0.003987127998745548,-0.0026932038481663778,0.003319094814054352
0.1500000000000001,-4.335496487207464e-05,-4.62719367193247e-06,0.30004832637436074,0.9999941174729563,-0.00233966427265141,0.0015803838814566983,-0.0019476594572405972,1.1313460043874175,-0.7542718850718044,0.9427842154414895,-0.0006659605029169695,-6.814872214387193e-05,0.0007447004394231624,-0.07198981108846125,0.04862729170300404,-0.05992810080931468,17.405323144421807,-11.604182847258528,14.504372545253677,0.0,0.0,0.0,0.0,0.0,0.014519084643819154,0.014519084643819171,0.0,0.0,0.006,-0.004,0.005,0.006,-0.004,0.005,0.006,-0.004,0.005,0.0,0.0,0.0,0.0,0.0,0.0,0.0,0.0,0.0,4.531626267810507e-19,8.250100906256885e-19,2.0032329202564203e-19,9.455598196789204e-17,8.239936510889834e-18,-1.0576392192596096e-16,-0.07198981108846123,0.048627291703004026,-0.059928100809314655,17.333333333333346,-11.555555555555523,14.444444444444363,0.004679337720749982,-0.003160773960695262,0.0038953265526054533
0.16000000000000011,-5.026897478630607e-05,-5.329849157781702e-06,0.3000560618111267,0.999992087704126,-0.002713454953681924,0.0018328700070279979,-0.0022588224576109302,1.3120935908871825,-0.8747768607933354,1.0934065457191238,-0.0007168284936461314,-7.234500649306027e-05,0.0008024016355769998,-0.07752748886449673,0.05236785260323512,-0.06453795471772351,18.74419415553117,-12.496812297047645,15.620093510273188,0.0,0.0,0.0,0.0,0.0,0.016838701717092036,0.016838701717092057,0.0,0.0,0.006,-0.004,0.005,0.006,-0.004,0.005,0.006,-0.004,0.005,0.0,0.0,0.0,0.0,0.0,0.0,0.0,0.0,0.0,-3.7947076036992655e-19,7.606355866343617e-19,-5.107608671943431e-19,1.0219960728391486e-16,8.456776945386935e-18,-1.122149248522497e-16,-0.0775274888644967,0.0523678526032351,-0.06453795471772349,18.66666666666667,-12.444444444444411,15.555555555555465,0.00542692422051477,-0.0036657496822264574,0.0045176568302406446
0.17000000000000012,-5.769126485334381e-05,-6.0733186976163405e-06,0.30006437471180025,0.9999895730994702,-0.0031149329226095564,0.002104058193414318,-0.0025930338110071675,1.506229887498041,-1.0042081310127573,1.2551860856469534,-0.0007676155145276231,-7.630875938401048e-05,0.0008601942474596564,-0.0830651666405322,0.0561084135034662,-0.06914780862613236,20.08306516664053,-13.389441746836763,16.735814475292706,0.0,0.0,0.0,0.0,0.0,0.019330142277274014,0.019330142277274042,0.0,0.0,0.006,-0.004,0.005,0.006,-0.004,0.005,0.006,-0.004,0.005,0.0,0.0,0.0,0.0,0.0,0.0,0.0,0.0,0.0,5.920760301307559e-19,5.522654816098038e-19,5.776764700274328e-19,1.093959992037874e-16,8.673617379884035e-18,-1.2153906353562505e-16,-0.08306516664053214,0.056108413503466174,-0.06914780862613232,19.999999999999996,-13.333333333333297,16.666666666666572,0.006229887498039917,-0.004208131012759966,0.005186085646959926
0.18000000000000013,-6.562099468618674e-05,-6.855193759811334e-06,0.30007326602119816,0.9999865019851192,-0.0035440978304815255,0.0023939482049069043,-0.0029502932269426818,1.7137548942199932,-1.1425656957300703,1.428122835224978,-0.0008183154156912092,-8.002333636936874e-05,0.0009180843931759163,-0.08860284441656768,0.05984897440369728,-0.0737576625345412,21.421936177749892,-14.28207119662588,17.851535440312226,0.0,0.0,0.0,0.0,0.0,0.021993406324365097,0.021993406324365132,0.0,0.0,0.006,-0.004,0.005,0.006,-0.004,0.005,0.006,-0.004,0.005,0.0,0.0,0.0,0.0,0.0,0.0,0.0,0.0,0.0,-4.811147140404426e-19,6.2341624917916505e-19,-1.0503208545953324e-19,1.1373280789372942e-16,7.26415455565288e-18,-1.3140530330524314e-16,-0.08860284441656764,0.05984897440369726,-0.07375766253454116,21.333333333333325,-14.222222222222182,17.777777777777686,0.007088227553325416,-0.004787917952295784,0.005900613002763294
0.19000000000000014,-7.405726202594762e-05,-7.672899336862895e-06,0.3000827367448953,0.999982797744677,-0.004000949251244255,0.00270253975371737,-0.003330600350748092,1.934668611053039,-1.2898495549452749,1.612216794453198,-0.0008689219718082727,-8.347208669859938e-05,0.0009760781052992693,-0.09414052219260316,0.06358953530392836,-0.07836751644295005,22.760807188859257,-15.174700646414998,18.967256405331746,0.0,0.0,0.0,0.0,0.0,0.02482849385836529,0.024828493858365323,0.0,0.0,0.006,-0.004,0.005,0.006,-0.004,0.005,0.006,-0.004,0.005,0.0,0.0,0.0,0.0,0.0,0.0,0.0,0.0,0.0,-6.115577879176048e-19,1.5585406229479126e-19,3.8963515573697816e-20,1.238158880978446e-16,9.215718466126788e-18,-1.385068275350232e-16,-0.09414052219260312,0.06358953530392832,-0.07836751644295001,22.666666666666654,-15.11111111111107,18.888888888888797,0.00800194438637127,-0.005405110500833914,0.006661238897650751
0.20000000000000015,-8.299910196265542e-05,-8.523693881790221e-06,0.30009278794834043,0.9999783788194011,-0.004485486671136693,0.0030298324928131545,-0.0037339547547417078,2.1689710379971787,-1.4460597086583704,1.807467963331613,-0.0009194288771725882,-8.663835321460205e-05,0.0010341813250464823,-0.09967819996863864,0.06733009620415942,-0.0829773703513589,24.09967819996862,-16.067330096204117,20.082977370351266,0.0,0.0,0.0,0.0,0.0,0.02783540487927457,0.027835404879274616,0.0,0.0,0.006,-0.004,0.005,0.006,-0.004,0.005,0.006,-0.004,0.005,0.0,0.0,0.0,0.0,0.0,0.0,0.0,0.0,0.0,-1.277325684459485e-18,3.3373098121819433e-19,-4.345279019414561e-19,1.309445173819368e-16,1.0516761073109393e-17,-1.470178145890344e-16,-0.0996781999686386,0.0673300962041594,-0.08297737035135887,23.99999999999998,-15.999999999999957,19.999999999999908,0.00897103799717748,-0.006059708658374353,0.007467963331622296
0.21000000000000016,-9.244548610697473e-05,-9.40466924380707e-06,0.3001034207559132,0.9999731587084155,-0.004997709477399487,0.0033758260082908543,-0.004160355928830453,2.4166621750524113,-1.6111961568693571,2.013876341860223,-0.0009698297408032716,-8.950547231170727e-05,0.0010923998964290033,-0.10521587774467411,0.07107065710439049,-0.08758722425976774,25.438549211077984,-16.959959545993243,21.198698335370786,0.0,0.0,0.0,0.0,0.0,0.03101413938709297,0.031014139387093013,0.0,0.0,0.006,-0.004,0.005,0.006,-0.004,0.005,0.006,-0.004,0.005,0.0,0.0,0.0,0.0,0.0,0.0,0.0,0.0,0.0,-1.1934694226813092e-18,-1.3721933745519665e-19,8.538092108323347e-19,1.410682551675202e-16,8.782037597132586e-18,-1.579140464225137e-16,-0.10521587774467404,0.07107065710439044,-0.08758722425976767,25.33333333333331,-16.888888888888854,21.11111111111102,0.009995508385744046,-0.006751712424917105,0.00832078630467793
0.22000000000000017,-0.00010239532171307228,-1.0312750603896245e-05,0.300114636349923,0.9999670459689676,-0.00553761694630008,0.0037405198112874832,-0.0046098032705413254,2.6777420222187382,-1.7852588995782352,2.2314419300390287,-0.0010201180815714837,-9.205677395890205e-05,0.001150739560379973,-0.11075355552070959,0.0748112180046216,-0.09219707816817659,26.77742022218736,-17.85258899578237,22.314419300390306,0.0,0.0,0.0,0.0,0.0,0.03436469738182045,0.03436469738182051,0.0,0.0,0.006,-0.004,0.005,0.006,-0.004,0.005,0.006,-0.004,0.005,0.0,0.0,0.0,0.0,0.0,0.0,0.0,0.0,0.0,1.0842021724855044e-19,-4.45539330255762e-19,8.99548989984067e-19,1.442802041035085e-16,8.023096076392733e-18,-1.636603179366869e-16,-0.11075355552070948,0.07481121800462152,-0.0921970781681765,26.66666666666665,-17.777777777777747,22.22222222222213,0.011075355552070962,-0.007481121800462166,0.009219707816817652
0.23000000000000018,-0.000112847450752876,-1.1244696410958517e-05,0.30012643596954863,0.9999599442167291,-0.006105208230473781,0.004123913329429678,-0.005082296074483436,2.952210579496159,-1.9682479367850045,2.460164727868029,-0.0010702873233525078,-9.427558179213883e-05,0.00120920594885566,-0.11629123329674507,0.07855177890485271,-0.09680693207658543,28.11629123329674,-18.745218445571496,23.430140265409825,0.0,0.0,0.0,0.0,0.0,0.03788707886345707,0.037887078863457116,0.0,0.0,0.006,-0.004,0.005,0.006,-0.004,0.005,0.006,-0.004,0.005,0.0,0.0,0.0,0.0,0.0,0.0,0.0,0.0,0.0,8.521151449378261e-19,-1.6957599604031093e-18,1.2121041475209038e-18,1.4974187254740423e-16,7.914675859144182e-18,-1.6805133673525316e-16,-0.11629123329674491,0.0785517789048526,-0.09680693207658529,27.999999999999993,-18.666666666666643,23.33333333333324,0.01221057949615824,-0.008247936785009537,0.010164727868041465
0.24000000000000019,-0.00012380064894198842,-1.2197098319246123e-05,0.30013882090971883,0.9999517521261501,-0.006700482345580873,0.004526005897820926,-0.005577833521240694,3.240067846884673,-2.160163268489665,2.700044735347225,-0.001120330790204849,-9.614521327958199e-05,0.0012678045789101741,-0.12182891107278054,0.08229233980508383,-0.10141678598499428,29.455162244406118,-19.637847895360622,24.545861230429345,0.0,0.0,0.0,0.0,0.0,0.041581283832002776,0.041581283832002824,0.0,0.0,0.006,-0.004,0.005,0.006,-0.004,0.005,0.006,-0.004,0.005,0.0,0.0,0.0,0.0,0.0,0.0,0.0,0.0,0.0,9.33430307874239e-19,-1.0316861297557378e-18,8.419507495707745e-19,1.5856456772600502e-16,1.1492543028346347e-17,-1.8192912454306764e-16,-0.12182891107278039,0.08229233980508373,-0.10141678598499415,29.33333333333334,-19.55555555555554,24.44444444444435,0.01340118021800587,-0.00905215737855922,0.011155846458349362
0.25000000000000017,-0.00013525362471753343,-1.3166381127829499e-05,0.3001517925199335,0.9999423634308692,-0.007323438156279883,0.0049467967495668555,-0.006096414665695211,3.541313824384281,-2.3610048946922175,2.951081952476616,-0.0011702417015780522,-9.764897996365009e-05,0.0013265408467423641,-0.12736658884881602,0.08603290070531493,-0.10602663989340312,30.794033255515494,-20.530477345149748,25.661582195448865,0.0,0.0,0.0,0.0,0.0,0.04544731228745763,0.04544731228745764,0.0,0.0,0.006,-0.004,0.005,0.006,-0.004,0.005,0.006,-0.004,0.005,0.0,0.0,0.0,0.0,0.0,0.0,0.0,0.0,0.0,7.589415207398531e-19,-4.641740550953566e-19,1.5475291946336067e-18,1.6179006918914937e-16,1.5937771935536915e-17,-1.891932790987205e-16,-0.1273665888488159,0.08603290070531484,-0.106026639893403,30.66666666666668,-20.444444444444432,25.55555555555546,0.014647157717613851,-0.009893783581111213,0.01219306358774135
0.2600000000000002,-0.00014720501816823184,-1.4148802722884495e-05,0.30016535220302554,0.9999316669241868,-0.007974074361517088,0.005386285005838671,-0.006638038424781515,3.855948511994983,-2.570772815392661,3.2132763792562025,-0.001220013167550973,-9.877018778371442e-05,0.0013854200217138484,-0.1329042666248515,0.08977346160554603,-0.11063649380181197,32.13290426662487,-21.423106794938874,26.777303160468385,0.0,0.0,0.0,0.0,0.0,0.049485164229821556,0.04948516422982155,0.0,0.0,0.006,-0.004,0.005,0.006,-0.004,0.005,0.006,-0.004,0.005,0.0,0.0,0.0,0.0,0.0,0.0,0.0,0.0,0.0,2.439454888092385e-18,-8.843023969334896e-19,1.726253146504264e-18,1.6490715043504522e-16,1.1275702593849246e-17,-1.9786689647860456e-16,-0.13290426662485133,0.08977346160554592,-0.11063649380181184,32.00000000000002,-21.33333333333333,26.666666666666572,0.01594851199498219,-0.010772815392665518,0.013276379256217425
0.2700000000000002,-0.0001596533999170194,-1.5140454023625895e-05,0.300179501413862,0.9999195464596085,-0.008652389479132373,0.005844469665474802,-0.007202703564671659,4.183971909716778,-2.7894670305909948,3.4866280156859837,-0.0012696381841022706,-9.949213748330638e-05,0.0014444472403371841,-0.13844194440088697,0.09351402250577713,-0.11524634771022081,33.47177527773423,-22.315736244728,27.893024125487905,0.0,0.0,0.0,0.0,0.0,0.05369483965909456,0.053694839659094565,0.0,0.0,0.006,-0.004,0.005,0.006,-0.004,0.005,0.006,-0.004,0.005,0.0,0.0,0.0,0.0,0.0,0.0,0.0,0.0,0.0,1.971892701208011e-18,-1.0706496453294356e-18,8.03834266944331e-19,1.854256765493334e-16,1.485356976305141e-17,-2.0903417885520523e-16,-0.1384419444008868,0.09351402250577702,-0.1152463477102207,33.33333333333334,-22.222222222222225,27.777777777777683,0.01730524305011088,-0.011689252813222133,0.014405793463777586
0.2800000000000002,-0.00017259726995653838,-1.6137258932751696e-05,0.30019424165798586,0.9999058809514618,-0.009358381829781588,0.006321349594120866,-0.007790408687391349,4.525384017549668,-3.01708754028722,3.7711368617659606,-0.0013191096284149507,-9.979812510570178e-05,0.0015036275002332262,-0.14397962217692245,0.09725458340600825,-0.11985620161862966,34.81064628884359,-23.208365694517127,29.008745090507425,0.0,0.0,0.0,0.0,0.0,0.058076338575276665,0.058076338575276686,0.0,0.0,0.006,-0.004,0.005,0.006,-0.004,0.005,0.006,-0.004,0.005,0.0,0.0,0.0,0.0,0.0,0.0,0.0,0.0,0.0,2.0904773138236132e-18,-9.791700870259712e-19,1.6644197413547002e-18,1.8488357546309062e-16,9.75781955236954e-18,-2.1510571102112406e-16,-0.14397962217692226,0.09725458340600814,-0.11985620161862949,34.66666666666667,-23.111111111111118,28.888888888888797,0.018717350882999924,-0.01264309584278106,0.01558130621042184
0.2900000000000002,-0.00018603505643785269,-1.713497429230115e-05,0.3002095744901965,0.9998905443755978,-0.010092049520175575,0.0068169235129080475,-0.00840115221686722,4.88018483549365,-3.2536343444813376,4.066802917496132,-0.0013684202542168233,-9.967144258173531e-05,0.0015629656540567909,-0.14951729995295793,0.10099514430623936,-0.1244660555270385,36.149517299952954,-24.100995144306253,30.124466055526945,0.0,0.0,0.0,0.0,0.0,0.06262966097836789,0.06262966097836792,0.0,0.0,0.006,-0.004,0.005,0.006,-0.004,0.005,0.006,-0.004,0.005,0.0,0.0,0.0,0.0,0.0,0.0,0.0,0.0,0.0,2.0938654456126304e-18,-1.4501204056993622e-18,1.5670109524204556e-18,1.970537448492404e-16,1.2359904766334749e-17,-2.2724877535296173e-16,-0.1495172999529577,0.10099514430623924,-0.12446605552703835,36.0,-24.000000000000014,29.999999999999908,0.020184835493649328,-0.013634344481342297,0.01680291749615018
0.3000000000000002,-0.00019996511441275482,-1.812918984586821e-05,0.3002255015130695,0.9998734057701786,-0.010853390425635984,0.007331189986670007,-0.009034932384405394,5.248374363548726,-3.499107443173346,4.3736261828764995,-0.001417562687158792,-9.909537841370894e-05,0.001622466403389794,-0.1550549777289934,0.10473570520647048,-0.12907590943544733,37.488388311062316,-24.99362459409538,31.240187020546465,0.0,0.0,0.0,0.0,0.0,0.06735480686836821,0.06735480686836824,0.0,0.0,0.006,-0.004,0.005,0.006,-0.004,0.005,0.006,-0.004,0.005,0.0,0.0,0.0,0.0,0.0,0.0,0.0,0.0,0.0,1.3992984288641042e-18,-8.368685518872487e-19,1.5348237004247922e-18,1.9659295892593407e-16,5.2041704279304205e-18,-2.2768245622195593e-16,-0.15505497772899324,0.10473570520647037,-0.1290759094354472,37.33333333333332,-24.88888888888891,31.11111111111102,0.021707696882059088,-0.014662998728905845,0.01807062732096261
0.3100000000000002,-0.00021438572453005345,-1.911532820815064e-05,0.3002420243754154,0.9998543292365641,-0.011642402171968139,0.00786414741169845,-0.009691747213601491,5.629952601714898,-3.753506836363245,4.691606657907062,-0.0014665294202329399,-9.8053218459258e-05,0.0016821342926010853,-0.16059265550502888,0.10847626610670158,-0.13368576334385618,38.82725932217168,-25.886254043884506,32.355907985565985,0.0,0.0,0.0,0.0,0.0,0.07225177624527764,0.07225177624527768,0.0,0.0,0.006,-0.004,0.005,0.006,-0.004,0.005,0.006,-0.004,0.005,0.0,0.0,0.0,0.0,0.0,0.0,0.0,0.0,0.0,8.267041565201971e-19,-1.8431436932253575e-18,1.616138863361205e-18,2.041823741333326e-16,7.37257477290143e-18,-2.3462135012586316e-16,-0.1605926555050287,0.10847626610670144,-0.133685763343856,38.66666666666665,-25.777777777777803,32.22222222222213,0.023285935048229192,-0.0157290585854717,0.019384435684859126
0.32000000000000023,-0.0002292950916862489,-2.0088644842853554e-05,0.3002591447706766,0.999833173940302,-0.012459082116651142,0.008415794003037528,-0.010371594504682289,6.02491954999216,-4.016832524051035,5.020744342587819,-0.001515312809232436,-9.652824681902035e-05,0.0017419737026722927,-0.16613033328106436,0.1122168270069327,-0.13829561725226502,40.16613033328104,-26.778883493673632,33.471628950585504,0.0,0.0,0.0,0.0,0.0,0.07732056910909617,0.0773205691090962,0.0,0.0,0.006,-0.004,0.005,0.006,-0.004,0.005,0.006,-0.004,0.005,0.0,0.0,0.0,0.0,0.0,0.0,0.0,0.0,0.0,3.3881317890172014e-19,-1.90074193363865e-18,1.4433441421213278e-18,2.1621701824792172e-16,4.7704895589362195e-18,-2.4123498337802474e-16,-0.16613033328106414,0.11221682700693256,-0.13829561725226489,39.99999999999997,-26.6666666666667,33.333333333333236,0.02491954999215966,-0.016832524051039875,0.020744342587839734
0.33000000000000024,-0.00024469134363102566,-2.104422805000484e-05,0.3002768644352626,0.999809794112228,-0.013303427329345459,0.008986127781317197,-0.01107447181827921,6.433275208380517,-4.289084506236718,5.361039236918772,-0.0015639050682553241,-9.450374683197534e-05,0.0018019888449890172,-0.17166801105709983,0.11595738790716376,-0.14290547116067387,41.5050013443904,-27.67151294346276,34.587349915605024,0.0,0.0,0.0,0.0,0.0,0.08256118545982383,0.08256118545982384,0.0,0.0,0.006,-0.004,0.005,0.006,-0.004,0.005,0.006,-0.004,0.005,0.0,0.0,0.0,0.0,0.0,0.0,0.0,0.0,0.0,1.3552527156068805e-20,-2.0735366548785272e-18,3.1679032227310833e-19,2.226951262285226e-16,1.0842021724855044e-18,-2.5804011705155006e-16,-0.17166801105709967,0.11595738790716363,-0.14290547116067373,41.3333333333333,-27.555555555555596,34.44444444444435,0.026608541713850478,-0.01797339512561036,0.02215034802990443
0.34000000000000025,-0.00026057252952801067,-2.1976998963778347e-05,0.3002951851468226,0.9997840390496878,-0.014175434571718269,0.009575146559125761,-0.011800376458633886,6.855019576879969,-4.570262782920292,5.71249134089992,-0.0016122982652543374,-9.1963002182312e-05,0.001862183755096814,-0.1772056888331353,0.11969794880739486,-0.14751532506908271,42.84387235549976,-28.564142393251885,35.703070880624544,0.0,0.0,0.0,0.0,0.0,0.08797362529746057,0.08797362529746056,0.0,0.0,0.006,-0.004,0.005,0.006,-0.004,0.005,0.006,-0.004,0.005,0.0,0.0,0.0,0.0,0.0,0.0,0.0,0.0,0.0,-9.029371217730842e-19,-8.131516293641283e-19,8.724439356719293e-19,2.336997782792505e-16,8.673617379884035e-19,-2.710505431213761e-16,-0.17720568883313514,0.11969794880739473,-0.1475153250690826,42.66666666666663,-28.44444444444449,35.555555555555465,0.02835291021330165,-0.019151671809183146,0.02360245201105321
0.35000000000000026,-0.00027693661847126946,-2.2881711561959386e-05,0.30031410872245623,0.9997557531178868,-0.015075100276586892,0.01018284792692179,-0.012549305456236047,7.2901526554905125,-4.860367354101756,6.075100654531263,-0.001660484317634911,-8.888929812165374e-05,0.0019225622864214732,-0.1827433666091708,0.12343850970762597,-0.15212517897749156,44.182743366609124,-29.45677184304101,36.818791845644064,0.0,0.0,0.0,0.0,0.0,0.09355788862200637,0.09355788862200641,0.0,0.0,0.006,-0.004,0.005,0.006,-0.004,0.005,0.006,-0.004,0.005,0.0,0.0,0.0,0.0,0.0,0.0,0.0,0.0,0.0,-7.436949276892757e-19,-4.22500034090445e-18,2.1870390698106035e-18,2.344316147456782e-16,5.854691731421723e-18,-2.6595479291069424e-16,-0.18274336660917057,0.12343850970762581,-0.15212517897749137,43.99999999999995,-29.333333333333385,36.66666666666657,0.03015265549051319,-0.020367354101758262,0.02510065453128609
0.36000000000000026,-0.00029378149795803246,-2.3752952688225362e-05,0.3003336370168601,0.9997247757513765,-0.016002420526380613,0.010809229238485613,-0.013321255549894018,7.738674444212151,-5.159398219781111,6.448867177812801,-0.0017084549879036444,-8.526592281051061e-05,0.001983128103953159,-0.18828104438520626,0.12717907060785708,-0.1567350328859004,45.521614377718485,-30.349401292830137,37.934512810663584,0.0,0.0,0.0,0.0,0.0,0.0993139754334613,0.09931397543346134,0.0,0.0,0.006,-0.004,0.005,0.006,-0.004,0.005,0.006,-0.004,0.005,0.0,0.0,0.0,0.0,0.0,0.0,0.0,0.0,0.0,-8.182338270476541e-19,-3.347474207548995e-18,1.5924219408380846e-18,2.398255205537936e-16,1.0625181290357943e-17,-2.8763883636040433e-16,-0.18828104438520604,0.1271790706078569,-0.15673503288590024,45.33333333333328,-30.222222222222282,37.777777777777686,0.03200777754548507,-0.02162044200333568,0.026644955590603047
0.3700000000000003,-0.00031110497231816764,-2.458514208845305e-05,0.3003537719204124,0.999690941455687,-0.01695739103092129,0.011454287595910695,-0.014116223168238122,8.200584943044884,-5.467355379958357,6.8337909107445345,-0.0017562018793695182,-8.107616878278855e-05,0.0020438846778940683,-0.19381872216124174,0.1309196315080882,-0.16134488679430925,46.86048538882785,-31.242030742619264,39.050233775683104,0.0,0.0,0.0,0.0,0.0,0.10524188573182534,0.1052418857318254,0.0,0.0,0.006,-0.004,0.005,0.006,-0.004,0.005,0.006,-0.004,0.005,0.0,0.0,0.0,0.0,0.0,0.0,0.0,0.0,0.0,-1.968504569418994e-18,-1.9109063290057016e-18,2.8358663074073975e-18,2.4714388521807074e-16,9.974659986866641e-18,-2.985892783025079e-16,-0.19381872216124155,0.13091963150808802,-0.16134488679430906,46.66666666666661,-31.111111111111175,38.88888888888879,0.03391827637821731,-0.022910935513915414,0.028235355189004104
0.3800000000000003,-0.0003289047611009391,-2.537253246230221e-05,0.3003745153571925,0.9996540798091151,-0.017940007104523117,0.012118019834135104,-0.01493420441065733,8.67588415198871,-5.784238834633493,7.229871853326463,-0.0018037164319002316,-7.630333453718697e-05,0.0021048352772693466,-0.19935639993727722,0.1346601924083193,-0.1659547407027181,48.19935639993721,-32.13466019240839,40.165954740702624,0.0,0.0,0.0,0.0,0.0,0.11134161951709846,0.11134161951709853,0.0,0.0,0.006,-0.004,0.005,0.006,-0.004,0.005,0.006,-0.004,0.005,0.0,0.0,0.0,0.0,0.0,0.0,0.0,0.0,0.0,-1.739805673660333e-18,-1.1214716221646936e-18,3.0527067419044984e-18,2.492038693457932e-16,2.3852447794681098e-18,-2.977219165645195e-16,-0.199356399937277,0.13466019240831914,-0.16595474070271793,47.99999999999993,-32.00000000000007,39.99999999999991,0.0358841519887099,-0.02423883463349745,0.02987185332648924
0.3900000000000003,-0.0003471784974196149,-2.6109209531363573e-05,0.3003958692829377,0.9996140154646762,-0.018950263642412077,0.01280042250501345,-0.015775195027669563,9.164572071043628,-6.110048583806524,7.637110005558586,-0.001850989917736095,-7.093072625931686e-05,0.0021659829635010666,-0.2048940777133127,0.13840075330855042,-0.17056459461112694,49.53822741104657,-33.027289642197516,41.281675705722144,0.0,0.0,0.0,0.0,0.0,0.11761317678928072,0.1176131767892808,0.0,0.0,0.006,-0.004,0.005,0.006,-0.004,0.005,0.006,-0.004,0.005,0.0,0.0,0.0,0.0,0.0,0.0,0.0,0.0,0.0,-2.5512632371299526e-18,-2.320870275476783e-18,3.5744790374131474e-18,2.598832607447754e-16,7.15573433840433e-18,-3.146354704552934e-16,-0.20489407771331247,0.13840075330855023,-0.17056459461112672,49.33333333333326,-32.888888888888964,41.111111111111015,0.03790540437696285,-0.025604139362081797,0.03155445000305846
0.4000000000000003,-0.00036592372625451154,-2.6789092125197577e-05,0.3004178356829344,0.9995705681522322,-0.019988155096465433,0.01350149186092953,-0.01663919040072598,9.66664870020964,-6.444784627477446,8.055505367440906,-0.00189801343736397,-6.494165967836413e-05,0.002227330583945172,-0.21043175548934817,0.14214131420878154,-0.17517444851953579,50.87709842215593,-33.91991909198664,42.397396670741664,0.0,0.0,0.0,0.0,0.0,0.12405655754837216,0.12405655754837214,0.0,0.0,0.006,-0.004,0.005,0.006,-0.004,0.005,0.006,-0.004,0.005,0.0,0.0,0.0,0.0,0.0,0.0,0.0,0.0,0.0,-2.9256517998163534e-18,-4.1165801236559e-18,1.4755313941169912e-18,2.7077949257825473e-16,-3.903127820947816e-18,-3.196228004487267e-16,-0.21043175548934798,0.14214131420878137,-0.17517444851953562,50.666666666666586,-33.777777777777864,42.22222222222213,0.03998203354297615,-0.027006849699668455,0.03328314521871177
0.4100000000000003,-0.00038513790271508917,-2.740593228662825e-05,0.3004404165698452,0.9995235526808023,-0.021053675450271914,0.014221223837950107,-0.017526185521449758,10.182114039486747,-6.788446965646259,8.485057938973421,-0.001944777915453827,-5.8319462062089906e-05,0.002288880765391393,-0.21596943326538365,0.14588187510901265,-0.17978430242794463,52.21596943326529,-34.81254854177577,43.51311763576118,0.0,0.0,0.0,0.0,0.0,0.13067176179437262,0.1306717617943726,0.0,0.0,0.006,-0.004,0.005,0.006,-0.004,0.005,0.006,-0.004,0.005,0.0,0.0,0.0,0.0,0.0,0.0,0.0,0.0,0.0,-2.1836509380215863e-18,-1.9989977555201488e-18,1.6991480921921265e-18,2.760920832234337e-16,-7.806255641895632e-18,-3.323079658668071e-16,-0.21596943326538345,0.14588187510901252,-0.1797843024279445,51.99999999999991,-34.66666666666676,43.333333333333236,0.042114039486749806,-0.028446965646257424,0.03505793897344917
0.4200000000000003,-0.0004048183902617362,-2.7953315397694674e-05,0.30046361398147053,0.9994727789410701,-0.022146818193513114,0.014959614038520202,-0.018436174970309832,10.710968088874946,-7.141035598312963,8.92576772015613,-0.00199127409686055,-5.1047474353983604e-05,0.0023506359075261885,-0.22150711104141912,0.14962243600924377,-0.18439415633635348,53.554840444374655,-35.705177991564895,44.6288386007807,0.0,0.0,0.0,0.0,0.0,0.13745878952728213,0.13745878952728216,0.0,0.0,0.006,-0.004,0.005,0.006,-0.004,0.005,0.006,-0.004,0.005,0.0,0.0,0.0,0.0,0.0,0.0,0.0,0.0,0.0,-1.861778418064952e-18,-1.5585406229479126e-18,3.3864377231226928e-18,2.8650042407929455e-16,2.168404344971009e-19,-3.365363543395006e-16,-0.2215071110414189,0.14962243600924363,-0.1843941563363533,53.333333333333236,-35.55555555555565,44.44444444444435,0.04430142220828382,-0.029924487201848708,0.036878831267270665
0.4300000000000003,-0.00042496245888790925,-2.8424660327700526e-05,0.30048742997844474,0.999418051908097,-0.023267576295666725,0.0157166577137003,-0.01936915289473008,11.25321084837424,-7.502550525477558,9.377634710989035,-0.002037492542693687,-4.3109053456348584e-05,0.0024125981763588955,-0.2270447888174546,0.15336299690947489,-0.18900401024476232,54.893711455484016,-36.59780744135402,45.74455956580022,0.0,0.0,0.0,0.0,0.0,0.14441764074710087,0.1444176407471008,0.0,0.0,0.006,-0.004,0.005,0.006,-0.004,0.005,0.006,-0.004,0.005,0.0,0.0,0.0,0.0,0.0,0.0,0.0,0.0,0.0,-5.124549330888517e-18,-1.5009423825346202e-18,9.961107459710572e-19,2.99402429931872e-16,-1.2359904766334749e-17,-3.6158142452391573e-16,-0.22704478881745446,0.15336299690947477,-0.18900401024476218,54.666666666666565,-36.44444444444455,45.55555555555546,0.04654418170757819,-0.03143941436644231,0.03874582210017625
0.44000000000000034,-0.00044556728326332215,-2.8813219604839813e-05,0.3005118666418665,0.9993591716442494,-0.02441594217903231,0.016492349744945907,-0.020325112986634544,11.808842317984626,-7.872991747140043,9.840658911472135,-0.0020834236264579277,-3.448757466308114e-05,0.0024747694976113834,-0.23258246659349008,0.157103557809706,-0.19361386415317117,56.23258246659338,-37.49043689114315,46.86028053081974,0.0,0.0,0.0,0.0,0.0,0.15154831545382857,0.15154831545382857,0.0,0.0,0.006,-0.004,0.005,0.006,-0.004,0.005,0.006,-0.004,0.005,0.0,0.0,0.0,0.0,0.0,0.0,0.0,0.0,0.0,-3.2187251995663413e-18,-8.571973426213519e-19,9.571472303973594e-19,3.0178767471134016e-16,-2.168404344971009e-18,-3.5908775952719907e-16,-0.23258246659348986,0.1571035578097059,-0.193613864153171,55.999999999999886,-37.33333333333344,46.66666666666657,0.04884231798463291,-0.032991747140038205,0.04065891147216591
0.45000000000000034,-0.0004666299408389053,-2.9112079612914567e-05,0.3005369260708625,0.9992959333023576,-0.0255919076910803,0.017286684625430072,-0.021304048459429323,12.377862497706106,-8.252359263300422,10.31484032160543,-0.0021290575302671485,-2.5166434245922575e-05,0.002537151550071548,-0.23812014436952555,0.16084411870993712,-0.19822371806158,57.57145347770274,-38.383066340932274,47.97600149583926,0.0,0.0,0.0,0.0,0.0,0.15885081364746553,0.15885081364746545,0.0,0.0,0.006,-0.004,0.005,0.006,-0.004,0.005,0.006,-0.004,0.005,0.0,0.0,0.0,0.0,0.0,0.0,0.0,0.0,0.0,-3.933621007048971e-18,7.081195439045951e-19,1.4280975490707504e-18,3.11220233611964e-16,-1.713039432527097e-17,-3.774107762422041e-16,-0.2381201443695254,0.16084411870993703,-0.19822371806157993,57.333333333333215,-38.222222222222335,47.777777777777686,0.05119583103944798,-0.034581485522636415,0.042618099383239655
0.46000000000000035,-0.0004881474099142848,-2.9314160814697948e-05,0.3005626103800848,0.9992281271291102,-0.02679546407612507,0.018099656440909193,-0.022305952024421708,12.96027138753868,-8.64065307395869,10.800178941388921,-0.002174384241134941,-1.5129052197890523e-05,0.002599745758911131,-0.24365782214556103,0.16458467961016823,-0.20283357196998886,58.9103244888121,-39.2756957907214,49.09172246085878,0.0,0.0,0.0,0.0,0.0,0.16632513532801135,0.1663251353280114,0.0,0.0,0.006,-0.004,0.005,0.006,-0.004,0.005,0.006,-0.004,0.005,0.0,0.0,0.0,0.0,0.0,0.0,0.0,0.0,0.0,-3.0357660829594124e-18,8.470329472543003e-20,3.017131358119818e-18,3.140391592604263e-16,-8.673617379884035e-18,-3.866264947083309e-16,-0.24365782214556078,0.16458467961016804,-0.2028335719699887,58.66666666666654,-39.111111111111235,48.88888888888879,0.05360472087202342,-0.03620862951423695,0.04462338583339751
0.47000000000000036,-0.0005101165676685626,-2.9412218003533153e-05,0.30058892169714113,0.9991555384687039,-0.028026601946322855,0.018931258850132887,-0.02333081586667735,13.556068987482348,-9.03787317911485,11.296674770822607,-0.002219393547344631,-4.358875137639791e-06,0.002662553288968467,-0.2491954999215965,0.16832524051039935,-0.2074434258783977,60.24919549992146,-40.168325240510526,50.2074434258783,0.0,0.0,0.0,0.0,0.0,0.17397128049546637,0.17397128049546648,0.0,0.0,0.006,-0.004,0.005,0.006,-0.004,0.005,0.006,-0.004,0.005,0.0,0.0,0.0,0.0,0.0,0.0,0.0,0.0,0.0,-3.520268928788872e-18,-1.768604793866979e-18,2.8731357570865868e-18,3.191891195797325e-16,-2.862293735361732e-17,-3.9269802687424966e-16,-0.2491954999215962,0.16832524051039913,-0.20744342587839742,59.999999999999865,-40.00000000000013,49.99999999999991,0.056068987482359216,-0.03787317911483979,0.04667477082263945
0.48000000000000037,-0.0005325341881552061,-2.9398840584795948e-05,0.3006158621599578,0.9990779477667517,-0.029285311251995492,0.019781485064798415,-0.024378631620316175,14.16525529753711,-9.4440195787689,11.804327809906487,-0.0022640750349018418,7.1606206215640924e-06,0.0027255750379968024,-0.254733177697632,0.17206580141063044,-0.21205327978680655,61.588066511030824,-41.06095469029965,51.32316439089782,0.0,0.0,0.0,0.0,0.0,0.1817892491498304,0.18178924914983066,0.0,0.0,0.006,-0.004,0.005,0.006,-0.004,0.005,0.006,-0.004,0.005,0.0,0.0,0.0,0.0,0.0,0.0,0.0,0.0,0.0,-1.2231155758352097e-18,-1.2874900798265365e-18,3.901433755053307e-18,3.1870122860211403e-16,-2.5587171270657905e-17,-3.9898639947466563e-16,-0.2547331776976316,0.17206580141063016,-0.21205327978680627,61.333333333333194,-40.88888888888902,51.111111111111015,0.05858863087045535,-0.03957513432444492,0.048772254350965466
0.4900000000000004,-0.0005553969402618903,-2.926645288888528e-05,0.300643433914075,0.9989951305744711,-0.030571581251280934,0.020650327829050394,-0.02544939034324788,14.787830317702966,-9.859092272920842,12.323138058640563,-0.002308418084072763,1.9445925834589164e-05,0.002788811629879024,-0.26027085547366746,0.17580636231086155,-0.2166631336952154,62.926937522140186,-41.95358414008878,52.43888535591734,0.0,0.0,0.0,0.0,0.0,0.1897790412911037,0.18977904129110396,0.0,0.0,0.006,-0.004,0.005,0.006,-0.004,0.005,0.006,-0.004,0.005,0.0,0.0,0.0,0.0,0.0,0.0,0.0,0.0,0.0,-8.809142651444724e-19,-1.463672932855431e-18,4.682398132421772e-18,3.1561125241053034e-16,-3.621235256101585e-17,-4.193694003173931e-16,-0.2602708554736671,0.17580636231086127,-0.2166631336952151,62.666666666666515,-41.77777777777792,52.22222222222213,0.06116365103631185,-0.04131449514305239,0.05091583641837558
0.5000000000000003,-0.0005787013856361635,-2.9007314517443138e-05,0.3006716391098741,0.998906857553157,-0.03188540047911154,0.02153777939852638,-0.026543082491347837,15.423794047979912,-10.283091261570673,12.853105517024833,-0.002352411866011345,3.251349491524049e-05,0.002852263407809695,-0.26580853324970294,0.17954692321109267,-0.22127298760362424,64.26580853324955,-42.846213589877905,53.55460632093686,0.0,0.0,0.0,0.0,0.0,0.19794065691928614,0.19794065691928633,0.0,0.0,-0.006,0.004,-0.005,0.006,-0.004,0.005,0.006,-0.004,0.005,0.0,0.0,0.0,0.0,0.0,0.0,0.0,0.0,0.0,-2.859583229930518e-18,-3.638853541404474e-18,4.211447813748381e-18,3.265616943526339e-16,-4.5319650809894085e-17,-4.139483894549656e-16,-0.2658085332497025,0.1795469232110924,-0.22127298760362393,63.99999999999985,-42.66666666666681,53.333333333333236,0.0637940479799287,-0.04309126157066215,0.053105517024869785
0.5100000000000003,-0.0006024439765778438,-2.8613520724541203e-05,0.3007004798997363,0.9988128944789579,-0.03322675671552134,0.02244383151894926,-0.027659697892074363,16.073146488367954,-10.716016544718396,13.3942301850593,-0.002396045339478718,4.6379742351493093e-05,0.0029159304274454195,-0.2713462110257384,0.18328748411132376,-0.22588284151203308,65.60467954435892,-43.73884303966703,54.67032728595638,0.0,0.0,0.0,0.0,0.0,0.2062740960343774,0.20627409603437782,0.0,0.0,-0.006,0.004,-0.005,0.006,-0.004,0.005,0.006,-0.004,0.005,0.0,0.0,0.0,0.0,0.0,0.0,0.0,0.0,0.0,-3.791319471910248e-18,-3.8285889215894375e-18,6.0003813983494636e-18,3.242306596817901e-16,-3.7730235602495554e-17,-4.1720099597242206e-16,-0.27134621102573797,0.18328748411132342,-0.2258828415120327,65.33333333333317,-43.555555555555706,54.44444444444435,0.06647982170130592,-0.04490543360727424,0.05534129617044808
0.5200000000000004,-0.0006266210538990853,-2.8077002834607883e-05,0.300729958435133,0.9987130022479662,-0.03459563695328335,0.023368475404267085,-0.028799225717528396,16.73588763886709,-11.157868122364015,13.946512062743961,-0.002439307247658235,6.106103894158756e-05,0.0029798124500247094,-0.2768838888017739,0.18702804501155482,-0.23049269542044193,66.94355055546828,-44.63147248945616,55.7860482509759,0.0,0.0,0.0,0.0,0.0,0.21477935863637818,0.2147793586363784,0.0,0.0,-0.006,0.004,-0.005,-0.006,0.004,-0.005,-0.006,0.004,-0.005,0.0,0.0,0.0,0.0,0.0,0.0,0.0,0.0,0.0,-3.818424526222386e-18,-4.560425388017153e-18,3.1069168505287736e-18,3.5735303605122226e-16,-3.122502256758253e-17,-4.2695881552479165e-16,-0.2768838888017735,0.18702804501155454,-0.2304926954204416,66.6666666666665,-44.444444444444606,55.55555555555546,0.06922097220044346,-0.046757011252888614,0.057623173855110434
0.5300000000000004,-0.000650742130085059,-2.740451540758409e-05,0.30075948002744557,0.9986090779114295,-0.03596437751802692,0.02429302494400311,-0.029938637271824005,17.398628789366228,-11.599719700009633,14.498793940428623,-0.002384958260952243,7.329892760943072e-05,0.002924454815477114,-0.2713462110257384,0.1832874841113237,-0.22588284151203308,65.60467954435892,-43.73884303966703,54.67032728595638,0.0,0.0,0.0,0.0,0.0,0.2062740960343775,0.20627409603437782,0.0,0.0,-0.006,0.004,-0.005,-0.006,0.004,-0.005,-0.006,0.004,-0.005,0.0,0.0,0.0,0.0,0.0,0.0,0.0,0.0,0.0,-3.113693114106808e-18,-3.503328269843786e-18,3.4135427774348304e-18,3.3236217597543133e-16,-4.7054374285870886e-17,-4.122136659789888e-16,-0.27134621102573797,0.1832874841113234,-0.22588284151203275,65.33333333333317,-43.555555555555706,54.44444444444435,0.07196212269958104,-0.04860858889850301,0.05990505153977281
0.5400000000000004,-0.0006743212209723692,-2.6613747042637603e-05,0.3007884465256179,0.9985033427172416,-0.037305325965624116,0.02519880161342476,-0.031054913207719324,18.04798122975427,-12.032644983157356,15.03991860846309,-0.002330909822080127,8.471998940579324e-05,0.0028687954243825503,-0.26580853324970294,0.17954692321109259,-0.22127298760362424,64.26580853324955,-42.846213589877905,53.55460632093686,0.0,0.0,0.0,0.0,0.0,0.19794065691928606,0.19794065691928633,0.0,0.0,-0.006,0.004,-0.005,-0.006,0.004,-0.005,-0.006,0.004,-0.005,0.0,0.0,0.0,0.0,0.0,0.0,0.0,0.0,0.0,-5.085585815314819e-18,-4.506215279392878e-18,4.37069000783219e-18,3.213575239247035e-16,-3.447762908503904e-17,-4.117799851099946e-16,-0.26580853324970255,0.17954692321109228,-0.22127298760362393,63.99999999999985,-42.66666666666681,53.333333333333236,0.07464789642095822,-0.050422760935115093,0.06214083068535108
0.5500000000000004,-0.000697361320645394,-2.571278306429178e-05,0.3008168549657006,0.9983960364709986,-0.03861848587837801,0.02608580783228689,-0.032148056507311625,18.68394496003122,-12.456643971807187,15.56988606684736,-0.0022771596105980374,9.534081882529959e-05,0.0028128449544866465,-0.26027085547366746,0.17580636231086147,-0.2166631336952154,62.92693752214019,-41.95358414008878,52.43888535591734,0.0,0.0,0.0,0.0,0.0,0.18977904129110368,0.18977904129110396,0.0,0.0,-0.006,0.004,-0.005,-0.006,0.004,-0.005,-0.006,0.004,-0.005,0.0,0.0,0.0,0.0,0.0,0.0,0.0,0.0,0.0,-1.2332799712022613e-18,-3.8624702394796095e-18,3.8963515573697816e-18,3.1777965675550135e-16,-3.5778671692021646e-17,-3.9269802687424966e-16,-0.260270855473667,0.17580636231086122,-0.2166631336952151,62.66666666666652,-41.77777777777792,52.22222222222213,0.07727829336457508,-0.05219952736272487,0.06433051129184529
0.5600000000000004,-0.0007198653987448974,-2.4709542688529352e-05,0.30084470248916567,0.9982873940064242,-0.03990386128457967,0.026954046321597976,-0.033218070523962015,19.306519980197077,-12.871716665959129,16.088696315581437,-0.0022237050592628167,0.00010517804247802357,0.002756613813121854,-0.254733177697632,0.17206580141063035,-0.21205327978680655,61.58806651103083,-41.06095469029965,51.32316439089782,0.0,0.0,0.0,0.0,0.0,0.18178924914983033,0.18178924914983066,0.0,0.0,-0.006,0.004,-0.005,-0.006,0.004,-0.005,-0.006,0.004,-0.005,0.0,0.0,0.0,0.0,0.0,0.0,0.0,0.0,0.0,-2.8833001524536384e-18,-4.587530442329291e-18,3.7015339795012925e-18,3.0189609492858866e-16,-5.4643789493269423e-17,-3.864096542738338e-16,-0.25473317769763154,0.17206580141063005,-0.21205327978680621,61.3333333333332,-40.88888888888902,51.111111111111015,0.07985331353043157,-0.05393888818133233,0.0664740933592554
0.5700000000000004,-0.0007418363980310235,-2.3611778719435917e-05,0.30087198634022544,0.9981776451851125,-0.041161456625960297,0.02780352008163479,-0.0342649589552009,19.915706290251837,-13.277863065613179,16.596349354665318,-0.0021705433602207695,0.00011424831556023985,0.00270011214177809,-0.2491954999215965,0.16832524051039924,-0.2074434258783977,60.24919549992147,-40.168325240510526,50.2074434258783,0.0,0.0,0.0,0.0,0.0,0.17397128049546637,0.17397128049546648,0.0,0.0,-0.006,0.004,-0.005,-0.006,0.004,-0.005,-0.006,0.004,-0.005,0.0,0.0,0.0,0.0,0.0,0.0,0.0,0.0,0.0,-3.5236570605778894e-18,-3.3881317890172014e-18,3.9217625457874106e-18,3.0991919100498144e-16,-3.5561831257524545e-17,-3.787118188491867e-16,-0.2491954999215962,0.16832524051039902,-0.20744342587839742,59.99999999999987,-40.00000000000013,49.99999999999991,0.0823729569185277,-0.05564084339093747,0.0685715768875814
0.5800000000000004,-0.0007632772320079166,-2.2427077280231853e-05,0.30089870386319745,0.998067014896484,-0.04239127672583154,0.028634232370422032,-0.0352887258162063,20.511503890195502,-13.675083170769339,17.092845184099,-0.0021176714711440216,0.00012256831850536887,0.002643349820756669,-0.24365782214556103,0.16458467961016812,-0.20283357196998886,58.91032448881211,-39.2756957907214,49.09172246085878,0.0,0.0,0.0,0.0,0.0,0.16632513532801146,0.1663251353280114,0.0,0.0,-0.006,0.004,-0.005,-0.006,0.004,-0.005,-0.006,0.004,-0.005,0.0,0.0,0.0,0.0,0.0,0.0,0.0,0.0,0.0,-1.0672615135404184e-18,-1.9888333601530972e-18,3.5270451923669066e-18,3.032513476441956e-16,-5.074066167232161e-17,-3.7860339863193815e-16,-0.24365782214556078,0.16458467961016796,-0.20283357196998866,58.66666666666655,-39.111111111111235,48.88888888888879,0.08483722352886347,-0.0573053929915403,0.07062296187682332
0.5900000000000004,-0.0007841907826094424,-2.116285757690878e-05,0.3009248524999158,0.9979557230579412,-0.043593326757914184,0.02944618668267689,-0.03628937541385519,21.093912780028077,-14.063376981427608,17.578183803882492,-0.0020650861213140997,0.00013015475381151112,0.0025863364739040703,-0.23812014436952555,0.160844118709937,-0.19822371806158,57.57145347770275,-38.383066340932274,47.97600149583926,0.0,0.0,0.0,0.0,0.0,0.1588508136474655,0.15885081364746545,0.0,0.0,-0.006,0.004,-0.005,-0.006,0.004,-0.005,-0.006,0.004,-0.005,0.0,0.0,0.0,0.0,0.0,0.0,0.0,0.0,0.0,-2.5614276324970042e-18,-3.604972223514302e-18,1.7025362239811437e-18,2.920840652675949e-16,-4.553649124439118e-17,-3.6786979712433165e-16,-0.2381201443695254,0.16084411870993687,-0.19822371806157987,57.33333333333322,-38.222222222222335,47.777777777777686,0.08724611336143889,-0.058932536983140826,0.07262824832698116
0.6000000000000004,-0.0008045798979454775,-1.982637169272356e-05,0.3009504297871909,0.9978439846152124,-0.044767612215855554,0.030239386729218803,-0.03726691232134824,21.662932959749558,-14.442744497587986,18.052365214015786,-0.002012783817652431,0.0001370243430417855,0.0025290814734222076,-0.23258246659349008,0.1571035578097059,-0.19361386415317117,56.232582466593385,-37.49043689114315,46.86028053081974,0.0,0.0,0.0,0.0,0.0,0.15154831545382882,0.15154831545382857,0.0,0.0,-0.006,0.004,-0.005,-0.006,0.004,-0.005,-0.006,0.004,-0.005,0.0,0.0,0.0,0.0,0.0,0.0,0.0,0.0,0.0,-5.736107118806122e-18,-6.2341624917916505e-19,9.537590986083422e-19,2.930598472228318e-16,-5.724587470723463e-17,-3.6700243538634325e-16,-0.23258246659349005,0.15710355780970583,-0.1936138641531711,55.99999999999989,-37.33333333333344,46.66666666666657,0.08959962641625394,-0.060522275365739016,0.07458743623805487
0.6100000000000004,-0.0008244473901082399,-1.8424704411840156e-05,0.30097543335431726,0.9977320095428671,-0.045914138883435665,0.0310138364168445,-0.038221341353407774,22.218564429359944,-14.813185719250473,18.515389414498888,-0.0019607608506975816,0.0001431938239937837,0.0024715939447519106,-0.2270447888174546,0.15336299690947477,-0.18900401024476232,54.89371145548402,-36.59780744135402,45.74455956580022,0.0,0.0,0.0,0.0,0.0,0.144417640747101,0.1444176407471008,0.0,0.0,-0.006,0.004,-0.005,-0.006,0.004,-0.005,-0.006,0.004,-0.005,0.0,0.0,0.0,0.0,0.0,0.0,0.0,0.0,0.0,-6.185034580850901e-18,-1.6364676540953083e-18,4.828087799349512e-19,2.8709673527416157e-16,-4.90059381963448e-17,-3.63207727782644e-16,-0.22704478881745457,0.15336299690947475,-0.18900401024476227,54.66666666666657,-36.44444444444455,45.55555555555546,0.09189776269330865,-0.06207460813933492,0.07650052561004454
0.6200000000000004,-0.0008437960330381242,-1.6964773070447178e-05,0.30099986092063047,0.9976200028449961,-0.04703291280546232,0.03176953982866834,-0.03915266754204937,22.76080718885924,-15.174700646415069,18.967256405331792,-0.0019090133005291489,0.00014867994803437025,0.0024138827715265094,-0.22150711104141912,0.14962243600924366,-0.18439415633635348,53.55484044437466,-35.705177991564895,44.6288386007807,0.0,0.0,0.0,0.0,0.0,0.13745878952728227,0.13745878952728216,0.0,0.0,-0.006,0.004,-0.005,-0.006,0.004,-0.005,-0.006,0.004,-0.005,0.0,0.0,0.0,0.0,0.0,0.0,0.0,0.0,0.0,-6.623797647528629e-18,-2.0261028098322864e-18,1.9142944607947188e-19,2.662800535624399e-16,-5.984795992119984e-17,-3.530162273612802e-16,-0.22150711104141912,0.1496224360092436,-0.18439415633635342,53.33333333333324,-35.55555555555565,44.44444444444435,0.09414052219260305,-0.06358953530392852,0.07836751644295013
0.6300000000000004,-0.0008626285604485087,-1.5453327433716323e-05,0.30102371029311453,0.9975081645560386,-0.04812394025935517,0.03250650120492811,-0.04006089611292696,23.289661238247437,-15.52728927908177,19.407966186514503,-0.001857537042638319,0.00015349947759605215,0.002355956600592439,-0.21596943326538365,0.14588187510901254,-0.17978430242794463,52.2159694332653,-34.81254854177577,43.51311763576118,0.0,0.0,0.0,0.0,0.0,0.13067176179437281,0.1306717617943726,0.0,0.0,-0.006,0.004,-0.005,-0.006,0.004,-0.005,-0.006,0.004,-0.005,0.0,0.0,0.0,0.0,0.0,0.0,0.0,0.0,0.0,-2.800290923622717e-18,-1.7957098481791167e-18,7.894347068410079e-19,2.649790109554573e-16,-6.570265165262157e-17,-3.3783739694648313e-16,-0.2159694332653836,0.1458818751090125,-0.17978430242794458,51.999999999999915,-34.66666666666676,43.333333333333236,0.09632790491413706,-0.0650670568595198,0.0801884087367716
0.6400000000000005,-0.0008809476638090026,-1.3896949597005162e-05,0.301046979364059,0.997396689741749,-0.049187227727418896,0.033224724924256245,-0.04094603246225151,23.805126577524543,-15.870951617250581,19.83751875804702,-0.0018063277537451814,0.00015766918383111625,0.002297823847093907,-0.21043175548934817,0.14214131420878143,-0.17517444851953579,50.87709842215594,-33.91991909198664,42.397396670741664,0.0,0.0,0.0,0.0,0.0,0.12405655754837233,0.12405655754837215,0.0,0.0,-0.006,0.004,-0.005,-0.006,0.004,-0.005,-0.006,0.004,-0.005,0.0,0.0,0.0,0.0,0.0,0.0,0.0,0.0,0.0,-2.3767744499955668e-18,5.183841637196318e-19,-1.1062250291141162e-18,2.627021863932377e-16,-5.811323644522304e-17,-3.469446951953614e-16,-0.21043175548934817,0.14214131420878143,-0.17517444851953579,50.66666666666659,-33.777777777777864,42.22222222222213,0.0984599108579107,-0.06650717280610878,0.08196320249150901
0.6500000000000005,-0.0008987559903866005,-1.2302053909745463e-05,0.3010696661087678,0.997285768500288,-0.05022278186980532,0.03392421548541636,-0.04180808213428327,24.307203206690556,-16.2056876609215,20.255914119929336,-0.0017553809175629932,0.00016120584441975898,0.0022394926996187853,-0.2048940777133127,0.1384007533085503,-0.17056459461112694,49.53822741104658,-33.027289642197516,41.281675705722144,0.0,0.0,0.0,0.0,0.0,0.11761317678928107,0.11761317678928081,0.0,0.0,-0.006,0.004,-0.005,-0.006,0.004,-0.005,-0.006,0.004,-0.005,0.0,0.0,0.0,0.0,0.0,0.0,0.0,0.0,0.0,-2.2243085194897927e-18,-3.8963515573697816e-19,5.285485590866834e-19,2.468186245663251e-16,-7.003946034256359e-17,-3.292721997838477e-16,-0.20489407771331278,0.1384007533085503,-0.17056459461112694,49.333333333333265,-32.888888888888964,41.111111111111015,0.10053654002392404,-0.06790988314369545,0.08369189770716232
0.6600000000000005,-0.0009160561413442146,-1.0674886920496244e-05,0.3010917685833196,0.9971755859634305,-0.05123060949816444,0.034604977489505306,-0.04264705079939758,24.795891125745474,-16.53149741009453,20.66315227216146,-0.0017046918305096634,0.00016412624152835182,0.0021809711254029292,-0.19935639993727722,0.1346601924083192,-0.1659547407027181,48.199356399937216,-32.13466019240839,40.165954740702624,0.0,0.0,0.0,0.0,0.0,0.11134161951709874,0.11134161951709853,0.0,0.0,-0.006,0.004,-0.005,-0.006,0.004,-0.005,-0.006,0.004,-0.005,0.0,0.0,0.0,0.0,0.0,0.0,0.0,0.0,0.0,-3.9302328752599536e-18,-2.3242584072658e-18,1.8634724839594607e-20,2.4340338772299575e-16,-5.724587470723463e-17,-3.1886385892798685e-16,-0.19935639993727722,0.13466019240831917,-0.16595474070271807,47.999999999999936,-32.00000000000007,39.99999999999991,0.10255779241217698,-0.06927518787227978,0.08537449438373154
0.6700000000000005,-0.0009328506698960612,-9.021527341679446e-06,0.30111328492238065,0.9970663222978763,-0.05221071754998448,0.03526701562262044,-0.04346294423272411,25.2711903346893,-16.84838086476967,21.05923321474339,-0.0016542556073668277,0.00016644715991402821,0.002122266875590257,-0.19381872216124174,0.13091963150808808,-0.16134488679430925,46.860485388827854,-31.242030742619274,39.050233775683104,0.0,0.0,0.0,0.0,0.0,0.10524188573182561,0.1052418857318254,0.0,0.0,-0.006,0.004,-0.005,-0.006,0.004,-0.005,-0.006,0.004,-0.005,0.0,0.0,0.0,0.0,0.0,0.0,0.0,0.0,0.0,-2.129440829397311e-18,-3.3711911300721153e-18,1.849919956803392e-18,2.2898349882893854e-16,-6.548581121812447e-17,-3.048776509029238e-16,-0.19381872216124169,0.13091963150808805,-0.1613448867943092,46.666666666666615,-31.111111111111185,38.88888888888879,0.10452366802266957,-0.07060308699186181,0.08701099252121668
0.6800000000000005,-0.0009491420795193759,-7.3478860325540634e-06,0.3011342133370702,0.9969581527066544,-0.05316311306362059,0.03591033463899217,-0.04425576829335944,25.733100833522034,-17.15633802494692,21.444156947675122,-0.0016040671868869291,0.0001681853851717603,0.002063387490545996,-0.18828104438520626,0.12717907060785696,-0.1567350328859004,45.52161437771849,-30.34940129283016,37.934512810663584,0.0,0.0,0.0,0.0,0.0,0.0993139754334616,0.09931397543346134,0.0,0.0,-0.006,0.004,-0.005,-0.006,0.004,-0.005,-0.006,0.004,-0.005,0.0,0.0,0.0,0.0,0.0,0.0,0.0,0.0,0.0,-2.7003410358467095e-18,-2.6800122451126063e-18,-7.606355866343617e-19,2.327782064326378e-16,-6.591949208711867e-17,-2.98806118737005e-16,-0.18828104438520626,0.127179070607857,-0.15673503288590043,45.333333333333286,-30.222222222222303,37.777777777777686,0.1064341668554018,-0.07189358050244152,0.08860139211961772
0.6900000000000005,-0.0009649328222219425,-5.659705999023226e-06,0.30115455211287956,0.9968512474306097,-0.05408780315401219,0.03653493934458163,-0.045025528904152935,26.181622622243673,-17.455368890626275,21.81792347095666,-0.0015541213373488523,0.00016935770212004675,0.0020043403052206073,-0.1827433666091708,0.12343850970762592,-0.15212517897749156,44.18274336660913,-29.45677184304105,36.818791845644064,0.0,0.0,0.0,0.0,0.0,0.0935578886220068,0.09355788862200641,0.0,0.0,-0.006,0.004,-0.005,-0.006,0.004,-0.005,-0.006,0.004,-0.005,0.0,0.0,0.0,0.0,0.0,0.0,0.0,0.0,0.0,-5.022905377218001e-18,-2.1921212674941293e-18,-1.179069862577986e-18,2.124494156985346e-16,-7.28583859910259e-17,-2.9609561330579126e-16,-0.18274336660917098,0.12343850970762602,-0.15212517897749164,43.99999999999996,-29.333333333333425,36.66666666666657,0.10828928891037364,-0.0731466684040189,0.09014569317893464
0.7000000000000005,-0.000980225296864923,-3.962562408907293e-06,0.30117429960764514,0.9967457717499618,-0.054984794989088794,0.03714083458114343,-0.04577223203206571,26.616755700854217,-17.74547346180774,22.180532784588003,-0.001504412662062678,0.00016998089332137745,0.0019451324545619391,-0.1772056888331353,0.11969794880739487,-0.14751532506908271,42.84387235549977,-28.56414239325194,35.703070880624544,0.0,0.0,0.0,0.0,0.0,0.08797362529746085,0.08797362529746056,0.0,0.0,-0.006,0.004,-0.005,-0.006,0.004,-0.005,-0.006,0.004,-0.005,0.0,0.0,0.0,0.0,0.0,0.0,0.0,0.0,0.0,-3.2390539903004445e-18,-2.459783678826488e-18,-1.1519648082658485e-19,2.1076890233118206e-16,-6.852157730108388e-17,-2.8536201179818477e-16,-0.17720568883313537,0.11969794880739489,-0.14751532506908277,42.666666666666636,-28.444444444444546,35.555555555555465,0.11008903418758523,-0.07436235069659403,0.09164389569916757
0.7100000000000005,-0.0009950218475404849,-2.2618626213545927e-06,0.30119345424957544,0.9966418859859304,-0.055854095766864044,0.03772802521075326,-0.04649588366910246,27.038500069353667,-18.026651738491317,22.53198488856915,-0.0014549356048242474,0.00017007173773360483,0.0018857708789733175,-0.17166801105709983,0.11595738790716383,-0.14290547116067387,41.50500134439041,-27.671512943462833,34.587349915605024,0.0,0.0,0.0,0.0,0.0,0.08256118545982415,0.08256118545982383,0.0,0.0,-0.006,0.004,-0.005,-0.006,0.004,-0.005,-0.006,0.004,-0.005,0.0,0.0,0.0,0.0,0.0,0.0,0.0,0.0,0.0,-2.346281263894412e-18,-3.757438154020076e-18,-4.811147140404426e-19,2.0437210951351759e-16,-7.32920668600201e-17,-2.7506209115957247e-16,-0.17166801105709986,0.11595738790716385,-0.1429054711606739,41.33333333333331,-27.55555555555567,34.44444444444435,0.11183340268703637,-0.07554062738016681,0.09309599968031634
0.7200000000000005,-0.0010093247620037234,-5.628462291000236e-07,0.3012120145353332,0.9965397455024081,-0.05669571269321788,0.03829651610080026,-0.04719648981381622,27.446855727742022,-18.298903720677,22.8722797829001,-0.001405684455320254,0.0001696470094883417,0.0018262623298152805,-0.16613033328106436,0.11221682700693278,-0.13829561725226502,40.166130333281046,-26.778883493673725,33.471628950585504,0.0,0.0,0.0,0.0,0.0,0.0773205691090966,0.07732056910909618,0.0,0.0,-0.006,0.004,-0.005,-0.006,0.004,-0.005,-0.006,0.004,-0.005,0.0,0.0,0.0,0.0,0.0,0.0,0.0,0.0,0.0,-3.0239076216978522e-18,-2.3615278569449893e-18,5.47183283926278e-19,1.9775847626135598e-16,-7.090682208055199e-17,-2.7441156985608117e-16,-0.1661303332810645,0.11221682700693285,-0.1382956172522651,39.99999999999998,-26.666666666666792,33.333333333333236,0.11352239440872719,-0.07668149845473732,0.09450200512238104
0.7300000000000005,-0.001023136270158395,1.1294148876793054e-06,0.30122997902817256,0.996439500707681,-0.05750965296036635,0.03884631210944395,-0.047874056453385466,27.841822676019287,-18.56222940836479,23.20141746758086,-0.0013566533544846924,0.00016872347679252014,0.001766613374948806,-0.16059265550502888,0.10847626610670173,-0.13368576334385618,38.827259322171685,-25.886254043884616,32.355907985565985,0.0,0.0,0.0,0.0,0.0,0.07225177624527802,0.07225177624527765,0.0,0.0,-0.006,0.004,-0.005,-0.006,0.004,-0.005,-0.006,0.004,-0.005,0.0,0.0,0.0,0.0,0.0,0.0,0.0,0.0,0.0,-1.1824579943670033e-18,-2.5614276324970042e-18,-7.995991022080595e-19,1.887595982297263e-16,-6.678685382510707e-17,-2.70833702686879e-16,-0.16059265550502894,0.10847626610670179,-0.13368576334385626,38.66666666666666,-25.777777777777914,32.22222222222213,0.11515600935265766,-0.07778496392030548,0.09586191202536164
0.7400000000000005,-0.0010364585425959708,2.810016497123756e-06,0.3012473463561321,0.9963412970561849,-0.05829592372601913,0.03937741807153571,-0.04852858954626378,28.223400914185458,-18.81662880155469,23.519397942611423,-0.0013078362998075145,0.00016731790094924598,0.001706830404317942,-0.1550549777289934,0.10473570520647069,-0.12907590943544733,37.48838831106232,-24.993624594095508,31.240187020546465,0.0,0.0,0.0,0.0,0.0,0.06735480686836864,0.06735480686836821,0.0,0.0,-0.006,0.004,-0.005,-0.006,0.004,-0.005,-0.006,0.004,-0.005,0.0,0.0,0.0,0.0,0.0,0.0,0.0,0.0,0.0,-2.778268066994105e-18,-1.1180834903756764e-18,-1.1299419516372367e-18,1.8279648628105605e-16,-7.41594285980085e-17,-2.527275264063711e-16,-0.15505497772899354,0.10473570520647081,-0.1290759094354475,37.33333333333333,-24.88888888888904,31.11111111111102,0.11673424751882776,-0.07885102377687131,0.09717572038925812
0.7500000000000006,-0.001049293689187545,4.474221942239583e-06,0.3012641152102837,0.9962452750502849,-0.05905453209322429,0.03988983878500437,-0.04916009500540154,28.591590442240534,-19.0621019002467,23.82622120799179,-0.0012592271505964447,0.0001654470354940446,0.0016469196355697884,-0.14951729995295793,0.10099514430623964,-0.1244660555270385,36.14951729995296,-24.1009951443064,30.12446605552695,0.0,0.0,0.0,0.0,0.0,0.06262966097836838,0.06262966097836788,0.0,0.0,-0.006,0.004,-0.005,-0.006,0.004,-0.005,-0.006,0.004,-0.005,0.0,0.0,0.0,0.0,0.0,0.0,0.0,0.0,0.0,-3.291570033030211e-18,-3.025601687592361e-18,-1.4145450219146816e-18,1.7135815336133398e-16,-7.3075226425523e-17,-2.368981746880827e-16,-0.1495172999529581,0.10099514430623976,-0.1244660555270387,36.0,-24.00000000000016,29.99999999999991,0.11825710890723752,-0.07987967802443482,0.09844343021407052
0.7600000000000006,-0.0010616437577281295,6.1174620593706514e-06,0.3012802843430376,0.9961515702420756,-0.05978548509089997,0.04038357899770591,-0.0497685786820395,28.946391260184516,-19.298648704440815,24.121887263721963,-0.001210819633192951,0.00016312762544263177,0.0015868871197099055,-0.14397962217692245,0.0972545834060086,-0.11985620161862973,34.8106462888436,-23.20836569451729,29.008745090507436,0.0,0.0,0.0,0.0,0.0,0.058076338575277185,0.05807633857527665,0.0,0.0,-0.006,0.004,-0.005,-0.006,0.004,-0.005,-0.006,0.004,-0.005,0.0,0.0,0.0,0.0,0.0,0.0,0.0,0.0,0.0,-2.2920711552701367e-18,-1.8634724839594607e-18,-2.024408743937778e-18,1.7130394325270968e-16,-6.440160904563896e-17,-2.5066754227864863e-16,-0.14397962217692264,0.0972545834060087,-0.11985620161862993,34.66666666666668,-23.11111111111128,28.888888888888808,0.11972459351788693,-0.08087092666299606,0.09966504149979888
0.7700000000000006,-0.0010735107326328849,7.73533508968942e-06,0.3012958525665049,0.9960603132351898,-0.060488789655052964,0.040858643394736986,-0.05035404635007409,29.287803368017403,-19.52626921413704,24.40639610980194,-0.0011626073461434186,0.00016037640664634656,0.0015267387467912702,-0.13844194440088697,0.09351402250577755,-0.11524634771022095,33.47177527773424,-22.315736244728182,27.893024125487933,0.0,0.0,0.0,0.0,0.0,0.053694839659095085,0.05369483965909452,0.0,0.0,-0.006,0.004,-0.005,-0.006,0.004,-0.005,-0.006,0.004,-0.005,0.0,0.0,0.0,0.0,0.0,0.0,0.0,0.0,0.0,-1.5856456772600502e-18,-3.82520078980042e-18,-1.6313854564117825e-18,1.6051613163647893e-16,-6.982261990806649e-17,-2.2502616089936645e-16,-0.13844194440088714,0.09351402250577766,-0.11524634771022116,33.33333333333335,-22.222222222222406,27.77777777777771,0.12113670135077596,-0.08182476969255495,0.10084055424644311
0.7800000000000006,-0.0010848965336848428,9.323606584764201e-06,0.30131081875091587,0.9959716296866099,-0.061164452610683595,0.04131503658621225,-0.05091650369099413,29.6158267657392,-19.744963429335378,24.679747746231723,-0.001114583765326656,0.0001572101052513263,0.0014664802516349516,-0.1329042666248515,0.0897734616055465,-0.11063649380181216,32.13290426662488,-21.423106794939073,26.777303160468428,0.0,0.0,0.0,0.0,0.0,0.04948516422982204,0.04948516422982149,0.0,0.0,-0.006,0.004,-0.005,-0.006,0.004,-0.005,-0.006,0.004,-0.005,0.0,0.0,0.0,0.0,0.0,0.0,0.0,0.0,0.0,-1.8041801776516597e-18,-2.2260025853843013e-18,-1.4856957894840428e-18,1.5899824859499923e-16,-7.459310946700269e-17,-2.224782857940255e-16,-0.13290426662485164,0.08977346160554657,-0.11063649380181234,32.00000000000003,-21.333333333333528,26.666666666666615,0.12249343240590466,-0.08274120711311156,0.10196996845400329
0.7900000000000006,-0.0010958030148336898,1.0878209307220884e-05,0.3013251818230972,0.9958856403084735,-0.06181248065437676,0.04175276309550498,-0.05145595627938871,29.930461453349903,-19.954731350035825,24.94194217301131,-0.0010667422490388842,0.00015364543725758008,0.0014061172195807773,-0.12736658884881602,0.08603290070531545,-0.10602663989340338,30.794033255515515,-20.530477345149965,25.66158219544892,0.0,0.0,0.0,0.0,0.0,0.04544731228745818,0.04544731228745757,0.0,0.0,-0.006,0.004,-0.005,-0.006,0.004,-0.005,-0.006,0.004,-0.005,0.0,0.0,0.0,0.0,0.0,0.0,0.0,0.0,0.0,-1.3586408473958977e-18,-1.8431436932253575e-18,-2.4851946672441172e-18,1.5536617131717279e-16,-7.491837011874836e-17,-2.196593601455632e-16,-0.12736658884881621,0.08603290070531557,-0.10602663989340361,30.6666666666667,-20.44444444444465,25.555555555555515,0.123794786683273,-0.08362023892466587,0.10305328412247937
0.8000000000000006,-0.0011062319630451942,1.2395243127478654e-05,0.30133894076500534,0.9958024608698649,-0.06243288033757876,0.04217182734795098,-0.051972409569025914,30.23170743084951,-20.15557297623838,25.1929793901407,-0.0010190760430374448,0.00014969910817406743,0.0013456550922663045,-0.12182891107278054,0.08229233980508441,-0.10141678598499461,29.455162244406154,-19.637847895360856,24.545861230429416,0.0,0.0,0.0,0.0,0.0,0.041581283832003324,0.04158128383200274,0.0,0.0,-0.006,0.004,-0.005,-0.006,0.004,-0.005,-0.006,0.004,-0.005,0.0,0.0,0.0,0.0,0.0,0.0,0.0,0.0,0.0,-4.0826988057657276e-19,-2.8866882842426556e-18,-2.008315117939946e-18,1.405397066084335e-16,-7.914675859144182e-17,-2.0659472396711287e-16,-0.12182891107278065,0.08229233980508446,-0.1014167859849948,29.333333333333375,-19.55555555555577,24.44444444444442,0.125040764182881,-0.08446186512721789,0.10409050125187136
0.8100000000000006,-0.0011161850972008678,1.3870974917500368e-05,0.3013520946123188,0.9957222021985909,-0.06302565805055974,0.04257223366001569,-0.05246586887950232,30.519564698238028,-20.347488307943042,25.432859397619897,-0.0009715782855444836,0.00014538781276590332,0.0012850991734324746,-0.11629123329674507,0.07855177890485336,-0.09680693207658583,28.116291233296792,-18.745218445571748,23.43014026540991,0.0,0.0,0.0,0.0,0.0,0.03788707886345765,0.03788707886345702,0.0,0.0,-0.006,0.004,-0.005,-0.006,0.004,-0.005,-0.006,0.004,-0.005,0.0,0.0,0.0,0.0,0.0,0.0,0.0,0.0,0.0,-1.3264535954002343e-18,-1.90074193363865e-18,-2.4894298319803887e-18,1.4311468676808659e-16,-6.906367838732663e-17,-2.0729945537922845e-16,-0.11629123329674525,0.07855177890485344,-0.09680693207658607,28.000000000000046,-18.666666666666895,23.333333333333325,0.1262313649047286,-0.08526608572076756,0.10508161984217923
0.8200000000000006,-0.0011256640670474715,1.5301838442459505e-05,0.3013646424530885,0.9956449701829241,-0.06359082000706115,0.0429539862289239,-0.05293633938346279,30.794033255515448,-20.530477345149816,25.661582195448897,-0.0009242420122119416,0.00014072823488982475,0.0012244546347543943,-0.11075355552070962,0.07481121800462232,-0.09219707816817706,26.77742022218743,-17.85258899578264,22.31441930039041,0.0,0.0,0.0,0.0,0.0,0.034364697381821074,0.034364697381820394,0.0,0.0,-0.006,0.004,-0.005,-0.006,0.004,-0.005,-0.006,0.004,-0.005,0.0,0.0,0.0,0.0,0.0,0.0,0.0,0.0,0.0,-1.7271001794515184e-18,-3.2898759671357025e-18,-2.912946305607539e-18,1.2945373939476923e-16,-7.665309359472516e-17,-1.9060274192295165e-16,-0.11075355552070981,0.07481121800462243,-0.09219707816817731,26.66666666666672,-17.777777777778017,22.222222222222232,0.12736658884881583,-0.08603290070531495,0.10602663989340304
0.8300000000000006,-0.001134670452195982,1.668443425118691e-05,0.301376583426446,0.9955708657733179,-0.06412837222962832,0.043317089122752186,-0.05338382609439041,31.055113102681773,-20.7045400878587,25.879147783627705,-0.0008770601610492021,0.00013573704741403852,0.0011637265216957327,-0.10521587774467414,0.07107065710439127,-0.08758722425976824,25.43854921107807,-16.95995954599353,21.198698335370896,0.0,0.0,0.0,0.0,0.0,0.03101413938709342,0.03101413938709287,0.0,0.0,-0.006,0.004,-0.005,-0.006,0.004,-0.005,-0.006,0.004,-0.005,0.0,0.0,0.0,0.0,0.0,0.0,0.0,0.0,0.0,6.2341624917916505e-19,-4.450311104874094e-18,-1.3552527156068805e-19,1.1598252740163684e-16,-6.494371013188172e-17,-1.7564075194265172e-16,-0.10521587774467414,0.07107065710439123,-0.08758722425976831,25.333333333333396,-16.888888888889138,21.11111111111113,0.12844643601514272,-0.08676231008086,0.10692556140554273
0.8400000000000006,-0.001143205761169653,1.8015529566221854e-05,0.301387916721371,0.9954999849840845,-0.06463832053562761,0.04366154627098404,-0.053808333854966583,31.302804239737007,-20.869676536069687,26.085556162156315,-0.0008300255773148138,0.00013043091221858714,0.001102919759385297,-0.09967819996863866,0.06733009620416022,-0.0829773703513594,24.099678199968707,-16.067330096204405,20.082977370351376,0.0,0.0,0.0,0.0,0.0,0.027835404879275,0.027835404879274453,0.0,0.0,-0.006,0.004,-0.005,-0.006,0.004,-0.005,-0.006,0.004,-0.005,0.0,0.0,0.0,0.0,0.0,0.0,0.0,0.0,0.0,1.599198204416119e-18,-3.7015339795012925e-18,-6.013933925505532e-19,1.1413938370841148e-16,-6.418476861114186e-17,-1.6989448042847852e-16,-0.09967819996863865,0.06733009620416017,-0.08297737035135945,24.000000000000068,-16.000000000000245,20.000000000000018,0.12947090640370926,-0.08745431384740276,0.10777838437859834
0.8500000000000006,-0.0011512714305008226,1.9292058174253183e-05,0.30139864157551727,0.9954324188950198,-0.06512067052394745,0.0439873614555266,-0.0542098673260002,31.537106666681147,-21.025886689782784,26.280807331034733,-0.000783131018373726,0.00012482648027236612,0.001042039158514377,-0.09414052219260319,0.06358953530392918,-0.07836751644295055,22.760807188859346,-15.174700646415287,18.967256405331856,0.0,0.0,0.0,0.0,0.0,0.024828493858365705,0.024828493858365136,0.0,0.0,-0.006,0.004,-0.005,-0.006,0.004,-0.005,-0.006,0.004,-0.005,0.0,0.0,0.0,0.0,0.0,0.0,0.0,0.0,0.0,1.9981507225728945e-18,-3.7100043089738355e-18,-1.0655674476459098e-18,1.0600786741477018e-16,-7.231628490478315e-17,-1.6008245076748473e-16,-0.09414052219260319,0.06358953530392913,-0.07836751644295065,22.666666666666742,-15.111111111111358,18.888888888888907,0.13044000001451542,-0.08810891200494321,0.10858510881256989
0.8600000000000007,-0.0011588688238761244,2.051112031769786e-05,0.3014087572740981,0.9953682536529853,-0.0655754275623839,0.04429453830218996,-0.05458843097592667,31.758020383514193,-21.17317054899799,26.464901290262954,-0.000736369158521533,0.00011894039178293121,0.0009810894212535194,-0.08860284441656771,0.05984897440369811,-0.07375766253454173,21.421936177749984,-14.28207119662617,17.851535440312336,0.0,0.0,0.0,0.0,0.0,0.021993406324365507,0.021993406324364924,0.0,0.0,-0.006,0.004,-0.005,-0.006,0.004,-0.005,-0.006,0.004,-0.005,0.0,0.0,0.0,0.0,0.0,0.0,0.0,0.0,0.0,1.5356707333720465e-18,-2.053207864144424e-18,-2.253107639696439e-18,1.0438156415604193e-16,-6.646159317336142e-17,-1.5964876989849053e-16,-0.08860284441656777,0.059848974403698116,-0.07375766253454187,21.333333333333417,-14.222222222222472,17.777777777777793,0.13135371684756122,-0.08872610455348134,0.1093457347074573
0.8700000000000007,-0.001165999231329784,2.1669982588125392e-05,0.3014182631488304,0.9953075704734328,-0.06600259677570962,0.04458308027262809,-0.054944029070876026,31.965545390236148,-21.311528113715305,26.63783803984098,-0.0006897325937772443,0.0001127892764152332,0.0009200751471874259,-0.08306516664053223,0.05610841350346706,-0.06914780862613296,20.083065166640623,-13.389441746837052,16.735814475292816,0.0,0.0,0.0,0.0,0.0,0.01933014227727441,0.01933014227727381,0.0,0.0,-0.006,0.004,-0.005,-0.006,0.004,-0.005,-0.006,0.004,-0.005,0.0,0.0,0.0,0.0,0.0,0.0,0.0,0.0,0.0,1.4069217253893929e-18,-3.084893993900162e-18,-3.438106732905205e-18,9.367506770274757e-17,-7.578573185673676e-17,-1.4544572143893042e-16,-0.08306516664053229,0.056108413503467056,-0.06914780862613311,20.00000000000009,-13.333333333333586,16.666666666666682,0.1322120569028467,-0.08930589149301717,0.11006026206326068
0.8800000000000007,-0.0011726638684846915,2.276607782219824e-05,0.301427158576939,0.9952504456418673,-0.06640218303442635,0.0448529906567414,-0.055276665665309754,32.159681686847,-21.44095938393473,26.79961757976881,-0.0006432138466461436,0.00010638975357543227,0.0008590008392667253,-0.07752748886449676,0.052367852603236016,-0.06453795471772417,18.74419415553126,-12.496812297047935,15.620093510273303,0.0,0.0,0.0,0.0,0.0,0.0168387017170924,0.0168387017170918,0.0,0.0,-0.006,0.004,-0.005,-0.006,0.004,-0.005,-0.006,0.004,-0.005,0.0,0.0,0.0,0.0,0.0,0.0,0.0,0.0,0.0,1.987986327205843e-18,-2.6461309272224343e-18,-3.262770912823565e-18,9.14524532491523e-17,-7.134050294954619e-17,-1.3953681959888442e-16,-0.0775274888644968,0.05236785260323601,-0.06453795471772432,18.666666666666764,-12.444444444444699,15.555555555555578,0.13301502018037187,-0.08984827282355068,0.11072869087997995
0.8900000000000007,-0.0011788638758409595,2.379700500075966e-05,0.30143544298021996,0.995196950515246,-0.06677419094420046,0.04510427256554071,-0.055586344593226526,32.34042927334677,-21.561464359656263,26.950239910046445,-0.0005968053708543261,9.975843275593416e-05,0.0007978709097754023,-0.07198981108846128,0.04862729170300495,-0.05992810080931537,17.4053231444219,-11.604182847258818,14.504372545253792,0.0,0.0,0.0,0.0,0.0,0.014519084643819498,0.014519084643818894,0.0,0.0,-0.006,0.004,-0.005,-0.006,0.004,-0.005,-0.006,0.004,-0.005,0.0,0.0,0.0,0.0,0.0,0.0,0.0,0.0,0.0,2.4148909326220103e-18,-2.8443366368799405e-18,-3.223807397249867e-18,8.21554196200891e-17,-6.570265165262157e-17,-1.336821278674627e-16,-0.07198981108846134,0.048627291703004935,-0.05992810080931553,17.33333333333344,-11.555555555555813,14.444444444444477,0.13376260668013665,-0.09035324854508187,0.11135102115761514
0.9000000000000007,-0.0011846003181116926,2.4760529151662026e-05,0.30144311582416344,0.995147151523306,-0.06711862483598145,0.045336928924472594,-0.05587306945993623,32.50778814973544,-21.673043040879907,27.089705030673887,-0.0005504995560565376,9.291191393780333e-05,0.0007366896863127099,-0.0664521333124258,0.04488673080277388,-0.05531824690090656,16.066452133312538,-10.7115533974697,13.388651580234281,0.0,0.0,0.0,0.0,0.0,0.012371291057455684,0.012371291057455089,0.0,0.0,-0.006,0.004,-0.005,-0.006,0.004,-0.005,-0.006,0.004,-0.005,0.0,0.0,0.0,0.0,0.0,0.0,0.0,0.0,0.0,3.355944537021538e-18,-3.3288394827094003e-18,-2.837560373301906e-18,7.421363870663278e-17,-7.074419175467916e-17,-1.1611805267319752e-16,-0.06645213331242582,0.04488673080277383,-0.055318246900906684,16.000000000000114,-10.666666666666925,13.333333333333375,0.1344548164021411,-0.09082081865761078,0.11192725289616628
0.9100000000000007,-0.0011898741836057077,2.5654581256890136e-05,0.30145017661713736,0.9951011101698206,-0.06743548875680311,0.04555096246720572,-0.05613684363440241,32.66175831601302,-21.77569542760566,27.218012941651132,-0.0005042887325189654,8.586678804670883e-05,0.0006754614177884326,-0.06091445553639033,0.0411461699025428,-0.05070839299249775,14.727581122203167,-9.818923947680583,12.27293061521477,0.0,0.0,0.0,0.0,0.0,0.010395320958000978,0.010395320958000385,0.0,0.0,-0.006,0.004,-0.005,-0.006,0.004,-0.005,-0.006,0.004,-0.005,0.0,0.0,0.0,0.0,0.0,0.0,0.0,0.0,0.0,3.1522331132068787e-18,-3.2814056376631595e-18,-2.6842474098488778e-18,6.619054263024005e-17,-6.976840979944221e-17,-1.0698364937000714e-16,-0.06091445553639033,0.04114616990254275,-0.05070839299249787,14.666666666666776,-9.77777777777804,12.222222222222273,0.13509164934638518,-0.09125098316113735,0.11245738609563331
0.9200000000000007,-0.001194686383656964,2.647725816449563e-05,0.30145662490963043,0.9950588830337748,-0.06772478646126692,0.04574637572987821,-0.05637767024215262,32.8023397721795,-21.86942151983352,27.33516364297818,-0.00045816517577866226,7.863963745856195e-05,0.0006141902804303974,-0.05537677776035485,0.03740560900231172,-0.04609853908408894,13.388710111093797,-8.926294497891465,11.15720965019526,0.0,0.0,0.0,0.0,0.0,0.008591174345455367,0.008591174345454783,0.0,0.0,-0.006,0.004,-0.005,-0.006,0.004,-0.005,-0.006,0.004,-0.005,0.0,0.0,0.0,0.0,0.0,0.0,0.0,0.0,0.0,3.856117492375202e-18,-3.446577062377748e-18,-2.0227146780432692e-18,5.940072652504957e-17,-6.667843360785852e-17,-9.860818758755662e-17,-0.05537677776035481,0.037405609002311636,-0.04609853908408902,13.333333333333442,-8.888888888889154,11.111111111111171,0.1356731055128689,-0.09164374205566164,0.11294142075601628
0.9300000000000007,-0.0011990377521004785,2.722682250582027e-05,0.3014624602935551,0.9950205217704636,-0.06798652140370798,0.04592317104580578,-0.05659555215875682,32.92953251823489,-21.95422131756349,27.441157134655036,-0.00041212111128130204,7.124703655100853e-05,0.0005528803838031662,-0.049839099984319374,0.03366504810208064,-0.04148868517568012,12.049839099984426,-8.033665048102348,10.041488685175748,0.0,0.0,0.0,0.0,0.0,0.0069588512198188604,0.006958851219818284,0.0,0.0,-0.006,0.004,-0.005,-0.006,0.004,-0.005,-0.006,0.004,-0.005,0.0,0.0,0.0,0.0,0.0,0.0,0.0,0.0,0.0,3.573632004465893e-18,-3.567702773835113e-18,-2.3822801641527197e-18,5.3315641831974674e-17,-6.62989628474886e-17,-8.960930955592694e-17,-0.049839099984319325,0.03366504810208054,-0.0414886851756802,12.000000000000107,-8.000000000000266,10.000000000000068,0.13619918490159227,-0.09199909534118361,0.11337935687731514
0.9400000000000007,-0.0012029290447945168,2.7901702618447415e-05,0.30146768240161137,0.9949860731125029,-0.0682206967310424,0.04608135054065046,-0.056790492003873344,33.04333655417919,-22.03009482079557,27.535993416681695,-0.0003661487189989956,6.370555229694228e-05,0.0004915357768368703,-0.0443014222082839,0.029924487201849558,-0.03687883126727129,10.710968088875056,-7.1410355983132305,8.925767720156236,0.0,0.0,0.0,0.0,0.0,0.005498351581091473,0.0054983515810908875,0.0,0.0,-0.006,0.004,-0.005,-0.006,0.004,-0.005,-0.006,0.004,-0.005,0.0,0.0,0.0,0.0,0.0,0.0,0.0,0.0,0.0,3.310628274343433e-18,-3.228889594933393e-18,-2.132405444712701e-18,4.695950659577841e-17,-6.358845741627484e-17,-8.399856331331446e-17,-0.04430142220828387,0.029924487201849474,-0.036878831267271386,10.666666666666773,-7.111111111111381,8.888888888888964,0.13666988751255527,-0.09231704301770322,0.11377119445952988
0.9500000000000007,-0.0012063609391888695,2.8500492475282788e-05,0.30147229090671057,0.9949555788707525,-0.0684273152762969,0.046220916128049974,-0.05696249213586246,33.143751880012395,-22.097042029529753,27.61967248905816,-0.00032024013802991314,5.603174489620751e-05,0.00043016045386517874,-0.03876374443224842,0.026183926301618487,-0.03226897735886248,9.372097077765686,-6.248406148524113,7.8100467551367245,0.0,0.0,0.0,0.0,0.0,0.004209675429273185,0.0042096754292725936,0.0,0.0,-0.006,0.004,-0.005,-0.006,0.004,-0.005,-0.006,0.004,-0.005,0.0,0.0,0.0,0.0,0.0,0.0,0.0,0.0,0.0,3.175103002782745e-18,-3.3347687133401804e-18,-2.0146678650443534e-18,4.011548038196366e-17,-6.131163285405528e-17,-7.413232354369637e-17,-0.038763744432248406,0.026183926301618414,-0.03226897735886259,9.333333333333437,-6.222222222222495,7.777777777777862,0.1370852133457579,-0.09259758508522054,0.11411693350266054
0.9600000000000007,-0.0012093340339390428,2.9021951620127285e-05,0.30147628552145944,0.994929075935153,-0.06860637955281985,0.04634186950570739,-0.057111554646967364,33.23077849573451,-22.155062943766048,27.69219435178443,-0.0002743874711814778,4.8242168441664286e-05,0.000368758360671413,-0.033226066656212944,0.022443365401387423,-0.027659123450453668,8.033226066656315,-5.355776698734996,6.6943257901172135,0.0,0.0,0.0,0.0,0.0,0.0030928227643639947,0.0030928227643634036,0.0,0.0,-0.006,0.004,-0.005,-0.006,0.004,-0.005,-0.006,0.004,-0.005,0.0,0.0,0.0,0.0,0.0,0.0,0.0,0.0,0.0,3.104799268160638e-18,-2.9900263038076802e-18,-2.1815333556534505e-18,3.469446951953614e-17,-6.057979638762756e-17,-6.762711050878334e-17,-0.03322606665621293,0.02244336540138735,-0.02765912345045379,8.000000000000103,-5.333333333333608,6.66666666666676,0.13744516240120025,-0.09284072154373557,0.11441657400670713
0.9700000000000008,-0.0012118488485662047,2.9465005110066267e-05,0.30147966599770504,0.9949065962754661,-0.06875789174917367,0.04644421215194114,-0.057237681359062424,33.30441640134552,-22.204157563504452,27.753559004860506,-0.00022858278953891446,4.0353371615791035e-05,0.00030733340054184786,-0.02768838888017747,0.01870280450115636,-0.023049269542044858,6.694355055546949,-4.463147248945878,5.578604825097702,0.0,0.0,0.0,0.0,0.0,0.002147793586363906,0.002147793586363316,0.0,0.0,-0.006,0.004,-0.005,-0.006,0.004,-0.005,-0.006,0.004,-0.005,0.0,0.0,0.0,0.0,0.0,0.0,0.0,0.0,0.0,3.086799818031484e-18,-3.1327513554200298e-18,-2.341834340921327e-18,2.876523888875604e-17,-6.114900252818245e-17,-5.713745448998608e-17,-0.027688388880177453,0.018702804501156276,-0.023049269542044976,6.666666666666772,-4.444444444444722,5.555555555555657,0.13774973467888219,-0.0930464523932483,0.1146701159716696
0.9800000000000008,-0.0012139058231627508,2.982874346496168e-05,0.30148243212614007,0.9948881669419227,-0.06888185372470866,0.04652794532269519,-0.05734087381996853,33.36466559684545,-22.244325888744964,27.803766448286385,-0.00018281813702095002,3.2381898414000394e-05,0.0002458894403252553,-0.022150711104142,0.01496224360092529,-0.018439415633636044,5.355484044437582,-3.570517799156761,4.462883860078188,0.0,0.0,0.0,0.0,0.0,0.00137458789527292,0.0013745878952723298,0.0,0.0,-0.006,0.004,-0.005,-0.006,0.004,-0.005,-0.006,0.004,-0.005,0.0,0.0,0.0,0.0,0.0,0.0,0.0,0.0,0.0,3.2938993736351604e-18,-2.8324781756183803e-18,-2.2452725849343366e-18,2.0925101928970236e-17,-5.99563801384484e-17,-4.994106257011354e-17,-0.022150711104141983,0.014962243600925206,-0.018439415633636165,5.3333333333334405,-3.5555555555558356,4.444444444444552,0.1379989301788037,-0.0932147776337587,0.11487755939754798
0.9900000000000008,-0.0012155053181433723,3.0112422624294927e-05,0.3014845837359689,0.9948738100657727,-0.068978267005818,0.046593070049009394,-0.05742113330033552,33.411526082234275,-22.275567919487585,27.842816682062068,-0.00013708553492447717,2.434428889084985e-05,0.00018443031649776606,-0.016613033328106524,0.011221682700694218,-0.013829561725227228,4.016613033328214,-2.677888349367644,3.347162895058675,0.0,0.0,0.0,0.0,0.0,0.0007732056910910354,0.0007732056910904463,0.0,0.0,-0.006,0.004,-0.005,-0.006,0.004,-0.005,-0.006,0.004,-0.005,0.0,0.0,0.0,0.0,0.0,0.0,0.0,0.0,0.0,3.2873348682939396e-18,-3.096752455161722e-18,-2.4275964268308248e-18,1.5294026895623647e-17,-6.032229837166225e-17,-3.913969842672671e-17,-0.016613033328106496,0.011221682700694121,-0.013829561725227339,4.0000000000001075,-2.66666666666695,3.333333333333448,0.13819274890096503,-0.09334569726526681,0.11503890428434237
1.0000000000000007,-0.001216647614041521,3.0315463911570475e-05,0.301486120694634,0.9948635428597394,-0.0690471327828736,0.04663958713494983,-0.057478460791091535,33.44499785751201,-22.297883655732317,27.870709706187558,-9.137698646000362e-05,1.6257079925326676e-05,0.00012295984123214082,-0.011075355552071045,0.007481121800463143,-0.009219707816818402,2.677742022218846,-1.7852588995785266,2.2314419300391615,0.0,0.0,0.0,0.0,0.0,0.0003436469738182548,0.0003436469738176652,0.0,0.0,0.0,-0.0,0.0,-0.006,0.004,-0.005,-0.006,0.004,-0.005,0.0,0.0,0.0,0.0,0.0,0.0,0.0,0.0,0.0,3.3930022284639136e-18,-3.1153871800013166e-18,-2.1033945662692413e-18,8.121351898274232e-18,-5.772021315769704e-17,-3.076423664427619e-17,-0.011075355552071012,0.007481121800463043,-0.009219707816818518,2.6666666666667753,-1.7777777777780635,2.222222222222343,0.13833119084536585,-0.09343921128777259,0.11515415063205257
1.0100000000000007,-0.0012173329113511907,3.0437454006451713e-05,0.3014870429076033,0.9948573776183709,-0.06908845190784327,0.04666749715599912,-0.05751285700145931,33.46508092267865,-22.31127309747916,27.88744552066285,-4.5684481279718225e-05,8.136806001391332e-06,6.148180847055303e-05,-0.005537677776035566,0.0037405609002320686,-0.004609853908409579,1.3388710111094775,-0.8926294497894091,1.1157209650196476,0.0,0.0,0.0,0.0,0.0,8.59117434545761e-05,8.591174345398652e-05,0.0,0.0,0.0,-0.0,0.0,-0.006,0.004,-0.005,-0.006,0.004,-0.005,0.0,0.0,0.0,0.0,0.0,0.0,0.0,0.0,0.0,3.4357244527410524e-18,-3.0890232795180265e-18,-2.1281702799764296e-18,1.7076184216646695e-18,-5.671054988456992e-17,-2.1995751574299668e-17,-0.005537677776035533,0.0037405609002319653,-0.004609853908409699,1.3333333333334418,-0.8888888888891769,1.111111111111238,0.1384142560120064,-0.09349531970127606,0.11522329844067872
1.0200000000000007,-0.0012175613304139525,3.047814492476268e-05,0.30148735031821844,0.994855321718295,-0.0691022248925885,0.046676800457906745,-0.05752432235753928,33.471775277734196,-22.315736244728107,27.89302412548795,-1.3435094049126048e-17,-3.6473064225937756e-17,-3.3404795774824224e-18,-8.191140400219939e-17,9.893874307571871e-16,-7.526166085323677e-16,1.0781662144599785e-13,-2.911083070595436e-13,1.3291436401095111e-13,0.0,0.0,0.0,0.0,0.0,2.5575826842628037e-30,-5.895455192008337e-16,0.0,0.0,0.0,-0.0,0.0,0.0,-0.0,0.0,0.0,0.0,0.0,0.0,0.0,0.0,0.0,0.0,0.0,0.0,0.0,0.0,3.4542915212644765e-18,-3.1109553322619246e-18,-2.1235067003904275e-18,-5.126162269719716e-18,-5.551119380318739e-17,-1.3210757915587772e-17,-5.003418462982004e-17,8.838561949592164e-16,-8.765406623114103e-16,1.0773471004199564e-13,-2.901189196287864e-13,1.3216174740241876e-13,0.13844194440088659,-0.09351402250577726,0.11524634771022078
1.0300000000000007,-0.0012175613304139525,3.0478144924762307e-05,0.30148735031821844,0.994855321718295,-0.0691022248925885,0.046676800457906745,-0.05752432235753928,33.471775277734196,-22.315736244728107,27.89302412548795,-1.3435094049126048e-17,-3.6473064225937756e-17,-3.3404795774824224e-18,-8.191140400219939e-17,9.893874307571871e-16,-7.526166085323677e-16,1.0781662144599785e-13,-2.911083070595436e-13,1.3291436401095111e-13,0.0,0.0,0.0,0.0,0.0,2.5575826842628037e-30,-5.895455192008337e-16,0.0,0.0,0.0,-0.0,0.0,0.0,-0.0,0.0,0.0,0.0,0.0,0.0,0.0,0.0,0.0,0.0,0.0,0.0,0.0,0.0,3.4542915212644765e-18,-3.1109553322619246e-18,-2.1235067003904275e-18,-5.126162269719715e-18,-5.551119380318739e-17,-1.3210757915587772e-17,-5.003418462982004e-17,8.838561949592164e-16,-8.765406623114103e-16,1.0773471004199564e-13,-2.901189196287864e-13,1.3216174740241876e-13,0.13844194440088659,-0.09351402250577726,0.11524634771022078
1.0400000000000007,-0.0012175613304139525,3.0478144924761934e-05,0.30148735031821844,0.994855321718295,-0.0691022248925885,0.046676800457906745,-0.05752432235753928,33.471775277734196,-22.315736244728107,27.89302412548795,-1.3435094049126048e-17,-3.6473064225937756e-17,-3.3404795774824224e-18,-8.191140400219939e-17,9.893874307571871e-16,-7.526166085323677e-16,1.0781662144599785e-13,-2.911083070595436e-13,1.3291436401095111e-13,0.0,0.0,0.0,0.0,0.0,2.5575826842628037e-30,-5.895455192008337e-16,0.0,0.0,0.0,-0.0,0.0,0.0,-0.0,0.0,0.0,0.0,0.0,0.0,0.0,0.0,0.0,0.0,0.0,0.0,0.0,0.0,3.4542915212644765e-18,-3.1109553322619246e-18,-2.1235067003904275e-18,-5.126162269719715e-18,-5.551119380318739e-17,-1.3210757915587772e-17,-5.003418462982004e-17,8.838561949592164e-16,-8.765406623114103e-16,1.0773471004199564e-13,-2.901189196287864e-13,1.3216174740241876e-13,0.13844194440088659,-0.09351402250577726,0.11524634771022078
1.0500000000000007,-0.0012175613304139525,3.0478144924761562e-05,0.30148735031821844,0.994855321718295,-0.0691022248925885,0.046676800457906745,-0.05752432235753928,33.471775277734196,-22.315736244728107,27.89302412548795,-1.3435094049126048e-17,-3.6473064225937756e-17,-3.3404795774824224e-18,-8.191140400219939e-17,9.893874307571871e-16,-7.526166085323677e-16,1.0781662144599785e-13,-2.911083070595436e-13,1.3291436401095111e-13,0.0,0.0,0.0,0.0,0.0,2.5575826842628037e-30,-5.895455192008337e-16,0.0,0.0,0.0,-0.0,0.0,0.0,-0.0,0.0,0.0,0.0,0.0,0.0,0.0,0.0,0.0,0.0,0.0,0.0,0.0,0.0,3.4542915212644765e-18,-3.1109553322619246e-18,-2.1235067003904275e-18,-5.126162269719715e-18,-5.551119380318739e-17,-1.3210757915587772e-17,-5.003418462982004e-17,8.838561949592164e-16,-8.765406623114103e-16,1.0773471004199564e-13,-2.901189196287864e-13,1.3216174740241876e-13,0.13844194440088659,-0.09351402250577726,0.11524634771022078
1.0600000000000007,-0.0012175613304139525,3.047814492476119e-05,0.30148735031821844,0.994855321718295,-0.0691022248925885,0.046676800457906745,-0.05752432235753928,33.471775277734196,-22.315736244728107,27.89302412548795,-1.3435094049126048e-17,-3.6473064225937756e-17,-3.3404795774824224e-18,-8.191140400219939e-17,9.893874307571871e-16,-7.526166085323677e-16,1.0781662144599785e-13,-2.911083070595436e-13,1.3291436401095111e-13,0.0,0.0,0.0,0.0,0.0,2.5575826842628037e-30,-5.895455192008337e-16,0.0,0.0,0.0,-0.0,0.0,0.0,-0.0,0.0,0.0,0.0,0.0,0.0,0.0,0.0,0.0,0.0,0.0,0.0,0.0,0.0,3.4542915212644765e-18,-3.1109553322619246e-18,-2.1235067003904275e-18,-5.126162269719715e-18,-5.551119380318739e-17,-1.3210757915587774e-17,-5.003418462982004e-17,8.838561949592164e-16,-8.765406623114103e-16,1.0773471004199564e-13,-2.901189196287864e-13,1.3216174740241876e-13,0.13844194440088659,-0.09351402250577726,0.11524634771022078
1.0700000000000007,-0.0012175613304139525,3.0478144924760816e-05,0.30148735031821844,0.994855321718295,-0.0691022248925885,0.046676800457906745,-0.05752432235753928,33.471775277734196,-22.315736244728107,27.89302412548795,-1.3435094049126048e-17,-3.6473064225937756e-17,-3.3404795774824224e-18,-8.191140400219939e-17,9.893874307571871e-16,-7.526166085323677e-16,1.0781662144599785e-13,-2.911083070595436e-13,1.3291436401095111e-13,0.0,0.0,0.0,0.0,0.0,2.5575826842628037e-30,-5.895455192008337e-16,0.0,0.0,0.0,-0.0,0.0,0.0,-0.0,0.0,0.0,0.0,0.0,0.0,0.0,0.0,0.0,0.0,0.0,0.0,0.0,0.0,3.4542915212644765e-18,-3.1109553322619246e-18,-2.1235067003904275e-18,-5.126162269719713e-18,-5.551119380318739e-17,-1.3210757915587774e-17,-5.003418462982004e-17,8.838561949592164e-16,-8.765406623114103e-16,1.0773471004199564e-13,-2.901189196287864e-13,1.3216174740241876e-13,0.13844194440088659,-0.09351402250577726,0.11524634771022078
1.0800000000000007,-0.0012175613304139525,3.0478144924760444e-05,0.30148735031821844,0.994855321718295,-0.0691022248925885,0.046676800457906745,-0.05752432235753928,33.471775277734196,-22.315736244728107,27.89302412548795,-1.3435094049126048e-17,-3.6473064225937756e-17,-3.3404795774824224e-18,-8.191140400219939e-17,9.893874307571871e-16,-7.526166085323677e-16,1.0781662144599785e-13,-2.911083070595436e-13,1.3291436401095111e-13,0.0,0.0,0.0,0.0,0.0,2.5575826842628037e-30,-5.895455192008337e-16,0.0,0.0,0.0,-0.0,0.0,0.0,-0.0,0.0,0.0,0.0,0.0,0.0,0.0,0.0,0.0,0.0,0.0,0.0,0.0,0.0,3.4542915212644765e-18,-3.1109553322619246e-18,-2.1235067003904275e-18,-5.1261622697197154e-18,-5.551119380318739e-17,-1.3210757915587774e-17,-5.003418462982004e-17,8.838561949592164e-16,-8.765406623114103e-16,1.0773471004199564e-13,-2.901189196287864e-13,1.3216174740241876e-13,0.13844194440088659,-0.09351402250577726,0.11524634771022078
1.0900000000000007,-0.0012175613304139525,3.047814492476007e-05,0.30148735031821844,0.994855321718295,-0.0691022248925885,0.046676800457906745,-0.05752432235753928,33.471775277734196,-22.315736244728107,27.89302412548795,-1.3435094049126048e-17,-3.6473064225937756e-17,-3.3404795774824224e-18,-8.191140400219939e-17,9.893874307571871e-16,-7.526166085323677e-16,1.0781662144599785e-13,-2.911083070595436e-13,1.3291436401095111e-13,0.0,0.0,0.0,0.0,0.0,2.5575826842628037e-30,-5.895455192008337e-16,0.0,0.0,0.0,-0.0,0.0,0.0,-0.0,0.0,0.0,0.0,0.0,0.0,0.0,0.0,0.0,0.0,0.0,0.0,0.0,0.0,3.4542915212644738e-18,-3.1109553322619246e-18,-2.1235067003904286e-18,-5.126162269719696e-18,-5.551119380318739e-17,-1.3210757915587812e-17,-5.003418462982004e-17,8.838561949592164e-16,-8.765406623114103e-16,1.0773471004199564e-13,-2.901189196287864e-13,1.3216174740241876e-13,0.13844194440088659,-0.09351402250577726,0.11524634771022078
1.1000000000000008,-0.0012175613304139525,3.0478144924759698e-05,0.30148735031821844,0.994855321718295,-0.0691022248925885,0.046676800457906745,-0.05752432235753928,33.471775277734196,-22.315736244728107,27.89302412548795,-1.3435094049126048e-17,-3.6473064225937756e-17,-3.3404795774824224e-18,-8.191140400219939e-17,9.893874307571871e-16,-7.526166085323677e-16,1.0781662144599785e-13,-2.911083070595436e-13,1.3291436401095111e-13,0.0,0.0,0.0,0.0,0.0,2.5575826842628037e-30,-5.895455192008337e-16,0.0,0.0,0.0,-0.0,0.0,0.0,-0.0,0.0,0.0,0.0,0.0,0.0,0.0,0.0,0.0,0.0,0.0,0.0,0.0,0.0,3.4542915212644738e-18,-3.1109553322619246e-18,-2.1235067003904286e-18,-5.126162269719696e-18,-5.551119380318739e-17,-1.3210757915587812e-17,-5.003418462982004e-17,8.838561949592164e-16,-8.765406623114103e-16,1.0773471004199564e-13,-2.901189196287864e-13,1.3216174740241876e-13,0.13844194440088659,-0.09351402250577726,0.11524634771022078
1.1100000000000008,-0.0012175613304139525,3.0478144924759326e-05,0.30148735031821844,0.994855321718295,-0.0691022248925885,0.046676800457906745,-0.05752432235753928,33.471775277734196,-22.315736244728107,27.89302412548795,-1.3435094049126048e-17,-3.6473064225937756e-17,-3.3404795774824224e-18,-8.191140400219939e-17,9.893874307571871e-16,-7.526166085323677e-16,1.0781662144599785e-13,-2.911083070595436e-13,1.3291436401095111e-13,0.0,0.0,0.0,0.0,0.0,2.5575826842628037e-30,-5.895455192008337e-16,0.0,0.0,0.0,-0.0,0.0,0.0,-0.0,0.0,0.0,0.0,0.0,0.0,0.0,0.0,0.0,0.0,0.0,0.0,0.0,0.0,3.4542915212644738e-18,-3.1109553322619246e-18,-2.1235067003904286e-18,-5.126162269719696e-18,-5.551119380318739e-17,-1.3210757915587812e-17,-5.003418462982004e-17,8.838561949592164e-16,-8.765406623114103e-16,1.0773471004199564e-13,-2.901189196287864e-13,1.3216174740241876e-13,0.13844194440088659,-0.09351402250577726,0.11524634771022078
1.1200000000000008,-0.0012175613304139525,3.0478144924758953e-05,0.30148735031821844,0.994855321718295,-0.0691022248925885,0.046676800457906745,-0.05752432235753928,33.471775277734196,-22.315736244728107,27.89302412548795,-1.3435094049126048e-17,-3.6473064225937756e-17,-3.3404795774824224e-18,-8.191140400219939e-17,9.893874307571871e-16,-7.526166085323677e-16,1.0781662144599785e-13,-2.911083070595436e-13,1.3291436401095111e-13,0.0,0.0,0.0,0.0,0.0,2.5575826842628037e-30,-5.895455192008337e-16,0.0,0.0,0.0,-0.0,0.0,0.0,-0.0,0.0,0.0,0.0,0.0,0.0,0.0,0.0,0.0,0.0,0.0,0.0,0.0,0.0,3.4542915212644738e-18,-3.1109553322619246e-18,-2.1235067003904282e-18,-5.126162269719696e-18,-5.551119380318739e-17,-1.321075791558781e-17,-5.003418462982004e-17,8.838561949592164e-16,-8.765406623114103e-16,1.0773471004199564e-13,-2.901189196287864e-13,1.3216174740241876e-13,0.13844194440088659,-0.09351402250577726,0.11524634771022078
1.1300000000000008,-0.0012175613304139525,3.047814492475858e-05,0.30148735031821844,0.994855321718295,-0.0691022248925885,0.046676800457906745,-0.05752432235753928,33.471775277734196,-22.315736244728107,27.89302412548795,-1.3435094049126048e-17,-3.6473064225937756e-17,-3.3404795774824224e-18,-8.191140400219939e-17,9.893874307571871e-16,-7.526166085323677e-16,1.0781662144599785e-13,-2.911083070595436e-13,1.3291436401095111e-13,0.0,0.0,0.0,0.0,0.0,2.5575826842628037e-30,-5.895455192008337e-16,0.0,0.0,0.0,-0.0,0.0,0.0,-0.0,0.0,0.0,0.0,0.0,0.0,0.0,0.0,0.0,0.0,0.0,0.0,0.0,0.0,3.4542915212644738e-18,-3.1109553322619246e-18,-2.1235067003904282e-18,-5.1261622697196946e-18,-5.551119380318739e-17,-1.3210757915587812e-17,-5.003418462982004e-17,8.838561949592164e-16,-8.765406623114103e-16,1.0773471004199564e-13,-2.901189196287864e-13,1.3216174740241876e-13,0.13844194440088659,-0.09351402250577726,0.11524634771022078
1.1400000000000008,-0.0012175613304139525,3.0478144924758208e-05,0.30148735031821844,0.994855321718295,-0.0691022248925885,0.046676800457906745,-0.05752432235753928,33.471775277734196,-22.315736244728107,27.89302412548795,-1.3435094049126048e-17,-3.6473064225937756e-17,-3.3404795774824224e-18,-8.191140400219939e-17,9.893874307571871e-16,-7.526166085323677e-16,1.0781662144599785e-13,-2.911083070595436e-13,1.3291436401095111e-13,0.0,0.0,0.0,0.0,0.0,2.5575826842628037e-30,-5.895455192008337e-16,0.0,0.0,0.0,-0.0,0.0,0.0,-0.0,0.0,0.0,0.0,0.0,0.0,0.0,0.0,0.0,0.0,0.0,0.0,0.0,0.0,3.4542915212644738e-18,-3.1109553322619246e-18,-2.1235067003904282e-18,-5.1261622697196946e-18,-5.551119380318739e-17,-1.3210757915587812e-17,-5.003418462982004e-17,8.838561949592164e-16,-8.765406623114103e-16,1.0773471004199564e-13,-2.901189196287864e-13,1.3216174740241876e-13,0.13844194440088659,-0.09351402250577726,0.11524634771022078
1.1500000000000008,-0.0012175613304139525,3.0478144924757835e-05,0.30148735031821844,0.994855321718295,-0.0691022248925885,0.046676800457906745,-0.05752432235753928,33.471775277734196,-22.315736244728107,27.89302412548795,-1.3435094049126048e-17,-3.6473064225937756e-17,-3.3404795774824224e-18,-8.191140400219939e-17,9.893874307571871e-16,-7.526166085323677e-16,1.0781662144599785e-13,-2.911083070595436e-13,1.3291436401095111e-13,0.0,0.0,0.0,0.0,0.0,2.5575826842628037e-30,-5.895455192008337e-16,0.0,0.0,0.0,-0.0,0.0,0.0,-0.0,0.0,0.0,0.0,0.0,0.0,0.0,0.0,0.0,0.0,0.0,0.0,0.0,0.0,3.4542915212644765e-18,-3.1109553322619246e-18,-2.1235067003904275e-18,-5.126162269719716e-18,-5.551119380318739e-17,-1.3210757915587774e-17,-5.003418462982004e-17,8.838561949592164e-16,-8.765406623114103e-16,1.0773471004199564e-13,-2.901189196287864e-13,1.3216174740241876e-13,0.13844194440088659,-0.09351402250577726,0.11524634771022078
1.1600000000000008,-0.0012175613304139525,3.0478144924757462e-05,0.30148735031821844,0.994855321718295,-0.0691022248925885,0.046676800457906745,-0.05752432235753928,33.471775277734196,-22.315736244728107,27.89302412548795,-1.3435094049126048e-17,-3.6473064225937756e-17,-3.3404795774824224e-18,-8.191140400219939e-17,9.893874307571871e-16,-7.526166085323677e-16,1.0781662144599785e-13,-2.911083070595436e-13,1.3291436401095111e-13,0.0,0.0,0.0,0.0,0.0,2.5575826842628037e-30,-5.895455192008337e-16,0.0,0.0,0.0,-0.0,0.0,0.0,-0.0,0.0,0.0,0.0,0.0,0.0,0.0,0.0,0.0,0.0,0.0,0.0,0.0,0.0,3.4542915212644765e-18,-3.1109553322619246e-18,-2.123506700390427e-18,-5.126162269719716e-18,-5.551119380318739e-17,-1.3210757915587772e-17,-5.003418462982004e-17,8.838561949592164e-16,-8.765406623114103e-16,1.0773471004199564e-13,-2.901189196287864e-13,1.3216174740241876e-13,0.13844194440088659,-0.09351402250577726,0.11524634771022078
1.1700000000000008,-0.0012175613304139525,3.047814492475709e-05,0.30148735031821844,0.994855321718295,-0.0691022248925885,0.046676800457906745,-0.05752432235753928,33.471775277734196,-22.315736244728107,27.89302412548795,-1.3435094049126048e-17,-3.6473064225937756e-17,-3.3404795774824224e-18,-8.191140400219939e-17,9.893874307571871e-16,-7.526166085323677e-16,1.0781662144599785e-13,-2.911083070595436e-13,1.3291436401095111e-13,0.0,0.0,0.0,0.0,0.0,2.5575826842628037e-30,-5.895455192008337e-16,0.0,0.0,0.0,-0.0,0.0,0.0,-0.0,0.0,0.0,0.0,0.0,0.0,0.0,0.0,0.0,0.0,0.0,0.0,0.0,0.0,3.4542915212644765e-18,-3.1109553322619246e-18,-2.123506700390427e-18,-5.126162269719715e-18,-5.551119380318739e-17,-1.3210757915587772e-17,-5.003418462982004e-17,8.838561949592164e-16,-8.765406623114103e-16,1.0773471004199564e-13,-2.901189196287864e-13,1.3216174740241876e-13,0.13844194440088659,-0.09351402250577726,0.11524634771022078
1.1800000000000008,-0.0012175613304139525,3.0478144924756717e-05,0.30148735031821844,0.994855321718295,-0.0691022248925885,0.046676800457906745,-0.05752432235753928,33.471775277734196,-22.315736244728107,27.89302412548795,-1.3435094049126048e-17,-3.6473064225937756e-17,-3.3404795774824224e-18,-8.191140400219939e-17,9.893874307571871e-16,-7.526166085323677e-16,1.0781662144599785e-13,-2.911083070595436e-13,1.3291436401095111e-13,0.0,0.0,0.0,0.0,0.0,2.5575826842628037e-30,-5.895455192008337e-16,0.0,0.0,0.0,-0.0,0.0,0.0,-0.0,0.0,0.0,0.0,0.0,0.0,0.0,0.0,0.0,0.0,0.0,0.0,0.0,0.0,3.4542915212644765e-18,-3.1109553322619246e-18,-2.1235067003904275e-18,-5.126162269719716e-18,-5.551119380318739e-17,-1.3210757915587772e-17,-5.003418462982004e-17,8.838561949592164e-16,-8.765406623114103e-16,1.0773471004199564e-13,-2.901189196287864e-13,1.3216174740241876e-13,0.13844194440088659,-0.09351402250577726,0.11524634771022078
1.1900000000000008,-0.0012175613304139525,3.0478144924756344e-05,0.30148735031821844,0.994855321718295,-0.0691022248925885,0.046676800457906745,-0.05752432235753928,33.471775277734196,-22.315736244728107,27.89302412548795,-1.3435094049126048e-17,-3.6473064225937756e-17,-3.3404795774824224e-18,-8.191140400219939e-17,9.893874307571871e-16,-7.526166085323677e-16,1.0781662144599785e-13,-2.911083070595436e-13,1.3291436401095111e-13,0.0,0.0,0.0,0.0,0.0,2.5575826842628037e-30,-5.895455192008337e-16,0.0,0.0,0.0,-0.0,0.0,0.0,-0.0,0.0,0.0,0.0,0.0,0.0,0.0,0.0,0.0,0.0,0.0,0.0,0.0,0.0,3.4542915212644765e-18,-3.1109553322619246e-18,-2.1235067003904275e-18,-5.126162269719716e-18,-5.551119380318739e-17,-1.3210757915587772e-17,-5.003418462982004e-17,8.838561949592164e-16,-8.765406623114103e-16,1.0773471004199564e-13,-2.901189196287864e-13,1.3216174740241876e-13,0.13844194440088659,-0.09351402250577726,0.11524634771022078
1.2000000000000008,-0.0012175613304139525,3.047814492475597e-05,0.30148735031821844,0.994855321718295,-0.0691022248925885,0.046676800457906745,-0.05752432235753928,33.471775277734196,-22.315736244728107,27.89302412548795,-1.3435094049126048e-17,-3.6473064225937756e-17,-3.3404795774824224e-18,-8.191140400219939e-17,9.893874307571871e-16,-7.526166085323677e-16,1.0781662144599785e-13,-2.911083070595436e-13,1.3291436401095111e-13,0.0,0.0,0.0,0.0,0.0,2.5575826842628037e-30,-5.895455192008337e-16,0.0,0.0,0.0,-0.0,0.0,0.0,-0.0,0.0,0.0,0.0,0.0,0.0,0.0,0.0,0.0,0.0,0.0,0.0,0.0,0.0,3.4542915212644765e-18,-3.1109553322619246e-18,-2.1235067003904275e-18,-5.126162269719715e-18,-5.551119380318739e-17,-1.3210757915587774e-17,-5.003418462982004e-17,8.838561949592164e-16,-8.765406623114103e-16,1.0773471004199564e-13,-2.901189196287864e-13,1.3216174740241876e-13,0.13844194440088659,-0.09351402250577726,0.11524634771022078
1.2100000000000009,-0.0012175613304139525,3.04781449247556e-05,0.30148735031821844,0.994855321718295,-0.0691022248925885,0.046676800457906745,-0.05752432235753928,33.471775277734196,-22.315736244728107,27.89302412548795,-1.3435094049126048e-17,-3.6473064225937756e-17,-3.3404795774824224e-18,-8.191140400219939e-17,9.893874307571871e-16,-7.526166085323677e-16,1.0781662144599785e-13,-2.911083070595436e-13,1.3291436401095111e-13,0.0,0.0,0.0,0.0,0.0,2.5575826842628037e-30,-5.895455192008337e-16,0.0,0.0,0.0,-0.0,0.0,0.0,-0.0,0.0,0.0,0.0,0.0,0.0,0.0,0.0,0.0,0.0,0.0,0.0,0.0,0.0,3.4542915212644765e-18,-3.1109553322619246e-18,-2.123506700390427e-18,-5.126162269719713e-18,-5.551119380318739e-17,-1.3210757915587774e-17,-5.003418462982004e-17,8.838561949592164e-16,-8.765406623114103e-16,1.0773471004199564e-13,-2.901189196287864e-13,1.3216174740241876e-13,0.13844194440088659,-0.09351402250577726,0.11524634771022078
1.2200000000000009,-0.0012175613304139525,3.0478144924755226e-05,0.30148735031821844,0.994855321718295,-0.0691022248925885,0.046676800457906745,-0.05752432235753928,33.471775277734196,-22.315736244728107,27.89302412548795,-1.3435094049126048e-17,-3.6473064225937756e-17,-3.3404795774824224e-18,-8.191140400219939e-17,9.893874307571871e-16,-7.526166085323677e-16,1.0781662144599785e-13,-2.911083070595436e-13,1.3291436401095111e-13,0.0,0.0,0.0,0.0,0.0,2.5575826842628037e-30,-5.895455192008337e-16,0.0,0.0,0.0,-0.0,0.0,0.0,-0.0,0.0,0.0,0.0,0.0,0.0,0.0,0.0,0.0,0.0,0.0,0.0,0.0,0.0,3.4542915212644765e-18,-3.1109553322619246e-18,-2.123506700390427e-18,-5.1261622697197154e-18,-5.551119380318739e-17,-1.3210757915587774e-17,-5.003418462982004e-17,8.838561949592164e-16,-8.765406623114103e-16,1.0773471004199564e-13,-2.901189196287864e-13,1.3216174740241876e-13,0.13844194440088659,-0.09351402250577726,0.11524634771022078
1.2300000000000009,-0.0012175613304139525,3.0478144924754853e-05,0.30148735031821844,0.994855321718295,-0.0691022248925885,0.046676800457906745,-0.05752432235753928,33.471775277734196,-22.315736244728107,27.89302412548795,-1.3435094049126048e-17,-3.6473064225937756e-17,-3.3404795774824224e-18,-8.191140400219939e-17,9.893874307571871e-16,-7.526166085323677e-16,1.0781662144599785e-13,-2.911083070595436e-13,1.3291436401095111e-13,0.0,0.0,0.0,0.0,0.0,2.5575826842628037e-30,-5.895455192008337e-16,0.0,0.0,0.0,-0.0,0.0,0.0,-0.0,0.0,0.0,0.0,0.0,0.0,0.0,0.0,0.0,0.0,0.0,0.0,0.0,0.0,3.4542915212644765e-18,-3.1109553322619246e-18,-2.1235067003904275e-18,-5.126162269719716e-18,-5.551119380318739e-17,-1.3210757915587772e-17,-5.003418462982004e-17,8.838561949592164e-16,-8.765406623114103e-16,1.0773471004199564e-13,-2.901189196287864e-13,1.3216174740241876e-13,0.13844194440088659,-0.09351402250577726,0.11524634771022078
1.2400000000000009,-0.0012175613304139525,3.047814492475448e-05,0.30148735031821844,0.994855321718295,-0.0691022248925885,0.046676800457906745,-0.05752432235753928,33.471775277734196,-22.315736244728107,27.89302412548795,-1.3435094049126048e-17,-3.6473064225937756e-17,-3.3404795774824224e-18,-8.191140400219939e-17,9.893874307571871e-16,-7.526166085323677e-16,1.0781662144599785e-13,-2.911083070595436e-13,1.3291436401095111e-13,0.0,0.0,0.0,0.0,0.0,2.5575826842628037e-30,-5.895455192008337e-16,0.0,0.0,0.0,-0.0,0.0,0.0,-0.0,0.0,0.0,0.0,0.0,0.0,0.0,0.0,0.0,0.0,0.0,0.0,0.0,0.0,3.4542915212644765e-18,-3.1109553322619246e-18,-2.1235067003904275e-18,-5.126162269719715e-18,-5.551119380318739e-17,-1.3210757915587774e-17,-5.003418462982004e-17,8.838561949592164e-16,-8.765406623114103e-16,1.0773471004199564e-13,-2.901189196287864e-13,1.3216174740241876e-13,0.13844194440088659,-0.09351402250577726,0.11524634771022078
1.2500000000000009,-0.0012175613304139525,3.0478144924754108e-05,0.30148735031821844,0.994855321718295,-0.0691022248925885,0.046676800457906745,-0.05752432235753928,33.471775277734196,-22.315736244728107,27.89302412548795,-1.3435094049126048e-17,-3.6473064225937756e-17,-3.3404795774824224e-18,-8.191140400219939e-17,9.893874307571871e-16,-7.526166085323677e-16,1.0781662144599785e-13,-2.911083070595436e-13,1.3291436401095111e-13,0.0,0.0,0.0,0.0,0.0,2.5575826842628037e-30,-5.895455192008337e-16,0.0,0.0,0.0,-0.0,0.0,0.0,-0.0,0.0,0.0,0.0,0.0,0.0,0.0,0.0,0.0,0.0,0.0,0.0,0.0,0.0,3.4542915212644765e-18,-3.1109553322619246e-18,-2.1235067003904275e-18,-5.126162269719715e-18,-5.551119380318739e-17,-1.3210757915587774e-17,-5.003418462982004e-17,8.838561949592164e-16,-8.765406623114103e-16,1.0773471004199564e-13,-2.901189196287864e-13,1.3216174740241876e-13,0.13844194440088659,-0.09351402250577726,0.11524634771022078
1.260000000000001,-0.0012175613304139525,3.0478144924753735e-05,0.30148735031821844,0.994855321718295,-0.0691022248925885,0.046676800457906745,-0.05752432235753928,33.471775277734196,-22.315736244728107,27.89302412548795,-1.3435094049126048e-17,-3.6473064225937756e-17,-3.3404795774824224e-18,-8.191140400219939e-17,9.893874307571871e-16,-7.526166085323677e-16,1.0781662144599785e-13,-2.911083070595436e-13,1.3291436401095111e-13,0.0,0.0,0.0,0.0,0.0,2.5575826842628037e-30,-5.895455192008337e-16,0.0,0.0,0.0,-0.0,0.0,0.0,-0.0,0.0,0.0,0.0,0.0,0.0,0.0,0.0,0.0,0.0,0.0,0.0,0.0,0.0,3.4542915212644765e-18,-3.1109553322619246e-18,-2.1235067003904275e-18,-5.126162269719713e-18,-5.551119380318739e-17,-1.3210757915587774e-17,-5.003418462982004e-17,8.838561949592164e-16,-8.765406623114103e-16,1.0773471004199564e-13,-2.901189196287864e-13,1.3216174740241876e-13,0.13844194440088659,-0.09351402250577726,0.11524634771022078
1.270000000000001,-0.0012175613304139525,3.0478144924753362e-05,0.30148735031821844,0.994855321718295,-0.0691022248925885,0.046676800457906745,-0.05752432235753928,33.471775277734196,-22.315736244728107,27.89302412548795,-1.3435094049126048e-17,-3.6473064225937756e-17,-3.3404795774824224e-18,-8.191140400219939e-17,9.893874307571871e-16,-7.526166085323677e-16,1.0781662144599785e-13,-2.911083070595436e-13,1.3291436401095111e-13,0.0,0.0,0.0,0.0,0.0,2.5575826842628037e-30,-5.895455192008337e-16,0.0,0.0,0.0,-0.0,0.0,0.0,-0.0,0.0,0.0,0.0,0.0,0.0,0.0,0.0,0.0,0.0,0.0,0.0,0.0,0.0,3.4542915212644765e-18,-3.1109553322619246e-18,-2.1235067003904275e-18,-5.126162269719715e-18,-5.551119380318739e-17,-1.3210757915587772e-17,-5.003418462982004e-17,8.838561949592164e-16,-8.765406623114103e-16,1.0773471004199564e-13,-2.901189196287864e-13,1.3216174740241876e-13,0.13844194440088659,-0.09351402250577726,0.11524634771022078
1.280000000000001,-0.0012175613304139525,3.047814492475299e-05,0.30148735031821844,0.994855321718295,-0.0691022248925885,0.046676800457906745,-0.05752432235753928,33.471775277734196,-22.315736244728107,27.89302412548795,-1.3435094049126048e-17,-3.6473064225937756e-17,-3.3404795774824224e-18,-8.191140400219939e-17,9.893874307571871e-16,-7.526166085323677e-16,1.0781662144599785e-13,-2.911083070595436e-13,1.3291436401095111e-13,0.0,0.0,0.0,0.0,0.0,2.5575826842628037e-30,-5.895455192008337e-16,0.0,0.0,0.0,-0.0,0.0,0.0,-0.0,0.0,0.0,0.0,0.0,0.0,0.0,0.0,0.0,0.0,0.0,0.0,0.0,0.0,3.4542915212644765e-18,-3.1109553322619246e-18,-2.1235067003904275e-18,-5.126162269719715e-18,-5.551119380318739e-17,-1.3210757915587772e-17,-5.003418462982004e-17,8.838561949592164e-16,-8.765406623114103e-16,1.0773471004199564e-13,-2.901189196287864e-13,1.3216174740241876e-13,0.13844194440088659,-0.09351402250577726,0.11524634771022078
1.290000000000001,-0.0012175613304139525,3.0478144924752617e-05,0.30148735031821844,0.994855321718295,-0.0691022248925885,0.046676800457906745,-0.05752432235753928,33.471775277734196,-22.315736244728107,27.89302412548795,-1.3435094049126048e-17,-3.6473064225937756e-17,-3.3404795774824224e-18,-8.191140400219939e-17,9.893874307571871e-16,-7.526166085323677e-16,1.0781662144599785e-13,-2.911083070595436e-13,1.3291436401095111e-13,0.0,0.0,0.0,0.0,0.0,2.5575826842628037e-30,-5.895455192008337e-16,0.0,0.0,0.0,-0.0,0.0,0.0,-0.0,0.0,0.0,0.0,0.0,0.0,0.0,0.0,0.0,0.0,0.0,0.0,0.0,0.0,3.4542915212644765e-18,-3.1109553322619246e-18,-2.1235067003904275e-18,-5.126162269719716e-18,-5.551119380318739e-17,-1.3210757915587772e-17,-5.003418462982004e-17,8.838561949592164e-16,-8.765406623114103e-16,1.0773471004199564e-13,-2.901189196287864e-13,1.3216174740241876e-13,0.13844194440088659,-0.09351402250577726,0.11524634771022078
1.300000000000001,-0.0012175613304139525,3.0478144924752244e-05,0.30148735031821844,0.994855321718295,-0.0691022248925885,0.046676800457906745,-0.05752432235753928,33.471775277734196,-22.315736244728107,27.89302412548795,-1.3435094049126048e-17,-3.6473064225937756e-17,-3.3404795774824224e-18,-8.191140400219939e-17,9.893874307571871e-16,-7.526166085323677e-16,1.0781662144599785e-13,-2.911083070595436e-13,1.3291436401095111e-13,0.0,0.0,0.0,0.0,0.0,2.5575826842628037e-30,-5.895455192008337e-16,0.0,0.0,0.0,-0.0,0.0,0.0,-0.0,0.0,0.0,0.0,0.0,0.0,0.0,0.0,0.0,0.0,0.0,0.0,0.0,0.0,3.4542915212644765e-18,-3.1109553322619246e-18,-2.123506700390427e-18,-5.1261622697197154e-18,-5.551119380318739e-17,-1.3210757915587774e-17,-5.003418462982004e-17,8.838561949592164e-16,-8.765406623114103e-16,1.0773471004199564e-13,-2.901189196287864e-13,1.3216174740241876e-13,0.13844194440088659,-0.09351402250577726,0.11524634771022078
1.310000000000001,-0.0012175613304139525,3.0478144924751872e-05,0.30148735031821844,0.994855321718295,-0.0691022248925885,0.046676800457906745,-0.05752432235753928,33.471775277734196,-22.315736244728107,27.89302412548795,-1.3435094049126048e-17,-3.6473064225937756e-17,-3.3404795774824224e-18,-8.191140400219939e-17,9.893874307571871e-16,-7.526166085323677e-16,1.0781662144599785e-13,-2.911083070595436e-13,1.3291436401095111e-13,0.0,0.0,0.0,0.0,0.0,2.5575826842628037e-30,-5.895455192008337e-16,0.0,0.0,0.0,-0.0,0.0,0.0,-0.0,0.0,0.0,0.0,0.0,0.0,0.0,0.0,0.0,0.0,0.0,0.0,0.0,0.0,3.4542915212644765e-18,-3.1109553322619246e-18,-2.123506700390427e-18,-5.126162269719713e-18,-5.551119380318739e-17,-1.3210757915587774e-17,-5.003418462982004e-17,8.838561949592164e-16,-8.765406623114103e-16,1.0773471004199564e-13,-2.901189196287864e-13,1.3216174740241876e-13,0.13844194440088659,-0.09351402250577726,0.11524634771022078
1.320000000000001,-0.0012175613304139525,3.04781449247515e-05,0.30148735031821844,0.994855321718295,-0.0691022248925885,0.046676800457906745,-0.05752432235753928,33.471775277734196,-22.315736244728107,27.89302412548795,-1.3435094049126048e-17,-3.6473064225937756e-17,-3.3404795774824224e-18,-8.191140400219939e-17,9.893874307571871e-16,-7.526166085323677e-16,1.0781662144599785e-13,-2.911083070595436e-13,1.3291436401095111e-13,0.0,0.0,0.0,0.0,0.0,2.5575826842628037e-30,-5.895455192008337e-16,0.0,0.0,0.0,-0.0,0.0,0.0,-0.0,0.0,0.0,0.0,0.0,0.0,0.0,0.0,0.0,0.0,0.0,0.0,0.0,0.0,3.4542915212644765e-18,-3.1109553322619246e-18,-2.123506700390427e-18,-5.126162269719715e-18,-5.551119380318739e-17,-1.3210757915587772e-17,-5.003418462982004e-17,8.838561949592164e-16,-8.765406623114103e-16,1.0773471004199564e-13,-2.901189196287864e-13,1.3216174740241876e-13,0.13844194440088659,-0.09351402250577726,0.11524634771022078
1.330000000000001,-0.0012175613304139525,3.0478144924751126e-05,0.30148735031821844,0.994855321718295,-0.0691022248925885,0.046676800457906745,-0.05752432235753928,33.471775277734196,-22.315736244728107,27.89302412548795,-1.3435094049126048e-17,-3.6473064225937756e-17,-3.3404795774824224e-18,-8.191140400219939e-17,9.893874307571871e-16,-7.526166085323677e-16,1.0781662144599785e-13,-2.911083070595436e-13,1.3291436401095111e-13,0.0,0.0,0.0,0.0,0.0,2.5575826842628037e-30,-5.895455192008337e-16,0.0,0.0,0.0,-0.0,0.0,0.0,-0.0,0.0,0.0,0.0,0.0,0.0,0.0,0.0,0.0,0.0,0.0,0.0,0.0,0.0,3.4542915212644765e-18,-3.1109553322619246e-18,-2.123506700390427e-18,-5.126162269719715e-18,-5.551119380318739e-17,-1.3210757915587772e-17,-5.003418462982004e-17,8.838561949592164e-16,-8.765406623114103e-16,1.0773471004199564e-13,-2.901189196287864e-13,1.3216174740241876e-13,0.13844194440088659,-0.09351402250577726,0.11524634771022078
1.340000000000001,-0.0012175613304139525,3.0478144924750754e-05,0.30148735031821844,0.994855321718295,-0.0691022248925885,0.046676800457906745,-0.05752432235753928,33.471775277734196,-22.315736244728107,27.89302412548795,-1.3435094049126048e-17,-3.6473064225937756e-17,-3.3404795774824224e-18,-8.191140400219939e-17,9.893874307571871e-16,-7.526166085323677e-16,1.0781662144599785e-13,-2.911083070595436e-13,1.3291436401095111e-13,0.0,0.0,0.0,0.0,0.0,2.5575826842628037e-30,-5.895455192008337e-16,0.0,0.0,0.0,-0.0,0.0,0.0,-0.0,0.0,0.0,0.0,0.0,0.0,0.0,0.0,0.0,0.0,0.0,0.0,0.0,0.0,3.4542915212644765e-18,-3.1109553322619246e-18,-2.123506700390427e-18,-5.126162269719716e-18,-5.551119380318739e-17,-1.3210757915587772e-17,-5.003418462982004e-17,8.838561949592164e-16,-8.765406623114103e-16,1.0773471004199564e-13,-2.901189196287864e-13,1.3216174740241876e-13,0.13844194440088659,-0.09351402250577726,0.11524634771022078
1.350000000000001,-0.0012175613304139525,3.047814492475038e-05,0.30148735031821844,0.994855321718295,-0.0691022248925885,0.046676800457906745,-0.05752432235753928,33.471775277734196,-22.315736244728107,27.89302412548795,-1.3435094049126048e-17,-3.6473064225937756e-17,-3.3404795774824224e-18,-8.191140400219939e-17,9.893874307571871e-16,-7.526166085323677e-16,1.0781662144599785e-13,-2.911083070595436e-13,1.3291436401095111e-13,0.0,0.0,0.0,0.0,0.0,2.5575826842628037e-30,-5.895455192008337e-16,0.0,0.0,0.0,-0.0,0.0,0.0,-0.0,0.0,0.0,0.0,0.0,0.0,0.0,0.0,0.0,0.0,0.0,0.0,0.0,0.0,3.4542915212644765e-18,-3.1109553322619246e-18,-2.123506700390427e-18,-5.126162269719713e-18,-5.551119380318739e-17,-1.3210757915587774e-17,-5.003418462982004e-17,8.838561949592164e-16,-8.765406623114103e-16,1.0773471004199564e-13,-2.901189196287864e-13,1.3216174740241876e-13,0.13844194440088659,-0.09351402250577726,0.11524634771022078
1.360000000000001,-0.0012175613304139525,3.0478144924750008e-05,0.30148735031821844,0.994855321718295,-0.0691022248925885,0.046676800457906745,-0.05752432235753928,33.471775277734196,-22.315736244728107,27.89302412548795,-1.3435094049126048e-17,-3.6473064225937756e-17,-3.3404795774824224e-18,-8.191140400219939e-17,9.893874307571871e-16,-7.526166085323677e-16,1.0781662144599785e-13,-2.911083070595436e-13,1.3291436401095111e-13,0.0,0.0,0.0,0.0,0.0,2.5575826842628037e-30,-5.895455192008337e-16,0.0,0.0,0.0,-0.0,0.0,0.0,-0.0,0.0,0.0,0.0,0.0,0.0,0.0,0.0,0.0,0.0,0.0,0.0,0.0,0.0,3.4542915212644765e-18,-3.1109553322619246e-18,-2.123506700390427e-18,-5.1261622697197154e-18,-5.551119380318739e-17,-1.3210757915587774e-17,-5.003418462982004e-17,8.838561949592164e-16,-8.765406623114103e-16,1.0773471004199564e-13,-2.901189196287864e-13,1.3216174740241876e-13,0.13844194440088659,-0.09351402250577726,0.11524634771022078
1.370000000000001,-0.0012175613304139525,3.0478144924749636e-05,0.30148735031821844,0.994855321718295,-0.0691022248925885,0.046676800457906745,-0.05752432235753928,33.471775277734196,-22.315736244728107,27.89302412548795,-1.3435094049126048e-17,-3.6473064225937756e-17,-3.3404795774824224e-18,-8.191140400219939e-17,9.893874307571871e-16,-7.526166085323677e-16,1.0781662144599785e-13,-2.911083070595436e-13,1.3291436401095111e-13,0.0,0.0,0.0,0.0,0.0,2.5575826842628037e-30,-5.895455192008337e-16,0.0,0.0,0.0,-0.0,0.0,0.0,-0.0,0.0,0.0,0.0,0.0,0.0,0.0,0.0,0.0,0.0,0.0,0.0,0.0,0.0,3.4542915212644765e-18,-3.1109553322619246e-18,-2.123506700390427e-18,-5.1261622697197154e-18,-5.551119380318739e-17,-1.3210757915587774e-17,-5.003418462982004e-17,8.838561949592164e-16,-8.765406623114103e-16,1.0773471004199564e-13,-2.901189196287864e-13,1.3216174740241876e-13,0.13844194440088659,-0.09351402250577726,0.11524634771022078
1.380000000000001,-0.0012175613304139525,3.0478144924749263e-05,0.30148735031821844,0.994855321718295,-0.0691022248925885,0.046676800457906745,-0.05752432235753928,33.471775277734196,-22.315736244728107,27.89302412548795,-1.3435094049126048e-17,-3.6473064225937756e-17,-3.3404795774824224e-18,-8.191140400219939e-17,9.893874307571871e-16,-7.526166085323677e-16,1.0781662144599785e-13,-2.911083070595436e-13,1.3291436401095111e-13,0.0,0.0,0.0,0.0,0.0,2.5575826842628037e-30,-5.895455192008337e-16,0.0,0.0,0.0,-0.0,0.0,0.0,-0.0,0.0,0.0,0.0,0.0,0.0,0.0,0.0,0.0,0.0,0.0,0.0,0.0,0.0,3.4542915212644765e-18,-3.1109553322619246e-18,-2.123506700390427e-18,-5.126162269719713e-18,-5.551119380318739e-17,-1.3210757915587774e-17,-5.003418462982004e-17,8.838561949592164e-16,-8.765406623114103e-16,1.0773471004199564e-13,-2.901189196287864e-13,1.3216174740241876e-13,0.13844194440088659,-0.09351402250577726,0.11524634771022078
1.390000000000001,-0.0012175613304139525,3.047814492474889e-05,0.30148735031821844,0.994855321718295,-0.0691022248925885,0.046676800457906745,-0.05752432235753928,33.471775277734196,-22.315736244728107,27.89302412548795,-1.3435094049126048e-17,-3.6473064225937756e-17,-3.3404795774824224e-18,-8.191140400219939e-17,9.893874307571871e-16,-7.526166085323677e-16,1.0781662144599785e-13,-2.911083070595436e-13,1.3291436401095111e-13,0.0,0.0,0.0,0.0,0.0,2.5575826842628037e-30,-5.895455192008337e-16,0.0,0.0,0.0,-0.0,0.0,0.0,-0.0,0.0,0.0,0.0,0.0,0.0,0.0,0.0,0.0,0.0,0.0,0.0,0.0,0.0,3.4542915212644765e-18,-3.1109553322619246e-18,-2.123506700390427e-18,-5.126162269719713e-18,-5.551119380318739e-17,-1.3210757915587774e-17,-5.003418462982004e-17,8.838561949592164e-16,-8.765406623114103e-16,1.0773471004199564e-13,-2.901189196287864e-13,1.3216174740241876e-13,0.13844194440088659,-0.09351402250577726,0.11524634771022078
1.400000000000001,-0.0012175613304139525,3.0478144924748517e-05,0.30148735031821844,0.994855321718295,-0.0691022248925885,0.046676800457906745,-0.05752432235753928,33.471775277734196,-22.315736244728107,27.89302412548795,-1.3435094049126048e-17,-3.6473064225937756e-17,-3.3404795774824224e-18,-8.191140400219939e-17,9.893874307571871e-16,-7.526166085323677e-16,1.0781662144599785e-13,-2.911083070595436e-13,1.3291436401095111e-13,0.0,0.0,0.0,0.0,0.0,2.5575826842628037e-30,-5.895455192008337e-16,0.0,0.0,0.0,-0.0,0.0,0.0,-0.0,0.0,0.0,0.0,0.0,0.0,0.0,0.0,0.0,0.0,0.0,0.0,0.0,0.0,3.4542915212644765e-18,-3.1109553322619246e-18,-2.123506700390427e-18,-5.126162269719713e-18,-5.551119380318739e-17,-1.3210757915587774e-17,-5.003418462982004e-17,8.838561949592164e-16,-8.765406623114103e-16,1.0773471004199564e-13,-2.901189196287864e-13,1.3216174740241876e-13,0.13844194440088659,-0.09351402250577726,0.11524634771022078
1.410000000000001,-0.0012175613304139525,3.0478144924748145e-05,0.30148735031821844,0.994855321718295,-0.0691022248925885,0.046676800457906745,-0.05752432235753928,33.471775277734196,-22.315736244728107,27.89302412548795,-1.3435094049126048e-17,-3.6473064225937756e-17,-3.3404795774824224e-18,-8.191140400219939e-17,9.893874307571871e-16,-7.526166085323677e-16,1.0781662144599785e-13,-2.911083070595436e-13,1.3291436401095111e-13,0.0,0.0,0.0,0.0,0.0,2.5575826842628037e-30,-5.895455192008337e-16,0.0,0.0,0.0,-0.0,0.0,0.0,-0.0,0.0,0.0,0.0,0.0,0.0,0.0,0.0,0.0,0.0,0.0,0.0,0.0,0.0,3.4542915212644765e-18,-3.1109553322619246e-18,-2.123506700390427e-18,-5.1261622697197154e-18,-5.551119380318739e-17,-1.3210757915587774e-17,-5.003418462982004e-17,8.838561949592164e-16,-8.765406623114103e-16,1.0773471004199564e-13,-2.901189196287864e-13,1.3216174740241876e-13,0.13844194440088659,-0.09351402250577726,0.11524634771022078
1.420000000000001,-0.0012175613304139525,3.0478144924747772e-05,0.30148735031821844,0.994855321718295,-0.0691022248925885,0.046676800457906745,-0.05752432235753928,33.471775277734196,-22.315736244728107,27.89302412548795,-1.3435094049126048e-17,-3.6473064225937756e-17,-3.3404795774824224e-18,-8.191140400219939e-17,9.893874307571871e-16,-7.526166085323677e-16,1.0781662144599785e-13,-2.911083070595436e-13,1.3291436401095111e-13,0.0,0.0,0.0,0.0,0.0,2.5575826842628037e-30,-5.895455192008337e-16,0.0,0.0,0.0,-0.0,0.0,0.0,-0.0,0.0,0.0,0.0,0.0,0.0,0.0,0.0,0.0,0.0,0.0,0.0,0.0,0.0,3.4542915212644765e-18,-3.1109553322619246e-18,-2.123506700390427e-18,-5.1261622697197154e-18,-5.551119380318739e-17,-1.3210757915587774e-17,-5.003418462982004e-17,8.838561949592164e-16,-8.765406623114103e-16,1.0773471004199564e-13,-2.901189196287864e-13,1.3216174740241876e-13,0.13844194440088659,-0.09351402250577726,0.11524634771022078
1.430000000000001,-0.0012175613304139525,3.04781449247474e-05,0.30148735031821844,0.994855321718295,-0.0691022248925885,0.046676800457906745,-0.05752432235753928,33.471775277734196,-22.315736244728107,27.89302412548795,-1.3435094049126048e-17,-3.6473064225937756e-17,-3.3404795774824224e-18,-8.191140400219939e-17,9.893874307571871e-16,-7.526166085323677e-16,1.0781662144599785e-13,-2.911083070595436e-13,1.3291436401095111e-13,0.0,0.0,0.0,0.0,0.0,2.5575826842628037e-30,-5.895455192008337e-16,0.0,0.0,0.0,-0.0,0.0,0.0,-0.0,0.0,0.0,0.0,0.0,0.0,0.0,0.0,0.0,0.0,0.0,0.0,0.0,0.0,3.4542915212644765e-18,-3.1109553322619246e-18,-2.123506700390427e-18,-5.126162269719713e-18,-5.551119380318739e-17,-1.3210757915587774e-17,-5.003418462982004e-17,8.838561949592164e-16,-8.765406623114103e-16,1.0773471004199564e-13,-2.901189196287864e-13,1.3216174740241876e-13,0.13844194440088659,-0.09351402250577726,0.11524634771022078
1.440000000000001,-0.0012175613304139525,3.0478144924747027e-05,0.30148735031821844,0.994855321718295,-0.0691022248925885,0.046676800457906745,-0.05752432235753928,33.471775277734196,-22.315736244728107,27.89302412548795,-1.3435094049126048e-17,-3.6473064225937756e-17,-3.3404795774824224e-18,-8.191140400219939e-17,9.893874307571871e-16,-7.526166085323677e-16,1.0781662144599785e-13,-2.911083070595436e-13,1.3291436401095111e-13,0.0,0.0,0.0,0.0,0.0,2.5575826842628037e-30,-5.895455192008337e-16,0.0,0.0,0.0,-0.0,0.0,0.0,-0.0,0.0,0.0,0.0,0.0,0.0,0.0,0.0,0.0,0.0,0.0,0.0,0.0,0.0,3.4542915212644765e-18,-3.1109553322619246e-18,-2.123506700390427e-18,-5.126162269719713e-18,-5.551119380318739e-17,-1.3210757915587774e-17,-5.003418462982004e-17,8.838561949592164e-16,-8.765406623114103e-16,1.0773471004199564e-13,-2.901189196287864e-13,1.3216174740241876e-13,0.13844194440088659,-0.09351402250577726,0.11524634771022078
1.450000000000001,-0.0012175613304139525,3.0478144924746654e-05,0.30148735031821844,0.994855321718295,-0.0691022248925885,0.046676800457906745,-0.05752432235753928,33.471775277734196,-22.315736244728107,27.89302412548795,-1.3435094049126048e-17,-3.6473064225937756e-17,-3.3404795774824224e-18,-8.191140400219939e-17,9.893874307571871e-16,-7.526166085323677e-16,1.0781662144599785e-13,-2.911083070595436e-13,1.3291436401095111e-13,0.0,0.0,0.0,0.0,0.0,2.5575826842628037e-30,-5.895455192008337e-16,0.0,0.0,0.0,-0.0,0.0,0.0,-0.0,0.0,0.0,0.0,0.0,0.0,0.0,0.0,0.0,0.0,0.0,0.0,0.0,0.0,3.4542915212644765e-18,-3.1109553322619246e-18,-2.123506700390427e-18,-5.1261622697197154e-18,-5.551119380318739e-17,-1.3210757915587774e-17,-5.003418462982004e-17,8.838561949592164e-16,-8.765406623114103e-16,1.0773471004199564e-13,-2.901189196287864e-13,1.3216174740241876e-13,0.13844194440088659,-0.09351402250577726,0.11524634771022078
1.460000000000001,-0.0012175613304139525,3.047814492474628e-05,0.30148735031821844,0.994855321718295,-0.0691022248925885,0.046676800457906745,-0.05752432235753928,33.471775277734196,-22.315736244728107,27.89302412548795,-1.3435094049126048e-17,-3.6473064225937756e-17,-3.3404795774824224e-18,-8.191140400219939e-17,9.893874307571871e-16,-7.526166085323677e-16,1.0781662144599785e-13,-2.911083070595436e-13,1.3291436401095111e-13,0.0,0.0,0.0,0.0,0.0,2.5575826842628037e-30,-5.895455192008337e-16,0.0,0.0,0.0,-0.0,0.0,0.0,-0.0,0.0,0.0,0.0,0.0,0.0,0.0,0.0,0.0,0.0,0.0,0.0,0.0,0.0,3.4542915212644765e-18,-3.1109553322619246e-18,-2.123506700390427e-18,-5.1261622697197154e-18,-5.551119380318739e-17,-1.3210757915587774e-17,-5.003418462982004e-17,8.838561949592164e-16,-8.765406623114103e-16,1.0773471004199564e-13,-2.901189196287864e-13,1.3216174740241876e-13,0.13844194440088659,-0.09351402250577726,0.11524634771022078
1.470000000000001,-0.0012175613304139525,3.047814492474591e-05,0.30148735031821844,0.994855321718295,-0.0691022248925885,0.046676800457906745,-0.05752432235753928,33.471775277734196,-22.315736244728107,27.89302412548795,-1.3435094049126048e-17,-3.6473064225937756e-17,-3.3404795774824224e-18,-8.191140400219939e-17,9.893874307571871e-16,-7.526166085323677e-16,1.0781662144599785e-13,-2.911083070595436e-13,1.3291436401095111e-13,0.0,0.0,0.0,0.0,0.0,2.5575826842628037e-30,-5.895455192008337e-16,0.0,0.0,0.0,-0.0,0.0,0.0,-0.0,0.0,0.0,0.0,0.0,0.0,0.0,0.0,0.0,0.0,0.0,0.0,0.0,0.0,3.4542915212644738e-18,-3.1109553322619246e-18,-2.1235067003904286e-18,-5.1261622697196946e-18,-5.551119380318739e-17,-1.3210757915587814e-17,-5.003418462982004e-17,8.838561949592164e-16,-8.765406623114103e-16,1.0773471004199564e-13,-2.901189196287864e-13,1.3216174740241876e-13,0.13844194440088659,-0.09351402250577726,0.11524634771022078
1.480000000000001,-0.0012175613304139525,3.0478144924745536e-05,0.30148735031821844,0.994855321718295,-0.0691022248925885,0.046676800457906745,-0.05752432235753928,33.471775277734196,-22.315736244728107,27.89302412548795,-1.3435094049126048e-17,-3.6473064225937756e-17,-3.3404795774824224e-18,-8.191140400219939e-17,9.893874307571871e-16,-7.526166085323677e-16,1.0781662144599785e-13,-2.911083070595436e-13,1.3291436401095111e-13,0.0,0.0,0.0,0.0,0.0,2.5575826842628037e-30,-5.895455192008337e-16,0.0,0.0,0.0,-0.0,0.0,0.0,-0.0,0.0,0.0,0.0,0.0,0.0,0.0,0.0,0.0,0.0,0.0,0.0,0.0,0.0,3.4542915212644738e-18,-3.1109553322619246e-18,-2.1235067003904286e-18,-5.126162269719696e-18,-5.551119380318739e-17,-1.3210757915587812e-17,-5.003418462982004e-17,8.838561949592164e-16,-8.765406623114103e-16,1.0773471004199564e-13,-2.901189196287864e-13,1.3216174740241876e-13,0.13844194440088659,-0.09351402250577726,0.11524634771022078
1.490000000000001,-0.0012175613304139525,3.0478144924745163e-05,0.30148735031821844,0.994855321718295,-0.0691022248925885,0.046676800457906745,-0.05752432235753928,33.471775277734196,-22.315736244728107,27.89302412548795,-1.3435094049126048e-17,-3.6473064225937756e-17,-3.3404795774824224e-18,-8.191140400219939e-17,9.893874307571871e-16,-7.526166085323677e-16,1.0781662144599785e-13,-2.911083070595436e-13,1.3291436401095111e-13,0.0,0.0,0.0,0.0,0.0,2.5575826842628037e-30,-5.895455192008337e-16,0.0,0.0,0.0,-0.0,0.0,0.0,-0.0,0.0,0.0,0.0,0.0,0.0,0.0,0.0,0.0,0.0,0.0,0.0,0.0,0.0,3.4542915212644765e-18,-3.1109553322619246e-18,-2.1235067003904275e-18,-5.126162269719715e-18,-5.551119380318739e-17,-1.3210757915587774e-17,-5.003418462982004e-17,8.838561949592164e-16,-8.765406623114103e-16,1.0773471004199564e-13,-2.901189196287864e-13,1.3216174740241876e-13,0.13844194440088659,-0.09351402250577726,0.11524634771022078
1.500000000000001,-0.0012175613304139525,3.047814492474479e-05,0.30148735031821844,0.994855321718295,-0.0691022248925885,0.046676800457906745,-0.05752432235753928,33.471775277734196,-22.315736244728107,27.89302412548795,-1.3435094049126048e-17,-3.6473064225937756e-17,-3.3404795774824224e-18,-8.191140400219939e-17,9.893874307571871e-16,-7.526166085323677e-16,1.0781662144599785e-13,-2.911083070595436e-13,1.3291436401095111e-13,0.0,0.0,0.0,0.0,0.0,2.5575826842628037e-30,-5.895455192008337e-16,0.0,0.0,0.0,-0.0,0.0,0.0,-0.0,0.0,0.0,0.0,0.0,0.0,0.0,0.0,0.0,0.0,0.0,0.0,0.0,0.0,3.4542915212644765e-18,-3.1109553322619246e-18,-2.1235067003904275e-18,-5.126162269719716e-18,-5.551119380318739e-17,-1.3210757915587772e-17,-5.003418462982004e-17,8.838561949592164e-16,-8.765406623114103e-16,1.0773471004199564e-13,-2.901189196287864e-13,1.3216174740241876e-13,0.13844194440088659,-0.09351402250577726,0.11524634771022078
1.5100000000000011,-0.0012175613304139525,3.0478144924744418e-05,0.30148735031821844,0.994855321718295,-0.0691022248925885,0.046676800457906745,-0.05752432235753928,33.471775277734196,-22.315736244728107,27.89302412548795,-1.3435094049126048e-17,-3.6473064225937756e-17,-3.3404795774824224e-18,-8.191140400219939e-17,9.893874307571871e-16,-7.526166085323677e-16,1.0781662144599785e-13,-2.911083070595436e-13,1.3291436401095111e-13,0.0,0.0,0.0,0.0,0.0,2.5575826842628037e-30,-5.895455192008337e-16,0.0,0.0,0.0,-0.0,0.0,0.0,-0.0,0.0,0.0,0.0,0.0,0.0,0.0,0.0,0.0,0.0,0.0,0.0,0.0,0.0,3.4542915212644765e-18,-3.1109553322619246e-18,-2.1235067003904275e-18,-5.126162269719716e-18,-5.551119380318739e-17,-1.3210757915587772e-17,-5.003418462982004e-17,8.838561949592164e-16,-8.765406623114103e-16,1.0773471004199564e-13,-2.901189196287864e-13,1.3216174740241876e-13,0.13844194440088659,-0.09351402250577726,0.11524634771022078
1.5200000000000011,-0.0012175613304139525,3.0478144924744045e-05,0.30148735031821844,0.994855321718295,-0.0691022248925885,0.046676800457906745,-0.05752432235753928,33.471775277734196,-22.315736244728107,27.89302412548795,-1.3435094049126048e-17,-3.6473064225937756e-17,-3.3404795774824224e-18,-8.191140400219939e-17,9.893874307571871e-16,-7.526166085323677e-16,1.0781662144599785e-13,-2.911083070595436e-13,1.3291436401095111e-13,0.0,0.0,0.0,0.0,0.0,2.5575826842628037e-30,-5.895455192008337e-16,0.0,0.0,0.0,-0.0,0.0,0.0,-0.0,0.0,0.0,0.0,0.0,0.0,0.0,0.0,0.0,0.0,0.0,0.0,0.0,0.0,3.4542915212644765e-18,-3.1109553322619246e-18,-2.1235067003904275e-18,-5.126162269719715e-18,-5.551119380318739e-17,-1.3210757915587774e-17,-5.003418462982004e-17,8.838561949592164e-16,-8.765406623114103e-16,1.0773471004199564e-13,-2.901189196287864e-13,1.3216174740241876e-13,0.13844194440088659,-0.09351402250577726,0.11524634771022078
1.5300000000000011,-0.0012175613304139525,3.0478144924743672e-05,0.30148735031821844,0.994855321718295,-0.0691022248925885,0.046676800457906745,-0.05752432235753928,33.471775277734196,-22.315736244728107,27.89302412548795,-1.3435094049126048e-17,-3.6473064225937756e-17,-3.3404795774824224e-18,-8.191140400219939e-17,9.893874307571871e-16,-7.526166085323677e-16,1.0781662144599785e-13,-2.911083070595436e-13,1.3291436401095111e-13,0.0,0.0,0.0,0.0,0.0,2.557582684262804e-30,-5.895455192008337e-16,0.0,0.0,0.0,-0.0,0.0,0.0,-0.0,0.0,0.0,0.0,0.0,0.0,0.0,0.0,0.0,0.0,0.0,0.0,0.0,0.0,3.454291521264476e-18,-3.110955332261923e-18,-2.1235067003904275e-18,-5.126162269719703e-18,-5.551119380318739e-17,-1.3210757915587774e-17,-5.003418462982004e-17,8.838561949592164e-16,-8.765406623114103e-16,1.0773471004199564e-13,-2.901189196287864e-13,1.3216174740241876e-13,0.13844194440088659,-0.09351402250577726,0.11524634771022078
1.5400000000000011,-0.0012175613304139525,3.04781449247433e-05,0.30148735031821844,0.994855321718295,-0.0691022248925885,0.046676800457906745,-0.05752432235753928,33.471775277734196,-22.315736244728107,27.89302412548795,-1.3435094049126048e-17,-3.6473064225937756e-17,-3.3404795774824224e-18,-8.191140400219939e-17,9.893874307571871e-16,-7.526166085323677e-16,1.0781662144599785e-13,-2.911083070595436e-13,1.3291436401095111e-13,0.0,0.0,0.0,0.0,0.0,2.5575826842628037e-30,-5.895455192008337e-16,0.0,0.0,0.0,-0.0,0.0,0.0,-0.0,0.0,0.0,0.0,0.0,0.0,0.0,0.0,0.0,0.0,0.0,0.0,0.0,0.0,3.4542915212644765e-18,-3.1109553322619246e-18,-2.1235067003904275e-18,-5.126162269719715e-18,-5.551119380318739e-17,-1.3210757915587774e-17,-5.003418462982004e-17,8.838561949592164e-16,-8.765406623114103e-16,1.0773471004199564e-13,-2.901189196287864e-13,1.3216174740241876e-13,0.13844194440088659,-0.09351402250577726,0.11524634771022078
1.5500000000000012,-0.0012175613304139525,3.0478144924742927e-05,0.30148735031821844,0.994855321718295,-0.0691022248925885,0.046676800457906745,-0.05752432235753928,33.471775277734196,-22.315736244728107,27.89302412548795,-1.3435094049126048e-17,-3.6473064225937756e-17,-3.3404795774824224e-18,-8.191140400219939e-17,9.893874307571871e-16,-7.526166085323677e-16,1.0781662144599785e-13,-2.911083070595436e-13,1.3291436401095111e-13,0.0,0.0,0.0,0.0,0.0,2.5575826842628037e-30,-5.895455192008337e-16,0.0,0.0,0.0,-0.0,0.0,0.0,-0.0,0.0,0.0,0.0,0.0,0.0,0.0,0.0,0.0,0.0,0.0,0.0,0.0,0.0,3.4542915212644765e-18,-3.1109553322619246e-18,-2.1235067003904275e-18,-5.126162269719716e-18,-5.551119380318739e-17,-1.3210757915587772e-17,-5.003418462982004e-17,8.838561949592164e-16,-8.765406623114103e-16,1.0773471004199564e-13,-2.901189196287864e-13,1.3216174740241876e-13,0.13844194440088659,-0.09351402250577726,0.11524634771022078
1.5600000000000012,-0.0012175613304139525,3.0478144924742554e-05,0.30148735031821844,0.994855321718295,-0.0691022248925885,0.046676800457906745,-0.05752432235753928,33.471775277734196,-22.315736244728107,27.89302412548795,-1.3435094049126048e-17,-3.6473064225937756e-17,-3.3404795774824224e-18,-8.191140400219939e-17,9.893874307571871e-16,-7.526166085323677e-16,1.0781662144599785e-13,-2.911083070595436e-13,1.3291436401095111e-13,0.0,0.0,0.0,0.0,0.0,2.5575826842628037e-30,-5.895455192008337e-16,0.0,0.0,0.0,-0.0,0.0,0.0,-0.0,0.0,0.0,0.0,0.0,0.0,0.0,0.0,0.0,0.0,0.0,0.0,0.0,0.0,3.4542915212644765e-18,-3.1109553322619246e-18,-2.1235067003904275e-18,-5.126162269719716e-18,-5.551119380318739e-17,-1.3210757915587772e-17,-5.003418462982004e-17,8.838561949592164e-16,-8.765406623114103e-16,1.0773471004199564e-13,-2.901189196287864e-13,1.3216174740241876e-13,0.13844194440088659,-0.09351402250577726,0.11524634771022078
1.5700000000000012,-0.0012175613304139525,3.047814492474218e-05,0.30148735031821844,0.994855321718295,-0.0691022248925885,0.046676800457906745,-0.05752432235753928,33.471775277734196,-22.315736244728107,27.89302412548795,-1.3435094049126048e-17,-3.6473064225937756e-17,-3.3404795774824224e-18,-8.191140400219939e-17,9.893874307571871e-16,-7.526166085323677e-16,1.0781662144599785e-13,-2.911083070595436e-13,1.3291436401095111e-13,0.0,0.0,0.0,0.0,0.0,2.5575826842628037e-30,-5.895455192008337e-16,0.0,0.0,0.0,-0.0,0.0,0.0,-0.0,0.0,0.0,0.0,0.0,0.0,0.0,0.0,0.0,0.0,0.0,0.0,0.0,0.0,3.4542915212644765e-18,-3.1109553322619246e-18,-2.1235067003904275e-18,-5.126162269719716e-18,-5.551119380318739e-17,-1.3210757915587774e-17,-5.003418462982004e-17,8.838561949592164e-16,-8.765406623114103e-16,1.0773471004199564e-13,-2.901189196287864e-13,1.3216174740241876e-13,0.13844194440088659,-0.09351402250577726,0.11524634771022078
1.5800000000000012,-0.0012175613304139525,3.047814492474181e-05,0.30148735031821844,0.994855321718295,-0.0691022248925885,0.046676800457906745,-0.05752432235753928,33.471775277734196,-22.315736244728107,27.89302412548795,-1.3435094049126048e-17,-3.6473064225937756e-17,-3.3404795774824224e-18,-8.191140400219939e-17,9.893874307571871e-16,-7.526166085323677e-16,1.0781662144599785e-13,-2.911083070595436e-13,1.3291436401095111e-13,0.0,0.0,0.0,0.0,0.0,2.5575826842628037e-30,-5.895455192008337e-16,0.0,0.0,0.0,-0.0,0.0,0.0,-0.0,0.0,0.0,0.0,0.0,0.0,0.0,0.0,0.0,0.0,0.0,0.0,0.0,0.0,3.4542915212644765e-18,-3.1109553322619246e-18,-2.123506700390427e-18,-5.126162269719716e-18,-5.551119380318739e-17,-1.3210757915587772e-17,-5.003418462982004e-17,8.838561949592164e-16,-8.765406623114103e-16,1.0773471004199564e-13,-2.901189196287864e-13,1.3216174740241876e-13,0.13844194440088659,-0.09351402250577726,0.11524634771022078
1.5900000000000012,-0.0012175613304139525,3.0478144924741436e-05,0.30148735031821844,0.994855321718295,-0.0691022248925885,0.046676800457906745,-0.05752432235753928,33.471775277734196,-22.315736244728107,27.89302412548795,-1.3435094049126048e-17,-3.6473064225937756e-17,-3.3404795774824224e-18,-8.191140400219939e-17,9.893874307571871e-16,-7.526166085323677e-16,1.0781662144599785e-13,-2.911083070595436e-13,1.3291436401095111e-13,0.0,0.0,0.0,0.0,0.0,2.5575826842628037e-30,-5.895455192008337e-16,0.0,0.0,0.0,-0.0,0.0,0.0,-0.0,0.0,0.0,0.0,0.0,0.0,0.0,0.0,0.0,0.0,0.0,0.0,0.0,0.0,3.4542915212644765e-18,-3.1109553322619246e-18,-2.123506700390427e-18,-5.126162269719715e-18,-5.551119380318739e-17,-1.3210757915587772e-17,-5.003418462982004e-17,8.838561949592164e-16,-8.765406623114103e-16,1.0773471004199564e-13,-2.901189196287864e-13,1.3216174740241876e-13,0.13844194440088659,-0.09351402250577726,0.11524634771022078
1.6000000000000012,-0.0012175613304139525,3.0478144924741064e-05,0.30148735031821844,0.994855321718295,-0.0691022248925885,0.046676800457906745,-0.05752432235753928,33.471775277734196,-22.315736244728107,27.89302412548795,-1.3435094049126048e-17,-3.6473064225937756e-17,-3.3404795774824224e-18,-8.191140400219939e-17,9.893874307571871e-16,-7.526166085323677e-16,1.0781662144599785e-13,-2.911083070595436e-13,1.3291436401095111e-13,0.0,0.0,0.0,0.0,0.0,2.5575826842628037e-30,-5.895455192008337e-16,0.0,0.0,0.0,-0.0,0.0,0.0,-0.0,0.0,0.0,0.0,0.0,0.0,0.0,0.0,0.0,0.0,0.0,0.0,0.0,0.0,3.4542915212644765e-18,-3.1109553322619246e-18,-2.123506700390427e-18,-5.126162269719715e-18,-5.551119380318739e-17,-1.3210757915587772e-17,-5.003418462982004e-17,8.838561949592164e-16,-8.765406623114103e-16,1.0773471004199564e-13,-2.901189196287864e-13,1.3216174740241876e-13,0.13844194440088659,-0.09351402250577726,0.11524634771022078
1.6100000000000012,-0.0012175613304139525,3.047814492474069e-05,0.30148735031821844,0.994855321718295,-0.0691022248925885,0.046676800457906745,-0.05752432235753928,33.471775277734196,-22.315736244728107,27.89302412548795,-1.3435094049126048e-17,-3.6473064225937756e-17,-3.3404795774824224e-18,-8.191140400219939e-17,9.893874307571871e-16,-7.526166085323677e-16,1.0781662144599785e-13,-2.911083070595436e-13,1.3291436401095111e-13,0.0,0.0,0.0,0.0,0.0,2.5575826842628037e-30,-5.895455192008337e-16,0.0,0.0,0.0,-0.0,0.0,0.0,-0.0,0.0,0.0,0.0,0.0,0.0,0.0,0.0,0.0,0.0,0.0,0.0,0.0,0.0,3.4542915212644765e-18,-3.1109553322619246e-18,-2.1235067003904275e-18,-5.126162269719715e-18,-5.551119380318739e-17,-1.3210757915587774e-17,-5.003418462982004e-17,8.838561949592164e-16,-8.765406623114103e-16,1.0773471004199564e-13,-2.901189196287864e-13,1.3216174740241876e-13,0.13844194440088659,-0.09351402250577726,0.11524634771022078
1.6200000000000012,-0.0012175613304139525,3.0478144924740318e-05,0.30148735031821844,0.994855321718295,-0.0691022248925885,0.046676800457906745,-0.05752432235753928,33.471775277734196,-22.315736244728107,27.89302412548795,-1.3435094049126048e-17,-3.6473064225937756e-17,-3.3404795774824224e-18,-8.191140400219939e-17,9.893874307571871e-16,-7.526166085323677e-16,1.0781662144599785e-13,-2.911083070595436e-13,1.3291436401095111e-13,0.0,0.0,0.0,0.0,0.0,2.5575826842628037e-30,-5.895455192008337e-16,0.0,0.0,0.0,-0.0,0.0,0.0,-0.0,0.0,0.0,0.0,0.0,0.0,0.0,0.0,0.0,0.0,0.0,0.0,0.0,0.0,3.4542915212644765e-18,-3.1109553322619246e-18,-2.1235067003904275e-18,-5.126162269719716e-18,-5.551119380318739e-17,-1.3210757915587774e-17,-5.003418462982004e-17,8.838561949592164e-16,-8.765406623114103e-16,1.0773471004199564e-13,-2.901189196287864e-13,1.3216174740241876e-13,0.13844194440088659,-0.09351402250577726,0.11524634771022078
1.6300000000000012,-0.0012175613304139525,3.0478144924739945e-05,0.30148735031821844,0.994855321718295,-0.0691022248925885,0.046676800457906745,-0.05752432235753928,33.471775277734196,-22.315736244728107,27.89302412548795,-1.3435094049126048e-17,-3.6473064225937756e-17,-3.3404795774824224e-18,-8.191140400219939e-17,9.893874307571871e-16,-7.526166085323677e-16,1.0781662144599785e-13,-2.911083070595436e-13,1.3291436401095111e-13,0.0,0.0,0.0,0.0,0.0,2.5575826842628037e-30,-5.895455192008337e-16,0.0,0.0,0.0,-0.0,0.0,0.0,-0.0,0.0,0.0,0.0,0.0,0.0,0.0,0.0,0.0,0.0,0.0,0.0,0.0,0.0,3.4542915212644765e-18,-3.1109553322619246e-18,-2.123506700390427e-18,-5.126162269719716e-18,-5.551119380318739e-17,-1.3210757915587772e-17,-5.003418462982004e-17,8.838561949592164e-16,-8.765406623114103e-16,1.0773471004199564e-13,-2.901189196287864e-13,1.3216174740241876e-13,0.13844194440088659,-0.09351402250577726,0.11524634771022078
1.6400000000000012,-0.0012175613304139525,3.0478144924739573e-05,0.30148735031821844,0.994855321718295,-0.0691022248925885,0.046676800457906745,-0.05752432235753928,33.471775277734196,-22.315736244728107,27.89302412548795,-1.3435094049126048e-17,-3.6473064225937756e-17,-3.3404795774824224e-18,-8.191140400219939e-17,9.893874307571871e-16,-7.526166085323677e-16,1.0781662144599785e-13,-2.911083070595436e-13,1.3291436401095111e-13,0.0,0.0,0.0,0.0,0.0,2.5575826842628037e-30,-5.895455192008337e-16,0.0,0.0,0.0,-0.0,0.0,0.0,-0.0,0.0,0.0,0.0,0.0,0.0,0.0,0.0,0.0,0.0,0.0,0.0,0.0,0.0,3.4542915212644765e-18,-3.1109553322619246e-18,-2.123506700390427e-18,-5.126162269719715e-18,-5.551119380318739e-17,-1.3210757915587772e-17,-5.003418462982004e-17,8.838561949592164e-16,-8.765406623114103e-16,1.0773471004199564e-13,-2.901189196287864e-13,1.3216174740241876e-13,0.13844194440088659,-0.09351402250577726,0.11524634771022078
1.6500000000000012,-0.0012175613304139525,3.04781449247392e-05,0.30148735031821844,0.994855321718295,-0.0691022248925885,0.046676800457906745,-0.05752432235753928,33.471775277734196,-22.315736244728107,27.89302412548795,-1.3435094049126048e-17,-3.6473064225937756e-17,-3.3404795774824224e-18,-8.191140400219939e-17,9.893874307571871e-16,-7.526166085323677e-16,1.0781662144599785e-13,-2.911083070595436e-13,1.3291436401095111e-13,0.0,0.0,0.0,0.0,0.0,2.5575826842628037e-30,-5.895455192008337e-16,0.0,0.0,0.0,-0.0,0.0,0.0,-0.0,0.0,0.0,0.0,0.0,0.0,0.0,0.0,0.0,0.0,0.0,0.0,0.0,0.0,3.4542915212644765e-18,-3.1109553322619246e-18,-2.1235067003904275e-18,-5.126162269719716e-18,-5.551119380318739e-17,-1.3210757915587772e-17,-5.003418462982004e-17,8.838561949592164e-16,-8.765406623114103e-16,1.0773471004199564e-13,-2.901189196287864e-13,1.3216174740241876e-13,0.13844194440088659,-0.09351402250577726,0.11524634771022078
1.6600000000000013,-0.0012175613304139525,3.0478144924738827e-05,0.30148735031821844,0.994855321718295,-0.0691022248925885,0.046676800457906745,-0.05752432235753928,33.471775277734196,-22.315736244728107,27.89302412548795,-1.3435094049126048e-17,-3.6473064225937756e-17,-3.3404795774824224e-18,-8.191140400219939e-17,9.893874307571871e-16,-7.526166085323677e-16,1.0781662144599785e-13,-2.911083070595436e-13,1.3291436401095111e-13,0.0,0.0,0.0,0.0,0.0,2.5575826842628037e-30,-5.895455192008337e-16,0.0,0.0,0.0,-0.0,0.0,0.0,-0.0,0.0,0.0,0.0,0.0,0.0,0.0,0.0,0.0,0.0,0.0,0.0,0.0,0.0,3.4542915212644765e-18,-3.1109553322619246e-18,-2.1235067003904275e-18,-5.126162269719715e-18,-5.551119380318739e-17,-1.3210757915587774e-17,-5.003418462982004e-17,8.838561949592164e-16,-8.765406623114103e-16,1.0773471004199564e-13,-2.901189196287864e-13,1.3216174740241876e-13,0.13844194440088659,-0.09351402250577726,0.11524634771022078
1.6700000000000013,-0.0012175613304139525,3.0478144924738455e-05,0.30148735031821844,0.994855321718295,-0.0691022248925885,0.046676800457906745,-0.05752432235753928,33.471775277734196,-22.315736244728107,27.89302412548795,-1.3435094049126048e-17,-3.6473064225937756e-17,-3.3404795774824224e-18,-8.191140400219939e-17,9.893874307571871e-16,-7.526166085323677e-16,1.0781662144599785e-13,-2.911083070595436e-13,1.3291436401095111e-13,0.0,0.0,0.0,0.0,0.0,2.5575826842628037e-30,-5.895455192008337e-16,0.0,0.0,0.0,-0.0,0.0,0.0,-0.0,0.0,0.0,0.0,0.0,0.0,0.0,0.0,0.0,0.0,0.0,0.0,0.0,0.0,3.4542915212644765e-18,-3.1109553322619246e-18,-2.123506700390427e-18,-5.126162269719713e-18,-5.551119380318739e-17,-1.3210757915587774e-17,-5.003418462982004e-17,8.838561949592164e-16,-8.765406623114103e-16,1.0773471004199564e-13,-2.901189196287864e-13,1.3216174740241876e-13,0.13844194440088659,-0.09351402250577726,0.11524634771022078
1.6800000000000013,-0.0012175613304139525,3.0478144924738082e-05,0.30148735031821844,0.994855321718295,-0.0691022248925885,0.046676800457906745,-0.05752432235753928,33.471775277734196,-22.315736244728107,27.89302412548795,-1.3435094049126048e-17,-3.6473064225937756e-17,-3.3404795774824224e-18,-8.191140400219939e-17,9.893874307571871e-16,-7.526166085323677e-16,1.0781662144599785e-13,-2.911083070595436e-13,1.3291436401095111e-13,0.0,0.0,0.0,0.0,0.0,2.5575826842628037e-30,-5.895455192008337e-16,0.0,0.0,0.0,-0.0,0.0,0.0,-0.0,0.0,0.0,0.0,0.0,0.0,0.0,0.0,0.0,0.0,0.0,0.0,0.0,0.0,3.4542915212644765e-18,-3.1109553322619246e-18,-2.123506700390427e-18,-5.126162269719713e-18,-5.551119380318739e-17,-1.3210757915587774e-17,-5.003418462982004e-17,8.838561949592164e-16,-8.765406623114103e-16,1.0773471004199564e-13,-2.901189196287864e-13,1.3216174740241876e-13,0.13844194440088659,-0.09351402250577726,0.11524634771022078
1.6900000000000013,-0.0012175613304139525,3.047814492473771e-05,0.30148735031821844,0.994855321718295,-0.0691022248925885,0.046676800457906745,-0.05752432235753928,33.471775277734196,-22.315736244728107,27.89302412548795,-1.3435094049126048e-17,-3.6473064225937756e-17,-3.3404795774824224e-18,-8.191140400219939e-17,9.893874307571871e-16,-7.526166085323677e-16,1.0781662144599785e-13,-2.911083070595436e-13,1.3291436401095111e-13,0.0,0.0,0.0,0.0,0.0,2.5575826842628037e-30,-5.895455192008337e-16,0.0,0.0,0.0,-0.0,0.0,0.0,-0.0,0.0,0.0,0.0,0.0,0.0,0.0,0.0,0.0,0.0,0.0,0.0,0.0,0.0,3.4542915212644765e-18,-3.1109553322619246e-18,-2.123506700390427e-18,-5.1261622697197154e-18,-5.551119380318739e-17,-1.3210757915587774e-17,-5.003418462982004e-17,8.838561949592164e-16,-8.765406623114103e-16,1.0773471004199564e-13,-2.901189196287864e-13,1.3216174740241876e-13,0.13844194440088659,-0.09351402250577726,0.11524634771022078
1.7000000000000013,-0.0012175613304139525,3.0478144924737337e-05,0.30148735031821844,0.994855321718295,-0.0691022248925885,0.046676800457906745,-0.05752432235753928,33.471775277734196,-22.315736244728107,27.89302412548795,-1.3435094049126048e-17,-3.6473064225937756e-17,-3.3404795774824224e-18,-8.191140400219939e-17,9.893874307571871e-16,-7.526166085323677e-16,1.0781662144599785e-13,-2.911083070595436e-13,1.3291436401095111e-13,0.0,0.0,0.0,0.0,0.0,2.5575826842628037e-30,-5.895455192008337e-16,0.0,0.0,0.0,-0.0,0.0,0.0,-0.0,0.0,0.0,0.0,0.0,0.0,0.0,0.0,0.0,0.0,0.0,0.0,0.0,0.0,3.4542915212644765e-18,-3.1109553322619246e-18,-2.1235067003904275e-18,-5.126162269719716e-18,-5.551119380318739e-17,-1.3210757915587772e-17,-5.003418462982004e-17,8.838561949592164e-16,-8.765406623114103e-16,1.0773471004199564e-13,-2.901189196287864e-13,1.3216174740241876e-13,0.13844194440088659,-0.09351402250577726,0.11524634771022078
1.7100000000000013,-0.0012175613304139525,3.0478144924736964e-05,0.30148735031821844,0.994855321718295,-0.0691022248925885,0.046676800457906745,-0.05752432235753928,33.471775277734196,-22.315736244728107,27.89302412548795,-1.3435094049126048e-17,-3.6473064225937756e-17,-3.3404795774824224e-18,-8.191140400219939e-17,9.893874307571871e-16,-7.526166085323677e-16,1.0781662144599785e-13,-2.911083070595436e-13,1.3291436401095111e-13,0.0,0.0,0.0,0.0,0.0,2.5575826842628037e-30,-5.895455192008337e-16,0.0,0.0,0.0,-0.0,0.0,0.0,-0.0,0.0,0.0,0.0,0.0,0.0,0.0,0.0,0.0,0.0,0.0,0.0,0.0,0.0,3.4542915212644765e-18,-3.1109553322619246e-18,-2.1235067003904275e-18,-5.126162269719715e-18,-5.551119380318739e-17,-1.3210757915587774e-17,-5.003418462982004e-17,8.838561949592164e-16,-8.765406623114103e-16,1.0773471004199564e-13,-2.901189196287864e-13,1.3216174740241876e-13,0.13844194440088659,-0.09351402250577726,0.11524634771022078
1.7200000000000013,-0.0012175613304139525,3.047814492473659e-05,0.30148735031821844,0.994855321718295,-0.0691022248925885,0.046676800457906745,-0.05752432235753928,33.471775277734196,-22.315736244728107,27.89302412548795,-1.3435094049126048e-17,-3.6473064225937756e-17,-3.3404795774824224e-18,-8.191140400219939e-17,9.893874307571871e-16,-7.526166085323677e-16,1.0781662144599785e-13,-2.911083070595436e-13,1.3291436401095111e-13,0.0,0.0,0.0,0.0,0.0,2.5575826842628037e-30,-5.895455192008337e-16,0.0,0.0,0.0,-0.0,0.0,0.0,-0.0,0.0,0.0,0.0,0.0,0.0,0.0,0.0,0.0,0.0,0.0,0.0,0.0,0.0,3.4542915212644765e-18,-3.1109553322619246e-18,-2.1235067003904275e-18,-5.126162269719713e-18,-5.551119380318739e-17,-1.3210757915587774e-17,-5.003418462982004e-17,8.838561949592164e-16,-8.765406623114103e-16,1.0773471004199564e-13,-2.901189196287864e-13,1.3216174740241876e-13,0.13844194440088659,-0.09351402250577726,0.11524634771022078
1.7300000000000013,-0.0012175613304139525,3.047814492473622e-05,0.30148735031821844,0.994855321718295,-0.0691022248925885,0.046676800457906745,-0.05752432235753928,33.471775277734196,-22.315736244728107,27.89302412548795,-1.3435094049126048e-17,-3.6473064225937756e-17,-3.3404795774824224e-18,-8.191140400219939e-17,9.893874307571871e-16,-7.526166085323677e-16,1.0781662144599785e-13,-2.911083070595436e-13,1.3291436401095111e-13,0.0,0.0,0.0,0.0,0.0,2.5575826842628037e-30,-5.895455192008337e-16,0.0,0.0,0.0,-0.0,0.0,0.0,-0.0,0.0,0.0,0.0,0.0,0.0,0.0,0.0,0.0,0.0,0.0,0.0,0.0,0.0,3.4542915212644765e-18,-3.1109553322619246e-18,-2.1235067003904275e-18,-5.1261622697197154e-18,-5.551119380318739e-17,-1.3210757915587774e-17,-5.003418462982004e-17,8.838561949592164e-16,-8.765406623114103e-16,1.0773471004199564e-13,-2.901189196287864e-13,1.3216174740241876e-13,0.13844194440088659,-0.09351402250577726,0.11524634771022078
1.7400000000000013,-0.0012175613304139525,3.0478144924735846e-05,0.30148735031821844,0.994855321718295,-0.0691022248925885,0.046676800457906745,-0.05752432235753928,33.471775277734196,-22.315736244728107,27.89302412548795,-1.3435094049126048e-17,-3.6473064225937756e-17,-3.3404795774824224e-18,-8.191140400219939e-17,9.893874307571871e-16,-7.526166085323677e-16,1.0781662144599785e-13,-2.911083070595436e-13,1.3291436401095111e-13,0.0,0.0,0.0,0.0,0.0,2.5575826842628037e-30,-5.895455192008337e-16,0.0,0.0,0.0,-0.0,0.0,0.0,-0.0,0.0,0.0,0.0,0.0,0.0,0.0,0.0,0.0,0.0,0.0,0.0,0.0,0.0,3.4542915212644765e-18,-3.1109553322619246e-18,-2.1235067003904275e-18,-5.126162269719715e-18,-5.551119380318739e-17,-1.3210757915587772e-17,-5.003418462982004e-17,8.838561949592164e-16,-8.765406623114103e-16,1.0773471004199564e-13,-2.901189196287864e-13,1.3216174740241876e-13,0.13844194440088659,-0.09351402250577726,0.11524634771022078
1.7500000000000013,-0.0012175613304139525,3.0478144924735473e-05,0.30148735031821844,0.994855321718295,-0.0691022248925885,0.046676800457906745,-0.05752432235753928,33.471775277734196,-22.315736244728107,27.89302412548795,-1.3435094049126048e-17,-3.6473064225937756e-17,-3.3404795774824224e-18,-8.191140400219939e-17,9.893874307571871e-16,-7.526166085323677e-16,1.0781662144599785e-13,-2.911083070595436e-13,1.3291436401095111e-13,0.0,0.0,0.0,0.0,0.0,2.5575826842628037e-30,-5.895455192008337e-16,0.0,0.0,0.0,-0.0,0.0,0.0,-0.0,0.0,0.0,0.0,0.0,0.0,0.0,0.0,0.0,0.0,0.0,0.0,0.0,0.0,3.4542915212644765e-18,-3.1109553322619246e-18,-2.1235067003904275e-18,-5.126162269719715e-18,-5.551119380318739e-17,-1.3210757915587772e-17,-5.003418462982004e-17,8.838561949592164e-16,-8.765406623114103e-16,1.0773471004199564e-13,-2.901189196287864e-13,1.3216174740241876e-13,0.13844194440088659,-0.09351402250577726,0.11524634771022078
1.7600000000000013,-0.0012175613304139525,3.04781449247351e-05,0.30148735031821844,0.994855321718295,-0.0691022248925885,0.046676800457906745,-0.05752432235753928,33.471775277734196,-22.315736244728107,27.89302412548795,-1.3435094049126048e-17,-3.6473064225937756e-17,-3.3404795774824224e-18,-8.191140400219939e-17,9.893874307571871e-16,-7.526166085323677e-16,1.0781662144599785e-13,-2.911083070595436e-13,1.3291436401095111e-13,0.0,0.0,0.0,0.0,0.0,2.5575826842628037e-30,-5.895455192008337e-16,0.0,0.0,0.0,-0.0,0.0,0.0,-0.0,0.0,0.0,0.0,0.0,0.0,0.0,0.0,0.0,0.0,0.0,0.0,0.0,0.0,3.4542915212644765e-18,-3.1109553322619246e-18,-2.1235067003904275e-18,-5.126162269719716e-18,-5.551119380318739e-17,-1.3210757915587772e-17,-5.003418462982004e-17,8.838561949592164e-16,-8.765406623114103e-16,1.0773471004199564e-13,-2.901189196287864e-13,1.3216174740241876e-13,0.13844194440088659,-0.09351402250577726,0.11524634771022078
1.7700000000000014,-0.0012175613304139525,3.0478144924734728e-05,0.30148735031821844,0.994855321718295,-0.0691022248925885,0.046676800457906745,-0.05752432235753928,33.471775277734196,-22.315736244728107,27.89302412548795,-1.3435094049126048e-17,-3.6473064225937756e-17,-3.3404795774824224e-18,-8.191140400219939e-17,9.893874307571871e-16,-7.526166085323677e-16,1.0781662144599785e-13,-2.911083070595436e-13,1.3291436401095111e-13,0.0,0.0,0.0,0.0,0.0,2.5575826842628037e-30,-5.895455192008337e-16,0.0,0.0,0.0,-0.0,0.0,0.0,-0.0,0.0,0.0,0.0,0.0,0.0,0.0,0.0,0.0,0.0,0.0,0.0,0.0,0.0,3.4542915212644765e-18,-3.1109553322619246e-18,-2.123506700390427e-18,-5.1261622697197154e-18,-5.551119380318739e-17,-1.3210757915587774e-17,-5.003418462982004e-17,8.838561949592164e-16,-8.765406623114103e-16,1.0773471004199564e-13,-2.901189196287864e-13,1.3216174740241876e-13,0.13844194440088659,-0.09351402250577726,0.11524634771022078
1.7800000000000014,-0.0012175613304139525,3.0478144924734355e-05,0.30148735031821844,0.994855321718295,-0.0691022248925885,0.046676800457906745,-0.05752432235753928,33.471775277734196,-22.315736244728107,27.89302412548795,-1.3435094049126048e-17,-3.6473064225937756e-17,-3.3404795774824224e-18,-8.191140400219939e-17,9.893874307571871e-16,-7.526166085323677e-16,1.0781662144599785e-13,-2.911083070595436e-13,1.3291436401095111e-13,0.0,0.0,0.0,0.0,0.0,2.5575826842628037e-30,-5.895455192008337e-16,0.0,0.0,0.0,-0.0,0.0,0.0,-0.0,0.0,0.0,0.0,0.0,0.0,0.0,0.0,0.0,0.0,0.0,0.0,0.0,0.0,3.4542915212644765e-18,-3.1109553322619246e-18,-2.123506700390427e-18,-5.126162269719715e-18,-5.551119380318739e-17,-1.3210757915587772e-17,-5.003418462982004e-17,8.838561949592164e-16,-8.765406623114103e-16,1.0773471004199564e-13,-2.901189196287864e-13,1.3216174740241876e-13,0.13844194440088659,-0.09351402250577726,0.11524634771022078
1.7900000000000014,-0.0012175613304139525,3.0478144924733982e-05,0.30148735031821844,0.994855321718295,-0.0691022248925885,0.046676800457906745,-0.05752432235753928,33.471775277734196,-22.315736244728107,27.89302412548795,-1.3435094049126048e-17,-3.6473064225937756e-17,-3.3404795774824224e-18,-8.191140400219939e-17,9.893874307571871e-16,-7.526166085323677e-16,1.0781662144599785e-13,-2.911083070595436e-13,1.3291436401095111e-13,0.0,0.0,0.0,0.0,0.0,2.5575826842628037e-30,-5.895455192008337e-16,0.0,0.0,0.0,-0.0,0.0,0.0,-0.0,0.0,0.0,0.0,0.0,0.0,0.0,0.0,0.0,0.0,0.0,0.0,0.0,0.0,3.4542915212644765e-18,-3.1109553322619246e-18,-2.123506700390427e-18,-5.126162269719715e-18,-5.551119380318739e-17,-1.3210757915587772e-17,-5.003418462982004e-17,8.838561949592164e-16,-8.765406623114103e-16,1.0773471004199564e-13,-2.901189196287864e-13,1.3216174740241876e-13,0.13844194440088659,-0.09351402250577726,0.11524634771022078
1.8000000000000014,-0.0012175613304139525,3.047814492473361e-05,0.30148735031821844,0.994855321718295,-0.0691022248925885,0.046676800457906745,-0.05752432235753928,33.471775277734196,-22.315736244728107,27.89302412548795,-1.3435094049126048e-17,-3.6473064225937756e-17,-3.3404795774824224e-18,-8.191140400219939e-17,9.893874307571871e-16,-7.526166085323677e-16,1.0781662144599785e-13,-2.911083070595436e-13,1.3291436401095111e-13,0.0,0.0,0.0,0.0,0.0,2.5575826842628037e-30,-5.895455192008337e-16,0.0,0.0,0.0,-0.0,0.0,0.0,-0.0,0.0,0.0,0.0,0.0,0.0,0.0,0.0,0.0,0.0,0.0,0.0,0.0,0.0,3.4542915212644765e-18,-3.1109553322619246e-18,-2.123506700390427e-18,-5.126162269719716e-18,-5.551119380318739e-17,-1.3210757915587772e-17,-5.003418462982004e-17,8.838561949592164e-16,-8.765406623114103e-16,1.0773471004199564e-13,-2.901189196287864e-13,1.3216174740241876e-13,0.13844194440088659,-0.09351402250577726,0.11524634771022078
1.8100000000000014,-0.0012175613304139525,3.0478144924733237e-05,0.30148735031821844,0.994855321718295,-0.0691022248925885,0.046676800457906745,-0.05752432235753928,33.471775277734196,-22.315736244728107,27.89302412548795,-1.3435094049126048e-17,-3.6473064225937756e-17,-3.3404795774824224e-18,-8.191140400219939e-17,9.893874307571871e-16,-7.526166085323677e-16,1.0781662144599785e-13,-2.911083070595436e-13,1.3291436401095111e-13,0.0,0.0,0.0,0.0,0.0,2.5575826842628037e-30,-5.895455192008337e-16,0.0,0.0,0.0,-0.0,0.0,0.0,-0.0,0.0,0.0,0.0,0.0,0.0,0.0,0.0,0.0,0.0,0.0,0.0,0.0,0.0,3.4542915212644765e-18,-3.1109553322619246e-18,-2.123506700390427e-18,-5.1261622697197154e-18,-5.551119380318739e-17,-1.3210757915587774e-17,-5.003418462982004e-17,8.838561949592164e-16,-8.765406623114103e-16,1.0773471004199564e-13,-2.901189196287864e-13,1.3216174740241876e-13,0.13844194440088659,-0.09351402250577726,0.11524634771022078
1.8200000000000014,-0.0012175613304139525,3.0478144924732864e-05,0.30148735031821844,0.994855321718295,-0.0691022248925885,0.046676800457906745,-0.05752432235753928,33.471775277734196,-22.315736244728107,27.89302412548795,-1.3435094049126048e-17,-3.6473064225937756e-17,-3.3404795774824224e-18,-8.191140400219939e-17,9.893874307571871e-16,-7.526166085323677e-16,1.0781662144599785e-13,-2.911083070595436e-13,1.3291436401095111e-13,0.0,0.0,0.0,0.0,0.0,2.5575826842628037e-30,-5.895455192008337e-16,0.0,0.0,0.0,-0.0,0.0,0.0,-0.0,0.0,0.0,0.0,0.0,0.0,0.0,0.0,0.0,0.0,0.0,0.0,0.0,0.0,3.4542915212644765e-18,-3.1109553322619246e-18,-2.123506700390427e-18,-5.126162269719713e-18,-5.551119380318739e-17,-1.3210757915587774e-17,-5.003418462982004e-17,8.838561949592164e-16,-8.765406623114103e-16,1.0773471004199564e-13,-2.901189196287864e-13,1.3216174740241876e-13,0.13844194440088659,-0.09351402250577726,0.11524634771022078
1.8300000000000014,-0.0012175613304139525,3.047814492473249e-05,0.30148735031821844,0.994855321718295,-0.0691022248925885,0.046676800457906745,-0.05752432235753928,33.471775277734196,-22.315736244728107,27.89302412548795,-1.3435094049126048e-17,-3.6473064225937756e-17,-3.3404795774824224e-18,-8.191140400219939e-17,9.893874307571871e-16,-7.526166085323677e-16,1.0781662144599785e-13,-2.911083070595436e-13,1.3291436401095111e-13,0.0,0.0,0.0,0.0,0.0,2.5575826842628037e-30,-5.895455192008337e-16,0.0,0.0,0.0,-0.0,0.0,0.0,-0.0,0.0,0.0,0.0,0.0,0.0,0.0,0.0,0.0,0.0,0.0,0.0,0.0,0.0,3.4542915212644765e-18,-3.1109553322619246e-18,-2.123506700390427e-18,-5.1261622697197154e-18,-5.551119380318739e-17,-1.3210757915587774e-17,-5.003418462982004e-17,8.838561949592164e-16,-8.765406623114103e-16,1.0773471004199564e-13,-2.901189196287864e-13,1.3216174740241876e-13,0.13844194440088659,-0.09351402250577726,0.11524634771022078
1.8400000000000014,-0.0012175613304139525,3.047814492473212e-05,0.30148735031821844,0.994855321718295,-0.0691022248925885,0.046676800457906745,-0.05752432235753928,33.471775277734196,-22.315736244728107,27.89302412548795,-1.3435094049126048e-17,-3.6473064225937756e-17,-3.3404795774824224e-18,-8.191140400219939e-17,9.893874307571871e-16,-7.526166085323677e-16,1.0781662144599785e-13,-2.911083070595436e-13,1.3291436401095111e-13,0.0,0.0,0.0,0.0,0.0,2.5575826842628037e-30,-5.895455192008337e-16,0.0,0.0,0.0,-0.0,0.0,0.0,-0.0,0.0,0.0,0.0,0.0,0.0,0.0,0.0,0.0,0.0,0.0,0.0,0.0,0.0,3.4542915212644738e-18,-3.1109553322619246e-18,-2.1235067003904282e-18,-5.126162269719696e-18,-5.551119380318739e-17,-1.3210757915587812e-17,-5.003418462982004e-17,8.838561949592164e-16,-8.765406623114103e-16,1.0773471004199564e-13,-2.901189196287864e-13,1.3216174740241876e-13,0.13844194440088659,-0.09351402250577726,0.11524634771022078
1.8500000000000014,-0.0012175613304139525,3.0478144924731746e-05,0.30148735031821844,0.994855321718295,-0.0691022248925885,0.046676800457906745,-0.05752432235753928,33.471775277734196,-22.315736244728107,27.89302412548795,-1.3435094049126048e-17,-3.6473064225937756e-17,-3.3404795774824224e-18,-8.191140400219939e-17,9.893874307571871e-16,-7.526166085323677e-16,1.0781662144599785e-13,-2.911083070595436e-13,1.3291436401095111e-13,0.0,0.0,0.0,0.0,0.0,2.5575826842628037e-30,-5.895455192008337e-16,0.0,0.0,0.0,-0.0,0.0,0.0,-0.0,0.0,0.0,0.0,0.0,0.0,0.0,0.0,0.0,0.0,0.0,0.0,0.0,0.0,3.4542915212644738e-18,-3.1109553322619246e-18,-2.1235067003904282e-18,-5.1261622697196946e-18,-5.551119380318739e-17,-1.3210757915587814e-17,-5.003418462982004e-17,8.838561949592164e-16,-8.765406623114103e-16,1.0773471004199564e-13,-2.901189196287864e-13,1.3216174740241876e-13,0.13844194440088659,-0.09351402250577726,0.11524634771022078
1.8600000000000014,-0.0012175613304139525,3.0478144924731374e-05,0.30148735031821844,0.994855321718295,-0.0691022248925885,0.046676800457906745,-0.05752432235753928,33.471775277734196,-22.315736244728107,27.89302412548795,-1.3435094049126048e-17,-3.6473064225937756e-17,-3.3404795774824224e-18,-8.191140400219939e-17,9.893874307571871e-16,-7.526166085323677e-16,1.0781662144599785e-13,-2.911083070595436e-13,1.3291436401095111e-13,0.0,0.0,0.0,0.0,0.0,2.5575826842628037e-30,-5.895455192008337e-16,0.0,0.0,0.0,-0.0,0.0,0.0,-0.0,0.0,0.0,0.0,0.0,0.0,0.0,0.0,0.0,0.0,0.0,0.0,0.0,0.0,3.4542915212644765e-18,-3.1109553322619246e-18,-2.1235067003904275e-18,-5.126162269719715e-18,-5.551119380318739e-17,-1.3210757915587774e-17,-5.003418462982004e-17,8.838561949592164e-16,-8.765406623114103e-16,1.0773471004199564e-13,-2.901189196287864e-13,1.3216174740241876e-13,0.13844194440088659,-0.09351402250577726,0.11524634771022078
1.8700000000000014,-0.0012175613304139525,3.0478144924731e-05,0.30148735031821844,0.994855321718295,-0.0691022248925885,0.046676800457906745,-0.05752432235753928,33.471775277734196,-22.315736244728107,27.89302412548795,-1.3435094049126048e-17,-3.6473064225937756e-17,-3.3404795774824224e-18,-8.191140400219939e-17,9.893874307571871e-16,-7.526166085323677e-16,1.0781662144599785e-13,-2.911083070595436e-13,1.3291436401095111e-13,0.0,0.0,0.0,0.0,0.0,2.5575826842628037e-30,-5.895455192008337e-16,0.0,0.0,0.0,-0.0,0.0,0.0,-0.0,0.0,0.0,0.0,0.0,0.0,0.0,0.0,0.0,0.0,0.0,0.0,0.0,0.0,3.4542915212644765e-18,-3.1109553322619246e-18,-2.1235067003904275e-18,-5.126162269719716e-18,-5.551119380318739e-17,-1.3210757915587772e-17,-5.003418462982004e-17,8.838561949592164e-16,-8.765406623114103e-16,1.0773471004199564e-13,-2.901189196287864e-13,1.3216174740241876e-13,0.13844194440088659,-0.09351402250577726,0.11524634771022078
1.8800000000000014,-0.0012175613304139525,3.0478144924730628e-05,0.30148735031821844,0.994855321718295,-0.0691022248925885,0.046676800457906745,-0.05752432235753928,33.471775277734196,-22.315736244728107,27.89302412548795,-1.3435094049126048e-17,-3.6473064225937756e-17,-3.3404795774824224e-18,-8.191140400219939e-17,9.893874307571871e-16,-7.526166085323677e-16,1.0781662144599785e-13,-2.911083070595436e-13,1.3291436401095111e-13,0.0,0.0,0.0,0.0,0.0,2.5575826842628037e-30,-5.895455192008337e-16,0.0,0.0,0.0,-0.0,0.0,0.0,-0.0,0.0,0.0,0.0,0.0,0.0,0.0,0.0,0.0,0.0,0.0,0.0,0.0,0.0,3.4542915212644765e-18,-3.1109553322619246e-18,-2.1235067003904275e-18,-5.126162269719716e-18,-5.551119380318739e-17,-1.3210757915587772e-17,-5.003418462982004e-17,8.838561949592164e-16,-8.765406623114103e-16,1.0773471004199564e-13,-2.901189196287864e-13,1.3216174740241876e-13,0.13844194440088659,-0.09351402250577726,0.11524634771022078
1.8900000000000015,-0.0012175613304139525,3.0478144924730255e-05,0.30148735031821844,0.994855321718295,-0.0691022248925885,0.046676800457906745,-0.05752432235753928,33.471775277734196,-22.315736244728107,27.89302412548795,-1.3435094049126048e-17,-3.6473064225937756e-17,-3.3404795774824224e-18,-8.191140400219939e-17,9.893874307571871e-16,-7.526166085323677e-16,1.0781662144599785e-13,-2.911083070595436e-13,1.3291436401095111e-13,0.0,0.0,0.0,0.0,0.0,2.5575826842628037e-30,-5.895455192008337e-16,0.0,0.0,0.0,-0.0,0.0,0.0,-0.0,0.0,0.0,0.0,0.0,0.0,0.0,0.0,0.0,0.0,0.0,0.0,0.0,0.0,3.4542915212644765e-18,-3.1109553322619246e-18,-2.1235067003904275e-18,-5.126162269719716e-18,-5.551119380318739e-17,-1.3210757915587772e-17,-5.003418462982004e-17,8.838561949592164e-16,-8.765406623114103e-16,1.0773471004199564e-13,-2.901189196287864e-13,1.3216174740241876e-13,0.13844194440088659,-0.09351402250577726,0.11524634771022078
1.9000000000000015,-0.0012175613304139525,3.0478144924729883e-05,0.30148735031821844,0.994855321718295,-0.0691022248925885,0.046676800457906745,-0.05752432235753928,33.471775277734196,-22.315736244728107,27.89302412548795,-1.3435094049126048e-17,-3.6473064225937756e-17,-3.3404795774824224e-18,-8.191140400219939e-17,9.893874307571871e-16,-7.526166085323677e-16,1.0781662144599785e-13,-2.911083070595436e-13,1.3291436401095111e-13,0.0,0.0,0.0,0.0,0.0,2.5575826842628037e-30,-5.895455192008337e-16,0.0,0.0,0.0,-0.0,0.0,0.0,-0.0,0.0,0.0,0.0,0.0,0.0,0.0,0.0,0.0,0.0,0.0,0.0,0.0,0.0,3.4542915212644765e-18,-3.1109553322619246e-18,-2.1235067003904275e-18,-5.126162269719715e-18,-5.551119380318739e-17,-1.3210757915587774e-17,-5.003418462982004e-17,8.838561949592164e-16,-8.765406623114103e-16,1.0773471004199564e-13,-2.901189196287864e-13,1.3216174740241876e-13,0.13844194440088659,-0.09351402250577726,0.11524634771022078
1.9100000000000015,-0.0012175613304139525,3.047814492472951e-05,0.30148735031821844,0.994855321718295,-0.0691022248925885,0.046676800457906745,-0.05752432235753928,33.471775277734196,-22.315736244728107,27.89302412548795,-1.3435094049126048e-17,-3.6473064225937756e-17,-3.3404795774824224e-18,-8.191140400219939e-17,9.893874307571871e-16,-7.526166085323677e-16,1.0781662144599785e-13,-2.911083070595436e-13,1.3291436401095111e-13,0.0,0.0,0.0,0.0,0.0,2.5575826842628037e-30,-5.895455192008337e-16,0.0,0.0,0.0,-0.0,0.0,0.0,-0.0,0.0,0.0,0.0,0.0,0.0,0.0,0.0,0.0,0.0,0.0,0.0,0.0,0.0,3.4542915212644765e-18,-3.1109553322619246e-18,-2.123506700390427e-18,-5.126162269719716e-18,-5.551119380318739e-17,-1.3210757915587772e-17,-5.003418462982004e-17,8.838561949592164e-16,-8.765406623114103e-16,1.0773471004199564e-13,-2.901189196287864e-13,1.3216174740241876e-13,0.13844194440088659,-0.09351402250577726,0.11524634771022078
1.9200000000000015,-0.0012175613304139525,3.0478144924729137e-05,0.30148735031821844,0.994855321718295,-0.0691022248925885,0.046676800457906745,-0.05752432235753928,33.471775277734196,-22.315736244728107,27.89302412548795,-1.3435094049126048e-17,-3.6473064225937756e-17,-3.3404795774824224e-18,-8.191140400219939e-17,9.893874307571871e-16,-7.526166085323677e-16,1.0781662144599785e-13,-2.911083070595436e-13,1.3291436401095111e-13,0.0,0.0,0.0,0.0,0.0,2.5575826842628037e-30,-5.895455192008337e-16,0.0,0.0,0.0,-0.0,0.0,0.0,-0.0,0.0,0.0,0.0,0.0,0.0,0.0,0.0,0.0,0.0,0.0,0.0,0.0,0.0,3.4542915212644765e-18,-3.1109553322619246e-18,-2.123506700390427e-18,-5.126162269719715e-18,-5.551119380318739e-17,-1.3210757915587772e-17,-5.003418462982004e-17,8.838561949592164e-16,-8.765406623114103e-16,1.0773471004199564e-13,-2.901189196287864e-13,1.3216174740241876e-13,0.13844194440088659,-0.09351402250577726,0.11524634771022078
1.9300000000000015,-0.0012175613304139525,3.0478144924728765e-05,0.30148735031821844,0.994855321718295,-0.0691022248925885,0.046676800457906745,-0.05752432235753928,33.471775277734196,-22.315736244728107,27.89302412548795,-1.3435094049126048e-17,-3.6473064225937756e-17,-3.3404795774824224e-18,-8.191140400219939e-17,9.893874307571871e-16,-7.526166085323677e-16,1.0781662144599785e-13,-2.911083070595436e-13,1.3291436401095111e-13,0.0,0.0,0.0,0.0,0.0,2.5575826842628037e-30,-5.895455192008337e-16,0.0,0.0,0.0,-0.0,0.0,0.0,-0.0,0.0,0.0,0.0,0.0,0.0,0.0,0.0,0.0,0.0,0.0,0.0,0.0,0.0,3.4542915212644765e-18,-3.1109553322619246e-18,-2.123506700390427e-18,-5.126162269719715e-18,-5.551119380318739e-17,-1.3210757915587772e-17,-5.003418462982004e-17,8.838561949592164e-16,-8.765406623114103e-16,1.0773471004199564e-13,-2.901189196287864e-13,1.3216174740241876e-13,0.13844194440088659,-0.09351402250577726,0.11524634771022078
1.9400000000000015,-0.0012175613304139525,3.0478144924728392e-05,0.30148735031821844,0.994855321718295,-0.0691022248925885,0.046676800457906745,-0.05752432235753928,33.471775277734196,-22.315736244728107,27.89302412548795,-1.3435094049126048e-17,-3.6473064225937756e-17,-3.3404795774824224e-18,-8.191140400219939e-17,9.893874307571871e-16,-7.526166085323677e-16,1.0781662144599785e-13,-2.911083070595436e-13,1.3291436401095111e-13,0.0,0.0,0.0,0.0,0.0,2.5575826842628037e-30,-5.895455192008337e-16,0.0,0.0,0.0,-0.0,0.0,0.0,-0.0,0.0,0.0,0.0,0.0,0.0,0.0,0.0,0.0,0.0,0.0,0.0,0.0,0.0,3.4542915212644765e-18,-3.1109553322619246e-18,-2.123506700390427e-18,-5.126162269719716e-18,-5.551119380318739e-17,-1.3210757915587772e-17,-5.003418462982004e-17,8.838561949592164e-16,-8.765406623114103e-16,1.0773471004199564e-13,-2.901189196287864e-13,1.3216174740241876e-13,0.13844194440088659,-0.09351402250577726,0.11524634771022078
1.9500000000000015,-0.0012175613304139525,3.047814492472802e-05,0.30148735031821844,0.994855321718295,-0.0691022248925885,0.046676800457906745,-0.05752432235753928,33.471775277734196,-22.315736244728107,27.89302412548795,-1.3435094049126048e-17,-3.6473064225937756e-17,-3.3404795774824224e-18,-8.191140400219939e-17,9.893874307571871e-16,-7.526166085323677e-16,1.0781662144599785e-13,-2.911083070595436e-13,1.3291436401095111e-13,0.0,0.0,0.0,0.0,0.0,2.5575826842628037e-30,-5.895455192008337e-16,0.0,0.0,0.0,-0.0,0.0,0.0,-0.0,0.0,0.0,0.0,0.0,0.0,0.0,0.0,0.0,0.0,0.0,0.0,0.0,0.0,3.4542915212644765e-18,-3.1109553322619246e-18,-2.1235067003904275e-18,-5.126162269719715e-18,-5.551119380318739e-17,-1.3210757915587774e-17,-5.003418462982004e-17,8.838561949592164e-16,-8.765406623114103e-16,1.0773471004199564e-13,-2.901189196287864e-13,1.3216174740241876e-13,0.13844194440088659,-0.09351402250577726,0.11524634771022078
1.9600000000000015,-0.0012175613304139525,3.0478144924727647e-05,0.30148735031821844,0.994855321718295,-0.0691022248925885,0.046676800457906745,-0.05752432235753928,33.471775277734196,-22.315736244728107,27.89302412548795,-1.3435094049126048e-17,-3.6473064225937756e-17,-3.3404795774824224e-18,-8.191140400219939e-17,9.893874307571871e-16,-7.526166085323677e-16,1.0781662144599785e-13,-2.911083070595436e-13,1.3291436401095111e-13,0.0,0.0,0.0,0.0,0.0,2.5575826842628037e-30,-5.895455192008337e-16,0.0,0.0,0.0,-0.0,0.0,0.0,-0.0,0.0,0.0,0.0,0.0,0.0,0.0,0.0,0.0,0.0,0.0,0.0,0.0,0.0,3.4542915212644765e-18,-3.1109553322619246e-18,-2.1235067003904275e-18,-5.126162269719715e-18,-5.551119380318739e-17,-1.3210757915587774e-17,-5.003418462982004e-17,8.838561949592164e-16,-8.765406623114103e-16,1.0773471004199564e-13,-2.901189196287864e-13,1.3216174740241876e-13,0.13844194440088659,-0.09351402250577726,0.11524634771022078
1.9700000000000015,-0.0012175613304139525,3.0478144924727274e-05,0.30148735031821844,0.994855321718295,-0.0691022248925885,0.046676800457906745,-0.05752432235753928,33.471775277734196,-22.315736244728107,27.89302412548795,-1.3435094049126048e-17,-3.6473064225937756e-17,-3.3404795774824224e-18,-8.191140400219939e-17,9.893874307571871e-16,-7.526166085323677e-16,1.0781662144599785e-13,-2.911083070595436e-13,1.3291436401095111e-13,0.0,0.0,0.0,0.0,0.0,2.5575826842628037e-30,-5.895455192008337e-16,0.0,0.0,0.0,-0.0,0.0,0.0,-0.0,0.0,0.0,0.0,0.0,0.0,0.0,0.0,0.0,0.0,0.0,0.0,0.0,0.0,3.4542915212644765e-18,-3.1109553322619246e-18,-2.1235067003904275e-18,-5.126162269719716e-18,-5.551119380318739e-17,-1.3210757915587772e-17,-5.003418462982004e-17,8.838561949592164e-16,-8.765406623114103e-16,1.0773471004199564e-13,-2.901189196287864e-13,1.3216174740241876e-13,0.13844194440088659,-0.09351402250577726,0.11524634771022078
1.9800000000000015,-0.0012175613304139525,3.04781449247269e-05,0.30148735031821844,0.994855321718295,-0.0691022248925885,0.046676800457906745,-0.05752432235753928,33.471775277734196,-22.315736244728107,27.89302412548795,-1.3435094049126048e-17,-3.6473064225937756e-17,-3.3404795774824224e-18,-8.191140400219939e-17,9.893874307571871e-16,-7.526166085323677e-16,1.0781662144599785e-13,-2.911083070595436e-13,1.3291436401095111e-13,0.0,0.0,0.0,0.0,0.0,2.5575826842628037e-30,-5.895455192008337e-16,0.0,0.0,0.0,-0.0,0.0,0.0,-0.0,0.0,0.0,0.0,0.0,0.0,0.0,0.0,0.0,0.0,0.0,0.0,0.0,0.0,3.4542915212644765e-18,-3.1109553322619246e-18,-2.1235067003904275e-18,-5.126162269719716e-18,-5.551119380318739e-17,-1.3210757915587772e-17,-5.003418462982004e-17,8.838561949592164e-16,-8.765406623114103e-16,1.0773471004199564e-13,-2.901189196287864e-13,1.3216174740241876e-13,0.13844194440088659,-0.09351402250577726,0.11524634771022078
1.9900000000000015,-0.0012175613304139525,3.047814492472653e-05,0.30148735031821844,0.994855321718295,-0.0691022248925885,0.046676800457906745,-0.05752432235753928,33.471775277734196,-22.315736244728107,27.89302412548795,-1.3435094049126048e-17,-3.6473064225937756e-17,-3.3404795774824224e-18,-8.191140400219939e-17,9.893874307571871e-16,-7.526166085323677e-16,1.0781662144599785e-13,-2.911083070595436e-13,1.3291436401095111e-13,0.0,0.0,0.0,0.0,0.0,2.5575826842628037e-30,-5.895455192008337e-16,0.0,0.0,0.0,-0.0,0.0,0.0,-0.0,0.0,0.0,0.0,0.0,0.0,0.0,0.0,0.0,0.0,0.0,0.0,0.0,0.0,3.4542915212644765e-18,-3.1109553322619246e-18,-2.1235067003904275e-18,-5.126162269719715e-18,-5.551119380318739e-17,-1.3210757915587774e-17,-5.003418462982004e-17,8.838561949592164e-16,-8.765406623114103e-16,1.0773471004199564e-13,-2.901189196287864e-13,1.3216174740241876e-13,0.13844194440088659,-0.09351402250577726,0.11524634771022078
2.0000000000000013,-0.0012175613304139525,3.0478144924726156e-05,0.30148735031821844,0.994855321718295,-0.0691022248925885,0.046676800457906745,-0.05752432235753928,33.471775277734196,-22.315736244728107,27.89302412548795,-1.3435094049126048e-17,-3.6473064225937756e-17,-3.3404795774824224e-18,-8.191140400219939e-17,9.893874307571871e-16,-7.526166085323677e-16,1.0781662144599785e-13,-2.911083070595436e-13,1.3291436401095111e-13,0.0,0.0,0.0,0.0,0.0,2.5575826842628037e-30,-5.895455192008337e-16,0.0,0.0,0.0,-0.0,0.0,0.0,-0.0,0.0,0.0,0.0,0.0,0.0,0.0,0.0,0.0,0.0,0.0,0.0,0.0,0.0,3.4542915212644765e-18,-3.1109553322619246e-18,-2.1235067003904275e-18,-5.126162269719715e-18,-5.551119380318739e-17,-1.3210757915587774e-17,-5.003418462982004e-17,8.838561949592164e-16,-8.765406623114103e-16,1.0773471004199564e-13,-2.901189196287864e-13,1.3216174740241876e-13,0.13844194440088659,-0.09351402250577726,0.11524634771022078
2.0100000000000002,-0.0012175613304139525,3.0478144924725783e-05,0.30148735031821844,0.994855321718295,-0.0691022248925885,0.046676800457906745,-0.05752432235753928,33.471775277734196,-22.315736244728107,27.89302412548795,-1.3435094049126048e-17,-3.6473064225937756e-17,-3.3404795774824224e-18,-8.191140400219939e-17,9.893874307571871e-16,-7.526166085323677e-16,1.0781662144599785e-13,-2.911083070595436e-13,1.3291436401095111e-13,0.0,0.0,0.0,0.0,0.0,2.5575826842628037e-30,-5.895455192008337e-16,0.0,0.0,0.0,-0.0,0.0,0.0,-0.0,0.0,0.0,0.0,0.0,0.0,0.0,0.0,0.0,0.0,0.0,0.0,0.0,0.0,3.4542915212644765e-18,-3.1109553322619246e-18,-2.1235067003904275e-18,-5.126162269719716e-18,-5.551119380318739e-17,-1.3210757915587772e-17,-5.003418462982004e-17,8.838561949592164e-16,-8.765406623114103e-16,1.0773471004199564e-13,-2.901189196287864e-13,1.3216174740241876e-13,0.13844194440088659,-0.09351402250577726,0.11524634771022078
2.019999999999999,-0.0012175613304139525,3.047814492472541e-05,0.30148735031821844,0.994855321718295,-0.0691022248925885,0.046676800457906745,-0.05752432235753928,33.471775277734196,-22.315736244728107,27.89302412548795,-1.3435094049126048e-17,-3.6473064225937756e-17,-3.3404795774824224e-18,-8.191140400219939e-17,9.893874307571871e-16,-7.526166085323677e-16,1.0781662144599785e-13,-2.911083070595436e-13,1.3291436401095111e-13,0.0,0.0,0.0,0.0,0.0,2.5575826842628037e-30,-5.895455192008337e-16,0.0,0.0,0.0,-0.0,0.0,0.0,-0.0,0.0,0.0,0.0,0.0,0.0,0.0,0.0,0.0,0.0,0.0,0.0,0.0,0.0,3.4542915212644765e-18,-3.1109553322619246e-18,-2.1235067003904275e-18,-5.126162269719716e-18,-5.551119380318739e-17,-1.3210757915587772e-17,-5.003418462982004e-17,8.838561949592164e-16,-8.765406623114103e-16,1.0773471004199564e-13,-2.901189196287864e-13,1.3216174740241876e-13,0.13844194440088659,-0.09351402250577726,0.11524634771022078
2.029999999999998,-0.0012175613304139525,3.0478144924725038e-05,0.30148735031821844,0.994855321718295,-0.0691022248925885,0.046676800457906745,-0.05752432235753928,33.471775277734196,-22.315736244728107,27.89302412548795,-1.3435094049126048e-17,-3.6473064225937756e-17,-3.3404795774824224e-18,-8.191140400219939e-17,9.893874307571871e-16,-7.526166085323677e-16,1.0781662144599785e-13,-2.911083070595436e-13,1.3291436401095111e-13,0.0,0.0,0.0,0.0,0.0,2.5575826842628037e-30,-5.895455192008337e-16,0.0,0.0,0.0,-0.0,0.0,0.0,-0.0,0.0,0.0,0.0,0.0,0.0,0.0,0.0,0.0,0.0,0.0,0.0,0.0,0.0,3.4542915212644765e-18,-3.1109553322619246e-18,-2.1235067003904275e-18,-5.126162269719715e-18,-5.551119380318739e-17,-1.3210757915587774e-17,-5.003418462982004e-17,8.838561949592164e-16,-8.765406623114103e-16,1.0773471004199564e-13,-2.901189196287864e-13,1.3216174740241876e-13,0.13844194440088659,-0.09351402250577726,0.11524634771022078
2.039999999999997,-0.0012175613304139525,3.0478144924724665e-05,0.30148735031821844,0.994855321718295,-0.0691022248925885,0.046676800457906745,-0.05752432235753928,33.471775277734196,-22.315736244728107,27.89302412548795,-1.3435094049126048e-17,-3.6473064225937756e-17,-3.3404795774824224e-18,-8.191140400219939e-17,9.893874307571871e-16,-7.526166085323677e-16,1.0781662144599785e-13,-2.911083070595436e-13,1.3291436401095111e-13,0.0,0.0,0.0,0.0,0.0,2.5575826842628037e-30,-5.895455192008337e-16,0.0,0.0,0.0,-0.0,0.0,0.0,-0.0,0.0,0.0,0.0,0.0,0.0,0.0,0.0,0.0,0.0,0.0,0.0,0.0,0.0,3.4542915212644765e-18,-3.1109553322619246e-18,-2.1235067003904275e-18,-5.126162269719716e-18,-5.551119380318739e-17,-1.3210757915587774e-17,-5.003418462982004e-17,8.838561949592164e-16,-8.765406623114103e-16,1.0773471004199564e-13,-2.901189196287864e-13,1.3216174740241876e-13,0.13844194440088659,-0.09351402250577726,0.11524634771022078
2.049999999999996,-0.0012175613304139525,3.0478144924724292e-05,0.30148735031821844,0.994855321718295,-0.0691022248925885,0.046676800457906745,-0.05752432235753928,33.471775277734196,-22.315736244728107,27.89302412548795,-1.3435094049126048e-17,-3.6473064225937756e-17,-3.3404795774824224e-18,-8.191140400219939e-17,9.893874307571871e-16,-7.526166085323677e-16,1.0781662144599785e-13,-2.911083070595436e-13,1.3291436401095111e-13,0.0,0.0,0.0,0.0,0.0,2.5575826842628037e-30,-5.895455192008337e-16,0.0,0.0,0.0,-0.0,0.0,0.0,-0.0,0.0,0.0,0.0,0.0,0.0,0.0,0.0,0.0,0.0,0.0,0.0,0.0,0.0,3.4542915212644765e-18,-3.1109553322619246e-18,-2.123506700390427e-18,-5.126162269719716e-18,-5.551119380318739e-17,-1.3210757915587772e-17,-5.003418462982004e-17,8.838561949592164e-16,-8.765406623114103e-16,1.0773471004199564e-13,-2.901189196287864e-13,1.3216174740241876e-13,0.13844194440088659,-0.09351402250577726,0.11524634771022078
2.0599999999999947,-0.0012175613304139525,3.047814492472392e-05,0.30148735031821844,0.994855321718295,-0.0691022248925885,0.046676800457906745,-0.05752432235753928,33.471775277734196,-22.315736244728107,27.89302412548795,-1.3435094049126048e-17,-3.6473064225937756e-17,-3.3404795774824224e-18,-8.191140400219939e-17,9.893874307571871e-16,-7.526166085323677e-16,1.0781662144599785e-13,-2.911083070595436e-13,1.3291436401095111e-13,0.0,0.0,0.0,0.0,0.0,2.5575826842628037e-30,-5.895455192008337e-16,0.0,0.0,0.0,-0.0,0.0,0.0,-0.0,0.0,0.0,0.0,0.0,0.0,0.0,0.0,0.0,0.0,0.0,0.0,0.0,0.0,3.4542915212644765e-18,-3.1109553322619246e-18,-2.123506700390427e-18,-5.126162269719715e-18,-5.551119380318739e-17,-1.3210757915587772e-17,-5.003418462982004e-17,8.838561949592164e-16,-8.765406623114103e-16,1.0773471004199564e-13,-2.901189196287864e-13,1.3216174740241876e-13,0.13844194440088659,-0.09351402250577726,0.11524634771022078
2.0699999999999936,-0.0012175613304139525,3.0478144924723547e-05,0.30148735031821844,0.994855321718295,-0.0691022248925885,0.046676800457906745,-0.05752432235753928,33.471775277734196,-22.315736244728107,27.89302412548795,-1.3435094049126048e-17,-3.6473064225937756e-17,-3.3404795774824224e-18,-8.191140400219939e-17,9.893874307571871e-16,-7.526166085323677e-16,1.0781662144599785e-13,-2.911083070595436e-13,1.3291436401095111e-13,0.0,0.0,0.0,0.0,0.0,2.5575826842628037e-30,-5.895455192008337e-16,0.0,0.0,0.0,-0.0,0.0,0.0,-0.0,0.0,0.0,0.0,0.0,0.0,0.0,0.0,0.0,0.0,0.0,0.0,0.0,0.0,3.4542915212644765e-18,-3.1109553322619246e-18,-2.123506700390427e-18,-5.126162269719715e-18,-5.551119380318739e-17,-1.3210757915587772e-17,-5.003418462982004e-17,8.838561949592164e-16,-8.765406623114103e-16,1.0773471004199564e-13,-2.901189196287864e-13,1.3216174740241876e-13,0.13844194440088659,-0.09351402250577726,0.11524634771022078
2.0799999999999925,-0.0012175613304139525,3.0478144924723174e-05,0.30148735031821844,0.994855321718295,-0.0691022248925885,0.046676800457906745,-0.05752432235753928,33.471775277734196,-22.315736244728107,27.89302412548795,-1.3435094049126048e-17,-3.6473064225937756e-17,-3.3404795774824224e-18,-8.191140400219939e-17,9.893874307571871e-16,-7.526166085323677e-16,1.0781662144599785e-13,-2.911083070595436e-13,1.3291436401095111e-13,0.0,0.0,0.0,0.0,0.0,2.5575826842628037e-30,-5.895455192008337e-16,0.0,0.0,0.0,-0.0,0.0,0.0,-0.0,0.0,0.0,0.0,0.0,0.0,0.0,0.0,0.0,0.0,0.0,0.0,0.0,0.0,3.4542915212644765e-18,-3.1109553322619246e-18,-2.1235067003904275e-18,-5.126162269719716e-18,-5.551119380318739e-17,-1.3210757915587774e-17,-5.003418462982004e-17,8.838561949592164e-16,-8.765406623114103e-16,1.0773471004199564e-13,-2.901189196287864e-13,1.3216174740241876e-13,0.13844194440088659,-0.09351402250577726,0.11524634771022078
2.0899999999999914,-0.0012175613304139525,3.04781449247228e-05,0.30148735031821844,0.994855321718295,-0.0691022248925885,0.046676800457906745,-0.05752432235753928,33.471775277734196,-22.315736244728107,27.89302412548795,-1.3435094049126048e-17,-3.6473064225937756e-17,-3.3404795774824224e-18,-8.191140400219939e-17,9.893874307571871e-16,-7.526166085323677e-16,1.0781662144599785e-13,-2.911083070595436e-13,1.3291436401095111e-13,0.0,0.0,0.0,0.0,0.0,2.5575826842628037e-30,-5.895455192008337e-16,0.0,0.0,0.0,-0.0,0.0,0.0,-0.0,0.0,0.0,0.0,0.0,0.0,0.0,0.0,0.0,0.0,0.0,0.0,0.0,0.0,3.4542915212644765e-18,-3.1109553322619246e-18,-2.123506700390427e-18,-5.126162269719716e-18,-5.551119380318739e-17,-1.3210757915587772e-17,-5.003418462982004e-17,8.838561949592164e-16,-8.765406623114103e-16,1.0773471004199564e-13,-2.901189196287864e-13,1.3216174740241876e-13,0.13844194440088659,-0.09351402250577726,0.11524634771022078
2.0999999999999903,-0.0012175613304139525,3.047814492472243e-05,0.30148735031821844,0.994855321718295,-0.0691022248925885,0.046676800457906745,-0.05752432235753928,33.471775277734196,-22.315736244728107,27.89302412548795,-1.3435094049126048e-17,-3.6473064225937756e-17,-3.3404795774824224e-18,-8.191140400219939e-17,9.893874307571871e-16,-7.526166085323677e-16,1.0781662144599785e-13,-2.911083070595436e-13,1.3291436401095111e-13,0.0,0.0,0.0,0.0,0.0,2.5575826842628037e-30,-5.895455192008337e-16,0.0,0.0,0.0,-0.0,0.0,0.0,-0.0,0.0,0.0,0.0,0.0,0.0,0.0,0.0,0.0,0.0,0.0,0.0,0.0,0.0,3.4542915212644765e-18,-3.1109553322619246e-18,-2.123506700390427e-18,-5.126162269719716e-18,-5.551119380318739e-17,-1.3210757915587772e-17,-5.003418462982004e-17,8.838561949592164e-16,-8.765406623114103e-16,1.0773471004199564e-13,-2.901189196287864e-13,1.3216174740241876e-13,0.13844194440088659,-0.09351402250577726,0.11524634771022078
2.109999999999989,-0.0012175613304139525,3.0478144924722056e-05,0.30148735031821844,0.994855321718295,-0.0691022248925885,0.046676800457906745,-0.05752432235753928,33.471775277734196,-22.315736244728107,27.89302412548795,-1.3435094049126048e-17,-3.6473064225937756e-17,-3.3404795774824224e-18,-8.191140400219939e-17,9.893874307571871e-16,-7.526166085323677e-16,1.0781662144599785e-13,-2.911083070595436e-13,1.3291436401095111e-13,0.0,0.0,0.0,0.0,0.0,2.5575826842628037e-30,-5.895455192008337e-16,0.0,0.0,0.0,-0.0,0.0,0.0,-0.0,0.0,0.0,0.0,0.0,0.0,0.0,0.0,0.0,0.0,0.0,0.0,0.0,0.0,3.4542915212644765e-18,-3.1109553322619246e-18,-2.1235067003904275e-18,-5.126162269719716e-18,-5.551119380318739e-17,-1.3210757915587772e-17,-5.003418462982004e-17,8.838561949592164e-16,-8.765406623114103e-16,1.0773471004199564e-13,-2.901189196287864e-13,1.3216174740241876e-13,0.13844194440088659,-0.09351402250577726,0.11524634771022078
2.119999999999988,-0.0012175613304139525,3.0478144924721683e-05,0.30148735031821844,0.994855321718295,-0.0691022248925885,0.046676800457906745,-0.05752432235753928,33.471775277734196,-22.315736244728107,27.89302412548795,-1.3435094049126048e-17,-3.6473064225937756e-17,-3.3404795774824224e-18,-8.191140400219939e-17,9.893874307571871e-16,-7.526166085323677e-16,1.0781662144599785e-13,-2.911083070595436e-13,1.3291436401095111e-13,0.0,0.0,0.0,0.0,0.0,2.5575826842628037e-30,-5.895455192008337e-16,0.0,0.0,0.0,-0.0,0.0,0.0,-0.0,0.0,0.0,0.0,0.0,0.0,0.0,0.0,0.0,0.0,0.0,0.0,0.0,0.0,3.4542915212644765e-18,-3.1109553322619246e-18,-2.1235067003904275e-18,-5.126162269719716e-18,-5.551119380318739e-17,-1.3210757915587772e-17,-5.003418462982004e-17,8.838561949592164e-16,-8.765406623114103e-16,1.0773471004199564e-13,-2.901189196287864e-13,1.3216174740241876e-13,0.13844194440088659,-0.09351402250577726,0.11524634771022078
2.129999999999987,-0.0012175613304139525,3.047814492472131e-05,0.30148735031821844,0.994855321718295,-0.0691022248925885,0.046676800457906745,-0.05752432235753928,33.471775277734196,-22.315736244728107,27.89302412548795,-1.3435094049126048e-17,-3.6473064225937756e-17,-3.3404795774824224e-18,-8.191140400219939e-17,9.893874307571871e-16,-7.526166085323677e-16,1.0781662144599785e-13,-2.911083070595436e-13,1.3291436401095111e-13,0.0,0.0,0.0,0.0,0.0,2.5575826842628037e-30,-5.895455192008337e-16,0.0,0.0,0.0,-0.0,0.0,0.0,-0.0,0.0,0.0,0.0,0.0,0.0,0.0,0.0,0.0,0.0,0.0,0.0,0.0,0.0,3.4542915212644765e-18,-3.1109553322619246e-18,-2.1235067003904275e-18,-5.126162269719715e-18,-5.551119380318739e-17,-1.3210757915587774e-17,-5.003418462982004e-17,8.838561949592164e-16,-8.765406623114103e-16,1.0773471004199564e-13,-2.901189196287864e-13,1.3216174740241876e-13,0.13844194440088659,-0.09351402250577726,0.11524634771022078
2.139999999999986,-0.0012175613304139525,3.0478144924720938e-05,0.30148735031821844,0.994855321718295,-0.0691022248925885,0.046676800457906745,-0.05752432235753928,33.471775277734196,-22.315736244728107,27.89302412548795,-1.3435094049126048e-17,-3.6473064225937756e-17,-3.3404795774824224e-18,-8.191140400219939e-17,9.893874307571871e-16,-7.526166085323677e-16,1.0781662144599785e-13,-2.911083070595436e-13,1.3291436401095111e-13,0.0,0.0,0.0,0.0,0.0,2.5575826842628037e-30,-5.895455192008337e-16,0.0,0.0,0.0,-0.0,0.0,0.0,-0.0,0.0,0.0,0.0,0.0,0.0,0.0,0.0,0.0,0.0,0.0,0.0,0.0,0.0,3.4542915212644765e-18,-3.1109553322619246e-18,-2.123506700390427e-18,-5.126162269719713e-18,-5.551119380318739e-17,-1.3210757915587774e-17,-5.003418462982004e-17,8.838561949592164e-16,-8.765406623114103e-16,1.0773471004199564e-13,-2.901189196287864e-13,1.3216174740241876e-13,0.13844194440088659,-0.09351402250577726,0.11524634771022078
2.149999999999985,-0.0012175613304139525,3.0478144924720565e-05,0.30148735031821844,0.994855321718295,-0.0691022248925885,0.046676800457906745,-0.05752432235753928,33.471775277734196,-22.315736244728107,27.89302412548795,-1.3435094049126048e-17,-3.6473064225937756e-17,-3.3404795774824224e-18,-8.191140400219939e-17,9.893874307571871e-16,-7.526166085323677e-16,1.0781662144599785e-13,-2.911083070595436e-13,1.3291436401095111e-13,0.0,0.0,0.0,0.0,0.0,2.5575826842628037e-30,-5.895455192008337e-16,0.0,0.0,0.0,-0.0,0.0,0.0,-0.0,0.0,0.0,0.0,0.0,0.0,0.0,0.0,0.0,0.0,0.0,0.0,0.0,0.0,3.4542915212644765e-18,-3.1109553322619246e-18,-2.123506700390427e-18,-5.1261622697197154e-18,-5.551119380318739e-17,-1.3210757915587774e-17,-5.003418462982004e-17,8.838561949592164e-16,-8.765406623114103e-16,1.0773471004199564e-13,-2.901189196287864e-13,1.3216174740241876e-13,0.13844194440088659,-0.09351402250577726,0.11524634771022078
2.1599999999999837,-0.0012175613304139525,3.0478144924720193e-05,0.30148735031821844,0.994855321718295,-0.0691022248925885,0.046676800457906745,-0.05752432235753928,33.471775277734196,-22.315736244728107,27.89302412548795,-1.3435094049126048e-17,-3.6473064225937756e-17,-3.3404795774824224e-18,-8.191140400219939e-17,9.893874307571871e-16,-7.526166085323677e-16,1.0781662144599785e-13,-2.911083070595436e-13,1.3291436401095111e-13,0.0,0.0,0.0,0.0,0.0,2.5575826842628037e-30,-5.895455192008337e-16,0.0,0.0,0.0,-0.0,0.0,0.0,-0.0,0.0,0.0,0.0,0.0,0.0,0.0,0.0,0.0,0.0,0.0,0.0,0.0,0.0,3.4542915212644765e-18,-3.1109553322619246e-18,-2.1235067003904275e-18,-5.126162269719716e-18,-5.551119380318739e-17,-1.3210757915587772e-17,-5.003418462982004e-17,8.838561949592164e-16,-8.765406623114103e-16,1.0773471004199564e-13,-2.901189196287864e-13,1.3216174740241876e-13,0.13844194440088659,-0.09351402250577726,0.11524634771022078
2.1699999999999826,-0.0012175613304139525,3.047814492471982e-05,0.30148735031821844,0.994855321718295,-0.0691022248925885,0.046676800457906745,-0.05752432235753928,33.471775277734196,-22.315736244728107,27.89302412548795,-1.3435094049126048e-17,-3.6473064225937756e-17,-3.3404795774824224e-18,-8.191140400219939e-17,9.893874307571871e-16,-7.526166085323677e-16,1.0781662144599785e-13,-2.911083070595436e-13,1.3291436401095111e-13,0.0,0.0,0.0,0.0,0.0,2.5575826842628037e-30,-5.895455192008337e-16,0.0,0.0,0.0,-0.0,0.0,0.0,-0.0,0.0,0.0,0.0,0.0,0.0,0.0,0.0,0.0,0.0,0.0,0.0,0.0,0.0,3.4542915212644765e-18,-3.1109553322619246e-18,-2.1235067003904275e-18,-5.126162269719716e-18,-5.551119380318739e-17,-1.3210757915587772e-17,-5.003418462982004e-17,8.838561949592164e-16,-8.765406623114103e-16,1.0773471004199564e-13,-2.901189196287864e-13,1.3216174740241876e-13,0.13844194440088659,-0.09351402250577726,0.11524634771022078
2.1799999999999815,-0.0012175613304139525,3.0478144924719447e-05,0.30148735031821844,0.994855321718295,-0.0691022248925885,0.046676800457906745,-0.05752432235753928,33.471775277734196,-22.315736244728107,27.89302412548795,-1.3435094049126048e-17,-3.6473064225937756e-17,-3.3404795774824224e-18,-8.191140400219939e-17,9.893874307571871e-16,-7.526166085323677e-16,1.0781662144599785e-13,-2.911083070595436e-13,1.3291436401095111e-13,0.0,0.0,0.0,0.0,0.0,2.5575826842628037e-30,-5.895455192008337e-16,0.0,0.0,0.0,-0.0,0.0,0.0,-0.0,0.0,0.0,0.0,0.0,0.0,0.0,0.0,0.0,0.0,0.0,0.0,0.0,0.0,3.4542915212644765e-18,-3.1109553322619246e-18,-2.1235067003904275e-18,-5.126162269719715e-18,-5.551119380318739e-17,-1.3210757915587774e-17,-5.003418462982004e-17,8.838561949592164e-16,-8.765406623114103e-16,1.0773471004199564e-13,-2.901189196287864e-13,1.3216174740241876e-13,0.13844194440088659,-0.09351402250577726,0.11524634771022078
2.1899999999999804,-0.0012175613304139525,3.0478144924719075e-05,0.30148735031821844,0.994855321718295,-0.0691022248925885,0.046676800457906745,-0.05752432235753928,33.471775277734196,-22.315736244728107,27.89302412548795,-1.3435094049126048e-17,-3.6473064225937756e-17,-3.3404795774824224e-18,-8.191140400219939e-17,9.893874307571871e-16,-7.526166085323677e-16,1.0781662144599785e-13,-2.911083070595436e-13,1.3291436401095111e-13,0.0,0.0,0.0,0.0,0.0,2.5575826842628037e-30,-5.895455192008337e-16,0.0,0.0,0.0,-0.0,0.0,0.0,-0.0,0.0,0.0,0.0,0.0,0.0,0.0,0.0,0.0,0.0,0.0,0.0,0.0,0.0,3.4542915212644765e-18,-3.1109553322619246e-18,-2.1235067003904275e-18,-5.126162269719713e-18,-5.551119380318739e-17,-1.3210757915587774e-17,-5.003418462982004e-17,8.838561949592164e-16,-8.765406623114103e-16,1.0773471004199564e-13,-2.901189196287864e-13,1.3216174740241876e-13,0.13844194440088659,-0.09351402250577726,0.11524634771022078
2.1999999999999793,-0.0012175613304139525,3.0478144924718702e-05,0.30148735031821844,0.994855321718295,-0.0691022248925885,0.046676800457906745,-0.05752432235753928,33.471775277734196,-22.315736244728107,27.89302412548795,-1.3435094049126048e-17,-3.6473064225937756e-17,-3.3404795774824224e-18,-8.191140400219939e-17,9.893874307571871e-16,-7.526166085323677e-16,1.0781662144599785e-13,-2.911083070595436e-13,1.3291436401095111e-13,0.0,0.0,0.0,0.0,0.0,2.5575826842628037e-30,-5.895455192008337e-16,0.0,0.0,0.0,-0.0,0.0,0.0,-0.0,0.0,0.0,0.0,0.0,0.0,0.0,0.0,0.0,0.0,0.0,0.0,0.0,0.0,3.4542915212644765e-18,-3.1109553322619246e-18,-2.1235067003904275e-18,-5.126162269719715e-18,-5.551119380318739e-17,-1.3210757915587772e-17,-5.003418462982004e-17,8.838561949592164e-16,-8.765406623114103e-16,1.0773471004199564e-13,-2.901189196287864e-13,1.3216174740241876e-13,0.13844194440088659,-0.09351402250577726,0.11524634771022078
2.209999999999978,-0.0012175613304139525,3.047814492471833e-05,0.30148735031821844,0.994855321718295,-0.0691022248925885,0.046676800457906745,-0.05752432235753928,33.471775277734196,-22.315736244728107,27.89302412548795,-1.3435094049126048e-17,-3.6473064225937756e-17,-3.3404795774824224e-18,-8.191140400219939e-17,9.893874307571871e-16,-7.526166085323677e-16,1.0781662144599785e-13,-2.911083070595436e-13,1.3291436401095111e-13,0.0,0.0,0.0,0.0,0.0,2.5575826842628037e-30,-5.895455192008337e-16,0.0,0.0,0.0,-0.0,0.0,0.0,-0.0,0.0,0.0,0.0,0.0,0.0,0.0,0.0,0.0,0.0,0.0,0.0,0.0,0.0,3.4542915212644738e-18,-3.1109553322619246e-18,-2.1235067003904286e-18,-5.1261622697196946e-18,-5.551119380318739e-17,-1.3210757915587814e-17,-5.003418462982004e-17,8.838561949592164e-16,-8.765406623114103e-16,1.0773471004199564e-13,-2.901189196287864e-13,1.3216174740241876e-13,0.13844194440088659,-0.09351402250577726,0.11524634771022078
2.219999999999977,-0.0012175613304139525,3.0478144924717957e-05,0.30148735031821844,0.994855321718295,-0.0691022248925885,0.046676800457906745,-0.05752432235753928,33.471775277734196,-22.315736244728107,27.89302412548795,-1.3435094049126048e-17,-3.6473064225937756e-17,-3.3404795774824224e-18,-8.191140400219939e-17,9.893874307571871e-16,-7.526166085323677e-16,1.0781662144599785e-13,-2.911083070595436e-13,1.3291436401095111e-13,0.0,0.0,0.0,0.0,0.0,2.5575826842628037e-30,-5.895455192008337e-16,0.0,0.0,0.0,-0.0,0.0,0.0,-0.0,0.0,0.0,0.0,0.0,0.0,0.0,0.0,0.0,0.0,0.0,0.0,0.0,0.0,3.4542915212644738e-18,-3.1109553322619246e-18,-2.1235067003904286e-18,-5.126162269719696e-18,-5.551119380318739e-17,-1.3210757915587812e-17,-5.003418462982004e-17,8.838561949592164e-16,-8.765406623114103e-16,1.0773471004199564e-13,-2.901189196287864e-13,1.3216174740241876e-13,0.13844194440088659,-0.09351402250577726,0.11524634771022078
2.229999999999976,-0.0012175613304139525,3.0478144924717584e-05,0.30148735031821844,0.994855321718295,-0.0691022248925885,0.046676800457906745,-0.05752432235753928,33.471775277734196,-22.315736244728107,27.89302412548795,-1.3435094049126048e-17,-3.6473064225937756e-17,-3.3404795774824224e-18,-8.191140400219939e-17,9.893874307571871e-16,-7.526166085323677e-16,1.0781662144599785e-13,-2.911083070595436e-13,1.3291436401095111e-13,0.0,0.0,0.0,0.0,0.0,2.5575826842628037e-30,-5.895455192008337e-16,0.0,0.0,0.0,-0.0,0.0,0.0,-0.0,0.0,0.0,0.0,0.0,0.0,0.0,0.0,0.0,0.0,0.0,0.0,0.0,0.0,3.4542915212644738e-18,-3.1109553322619246e-18,-2.1235067003904282e-18,-5.126162269719696e-18,-5.551119380318739e-17,-1.321075791558781e-17,-5.003418462982004e-17,8.838561949592164e-16,-8.765406623114103e-16,1.0773471004199564e-13,-2.901189196287864e-13,1.3216174740241876e-13,0.13844194440088659,-0.09351402250577726,0.11524634771022078
2.239999999999975,-0.0012175613304139525,3.047814492471721e-05,0.30148735031821844,0.994855321718295,-0.0691022248925885,0.046676800457906745,-0.05752432235753928,33.471775277734196,-22.315736244728107,27.89302412548795,-1.3435094049126048e-17,-3.6473064225937756e-17,-3.3404795774824224e-18,-8.191140400219939e-17,9.893874307571871e-16,-7.526166085323677e-16,1.0781662144599785e-13,-2.911083070595436e-13,1.3291436401095111e-13,0.0,0.0,0.0,0.0,0.0,2.5575826842628037e-30,-5.895455192008337e-16,0.0,0.0,0.0,-0.0,0.0,0.0,-0.0,0.0,0.0,0.0,0.0,0.0,0.0,0.0,0.0,0.0,0.0,0.0,0.0,0.0,3.4542915212644765e-18,-3.1109553322619246e-18,-2.1235067003904275e-18,-5.126162269719715e-18,-5.551119380318739e-17,-1.3210757915587774e-17,-5.003418462982004e-17,8.838561949592164e-16,-8.765406623114103e-16,1.0773471004199564e-13,-2.901189196287864e-13,1.3216174740241876e-13,0.13844194440088659,-0.09351402250577726,0.11524634771022078
2.249999999999974,-0.0012175613304139525,3.047814492471684e-05,0.30148735031821844,0.994855321718295,-0.0691022248925885,0.046676800457906745,-0.05752432235753928,33.471775277734196,-22.315736244728107,27.89302412548795,-1.3435094049126048e-17,-3.6473064225937756e-17,-3.3404795774824224e-18,-8.191140400219939e-17,9.893874307571871e-16,-7.526166085323677e-16,1.0781662144599785e-13,-2.911083070595436e-13,1.3291436401095111e-13,0.0,0.0,0.0,0.0,0.0,2.5575826842628037e-30,-5.895455192008337e-16,0.0,0.0,0.0,-0.0,0.0,0.0,-0.0,0.0,0.0,0.0,0.0,0.0,0.0,0.0,0.0,0.0,0.0,0.0,0.0,0.0,3.4542915212644765e-18,-3.1109553322619246e-18,-2.1235067003904275e-18,-5.126162269719716e-18,-5.551119380318739e-17,-1.3210757915587772e-17,-5.003418462982004e-17,8.838561949592164e-16,-8.765406623114103e-16,1.0773471004199564e-13,-2.901189196287864e-13,1.3216174740241876e-13,0.13844194440088659,-0.09351402250577726,0.11524634771022078
2.2599999999999727,-0.0012175613304139525,3.0478144924716466e-05,0.30148735031821844,0.994855321718295,-0.0691022248925885,0.046676800457906745,-0.05752432235753928,33.471775277734196,-22.315736244728107,27.89302412548795,-1.3435094049126048e-17,-3.6473064225937756e-17,-3.3404795774824224e-18,-8.191140400219939e-17,9.893874307571871e-16,-7.526166085323677e-16,1.0781662144599785e-13,-2.911083070595436e-13,1.3291436401095111e-13,0.0,0.0,0.0,0.0,0.0,2.5575826842628037e-30,-5.895455192008337e-16,0.0,0.0,0.0,-0.0,0.0,0.0,-0.0,0.0,0.0,0.0,0.0,0.0,0.0,0.0,0.0,0.0,0.0,0.0,0.0,0.0,3.4542915212644765e-18,-3.1109553322619246e-18,-2.1235067003904275e-18,-5.126162269719716e-18,-5.551119380318739e-17,-1.3210757915587772e-17,-5.003418462982004e-17,8.838561949592164e-16,-8.765406623114103e-16,1.0773471004199564e-13,-2.901189196287864e-13,1.3216174740241876e-13,0.13844194440088659,-0.09351402250577726,0.11524634771022078
2.2699999999999716,-0.0012175613304139525,3.0478144924716093e-05,0.30148735031821844,0.994855321718295,-0.0691022248925885,0.046676800457906745,-0.05752432235753928,33.471775277734196,-22.315736244728107,27.89302412548795,-1.3435094049126048e-17,-3.6473064225937756e-17,-3.3404795774824224e-18,-8.191140400219939e-17,9.893874307571871e-16,-7.526166085323677e-16,1.0781662144599785e-13,-2.911083070595436e-13,1.3291436401095111e-13,0.0,0.0,0.0,0.0,0.0,2.5575826842628037e-30,-5.895455192008337e-16,0.0,0.0,0.0,-0.0,0.0,0.0,-0.0,0.0,0.0,0.0,0.0,0.0,0.0,0.0,0.0,0.0,0.0,0.0,0.0,0.0,3.4542915212644765e-18,-3.1109553322619246e-18,-2.1235067003904275e-18,-5.126162269719715e-18,-5.551119380318739e-17,-1.3210757915587774e-17,-5.003418462982004e-17,8.838561949592164e-16,-8.765406623114103e-16,1.0773471004199564e-13,-2.901189196287864e-13,1.3216174740241876e-13,0.13844194440088659,-0.09351402250577726,0.11524634771022078
2.2799999999999705,-0.0012175613304139525,3.047814492471572e-05,0.30148735031821844,0.994855321718295,-0.0691022248925885,0.046676800457906745,-0.05752432235753928,33.471775277734196,-22.315736244728107,27.89302412548795,-1.3435094049126048e-17,-3.6473064225937756e-17,-3.3404795774824224e-18,-8.191140400219939e-17,9.893874307571871e-16,-7.526166085323677e-16,1.0781662144599785e-13,-2.911083070595436e-13,1.3291436401095111e-13,0.0,0.0,0.0,0.0,0.0,2.5575826842628037e-30,-5.895455192008337e-16,0.0,0.0,0.0,-0.0,0.0,0.0,-0.0,0.0,0.0,0.0,0.0,0.0,0.0,0.0,0.0,0.0,0.0,0.0,0.0,0.0,3.4542915212644765e-18,-3.1109553322619246e-18,-2.123506700390427e-18,-5.126162269719713e-18,-5.551119380318739e-17,-1.3210757915587774e-17,-5.003418462982004e-17,8.838561949592164e-16,-8.765406623114103e-16,1.0773471004199564e-13,-2.901189196287864e-13,1.3216174740241876e-13,0.13844194440088659,-0.09351402250577726,0.11524634771022078
2.2899999999999694,-0.0012175613304139525,3.0478144924715348e-05,0.30148735031821844,0.994855321718295,-0.0691022248925885,0.046676800457906745,-0.05752432235753928,33.471775277734196,-22.315736244728107,27.89302412548795,-1.3435094049126048e-17,-3.6473064225937756e-17,-3.3404795774824224e-18,-8.191140400219939e-17,9.893874307571871e-16,-7.526166085323677e-16,1.0781662144599785e-13,-2.911083070595436e-13,1.3291436401095111e-13,0.0,0.0,0.0,0.0,0.0,2.5575826842628037e-30,-5.895455192008337e-16,0.0,0.0,0.0,-0.0,0.0,0.0,-0.0,0.0,0.0,0.0,0.0,0.0,0.0,0.0,0.0,0.0,0.0,0.0,0.0,0.0,3.4542915212644765e-18,-3.1109553322619246e-18,-2.1235067003904275e-18,-5.126162269719716e-18,-5.551119380318739e-17,-1.3210757915587772e-17,-5.003418462982004e-17,8.838561949592164e-16,-8.765406623114103e-16,1.0773471004199564e-13,-2.901189196287864e-13,1.3216174740241876e-13,0.13844194440088659,-0.09351402250577726,0.11524634771022078
2.2999999999999683,-0.0012175613304139525,3.0478144924714975e-05,0.30148735031821844,0.994855321718295,-0.0691022248925885,0.046676800457906745,-0.05752432235753928,33.471775277734196,-22.315736244728107,27.89302412548795,-1.3435094049126048e-17,-3.6473064225937756e-17,-3.3404795774824224e-18,-8.191140400219939e-17,9.893874307571871e-16,-7.526166085323677e-16,1.0781662144599785e-13,-2.911083070595436e-13,1.3291436401095111e-13,0.0,0.0,0.0,0.0,0.0,2.5575826842628037e-30,-5.895455192008337e-16,0.0,0.0,0.0,-0.0,0.0,0.0,-0.0,0.0,0.0,0.0,0.0,0.0,0.0,0.0,0.0,0.0,0.0,0.0,0.0,0.0,3.4542915212644765e-18,-3.1109553322619246e-18,-2.1235067003904275e-18,-5.126162269719716e-18,-5.551119380318739e-17,-1.3210757915587772e-17,-5.003418462982004e-17,8.838561949592164e-16,-8.765406623114103e-16,1.0773471004199564e-13,-2.901189196287864e-13,1.3216174740241876e-13,0.13844194440088659,-0.09351402250577726,0.11524634771022078
2.309999999999967,-0.0012175613304139525,3.0478144924714602e-05,0.30148735031821844,0.994855321718295,-0.0691022248925885,0.046676800457906745,-0.05752432235753928,33.471775277734196,-22.315736244728107,27.89302412548795,-1.3435094049126048e-17,-3.6473064225937756e-17,-3.3404795774824224e-18,-8.191140400219939e-17,9.893874307571871e-16,-7.526166085323677e-16,1.0781662144599785e-13,-2.911083070595436e-13,1.3291436401095111e-13,0.0,0.0,0.0,0.0,0.0,2.5575826842628037e-30,-5.895455192008337e-16,0.0,0.0,0.0,-0.0,0.0,0.0,-0.0,0.0,0.0,0.0,0.0,0.0,0.0,0.0,0.0,0.0,0.0,0.0,0.0,0.0,3.4542915212644765e-18,-3.1109553322619246e-18,-2.1235067003904275e-18,-5.126162269719715e-18,-5.551119380318739e-17,-1.3210757915587774e-17,-5.003418462982004e-17,8.838561949592164e-16,-8.765406623114103e-16,1.0773471004199564e-13,-2.901189196287864e-13,1.3216174740241876e-13,0.13844194440088659,-0.09351402250577726,0.11524634771022078
2.319999999999966,-0.0012175613304139525,3.047814492471423e-05,0.30148735031821844,0.994855321718295,-0.0691022248925885,0.046676800457906745,-0.05752432235753928,33.471775277734196,-22.315736244728107,27.89302412548795,-1.3435094049126048e-17,-3.6473064225937756e-17,-3.3404795774824224e-18,-8.191140400219939e-17,9.893874307571871e-16,-7.526166085323677e-16,1.0781662144599785e-13,-2.911083070595436e-13,1.3291436401095111e-13,0.0,0.0,0.0,0.0,0.0,2.5575826842628037e-30,-5.895455192008337e-16,0.0,0.0,0.0,-0.0,0.0,0.0,-0.0,0.0,0.0,0.0,0.0,0.0,0.0,0.0,0.0,0.0,0.0,0.0,0.0,0.0,3.4542915212644765e-18,-3.1109553322619246e-18,-2.1235067003904275e-18,-5.126162269719715e-18,-5.551119380318739e-17,-1.3210757915587774e-17,-5.003418462982004e-17,8.838561949592164e-16,-8.765406623114103e-16,1.0773471004199564e-13,-2.901189196287864e-13,1.3216174740241876e-13,0.13844194440088659,-0.09351402250577726,0.11524634771022078
2.329999999999965,-0.0012175613304139525,3.0478144924713857e-05,0.30148735031821844,0.994855321718295,-0.0691022248925885,0.046676800457906745,-0.05752432235753928,33.471775277734196,-22.315736244728107,27.89302412548795,-1.3435094049126048e-17,-3.6473064225937756e-17,-3.3404795774824224e-18,-8.191140400219939e-17,9.893874307571871e-16,-7.526166085323677e-16,1.0781662144599785e-13,-2.911083070595436e-13,1.3291436401095111e-13,0.0,0.0,0.0,0.0,0.0,2.5575826842628037e-30,-5.895455192008337e-16,0.0,0.0,0.0,-0.0,0.0,0.0,-0.0,0.0,0.0,0.0,0.0,0.0,0.0,0.0,0.0,0.0,0.0,0.0,0.0,0.0,3.4542915212644765e-18,-3.1109553322619246e-18,-2.1235067003904275e-18,-5.126162269719715e-18,-5.551119380318739e-17,-1.3210757915587774e-17,-5.003418462982004e-17,8.838561949592164e-16,-8.765406623114103e-16,1.0773471004199564e-13,-2.901189196287864e-13,1.3216174740241876e-13,0.13844194440088659,-0.09351402250577726,0.11524634771022078
2.339999999999964,-0.0012175613304139525,3.0478144924713484e-05,0.30148735031821844,0.994855321718295,-0.0691022248925885,0.046676800457906745,-0.05752432235753928,33.471775277734196,-22.315736244728107,27.89302412548795,-1.3435094049126048e-17,-3.6473064225937756e-17,-3.3404795774824224e-18,-8.191140400219939e-17,9.893874307571871e-16,-7.526166085323677e-16,1.0781662144599785e-13,-2.911083070595436e-13,1.3291436401095111e-13,0.0,0.0,0.0,0.0,0.0,2.5575826842628037e-30,-5.895455192008337e-16,0.0,0.0,0.0,-0.0,0.0,0.0,-0.0,0.0,0.0,0.0,0.0,0.0,0.0,0.0,0.0,0.0,0.0,0.0,0.0,0.0,3.4542915212644765e-18,-3.1109553322619246e-18,-2.1235067003904275e-18,-5.126162269719716e-18,-5.551119380318739e-17,-1.3210757915587772e-17,-5.003418462982004e-17,8.838561949592164e-16,-8.765406623114103e-16,1.0773471004199564e-13,-2.901189196287864e-13,1.3216174740241876e-13,0.13844194440088659,-0.09351402250577726,0.11524634771022078
2.349999999999963,-0.0012175613304139525,3.047814492471311e-05,0.30148735031821844,0.994855321718295,-0.0691022248925885,0.046676800457906745,-0.05752432235753928,33.471775277734196,-22.315736244728107,27.89302412548795,-1.3435094049126048e-17,-3.6473064225937756e-17,-3.3404795774824224e-18,-8.191140400219939e-17,9.893874307571871e-16,-7.526166085323677e-16,1.0781662144599785e-13,-2.911083070595436e-13,1.3291436401095111e-13,0.0,0.0,0.0,0.0,0.0,2.5575826842628037e-30,-5.895455192008337e-16,0.0,0.0,0.0,-0.0,0.0,0.0,-0.0,0.0,0.0,0.0,0.0,0.0,0.0,0.0,0.0,0.0,0.0,0.0,0.0,0.0,3.4542915212644765e-18,-3.1109553322619246e-18,-2.1235067003904275e-18,-5.126162269719716e-18,-5.551119380318739e-17,-1.3210757915587772e-17,-5.003418462982004e-17,8.838561949592164e-16,-8.765406623114103e-16,1.0773471004199564e-13,-2.901189196287864e-13,1.3216174740241876e-13,0.13844194440088659,-0.09351402250577726,0.11524634771022078
2.3599999999999617,-0.0012175613304139525,3.047814492471274e-05,0.30148735031821844,0.994855321718295,-0.0691022248925885,0.046676800457906745,-0.05752432235753928,33.471775277734196,-22.315736244728107,27.89302412548795,-1.3435094049126048e-17,-3.6473064225937756e-17,-3.3404795774824224e-18,-8.191140400219939e-17,9.893874307571871e-16,-7.526166085323677e-16,1.0781662144599785e-13,-2.911083070595436e-13,1.3291436401095111e-13,0.0,0.0,0.0,0.0,0.0,2.5575826842628037e-30,-5.895455192008337e-16,0.0,0.0,0.0,-0.0,0.0,0.0,-0.0,0.0,0.0,0.0,0.0,0.0,0.0,0.0,0.0,0.0,0.0,0.0,0.0,0.0,3.4542915212644765e-18,-3.1109553322619246e-18,-2.1235067003904275e-18,-5.126162269719715e-18,-5.551119380318739e-17,-1.3210757915587774e-17,-5.003418462982004e-17,8.838561949592164e-16,-8.765406623114103e-16,1.0773471004199564e-13,-2.901189196287864e-13,1.3216174740241876e-13,0.13844194440088659,-0.09351402250577726,0.11524634771022078
2.3699999999999606,-0.0012175613304139525,3.0478144924712366e-05,0.30148735031821844,0.994855321718295,-0.0691022248925885,0.046676800457906745,-0.05752432235753928,33.471775277734196,-22.315736244728107,27.89302412548795,-1.3435094049126048e-17,-3.6473064225937756e-17,-3.3404795774824224e-18,-8.191140400219939e-17,9.893874307571871e-16,-7.526166085323677e-16,1.0781662144599785e-13,-2.911083070595436e-13,1.3291436401095111e-13,0.0,0.0,0.0,0.0,0.0,2.5575826842628037e-30,-5.895455192008337e-16,0.0,0.0,0.0,-0.0,0.0,0.0,-0.0,0.0,0.0,0.0,0.0,0.0,0.0,0.0,0.0,0.0,0.0,0.0,0.0,0.0,3.4542915212644765e-18,-3.1109553322619246e-18,-2.1235067003904275e-18,-5.126162269719716e-18,-5.551119380318739e-17,-1.3210757915587774e-17,-5.003418462982004e-17,8.838561949592164e-16,-8.765406623114103e-16,1.0773471004199564e-13,-2.901189196287864e-13,1.3216174740241876e-13,0.13844194440088659,-0.09351402250577726,0.11524634771022078
2.3799999999999595,-0.0012175613304139525,3.0478144924711993e-05,0.30148735031821844,0.994855321718295,-0.0691022248925885,0.046676800457906745,-0.05752432235753928,33.471775277734196,-22.315736244728107,27.89302412548795,-1.3435094049126048e-17,-3.6473064225937756e-17,-3.3404795774824224e-18,-8.191140400219939e-17,9.893874307571871e-16,-7.526166085323677e-16,1.0781662144599785e-13,-2.911083070595436e-13,1.3291436401095111e-13,0.0,0.0,0.0,0.0,0.0,2.5575826842628037e-30,-5.895455192008337e-16,0.0,0.0,0.0,-0.0,0.0,0.0,-0.0,0.0,0.0,0.0,0.0,0.0,0.0,0.0,0.0,0.0,0.0,0.0,0.0,0.0,3.4542915212644765e-18,-3.1109553322619246e-18,-2.1235067003904275e-18,-5.126162269719715e-18,-5.551119380318739e-17,-1.3210757915587774e-17,-5.003418462982004e-17,8.838561949592164e-16,-8.765406623114103e-16,1.0773471004199564e-13,-2.901189196287864e-13,1.3216174740241876e-13,0.13844194440088659,-0.09351402250577726,0.11524634771022078
2.3899999999999584,-0.0012175613304139525,3.047814492471162e-05,0.30148735031821844,0.994855321718295,-0.0691022248925885,0.046676800457906745,-0.05752432235753928,33.471775277734196,-22.315736244728107,27.89302412548795,-1.3435094049126048e-17,-3.6473064225937756e-17,-3.3404795774824224e-18,-8.191140400219939e-17,9.893874307571871e-16,-7.526166085323677e-16,1.0781662144599785e-13,-2.911083070595436e-13,1.3291436401095111e-13,0.0,0.0,0.0,0.0,0.0,2.5575826842628037e-30,-5.895455192008337e-16,0.0,0.0,0.0,-0.0,0.0,0.0,-0.0,0.0,0.0,0.0,0.0,0.0,0.0,0.0,0.0,0.0,0.0,0.0,0.0,0.0,3.4542915212644765e-18,-3.1109553322619246e-18,-2.1235067003904275e-18,-5.126162269719715e-18,-5.551119380318739e-17,-1.3210757915587774e-17,-5.003418462982004e-17,8.838561949592164e-16,-8.765406623114103e-16,1.0773471004199564e-13,-2.901189196287864e-13,1.3216174740241876e-13,0.13844194440088659,-0.09351402250577726,0.11524634771022078
2.3999999999999573,-0.0012175613304139525,3.0478144924711248e-05,0.30148735031821844,0.994855321718295,-0.0691022248925885,0.046676800457906745,-0.05752432235753928,33.471775277734196,-22.315736244728107,27.89302412548795,-1.3435094049126048e-17,-3.6473064225937756e-17,-3.3404795774824224e-18,-8.191140400219939e-17,9.893874307571871e-16,-7.526166085323677e-16,1.0781662144599785e-13,-2.911083070595436e-13,1.3291436401095111e-13,0.0,0.0,0.0,0.0,0.0,2.5575826842628037e-30,-5.895455192008337e-16,0.0,0.0,0.0,-0.0,0.0,0.0,-0.0,0.0,0.0,0.0,0.0,0.0,0.0,0.0,0.0,0.0,0.0,0.0,0.0,0.0,3.4542915212644765e-18,-3.1109553322619246e-18,-2.1235067003904275e-18,-5.126162269719715e-18,-5.551119380318739e-17,-1.3210757915587774e-17,-5.003418462982004e-17,8.838561949592164e-16,-8.765406623114103e-16,1.0773471004199564e-13,-2.901189196287864e-13,1.3216174740241876e-13,0.13844194440088659,-0.09351402250577726,0.11524634771022078
2.409999999999956,-0.0012175613304139525,3.0478144924710875e-05,0.30148735031821844,0.994855321718295,-0.0691022248925885,0.046676800457906745,-0.05752432235753928,33.471775277734196,-22.315736244728107,27.89302412548795,-1.3435094049126048e-17,-3.6473064225937756e-17,-3.3404795774824224e-18,-8.191140400219939e-17,9.893874307571871e-16,-7.526166085323677e-16,1.0781662144599785e-13,-2.911083070595436e-13,1.3291436401095111e-13,0.0,0.0,0.0,0.0,0.0,2.5575826842628037e-30,-5.895455192008337e-16,0.0,0.0,0.0,-0.0,0.0,0.0,-0.0,0.0,0.0,0.0,0.0,0.0,0.0,0.0,0.0,0.0,0.0,0.0,0.0,0.0,3.4542915212644765e-18,-3.1109553322619246e-18,-2.1235067003904275e-18,-5.126162269719716e-18,-5.551119380318739e-17,-1.3210757915587774e-17,-5.003418462982004e-17,8.838561949592164e-16,-8.765406623114103e-16,1.0773471004199564e-13,-2.901189196287864e-13,1.3216174740241876e-13,0.13844194440088659,-0.09351402250577726,0.11524634771022078
2.419999999999955,-0.0012175613304139525,3.0478144924710503e-05,0.30148735031821844,0.994855321718295,-0.0691022248925885,0.046676800457906745,-0.05752432235753928,33.471775277734196,-22.315736244728107,27.89302412548795,-1.3435094049126048e-17,-3.6473064225937756e-17,-3.3404795774824224e-18,-8.191140400219939e-17,9.893874307571871e-16,-7.526166085323677e-16,1.0781662144599785e-13,-2.911083070595436e-13,1.3291436401095111e-13,0.0,0.0,0.0,0.0,0.0,2.5575826842628037e-30,-5.895455192008337e-16,0.0,0.0,0.0,-0.0,0.0,0.0,-0.0,0.0,0.0,0.0,0.0,0.0,0.0,0.0,0.0,0.0,0.0,0.0,0.0,0.0,3.4542915212644765e-18,-3.1109553322619246e-18,-2.1235067003904275e-18,-5.126162269719715e-18,-5.551119380318739e-17,-1.3210757915587774e-17,-5.003418462982004e-17,8.838561949592164e-16,-8.765406623114103e-16,1.0773471004199564e-13,-2.901189196287864e-13,1.3216174740241876e-13,0.13844194440088659,-0.09351402250577726,0.11524634771022078
2.429999999999954,-0.0012175613304139525,3.047814492471013e-05,0.30148735031821844,0.994855321718295,-0.0691022248925885,0.046676800457906745,-0.05752432235753928,33.471775277734196,-22.315736244728107,27.89302412548795,-1.3435094049126048e-17,-3.6473064225937756e-17,-3.3404795774824224e-18,-8.191140400219939e-17,9.893874307571871e-16,-7.526166085323677e-16,1.0781662144599785e-13,-2.911083070595436e-13,1.3291436401095111e-13,0.0,0.0,0.0,0.0,0.0,2.5575826842628037e-30,-5.895455192008337e-16,0.0,0.0,0.0,-0.0,0.0,0.0,-0.0,0.0,0.0,0.0,0.0,0.0,0.0,0.0,0.0,0.0,0.0,0.0,0.0,0.0,3.4542915212644765e-18,-3.1109553322619246e-18,-2.1235067003904275e-18,-5.126162269719716e-18,-5.551119380318739e-17,-1.3210757915587772e-17,-5.003418462982004e-17,8.838561949592164e-16,-8.765406623114103e-16,1.0773471004199564e-13,-2.901189196287864e-13,1.3216174740241876e-13,0.13844194440088659,-0.09351402250577726,0.11524634771022078
2.439999999999953,-0.0012175613304139525,3.0478144924709757e-05,0.30148735031821844,0.994855321718295,-0.0691022248925885,0.046676800457906745,-0.05752432235753928,33.471775277734196,-22.315736244728107,27.89302412548795,-1.3435094049126048e-17,-3.6473064225937756e-17,-3.3404795774824224e-18,-8.191140400219939e-17,9.893874307571871e-16,-7.526166085323677e-16,1.0781662144599785e-13,-2.911083070595436e-13,1.3291436401095111e-13,0.0,0.0,0.0,0.0,0.0,2.5575826842628037e-30,-5.895455192008337e-16,0.0,0.0,0.0,-0.0,0.0,0.0,-0.0,0.0,0.0,0.0,0.0,0.0,0.0,0.0,0.0,0.0,0.0,0.0,0.0,0.0,3.4542915212644765e-18,-3.1109553322619246e-18,-2.1235067003904275e-18,-5.126162269719716e-18,-5.551119380318739e-17,-1.3210757915587772e-17,-5.003418462982004e-17,8.838561949592164e-16,-8.765406623114103e-16,1.0773471004199564e-13,-2.901189196287864e-13,1.3216174740241876e-13,0.13844194440088659,-0.09351402250577726,0.11524634771022078
2.4499999999999518,-0.0012175613304139525,3.0478144924709385e-05,0.30148735031821844,0.994855321718295,-0.0691022248925885,0.046676800457906745,-0.05752432235753928,33.471775277734196,-22.315736244728107,27.89302412548795,-1.3435094049126048e-17,-3.6473064225937756e-17,-3.3404795774824224e-18,-8.191140400219939e-17,9.893874307571871e-16,-7.526166085323677e-16,1.0781662144599785e-13,-2.911083070595436e-13,1.3291436401095111e-13,0.0,0.0,0.0,0.0,0.0,2.5575826842628037e-30,-5.895455192008337e-16,0.0,0.0,0.0,-0.0,0.0,0.0,-0.0,0.0,0.0,0.0,0.0,0.0,0.0,0.0,0.0,0.0,0.0,0.0,0.0,0.0,3.4542915212644765e-18,-3.1109553322619246e-18,-2.1235067003904275e-18,-5.126162269719715e-18,-5.551119380318739e-17,-1.3210757915587774e-17,-5.003418462982004e-17,8.838561949592164e-16,-8.765406623114103e-16,1.0773471004199564e-13,-2.901189196287864e-13,1.3216174740241876e-13,0.13844194440088659,-0.09351402250577726,0.11524634771022078
2.4599999999999507,-0.0012175613304139525,3.0478144924709012e-05,0.30148735031821844,0.994855321718295,-0.0691022248925885,0.046676800457906745,-0.05752432235753928,33.471775277734196,-22.315736244728107,27.89302412548795,-1.3435094049126048e-17,-3.6473064225937756e-17,-3.3404795774824224e-18,-8.191140400219939e-17,9.893874307571871e-16,-7.526166085323677e-16,1.0781662144599785e-13,-2.911083070595436e-13,1.3291436401095111e-13,0.0,0.0,0.0,0.0,0.0,2.557582684262804e-30,-5.895455192008337e-16,0.0,0.0,0.0,-0.0,0.0,0.0,-0.0,0.0,0.0,0.0,0.0,0.0,0.0,0.0,0.0,0.0,0.0,0.0,0.0,0.0,3.454291521264476e-18,-3.110955332261923e-18,-2.1235067003904275e-18,-5.126162269719703e-18,-5.551119380318739e-17,-1.3210757915587774e-17,-5.003418462982004e-17,8.838561949592164e-16,-8.765406623114103e-16,1.0773471004199564e-13,-2.901189196287864e-13,1.3216174740241876e-13,0.13844194440088659,-0.09351402250577726,0.11524634771022078
2.4699999999999496,-0.0012175613304139525,3.047814492470864e-05,0.30148735031821844,0.994855321718295,-0.0691022248925885,0.046676800457906745,-0.05752432235753928,33.471775277734196,-22.315736244728107,27.89302412548795,-1.3435094049126048e-17,-3.6473064225937756e-17,-3.3404795774824224e-18,-8.191140400219939e-17,9.893874307571871e-16,-7.526166085323677e-16,1.0781662144599785e-13,-2.911083070595436e-13,1.3291436401095111e-13,0.0,0.0,0.0,0.0,0.0,2.5575826842628037e-30,-5.895455192008337e-16,0.0,0.0,0.0,-0.0,0.0,0.0,-0.0,0.0,0.0,0.0,0.0,0.0,0.0,0.0,0.0,0.0,0.0,0.0,0.0,0.0,3.4542915212644765e-18,-3.1109553322619246e-18,-2.1235067003904275e-18,-5.126162269719715e-18,-5.551119380318739e-17,-1.3210757915587774e-17,-5.003418462982004e-17,8.838561949592164e-16,-8.765406623114103e-16,1.0773471004199564e-13,-2.901189196287864e-13,1.3216174740241876e-13,0.13844194440088659,-0.09351402250577726,0.11524634771022078
2.4799999999999485,-0.0012175613304139525,3.0478144924708266e-05,0.30148735031821844,0.994855321718295,-0.0691022248925885,0.046676800457906745,-0.05752432235753928,33.471775277734196,-22.315736244728107,27.89302412548795,-1.3435094049126048e-17,-3.6473064225937756e-17,-3.3404795774824224e-18,-8.191140400219939e-17,9.893874307571871e-16,-7.526166085323677e-16,1.0781662144599785e-13,-2.911083070595436e-13,1.3291436401095111e-13,0.0,0.0,0.0,0.0,0.0,2.5575826842628037e-30,-5.895455192008337e-16,0.0,0.0,0.0,-0.0,0.0,0.0,-0.0,0.0,0.0,0.0,0.0,0.0,0.0,0.0,0.0,0.0,0.0,0.0,0.0,0.0,3.4542915212644765e-18,-3.1109553322619246e-18,-2.1235067003904275e-18,-5.126162269719716e-18,-5.551119380318739e-17,-1.3210757915587772e-17,-5.003418462982004e-17,8.838561949592164e-16,-8.765406623114103e-16,1.0773471004199564e-13,-2.901189196287864e-13,1.3216174740241876e-13,0.13844194440088659,-0.09351402250577726,0.11524634771022078
2.4899999999999474,-0.0012175613304139525,3.0478144924707894e-05,0.30148735031821844,0.994855321718295,-0.0691022248925885,0.046676800457906745,-0.05752432235753928,33.471775277734196,-22.315736244728107,27.89302412548795,-1.3435094049126048e-17,-3.6473064225937756e-17,-3.3404795774824224e-18,-8.191140400219939e-17,9.893874307571871e-16,-7.526166085323677e-16,1.0781662144599785e-13,-2.911083070595436e-13,1.3291436401095111e-13,0.0,0.0,0.0,0.0,0.0,2.5575826842628037e-30,-5.895455192008337e-16,0.0,0.0,0.0,-0.0,0.0,0.0,-0.0,0.0,0.0,0.0,0.0,0.0,0.0,0.0,0.0,0.0,0.0,0.0,0.0,0.0,3.4542915212644765e-18,-3.1109553322619246e-18,-2.1235067003904275e-18,-5.126162269719716e-18,-5.551119380318739e-17,-1.3210757915587772e-17,-5.003418462982004e-17,8.838561949592164e-16,-8.765406623114103e-16,1.0773471004199564e-13,-2.901189196287864e-13,1.3216174740241876e-13,0.13844194440088659,-0.09351402250577726,0.11524634771022078
2.4999999999999463,-0.0012175613304139525,3.047814492470752e-05,0.30148735031821844,0.994855321718295,-0.0691022248925885,0.046676800457906745,-0.05752432235753928,33.471775277734196,-22.315736244728107,27.89302412548795,-1.3435094049126048e-17,-3.6473064225937756e-17,-3.3404795774824224e-18,-8.191140400219939e-17,9.893874307571871e-16,-7.526166085323677e-16,1.0781662144599785e-13,-2.911083070595436e-13,1.3291436401095111e-13,0.0,0.0,0.0,0.0,0.0,2.5575826842628037e-30,-5.895455192008337e-16,0.0,0.0,0.0,-0.0,0.0,0.0,-0.0,0.0,0.0,0.0,0.0,0.0,0.0,0.0,0.0,0.0,0.0,0.0,0.0,0.0,3.4542915212644765e-18,-3.1109553322619246e-18,-2.1235067003904275e-18,-5.126162269719716e-18,-5.551119380318739e-17,-1.3210757915587774e-17,-5.003418462982004e-17,8.838561949592164e-16,-8.765406623114103e-16,1.0773471004199564e-13,-2.901189196287864e-13,1.3216174740241876e-13,0.13844194440088659,-0.09351402250577726,0.11524634771022078
2.509999999999945,-0.0012175613304139525,3.047814492470715e-05,0.30148735031821844,0.994855321718295,-0.0691022248925885,0.046676800457906745,-0.05752432235753928,33.471775277734196,-22.315736244728107,27.89302412548795,-1.3435094049126048e-17,-3.6473064225937756e-17,-3.3404795774824224e-18,-8.191140400219939e-17,9.893874307571871e-16,-7.526166085323677e-16,1.0781662144599785e-13,-2.911083070595436e-13,1.3291436401095111e-13,0.0,0.0,0.0,0.0,0.0,2.5575826842628037e-30,-5.895455192008337e-16,0.0,0.0,0.0,-0.0,0.0,0.0,-0.0,0.0,0.0,0.0,0.0,0.0,0.0,0.0,0.0,0.0,0.0,0.0,0.0,0.0,3.4542915212644765e-18,-3.1109553322619246e-18,-2.123506700390427e-18,-5.126162269719716e-18,-5.551119380318739e-17,-1.3210757915587772e-17,-5.003418462982004e-17,8.838561949592164e-16,-8.765406623114103e-16,1.0773471004199564e-13,-2.901189196287864e-13,1.3216174740241876e-13,0.13844194440088659,-0.09351402250577726,0.11524634771022078
2.519999999999944,-0.0012175613304139525,3.0478144924706776e-05,0.30148735031821844,0.994855321718295,-0.0691022248925885,0.046676800457906745,-0.05752432235753928,33.471775277734196,-22.315736244728107,27.89302412548795,-1.3435094049126048e-17,-3.6473064225937756e-17,-3.3404795774824224e-18,-8.191140400219939e-17,9.893874307571871e-16,-7.526166085323677e-16,1.0781662144599785e-13,-2.911083070595436e-13,1.3291436401095111e-13,0.0,0.0,0.0,0.0,0.0,2.5575826842628037e-30,-5.895455192008337e-16,0.0,0.0,0.0,-0.0,0.0,0.0,-0.0,0.0,0.0,0.0,0.0,0.0,0.0,0.0,0.0,0.0,0.0,0.0,0.0,0.0,3.4542915212644765e-18,-3.1109553322619246e-18,-2.123506700390427e-18,-5.126162269719715e-18,-5.551119380318739e-17,-1.3210757915587772e-17,-5.003418462982004e-17,8.838561949592164e-16,-8.765406623114103e-16,1.0773471004199564e-13,-2.901189196287864e-13,1.3216174740241876e-13,0.13844194440088659,-0.09351402250577726,0.11524634771022078
2.529999999999943,-0.0012175613304139525,3.0478144924706403e-05,0.30148735031821844,0.994855321718295,-0.0691022248925885,0.046676800457906745,-0.05752432235753928,33.471775277734196,-22.315736244728107,27.89302412548795,-1.3435094049126048e-17,-3.6473064225937756e-17,-3.3404795774824224e-18,-8.191140400219939e-17,9.893874307571871e-16,-7.526166085323677e-16,1.0781662144599785e-13,-2.911083070595436e-13,1.3291436401095111e-13,0.0,0.0,0.0,0.0,0.0,2.5575826842628037e-30,-5.895455192008337e-16,0.0,0.0,0.0,-0.0,0.0,0.0,-0.0,0.0,0.0,0.0,0.0,0.0,0.0,0.0,0.0,0.0,0.0,0.0,0.0,0.0,3.4542915212644765e-18,-3.1109553322619246e-18,-2.123506700390427e-18,-5.126162269719715e-18,-5.551119380318739e-17,-1.3210757915587772e-17,-5.003418462982004e-17,8.838561949592164e-16,-8.765406623114103e-16,1.0773471004199564e-13,-2.901189196287864e-13,1.3216174740241876e-13,0.13844194440088659,-0.09351402250577726,0.11524634771022078
2.539999999999942,-0.0012175613304139525,3.047814492470603e-05,0.30148735031821844,0.994855321718295,-0.0691022248925885,0.046676800457906745,-0.05752432235753928,33.471775277734196,-22.315736244728107,27.89302412548795,-1.3435094049126048e-17,-3.6473064225937756e-17,-3.3404795774824224e-18,-8.191140400219939e-17,9.893874307571871e-16,-7.526166085323677e-16,1.0781662144599785e-13,-2.911083070595436e-13,1.3291436401095111e-13,0.0,0.0,0.0,0.0,0.0,2.5575826842628037e-30,-5.895455192008337e-16,0.0,0.0,0.0,-0.0,0.0,0.0,-0.0,0.0,0.0,0.0,0.0,0.0,0.0,0.0,0.0,0.0,0.0,0.0,0.0,0.0,3.4542915212644765e-18,-3.1109553322619246e-18,-2.1235067003904275e-18,-5.126162269719715e-18,-5.551119380318739e-17,-1.3210757915587774e-17,-5.003418462982004e-17,8.838561949592164e-16,-8.765406623114103e-16,1.0773471004199564e-13,-2.901189196287864e-13,1.3216174740241876e-13,0.13844194440088659,-0.09351402250577726,0.11524634771022078
2.5499999999999408,-0.0012175613304139525,3.0478144924705658e-05,0.30148735031821844,0.994855321718295,-0.0691022248925885,0.046676800457906745,-0.05752432235753928,33.471775277734196,-22.315736244728107,27.89302412548795,-1.3435094049126048e-17,-3.6473064225937756e-17,-3.3404795774824224e-18,-8.191140400219939e-17,9.893874307571871e-16,-7.526166085323677e-16,1.0781662144599785e-13,-2.911083070595436e-13,1.3291436401095111e-13,0.0,0.0,0.0,0.0,0.0,2.5575826842628037e-30,-5.895455192008337e-16,0.0,0.0,0.0,-0.0,0.0,0.0,-0.0,0.0,0.0,0.0,0.0,0.0,0.0,0.0,0.0,0.0,0.0,0.0,0.0,0.0,3.4542915212644765e-18,-3.1109553322619246e-18,-2.1235067003904275e-18,-5.126162269719716e-18,-5.551119380318739e-17,-1.3210757915587774e-17,-5.003418462982004e-17,8.838561949592164e-16,-8.765406623114103e-16,1.0773471004199564e-13,-2.901189196287864e-13,1.3216174740241876e-13,0.13844194440088659,-0.09351402250577726,0.11524634771022078
2.5599999999999397,-0.0012175613304139525,3.0478144924705285e-05,0.30148735031821844,0.994855321718295,-0.0691022248925885,0.046676800457906745,-0.05752432235753928,33.471775277734196,-22.315736244728107,27.89302412548795,-1.3435094049126048e-17,-3.6473064225937756e-17,-3.3404795774824224e-18,-8.191140400219939e-17,9.893874307571871e-16,-7.526166085323677e-16,1.0781662144599785e-13,-2.911083070595436e-13,1.3291436401095111e-13,0.0,0.0,0.0,0.0,0.0,2.5575826842628037e-30,-5.895455192008337e-16,0.0,0.0,0.0,-0.0,0.0,0.0,-0.0,0.0,0.0,0.0,0.0,0.0,0.0,0.0,0.0,0.0,0.0,0.0,0.0,0.0,3.4542915212644765e-18,-3.1109553322619246e-18,-2.123506700390427e-18,-5.126162269719716e-18,-5.551119380318739e-17,-1.3210757915587772e-17,-5.003418462982004e-17,8.838561949592164e-16,-8.765406623114103e-16,1.0773471004199564e-13,-2.901189196287864e-13,1.3216174740241876e-13,0.13844194440088659,-0.09351402250577726,0.11524634771022078
2.5699999999999386,-0.0012175613304139525,3.0478144924704912e-05,0.30148735031821844,0.994855321718295,-0.0691022248925885,0.046676800457906745,-0.05752432235753928,33.471775277734196,-22.315736244728107,27.89302412548795,-1.3435094049126048e-17,-3.6473064225937756e-17,-3.3404795774824224e-18,-8.191140400219939e-17,9.893874307571871e-16,-7.526166085323677e-16,1.0781662144599785e-13,-2.911083070595436e-13,1.3291436401095111e-13,0.0,0.0,0.0,0.0,0.0,2.5575826842628037e-30,-5.895455192008337e-16,0.0,0.0,0.0,-0.0,0.0,0.0,-0.0,0.0,0.0,0.0,0.0,0.0,0.0,0.0,0.0,0.0,0.0,0.0,0.0,0.0,3.4542915212644765e-18,-3.1109553322619246e-18,-2.123506700390427e-18,-5.126162269719715e-18,-5.551119380318739e-17,-1.3210757915587772e-17,-5.003418462982004e-17,8.838561949592164e-16,-8.765406623114103e-16,1.0773471004199564e-13,-2.901189196287864e-13,1.3216174740241876e-13,0.13844194440088659,-0.09351402250577726,0.11524634771022078
2.5799999999999375,-0.0012175613304139525,3.047814492470454e-05,0.30148735031821844,0.994855321718295,-0.0691022248925885,0.046676800457906745,-0.05752432235753928,33.471775277734196,-22.315736244728107,27.89302412548795,-1.3435094049126048e-17,-3.6473064225937756e-17,-3.3404795774824224e-18,-8.191140400219939e-17,9.893874307571871e-16,-7.526166085323677e-16,1.0781662144599785e-13,-2.911083070595436e-13,1.3291436401095111e-13,0.0,0.0,0.0,0.0,0.0,2.5575826842628037e-30,-5.895455192008337e-16,0.0,0.0,0.0,-0.0,0.0,0.0,-0.0,0.0,0.0,0.0,0.0,0.0,0.0,0.0,0.0,0.0,0.0,0.0,0.0,0.0,3.4542915212644738e-18,-3.1109553322619246e-18,-2.1235067003904282e-18,-5.126162269719696e-18,-5.551119380318739e-17,-1.3210757915587812e-17,-5.003418462982004e-17,8.838561949592164e-16,-8.765406623114103e-16,1.0773471004199564e-13,-2.901189196287864e-13,1.3216174740241876e-13,0.13844194440088659,-0.09351402250577726,0.11524634771022078
2.5899999999999364,-0.0012175613304139525,3.0478144924704167e-05,0.30148735031821844,0.994855321718295,-0.0691022248925885,0.046676800457906745,-0.05752432235753928,33.471775277734196,-22.315736244728107,27.89302412548795,-1.3435094049126048e-17,-3.6473064225937756e-17,-3.3404795774824224e-18,-8.191140400219939e-17,9.893874307571871e-16,-7.526166085323677e-16,1.0781662144599785e-13,-2.911083070595436e-13,1.3291436401095111e-13,0.0,0.0,0.0,0.0,0.0,2.5575826842628037e-30,-5.895455192008337e-16,0.0,0.0,0.0,-0.0,0.0,0.0,-0.0,0.0,0.0,0.0,0.0,0.0,0.0,0.0,0.0,0.0,0.0,0.0,0.0,0.0,3.4542915212644738e-18,-3.1109553322619246e-18,-2.1235067003904282e-18,-5.1261622697196946e-18,-5.551119380318739e-17,-1.3210757915587814e-17,-5.003418462982004e-17,8.838561949592164e-16,-8.765406623114103e-16,1.0773471004199564e-13,-2.901189196287864e-13,1.3216174740241876e-13,0.13844194440088659,-0.09351402250577726,0.11524634771022078
2.5999999999999353,-0.0012175613304139525,3.0478144924703794e-05,0.30148735031821844,0.994855321718295,-0.0691022248925885,0.046676800457906745,-0.05752432235753928,33.471775277734196,-22.315736244728107,27.89302412548795,-1.3435094049126048e-17,-3.6473064225937756e-17,-3.3404795774824224e-18,-8.191140400219939e-17,9.893874307571871e-16,-7.526166085323677e-16,1.0781662144599785e-13,-2.911083070595436e-13,1.3291436401095111e-13,0.0,0.0,0.0,0.0,0.0,2.5575826842628037e-30,-5.895455192008337e-16,0.0,0.0,0.0,-0.0,0.0,0.0,-0.0,0.0,0.0,0.0,0.0,0.0,0.0,0.0,0.0,0.0,0.0,0.0,0.0,0.0,3.4542915212644738e-18,-3.1109553322619246e-18,-2.1235067003904282e-18,-5.1261622697196946e-18,-5.551119380318739e-17,-1.3210757915587814e-17,-5.003418462982004e-17,8.838561949592164e-16,-8.765406623114103e-16,1.0773471004199564e-13,-2.901189196287864e-13,1.3216174740241876e-13,0.13844194440088659,-0.09351402250577726,0.11524634771022078
2.609999999999934,-0.0012175613304139525,3.047814492470342e-05,0.30148735031821844,0.994855321718295,-0.0691022248925885,0.046676800457906745,-0.05752432235753928,33.471775277734196,-22.315736244728107,27.89302412548795,-1.3435094049126048e-17,-3.6473064225937756e-17,-3.3404795774824224e-18,-8.191140400219939e-17,9.893874307571871e-16,-7.526166085323677e-16,1.0781662144599785e-13,-2.911083070595436e-13,1.3291436401095111e-13,0.0,0.0,0.0,0.0,0.0,2.5575826842628037e-30,-5.895455192008337e-16,0.0,0.0,0.0,-0.0,0.0,0.0,-0.0,0.0,0.0,0.0,0.0,0.0,0.0,0.0,0.0,0.0,0.0,0.0,0.0,0.0,3.4542915212644738e-18,-3.1109553322619246e-18,-2.1235067003904282e-18,-5.126162269719693e-18,-5.551119380318739e-17,-1.3210757915587814e-17,-5.003418462982004e-17,8.838561949592164e-16,-8.765406623114103e-16,1.0773471004199564e-13,-2.901189196287864e-13,1.3216174740241876e-13,0.13844194440088659,-0.09351402250577726,0.11524634771022078
2.619999999999933,-0.0012175613304139525,3.047814492470305e-05,0.30148735031821844,0.994855321718295,-0.0691022248925885,0.046676800457906745,-0.05752432235753928,33.471775277734196,-22.315736244728107,27.89302412548795,-1.3435094049126048e-17,-3.6473064225937756e-17,-3.3404795774824224e-18,-8.191140400219939e-17,9.893874307571871e-16,-7.526166085323677e-16,1.0781662144599785e-13,-2.911083070595436e-13,1.3291436401095111e-13,0.0,0.0,0.0,0.0,0.0,2.5575826842628037e-30,-5.895455192008337e-16,0.0,0.0,0.0,-0.0,0.0,0.0,-0.0,0.0,0.0,0.0,0.0,0.0,0.0,0.0,0.0,0.0,0.0,0.0,0.0,0.0,3.4542915212644738e-18,-3.1109553322619246e-18,-2.1235067003904282e-18,-5.126162269719695e-18,-5.551119380318739e-17,-1.3210757915587814e-17,-5.003418462982004e-17,8.838561949592164e-16,-8.765406623114103e-16,1.0773471004199564e-13,-2.901189196287864e-13,1.3216174740241876e-13,0.13844194440088659,-0.09351402250577726,0.11524634771022078
2.629999999999932,-0.0012175613304139525,3.0478144924702676e-05,0.30148735031821844,0.994855321718295,-0.0691022248925885,0.046676800457906745,-0.05752432235753928,33.471775277734196,-22.315736244728107,27.89302412548795,-1.3435094049126048e-17,-3.6473064225937756e-17,-3.3404795774824224e-18,-8.191140400219939e-17,9.893874307571871e-16,-7.526166085323677e-16,1.0781662144599785e-13,-2.911083070595436e-13,1.3291436401095111e-13,0.0,0.0,0.0,0.0,0.0,2.5575826842628037e-30,-5.895455192008337e-16,0.0,0.0,0.0,-0.0,0.0,0.0,-0.0,0.0,0.0,0.0,0.0,0.0,0.0,0.0,0.0,0.0,0.0,0.0,0.0,0.0,3.4542915212644765e-18,-3.1109553322619246e-18,-2.1235067003904275e-18,-5.126162269719716e-18,-5.551119380318739e-17,-1.3210757915587772e-17,-5.003418462982004e-17,8.838561949592164e-16,-8.765406623114103e-16,1.0773471004199564e-13,-2.901189196287864e-13,1.3216174740241876e-13,0.13844194440088659,-0.09351402250577726,0.11524634771022078
2.639999999999931,-0.0012175613304139525,3.0478144924702303e-05,0.30148735031821844,0.994855321718295,-0.0691022248925885,0.046676800457906745,-0.05752432235753928,33.471775277734196,-22.315736244728107,27.89302412548795,-1.3435094049126048e-17,-3.6473064225937756e-17,-3.3404795774824224e-18,-8.191140400219939e-17,9.893874307571871e-16,-7.526166085323677e-16,1.0781662144599785e-13,-2.911083070595436e-13,1.3291436401095111e-13,0.0,0.0,0.0,0.0,0.0,2.5575826842628037e-30,-5.895455192008337e-16,0.0,0.0,0.0,-0.0,0.0,0.0,-0.0,0.0,0.0,0.0,0.0,0.0,0.0,0.0,0.0,0.0,0.0,0.0,0.0,0.0,3.4542915212644765e-18,-3.1109553322619246e-18,-2.1235067003904275e-18,-5.126162269719715e-18,-5.551119380318739e-17,-1.3210757915587774e-17,-5.003418462982004e-17,8.838561949592164e-16,-8.765406623114103e-16,1.0773471004199564e-13,-2.901189196287864e-13,1.3216174740241876e-13,0.13844194440088659,-0.09351402250577726,0.11524634771022078
2.6499999999999297,-0.0012175613304139525,3.047814492470193e-05,0.30148735031821844,0.994855321718295,-0.0691022248925885,0.046676800457906745,-0.05752432235753928,33.471775277734196,-22.315736244728107,27.89302412548795,-1.3435094049126048e-17,-3.6473064225937756e-17,-3.3404795774824224e-18,-8.191140400219939e-17,9.893874307571871e-16,-7.526166085323677e-16,1.0781662144599785e-13,-2.911083070595436e-13,1.3291436401095111e-13,0.0,0.0,0.0,0.0,0.0,2.5575826842628037e-30,-5.895455192008337e-16,0.0,0.0,0.0,-0.0,0.0,0.0,-0.0,0.0,0.0,0.0,0.0,0.0,0.0,0.0,0.0,0.0,0.0,0.0,0.0,0.0,3.4542915212644765e-18,-3.1109553322619246e-18,-2.1235067003904275e-18,-5.126162269719713e-18,-5.551119380318739e-17,-1.3210757915587774e-17,-5.003418462982004e-17,8.838561949592164e-16,-8.765406623114103e-16,1.0773471004199564e-13,-2.901189196287864e-13,1.3216174740241876e-13,0.13844194440088659,-0.09351402250577726,0.11524634771022078
2.6599999999999286,-0.0012175613304139525,3.0478144924701558e-05,0.30148735031821844,0.994855321718295,-0.0691022248925885,0.046676800457906745,-0.05752432235753928,33.471775277734196,-22.315736244728107,27.89302412548795,-1.3435094049126048e-17,-3.6473064225937756e-17,-3.3404795774824224e-18,-8.191140400219939e-17,9.893874307571871e-16,-7.526166085323677e-16,1.0781662144599785e-13,-2.911083070595436e-13,1.3291436401095111e-13,0.0,0.0,0.0,0.0,0.0,2.5575826842628037e-30,-5.895455192008337e-16,0.0,0.0,0.0,-0.0,0.0,0.0,-0.0,0.0,0.0,0.0,0.0,0.0,0.0,0.0,0.0,0.0,0.0,0.0,0.0,0.0,3.4542915212644765e-18,-3.1109553322619246e-18,-2.1235067003904275e-18,-5.1261622697197154e-18,-5.551119380318739e-17,-1.3210757915587774e-17,-5.003418462982004e-17,8.838561949592164e-16,-8.765406623114103e-16,1.0773471004199564e-13,-2.901189196287864e-13,1.3216174740241876e-13,0.13844194440088659,-0.09351402250577726,0.11524634771022078
2.6699999999999275,-0.0012175613304139525,3.0478144924701185e-05,0.30148735031821844,0.994855321718295,-0.0691022248925885,0.046676800457906745,-0.05752432235753928,33.471775277734196,-22.315736244728107,27.89302412548795,-1.3435094049126048e-17,-3.6473064225937756e-17,-3.3404795774824224e-18,-8.191140400219939e-17,9.893874307571871e-16,-7.526166085323677e-16,1.0781662144599785e-13,-2.911083070595436e-13,1.3291436401095111e-13,0.0,0.0,0.0,0.0,0.0,2.5575826842628037e-30,-5.895455192008337e-16,0.0,0.0,0.0,-0.0,0.0,0.0,-0.0,0.0,0.0,0.0,0.0,0.0,0.0,0.0,0.0,0.0,0.0,0.0,0.0,0.0,3.4542915212644765e-18,-3.1109553322619246e-18,-2.1235067003904275e-18,-5.126162269719715e-18,-5.551119380318739e-17,-1.3210757915587772e-17,-5.003418462982004e-17,8.838561949592164e-16,-8.765406623114103e-16,1.0773471004199564e-13,-2.901189196287864e-13,1.3216174740241876e-13,0.13844194440088659,-0.09351402250577726,0.11524634771022078
2.6799999999999264,-0.0012175613304139525,3.0478144924700813e-05,0.30148735031821844,0.994855321718295,-0.0691022248925885,0.046676800457906745,-0.05752432235753928,33.471775277734196,-22.315736244728107,27.89302412548795,-1.3435094049126048e-17,-3.6473064225937756e-17,-3.3404795774824224e-18,-8.191140400219939e-17,9.893874307571871e-16,-7.526166085323677e-16,1.0781662144599785e-13,-2.911083070595436e-13,1.3291436401095111e-13,0.0,0.0,0.0,0.0,0.0,2.5575826842628037e-30,-5.895455192008337e-16,0.0,0.0,0.0,-0.0,0.0,0.0,-0.0,0.0,0.0,0.0,0.0,0.0,0.0,0.0,0.0,0.0,0.0,0.0,0.0,0.0,3.4542915212644765e-18,-3.1109553322619246e-18,-2.1235067003904275e-18,-5.126162269719715e-18,-5.551119380318739e-17,-1.3210757915587772e-17,-5.003418462982004e-17,8.838561949592164e-16,-8.765406623114103e-16,1.0773471004199564e-13,-2.901189196287864e-13,1.3216174740241876e-13,0.13844194440088659,-0.09351402250577726,0.11524634771022078
2.6899999999999253,-0.0012175613304139525,3.047814492470044e-05,0.30148735031821844,0.994855321718295,-0.0691022248925885,0.046676800457906745,-0.05752432235753928,33.471775277734196,-22.315736244728107,27.89302412548795,-1.3435094049126048e-17,-3.6473064225937756e-17,-3.3404795774824224e-18,-8.191140400219939e-17,9.893874307571871e-16,-7.526166085323677e-16,1.0781662144599785e-13,-2.911083070595436e-13,1.3291436401095111e-13,0.0,0.0,0.0,0.0,0.0,2.5575826842628037e-30,-5.895455192008337e-16,0.0,0.0,0.0,-0.0,0.0,0.0,-0.0,0.0,0.0,0.0,0.0,0.0,0.0,0.0,0.0,0.0,0.0,0.0,0.0,0.0,3.4542915212644765e-18,-3.1109553322619246e-18,-2.1235067003904275e-18,-5.126162269719716e-18,-5.551119380318739e-17,-1.3210757915587772e-17,-5.003418462982004e-17,8.838561949592164e-16,-8.765406623114103e-16,1.0773471004199564e-13,-2.901189196287864e-13,1.3216174740241876e-13,0.13844194440088659,-0.09351402250577726,0.11524634771022078
2.6999999999999242,-0.0012175613304139525,3.0478144924700067e-05,0.30148735031821844,0.994855321718295,-0.0691022248925885,0.046676800457906745,-0.05752432235753928,33.471775277734196,-22.315736244728107,27.89302412548795,-1.3435094049126048e-17,-3.6473064225937756e-17,-3.3404795774824224e-18,-8.191140400219939e-17,9.893874307571871e-16,-7.526166085323677e-16,1.0781662144599785e-13,-2.911083070595436e-13,1.3291436401095111e-13,0.0,0.0,0.0,0.0,0.0,2.5575826842628037e-30,-5.895455192008337e-16,0.0,0.0,0.0,-0.0,0.0,0.0,-0.0,0.0,0.0,0.0,0.0,0.0,0.0,0.0,0.0,0.0,0.0,0.0,0.0,0.0,3.4542915212644765e-18,-3.1109553322619246e-18,-2.123506700390427e-18,-5.1261622697197154e-18,-5.551119380318739e-17,-1.3210757915587774e-17,-5.003418462982004e-17,8.838561949592164e-16,-8.765406623114103e-16,1.0773471004199564e-13,-2.901189196287864e-13,1.3216174740241876e-13,0.13844194440088659,-0.09351402250577726,0.11524634771022078
2.709999999999923,-0.0012175613304139525,3.0478144924699694e-05,0.30148735031821844,0.994855321718295,-0.0691022248925885,0.046676800457906745,-0.05752432235753928,33.471775277734196,-22.315736244728107,27.89302412548795,-1.3435094049126048e-17,-3.6473064225937756e-17,-3.3404795774824224e-18,-8.191140400219939e-17,9.893874307571871e-16,-7.526166085323677e-16,1.0781662144599785e-13,-2.911083070595436e-13,1.3291436401095111e-13,0.0,0.0,0.0,0.0,0.0,2.5575826842628037e-30,-5.895455192008337e-16,0.0,0.0,0.0,-0.0,0.0,0.0,-0.0,0.0,0.0,0.0,0.0,0.0,0.0,0.0,0.0,0.0,0.0,0.0,0.0,0.0,3.4542915212644765e-18,-3.1109553322619246e-18,-2.123506700390427e-18,-5.126162269719715e-18,-5.551119380318739e-17,-1.3210757915587772e-17,-5.003418462982004e-17,8.838561949592164e-16,-8.765406623114103e-16,1.0773471004199564e-13,-2.901189196287864e-13,1.3216174740241876e-13,0.13844194440088659,-0.09351402250577726,0.11524634771022078
2.719999999999922,-0.0012175613304139525,3.0478144924699322e-05,0.30148735031821844,0.994855321718295,-0.0691022248925885,0.046676800457906745,-0.05752432235753928,33.471775277734196,-22.315736244728107,27.89302412548795,-1.3435094049126048e-17,-3.6473064225937756e-17,-3.3404795774824224e-18,-8.191140400219939e-17,9.893874307571871e-16,-7.526166085323677e-16,1.0781662144599785e-13,-2.911083070595436e-13,1.3291436401095111e-13,0.0,0.0,0.0,0.0,0.0,2.5575826842628037e-30,-5.895455192008337e-16,0.0,0.0,0.0,-0.0,0.0,0.0,-0.0,0.0,0.0,0.0,0.0,0.0,0.0,0.0,0.0,0.0,0.0,0.0,0.0,0.0,3.4542915212644765e-18,-3.1109553322619246e-18,-2.123506700390427e-18,-5.126162269719715e-18,-5.551119380318739e-17,-1.3210757915587772e-17,-5.003418462982004e-17,8.838561949592164e-16,-8.765406623114103e-16,1.0773471004199564e-13,-2.901189196287864e-13,1.3216174740241876e-13,0.13844194440088659,-0.09351402250577726,0.11524634771022078
2.729999999999921,-0.0012175613304139525,3.047814492469895e-05,0.30148735031821844,0.994855321718295,-0.0691022248925885,0.046676800457906745,-0.05752432235753928,33.471775277734196,-22.315736244728107,27.89302412548795,-1.3435094049126048e-17,-3.6473064225937756e-17,-3.3404795774824224e-18,-8.191140400219939e-17,9.893874307571871e-16,-7.526166085323677e-16,1.0781662144599785e-13,-2.911083070595436e-13,1.3291436401095111e-13,0.0,0.0,0.0,0.0,0.0,2.5575826842628037e-30,-5.895455192008337e-16,0.0,0.0,0.0,-0.0,0.0,0.0,-0.0,0.0,0.0,0.0,0.0,0.0,0.0,0.0,0.0,0.0,0.0,0.0,0.0,0.0,3.4542915212644765e-18,-3.1109553322619246e-18,-2.123506700390427e-18,-5.126162269719716e-18,-5.551119380318739e-17,-1.3210757915587772e-17,-5.003418462982004e-17,8.838561949592164e-16,-8.765406623114103e-16,1.0773471004199564e-13,-2.901189196287864e-13,1.3216174740241876e-13,0.13844194440088659,-0.09351402250577726,0.11524634771022078
2.73999999999992,-0.0012175613304139525,3.0478144924698576e-05,0.30148735031821844,0.994855321718295,-0.0691022248925885,0.046676800457906745,-0.05752432235753928,33.471775277734196,-22.315736244728107,27.89302412548795,-1.3435094049126048e-17,-3.6473064225937756e-17,-3.3404795774824224e-18,-8.191140400219939e-17,9.893874307571871e-16,-7.526166085323677e-16,1.0781662144599785e-13,-2.911083070595436e-13,1.3291436401095111e-13,0.0,0.0,0.0,0.0,0.0,2.5575826842628037e-30,-5.895455192008337e-16,0.0,0.0,0.0,-0.0,0.0,0.0,-0.0,0.0,0.0,0.0,0.0,0.0,0.0,0.0,0.0,0.0,0.0,0.0,0.0,0.0,3.4542915212644765e-18,-3.1109553322619246e-18,-2.123506700390427e-18,-5.126162269719716e-18,-5.551119380318739e-17,-1.3210757915587772e-17,-5.003418462982004e-17,8.838561949592164e-16,-8.765406623114103e-16,1.0773471004199564e-13,-2.901189196287864e-13,1.3216174740241876e-13,0.13844194440088659,-0.09351402250577726,0.11524634771022078
2.7499999999999187,-0.0012175613304139525,3.0478144924698204e-05,0.30148735031821844,0.994855321718295,-0.0691022248925885,0.046676800457906745,-0.05752432235753928,33.471775277734196,-22.315736244728107,27.89302412548795,-1.3435094049126048e-17,-3.6473064225937756e-17,-3.3404795774824224e-18,-8.191140400219939e-17,9.893874307571871e-16,-7.526166085323677e-16,1.0781662144599785e-13,-2.911083070595436e-13,1.3291436401095111e-13,0.0,0.0,0.0,0.0,0.0,2.5575826842628037e-30,-5.895455192008337e-16,0.0,0.0,0.0,-0.0,0.0,0.0,-0.0,0.0,0.0,0.0,0.0,0.0,0.0,0.0,0.0,0.0,0.0,0.0,0.0,0.0,3.4542915212644765e-18,-3.1109553322619246e-18,-2.123506700390427e-18,-5.126162269719713e-18,-5.551119380318739e-17,-1.3210757915587774e-17,-5.003418462982004e-17,8.838561949592164e-16,-8.765406623114103e-16,1.0773471004199564e-13,-2.901189196287864e-13,1.3216174740241876e-13,0.13844194440088659,-0.09351402250577726,0.11524634771022078
2.7599999999999176,-0.0012175613304139525,3.047814492469783e-05,0.30148735031821844,0.994855321718295,-0.0691022248925885,0.046676800457906745,-0.05752432235753928,33.471775277734196,-22.315736244728107,27.89302412548795,-1.3435094049126048e-17,-3.6473064225937756e-17,-3.3404795774824224e-18,-8.191140400219939e-17,9.893874307571871e-16,-7.526166085323677e-16,1.0781662144599785e-13,-2.911083070595436e-13,1.3291436401095111e-13,0.0,0.0,0.0,0.0,0.0,2.5575826842628037e-30,-5.895455192008337e-16,0.0,0.0,0.0,-0.0,0.0,0.0,-0.0,0.0,0.0,0.0,0.0,0.0,0.0,0.0,0.0,0.0,0.0,0.0,0.0,0.0,3.4542915212644765e-18,-3.1109553322619246e-18,-2.123506700390427e-18,-5.1261622697197154e-18,-5.551119380318739e-17,-1.3210757915587774e-17,-5.003418462982004e-17,8.838561949592164e-16,-8.765406623114103e-16,1.0773471004199564e-13,-2.901189196287864e-13,1.3216174740241876e-13,0.13844194440088659,-0.09351402250577726,0.11524634771022078
2.7699999999999165,-0.0012175613304139525,3.047814492469746e-05,0.30148735031821844,0.994855321718295,-0.0691022248925885,0.046676800457906745,-0.05752432235753928,33.471775277734196,-22.315736244728107,27.89302412548795,-1.3435094049126048e-17,-3.6473064225937756e-17,-3.3404795774824224e-18,-8.191140400219939e-17,9.893874307571871e-16,-7.526166085323677e-16,1.0781662144599785e-13,-2.911083070595436e-13,1.3291436401095111e-13,0.0,0.0,0.0,0.0,0.0,2.5575826842628037e-30,-5.895455192008337e-16,0.0,0.0,0.0,-0.0,0.0,0.0,-0.0,0.0,0.0,0.0,0.0,0.0,0.0,0.0,0.0,0.0,0.0,0.0,0.0,0.0,3.4542915212644765e-18,-3.1109553322619246e-18,-2.123506700390427e-18,-5.1261622697197154e-18,-5.551119380318739e-17,-1.3210757915587774e-17,-5.003418462982004e-17,8.838561949592164e-16,-8.765406623114103e-16,1.0773471004199564e-13,-2.901189196287864e-13,1.3216174740241876e-13,0.13844194440088659,-0.09351402250577726,0.11524634771022078
2.7799999999999154,-0.0012175613304139525,3.0478144924697086e-05,0.30148735031821844,0.994855321718295,-0.0691022248925885,0.046676800457906745,-0.05752432235753928,33.471775277734196,-22.315736244728107,27.89302412548795,-1.3435094049126048e-17,-3.6473064225937756e-17,-3.3404795774824224e-18,-8.191140400219939e-17,9.893874307571871e-16,-7.526166085323677e-16,1.0781662144599785e-13,-2.911083070595436e-13,1.3291436401095111e-13,0.0,0.0,0.0,0.0,0.0,2.5575826842628037e-30,-5.895455192008337e-16,0.0,0.0,0.0,-0.0,0.0,0.0,-0.0,0.0,0.0,0.0,0.0,0.0,0.0,0.0,0.0,0.0,0.0,0.0,0.0,0.0,3.4542915212644765e-18,-3.1109553322619246e-18,-2.123506700390427e-18,-5.126162269719713e-18,-5.551119380318739e-17,-1.3210757915587774e-17,-5.003418462982004e-17,8.838561949592164e-16,-8.765406623114103e-16,1.0773471004199564e-13,-2.901189196287864e-13,1.3216174740241876e-13,0.13844194440088659,-0.09351402250577726,0.11524634771022078
2.7899999999999143,-0.0012175613304139525,3.0478144924696713e-05,0.30148735031821844,0.994855321718295,-0.0691022248925885,0.046676800457906745,-0.05752432235753928,33.471775277734196,-22.315736244728107,27.89302412548795,-1.3435094049126048e-17,-3.6473064225937756e-17,-3.3404795774824224e-18,-8.191140400219939e-17,9.893874307571871e-16,-7.526166085323677e-16,1.0781662144599785e-13,-2.911083070595436e-13,1.3291436401095111e-13,0.0,0.0,0.0,0.0,0.0,2.5575826842628037e-30,-5.895455192008337e-16,0.0,0.0,0.0,-0.0,0.0,0.0,-0.0,0.0,0.0,0.0,0.0,0.0,0.0,0.0,0.0,0.0,0.0,0.0,0.0,0.0,3.4542915212644765e-18,-3.1109553322619246e-18,-2.123506700390427e-18,-5.126162269719713e-18,-5.551119380318739e-17,-1.3210757915587774e-17,-5.003418462982004e-17,8.838561949592164e-16,-8.765406623114103e-16,1.0773471004199564e-13,-2.901189196287864e-13,1.3216174740241876e-13,0.13844194440088659,-0.09351402250577726,0.11524634771022078
2.7999999999999132,-0.0012175613304139525,3.047814492469634e-05,0.30148735031821844,0.994855321718295,-0.0691022248925885,0.046676800457906745,-0.05752432235753928,33.471775277734196,-22.315736244728107,27.89302412548795,-1.3435094049126048e-17,-3.6473064225937756e-17,-3.3404795774824224e-18,-8.191140400219939e-17,9.893874307571871e-16,-7.526166085323677e-16,1.0781662144599785e-13,-2.911083070595436e-13,1.3291436401095111e-13,0.0,0.0,0.0,0.0,0.0,2.5575826842628037e-30,-5.895455192008337e-16,0.0,0.0,0.0,-0.0,0.0,0.0,-0.0,0.0,0.0,0.0,0.0,0.0,0.0,0.0,0.0,0.0,0.0,0.0,0.0,0.0,3.4542915212644765e-18,-3.1109553322619246e-18,-2.123506700390427e-18,-5.1261622697197154e-18,-5.551119380318739e-17,-1.3210757915587774e-17,-5.003418462982004e-17,8.838561949592164e-16,-8.765406623114103e-16,1.0773471004199564e-13,-2.901189196287864e-13,1.3216174740241876e-13,0.13844194440088659,-0.09351402250577726,0.11524634771022078
2.809999999999912,-0.0012175613304139525,3.0478144924695968e-05,0.30148735031821844,0.994855321718295,-0.0691022248925885,0.046676800457906745,-0.05752432235753928,33.471775277734196,-22.315736244728107,27.89302412548795,-1.3435094049126048e-17,-3.6473064225937756e-17,-3.3404795774824224e-18,-8.191140400219939e-17,9.893874307571871e-16,-7.526166085323677e-16,1.0781662144599785e-13,-2.911083070595436e-13,1.3291436401095111e-13,0.0,0.0,0.0,0.0,0.0,2.5575826842628037e-30,-5.895455192008337e-16,0.0,0.0,0.0,-0.0,0.0,0.0,-0.0,0.0,0.0,0.0,0.0,0.0,0.0,0.0,0.0,0.0,0.0,0.0,0.0,0.0,3.4542915212644765e-18,-3.1109553322619246e-18,-2.123506700390427e-18,-5.1261622697197154e-18,-5.551119380318739e-17,-1.3210757915587774e-17,-5.003418462982004e-17,8.838561949592164e-16,-8.765406623114103e-16,1.0773471004199564e-13,-2.901189196287864e-13,1.3216174740241876e-13,0.13844194440088659,-0.09351402250577726,0.11524634771022078
2.819999999999911,-0.0012175613304139525,3.0478144924695595e-05,0.30148735031821844,0.994855321718295,-0.0691022248925885,0.046676800457906745,-0.05752432235753928,33.471775277734196,-22.315736244728107,27.89302412548795,-1.3435094049126048e-17,-3.6473064225937756e-17,-3.3404795774824224e-18,-8.191140400219939e-17,9.893874307571871e-16,-7.526166085323677e-16,1.0781662144599785e-13,-2.911083070595436e-13,1.3291436401095111e-13,0.0,0.0,0.0,0.0,0.0,2.5575826842628037e-30,-5.895455192008337e-16,0.0,0.0,0.0,-0.0,0.0,0.0,-0.0,0.0,0.0,0.0,0.0,0.0,0.0,0.0,0.0,0.0,0.0,0.0,0.0,0.0,3.4542915212644765e-18,-3.1109553322619246e-18,-2.123506700390427e-18,-5.1261622697197154e-18,-5.551119380318739e-17,-1.3210757915587774e-17,-5.003418462982004e-17,8.838561949592164e-16,-8.765406623114103e-16,1.0773471004199564e-13,-2.901189196287864e-13,1.3216174740241876e-13,0.13844194440088659,-0.09351402250577726,0.11524634771022078
2.82999999999991,-0.0012175613304139525,3.0478144924695222e-05,0.30148735031821844,0.994855321718295,-0.0691022248925885,0.046676800457906745,-0.05752432235753928,33.471775277734196,-22.315736244728107,27.89302412548795,-1.3435094049126048e-17,-3.6473064225937756e-17,-3.3404795774824224e-18,-8.191140400219939e-17,9.893874307571871e-16,-7.526166085323677e-16,1.0781662144599785e-13,-2.911083070595436e-13,1.3291436401095111e-13,0.0,0.0,0.0,0.0,0.0,2.5575826842628037e-30,-5.895455192008337e-16,0.0,0.0,0.0,-0.0,0.0,0.0,-0.0,0.0,0.0,0.0,0.0,0.0,0.0,0.0,0.0,0.0,0.0,0.0,0.0,0.0,3.4542915212644765e-18,-3.1109553322619246e-18,-2.123506700390427e-18,-5.126162269719713e-18,-5.551119380318739e-17,-1.3210757915587774e-17,-5.003418462982004e-17,8.838561949592164e-16,-8.765406623114103e-16,1.0773471004199564e-13,-2.901189196287864e-13,1.3216174740241876e-13,0.13844194440088659,-0.09351402250577726,0.11524634771022078
2.839999999999909,-0.0012175613304139525,3.047814492469485e-05,0.30148735031821844,0.994855321718295,-0.0691022248925885,0.046676800457906745,-0.05752432235753928,33.471775277734196,-22.315736244728107,27.89302412548795,-1.3435094049126048e-17,-3.6473064225937756e-17,-3.3404795774824224e-18,-8.191140400219939e-17,9.893874307571871e-16,-7.526166085323677e-16,1.0781662144599785e-13,-2.911083070595436e-13,1.3291436401095111e-13,0.0,0.0,0.0,0.0,0.0,2.5575826842628037e-30,-5.895455192008337e-16,0.0,0.0,0.0,-0.0,0.0,0.0,-0.0,0.0,0.0,0.0,0.0,0.0,0.0,0.0,0.0,0.0,0.0,0.0,0.0,0.0,3.4542915212644765e-18,-3.1109553322619246e-18,-2.123506700390427e-18,-5.126162269719716e-18,-5.551119380318739e-17,-1.3210757915587772e-17,-5.003418462982004e-17,8.838561949592164e-16,-8.765406623114103e-16,1.0773471004199564e-13,-2.901189196287864e-13,1.3216174740241876e-13,0.13844194440088659,-0.09351402250577726,0.11524634771022078
2.8499999999999077,-0.0012175613304139525,3.0478144924694477e-05,0.30148735031821844,0.994855321718295,-0.0691022248925885,0.046676800457906745,-0.05752432235753928,33.471775277734196,-22.315736244728107,27.89302412548795,-1.3435094049126048e-17,-3.6473064225937756e-17,-3.3404795774824224e-18,-8.191140400219939e-17,9.893874307571871e-16,-7.526166085323677e-16,1.0781662144599785e-13,-2.911083070595436e-13,1.3291436401095111e-13,0.0,0.0,0.0,0.0,0.0,2.5575826842628037e-30,-5.895455192008337e-16,0.0,0.0,0.0,-0.0,0.0,0.0,-0.0,0.0,0.0,0.0,0.0,0.0,0.0,0.0,0.0,0.0,0.0,0.0,0.0,0.0,3.4542915212644765e-18,-3.1109553322619246e-18,-2.123506700390427e-18,-5.126162269719715e-18,-5.551119380318739e-17,-1.3210757915587772e-17,-5.003418462982004e-17,8.838561949592164e-16,-8.765406623114103e-16,1.0773471004199564e-13,-2.901189196287864e-13,1.3216174740241876e-13,0.13844194440088659,-0.09351402250577726,0.11524634771022078
2.8599999999999066,-0.0012175613304139525,3.0478144924694104e-05,0.30148735031821844,0.994855321718295,-0.0691022248925885,0.046676800457906745,-0.05752432235753928,33.471775277734196,-22.315736244728107,27.89302412548795,-1.3435094049126048e-17,-3.6473064225937756e-17,-3.3404795774824224e-18,-8.191140400219939e-17,9.893874307571871e-16,-7.526166085323677e-16,1.0781662144599785e-13,-2.911083070595436e-13,1.3291436401095111e-13,0.0,0.0,0.0,0.0,0.0,2.5575826842628037e-30,-5.895455192008337e-16,0.0,0.0,0.0,-0.0,0.0,0.0,-0.0,0.0,0.0,0.0,0.0,0.0,0.0,0.0,0.0,0.0,0.0,0.0,0.0,0.0,3.4542915212644765e-18,-3.1109553322619246e-18,-2.123506700390427e-18,-5.126162269719715e-18,-5.551119380318739e-17,-1.3210757915587772e-17,-5.003418462982004e-17,8.838561949592164e-16,-8.765406623114103e-16,1.0773471004199564e-13,-2.901189196287864e-13,1.3216174740241876e-13,0.13844194440088659,-0.09351402250577726,0.11524634771022078
2.8699999999999055,-0.0012175613304139525,3.047814492469373e-05,0.30148735031821844,0.994855321718295,-0.0691022248925885,0.046676800457906745,-0.05752432235753928,33.471775277734196,-22.315736244728107,27.89302412548795,-1.3435094049126048e-17,-3.6473064225937756e-17,-3.3404795774824224e-18,-8.191140400219939e-17,9.893874307571871e-16,-7.526166085323677e-16,1.0781662144599785e-13,-2.911083070595436e-13,1.3291436401095111e-13,0.0,0.0,0.0,0.0,0.0,2.5575826842628037e-30,-5.895455192008337e-16,0.0,0.0,0.0,-0.0,0.0,0.0,-0.0,0.0,0.0,0.0,0.0,0.0,0.0,0.0,0.0,0.0,0.0,0.0,0.0,0.0,3.4542915212644765e-18,-3.1109553322619246e-18,-2.123506700390427e-18,-5.126162269719716e-18,-5.551119380318739e-17,-1.3210757915587772e-17,-5.003418462982004e-17,8.838561949592164e-16,-8.765406623114103e-16,1.0773471004199564e-13,-2.901189196287864e-13,1.3216174740241876e-13,0.13844194440088659,-0.09351402250577726,0.11524634771022078
2.8799999999999044,-0.0012175613304139525,3.047814492469336e-05,0.30148735031821844,0.994855321718295,-0.0691022248925885,0.046676800457906745,-0.05752432235753928,33.471775277734196,-22.315736244728107,27.89302412548795,-1.3435094049126048e-17,-3.6473064225937756e-17,-3.3404795774824224e-18,-8.191140400219939e-17,9.893874307571871e-16,-7.526166085323677e-16,1.0781662144599785e-13,-2.911083070595436e-13,1.3291436401095111e-13,0.0,0.0,0.0,0.0,0.0,2.5575826842628037e-30,-5.895455192008337e-16,0.0,0.0,0.0,-0.0,0.0,0.0,-0.0,0.0,0.0,0.0,0.0,0.0,0.0,0.0,0.0,0.0,0.0,0.0,0.0,0.0,3.4542915212644765e-18,-3.1109553322619246e-18,-2.123506700390427e-18,-5.126162269719716e-18,-5.551119380318739e-17,-1.3210757915587772e-17,-5.003418462982004e-17,8.838561949592164e-16,-8.765406623114103e-16,1.0773471004199564e-13,-2.901189196287864e-13,1.3216174740241876e-13,0.13844194440088659,-0.09351402250577726,0.11524634771022078
2.8899999999999033,-0.0012175613304139525,3.0478144924692986e-05,0.30148735031821844,0.994855321718295,-0.0691022248925885,0.046676800457906745,-0.05752432235753928,33.471775277734196,-22.315736244728107,27.89302412548795,-1.3435094049126048e-17,-3.6473064225937756e-17,-3.3404795774824224e-18,-8.191140400219939e-17,9.893874307571871e-16,-7.526166085323677e-16,1.0781662144599785e-13,-2.911083070595436e-13,1.3291436401095111e-13,0.0,0.0,0.0,0.0,0.0,2.5575826842628037e-30,-5.895455192008337e-16,0.0,0.0,0.0,-0.0,0.0,0.0,-0.0,0.0,0.0,0.0,0.0,0.0,0.0,0.0,0.0,0.0,0.0,0.0,0.0,0.0,3.4542915212644765e-18,-3.1109553322619246e-18,-2.1235067003904275e-18,-5.126162269719716e-18,-5.551119380318739e-17,-1.3210757915587772e-17,-5.003418462982004e-17,8.838561949592164e-16,-8.765406623114103e-16,1.0773471004199564e-13,-2.901189196287864e-13,1.3216174740241876e-13,0.13844194440088659,-0.09351402250577726,0.11524634771022078
2.899999999999902,-0.0012175613304139525,3.0478144924692613e-05,0.30148735031821844,0.994855321718295,-0.0691022248925885,0.046676800457906745,-0.05752432235753928,33.471775277734196,-22.315736244728107,27.89302412548795,-1.3435094049126048e-17,-3.6473064225937756e-17,-3.3404795774824224e-18,-8.191140400219939e-17,9.893874307571871e-16,-7.526166085323677e-16,1.0781662144599785e-13,-2.911083070595436e-13,1.3291436401095111e-13,0.0,0.0,0.0,0.0,0.0,2.5575826842628037e-30,-5.895455192008337e-16,0.0,0.0,0.0,-0.0,0.0,0.0,-0.0,0.0,0.0,0.0,0.0,0.0,0.0,0.0,0.0,0.0,0.0,0.0,0.0,0.0,3.4542915212644765e-18,-3.1109553322619246e-18,-2.1235067003904275e-18,-5.126162269719715e-18,-5.551119380318739e-17,-1.3210757915587772e-17,-5.003418462982004e-17,8.838561949592164e-16,-8.765406623114103e-16,1.0773471004199564e-13,-2.901189196287864e-13,1.3216174740241876e-13,0.13844194440088659,-0.09351402250577726,0.11524634771022078
2.909999999999901,-0.0012175613304139525,3.047814492469224e-05,0.30148735031821844,0.994855321718295,-0.0691022248925885,0.046676800457906745,-0.05752432235753928,33.471775277734196,-22.315736244728107,27.89302412548795,-1.3435094049126048e-17,-3.6473064225937756e-17,-3.3404795774824224e-18,-8.191140400219939e-17,9.893874307571871e-16,-7.526166085323677e-16,1.0781662144599785e-13,-2.911083070595436e-13,1.3291436401095111e-13,0.0,0.0,0.0,0.0,0.0,2.5575826842628037e-30,-5.895455192008337e-16,0.0,0.0,0.0,-0.0,0.0,0.0,-0.0,0.0,0.0,0.0,0.0,0.0,0.0,0.0,0.0,0.0,0.0,0.0,0.0,0.0,3.4542915212644765e-18,-3.1109553322619246e-18,-2.1235067003904275e-18,-5.126162269719715e-18,-5.551119380318739e-17,-1.3210757915587772e-17,-5.003418462982004e-17,8.838561949592164e-16,-8.765406623114103e-16,1.0773471004199564e-13,-2.901189196287864e-13,1.3216174740241876e-13,0.13844194440088659,-0.09351402250577726,0.11524634771022078
2.9199999999999,-0.0012175613304139525,3.0478144924691868e-05,0.30148735031821844,0.994855321718295,-0.0691022248925885,0.046676800457906745,-0.05752432235753928,33.471775277734196,-22.315736244728107,27.89302412548795,-1.3435094049126048e-17,-3.6473064225937756e-17,-3.3404795774824224e-18,-8.191140400219939e-17,9.893874307571871e-16,-7.526166085323677e-16,1.0781662144599785e-13,-2.911083070595436e-13,1.3291436401095111e-13,0.0,0.0,0.0,0.0,0.0,2.5575826842628037e-30,-5.895455192008337e-16,0.0,0.0,0.0,-0.0,0.0,0.0,-0.0,0.0,0.0,0.0,0.0,0.0,0.0,0.0,0.0,0.0,0.0,0.0,0.0,0.0,3.4542915212644765e-18,-3.1109553322619246e-18,-2.1235067003904275e-18,-5.126162269719715e-18,-5.551119380318739e-17,-1.3210757915587774e-17,-5.003418462982004e-17,8.838561949592164e-16,-8.765406623114103e-16,1.0773471004199564e-13,-2.901189196287864e-13,1.3216174740241876e-13,0.13844194440088659,-0.09351402250577726,0.11524634771022078
2.929999999999899,-0.0012175613304139525,3.0478144924691495e-05,0.30148735031821844,0.994855321718295,-0.0691022248925885,0.046676800457906745,-0.05752432235753928,33.471775277734196,-22.315736244728107,27.89302412548795,-1.3435094049126048e-17,-3.6473064225937756e-17,-3.3404795774824224e-18,-8.191140400219939e-17,9.893874307571871e-16,-7.526166085323677e-16,1.0781662144599785e-13,-2.911083070595436e-13,1.3291436401095111e-13,0.0,0.0,0.0,0.0,0.0,2.5575826842628037e-30,-5.895455192008337e-16,0.0,0.0,0.0,-0.0,0.0,0.0,-0.0,0.0,0.0,0.0,0.0,0.0,0.0,0.0,0.0,0.0,0.0,0.0,0.0,0.0,3.4542915212644765e-18,-3.1109553322619246e-18,-2.1235067003904275e-18,-5.126162269719713e-18,-5.551119380318739e-17,-1.3210757915587774e-17,-5.003418462982004e-17,8.838561949592164e-16,-8.765406623114103e-16,1.0773471004199564e-13,-2.901189196287864e-13,1.3216174740241876e-13,0.13844194440088659,-0.09351402250577726,0.11524634771022078
2.939999999999898,-0.0012175613304139525,3.0478144924691123e-05,0.30148735031821844,0.994855321718295,-0.0691022248925885,0.046676800457906745,-0.05752432235753928,33.471775277734196,-22.315736244728107,27.89302412548795,-1.3435094049126048e-17,-3.6473064225937756e-17,-3.3404795774824224e-18,-8.191140400219939e-17,9.893874307571871e-16,-7.526166085323677e-16,1.0781662144599785e-13,-2.911083070595436e-13,1.3291436401095111e-13,0.0,0.0,0.0,0.0,0.0,2.5575826842628037e-30,-5.895455192008337e-16,0.0,0.0,0.0,-0.0,0.0,0.0,-0.0,0.0,0.0,0.0,0.0,0.0,0.0,0.0,0.0,0.0,0.0,0.0,0.0,0.0,3.4542915212644765e-18,-3.1109553322619246e-18,-2.1235067003904275e-18,-5.1261622697197154e-18,-5.551119380318739e-17,-1.3210757915587774e-17,-5.003418462982004e-17,8.838561949592164e-16,-8.765406623114103e-16,1.0773471004199564e-13,-2.901189196287864e-13,1.3216174740241876e-13,0.13844194440088659,-0.09351402250577726,0.11524634771022078
2.9499999999998967,-0.0012175613304139525,3.047814492469075e-05,0.30148735031821844,0.994855321718295,-0.0691022248925885,0.046676800457906745,-0.05752432235753928,33.471775277734196,-22.315736244728107,27.89302412548795,-1.3435094049126048e-17,-3.6473064225937756e-17,-3.3404795774824224e-18,-8.191140400219939e-17,9.893874307571871e-16,-7.526166085323677e-16,1.0781662144599785e-13,-2.911083070595436e-13,1.3291436401095111e-13,0.0,0.0,0.0,0.0,0.0,2.5575826842628037e-30,-5.895455192008337e-16,0.0,0.0,0.0,-0.0,0.0,0.0,-0.0,0.0,0.0,0.0,0.0,0.0,0.0,0.0,0.0,0.0,0.0,0.0,0.0,0.0,3.4542915212644738e-18,-3.1109553322619246e-18,-2.1235067003904286e-18,-5.126162269719696e-18,-5.551119380318739e-17,-1.3210757915587812e-17,-5.003418462982004e-17,8.838561949592164e-16,-8.765406623114103e-16,1.0773471004199564e-13,-2.901189196287864e-13,1.3216174740241876e-13,0.13844194440088659,-0.09351402250577726,0.11524634771022078
2.9599999999998956,-0.0012175613304139525,3.0478144924690377e-05,0.30148735031821844,0.994855321718295,-0.0691022248925885,0.046676800457906745,-0.05752432235753928,33.471775277734196,-22.315736244728107,27.89302412548795,-1.3435094049126048e-17,-3.6473064225937756e-17,-3.3404795774824224e-18,-8.191140400219939e-17,9.893874307571871e-16,-7.526166085323677e-16,1.0781662144599785e-13,-2.911083070595436e-13,1.3291436401095111e-13,0.0,0.0,0.0,0.0,0.0,2.5575826842628037e-30,-5.895455192008337e-16,0.0,0.0,0.0,-0.0,0.0,0.0,-0.0,0.0,0.0,0.0,0.0,0.0,0.0,0.0,0.0,0.0,0.0,0.0,0.0,0.0,3.4542915212644738e-18,-3.1109553322619246e-18,-2.1235067003904286e-18,-5.1261622697196946e-18,-5.551119380318739e-17,-1.3210757915587814e-17,-5.003418462982004e-17,8.838561949592164e-16,-8.765406623114103e-16,1.0773471004199564e-13,-2.901189196287864e-13,1.3216174740241876e-13,0.13844194440088659,-0.09351402250577726,0.11524634771022078
2.9699999999998945,-0.0012175613304139525,3.0478144924690004e-05,0.30148735031821844,0.994855321718295,-0.0691022248925885,0.046676800457906745,-0.05752432235753928,33.471775277734196,-22.315736244728107,27.89302412548795,-1.3435094049126048e-17,-3.6473064225937756e-17,-3.3404795774824224e-18,-8.191140400219939e-17,9.893874307571871e-16,-7.526166085323677e-16,1.0781662144599785e-13,-2.911083070595436e-13,1.3291436401095111e-13,0.0,0.0,0.0,0.0,0.0,2.5575826842628037e-30,-5.895455192008337e-16,0.0,0.0,0.0,-0.0,0.0,0.0,-0.0,0.0,0.0,0.0,0.0,0.0,0.0,0.0,0.0,0.0,0.0,0.0,0.0,0.0,3.4542915212644738e-18,-3.1109553322619246e-18,-2.1235067003904286e-18,-5.126162269719696e-18,-5.551119380318739e-17,-1.3210757915587812e-17,-5.003418462982004e-17,8.838561949592164e-16,-8.765406623114103e-16,1.0773471004199564e-13,-2.901189196287864e-13,1.3216174740241876e-13,0.13844194440088659,-0.09351402250577726,0.11524634771022078
2.9799999999998934,-0.0012175613304139525,3.0478144924689632e-05,0.30148735031821844,0.994855321718295,-0.0691022248925885,0.046676800457906745,-0.05752432235753928,33.471775277734196,-22.315736244728107,27.89302412548795,-1.3435094049126048e-17,-3.6473064225937756e-17,-3.3404795774824224e-18,-8.191140400219939e-17,9.893874307571871e-16,-7.526166085323677e-16,1.0781662144599785e-13,-2.911083070595436e-13,1.3291436401095111e-13,0.0,0.0,0.0,0.0,0.0,2.5575826842628037e-30,-5.895455192008337e-16,0.0,0.0,0.0,-0.0,0.0,0.0,-0.0,0.0,0.0,0.0,0.0,0.0,0.0,0.0,0.0,0.0,0.0,0.0,0.0,0.0,3.4542915212644738e-18,-3.1109553322619246e-18,-2.1235067003904282e-18,-5.126162269719696e-18,-5.551119380318739e-17,-1.321075791558781e-17,-5.003418462982004e-17,8.838561949592164e-16,-8.765406623114103e-16,1.0773471004199564e-13,-2.901189196287864e-13,1.3216174740241876e-13,0.13844194440088659,-0.09351402250577726,0.11524634771022078
2.9899999999998923,-0.0012175613304139525,3.047814492468926e-05,0.30148735031821844,0.994855321718295,-0.0691022248925885,0.046676800457906745,-0.05752432235753928,33.471775277734196,-22.315736244728107,27.89302412548795,-1.3435094049126048e-17,-3.6473064225937756e-17,-3.3404795774824224e-18,-8.191140400219939e-17,9.893874307571871e-16,-7.526166085323677e-16,1.0781662144599785e-13,-2.911083070595436e-13,1.3291436401095111e-13,0.0,0.0,0.0,0.0,0.0,2.5575826842628037e-30,-5.895455192008337e-16,0.0,0.0,0.0,-0.0,0.0,0.0,-0.0,0.0,0.0,0.0,0.0,0.0,0.0,0.0,0.0,0.0,0.0,0.0,0.0,0.0,3.4542915212644738e-18,-3.1109553322619246e-18,-2.1235067003904282e-18,-5.1261622697196946e-18,-5.551119380318739e-17,-1.3210757915587812e-17,-5.003418462982004e-17,8.838561949592164e-16,-8.765406623114103e-16,1.0773471004199564e-13,-2.901189196287864e-13,1.3216174740241876e-13,0.13844194440088659,-0.09351402250577726,0.11524634771022078
2.999999999999891,-0.0012175613304139525,3.0478144924688886e-05,0.30148735031821844,0.994855321718295,-0.0691022248925885,0.046676800457906745,-0.05752432235753928,33.471775277734196,-22.315736244728107,27.89302412548795,-1.3435094049126048e-17,-3.6473064225937756e-17,-3.3404795774824224e-18,-8.191140400219939e-17,9.893874307571871e-16,-7.526166085323677e-16,1.0781662144599785e-13,-2.911083070595436e-13,1.3291436401095111e-13,0.0,0.0,0.0,0.0,0.0,2.5575826842628037e-30,-5.895455192008337e-16,0.0,0.0,0.0,-0.0,0.0,0.0,-0.0,0.0,0.0,0.0,0.0,0.0,0.0,0.0,0.0,0.0,0.0,0.0,0.0,0.0,3.4542915212644738e-18,-3.1109553322619246e-18,-2.1235067003904282e-18,-5.1261622697196946e-18,-5.551119380318739e-17,-1.3210757915587812e-17,-5.003418462982004e-17,8.838561949592164e-16,-8.765406623114103e-16,1.0773471004199564e-13,-2.901189196287864e-13,1.3216174740241876e-13,0.13844194440088659,-0.09351402250577726,0.11524634771022078
