time_s,x_m,y_m,z_m,qw,qx,qy,qz,wheel_x_rad,wheel_y_rad,wheel_z_rad,vx_world_m_s,vy_world_m_s,vz_world_m_s,wx_body_rad_s,wy_body_rad_s,wz_body_rad_s,wheel_x_relative_rad_s,wheel_y_relative_rad_s,wheel_z_relative_rad_s,active_contacts,normal_force_n,minimum_contact_distance_m,max_loaded_point_slip_m_s,potential_j,kinetic_j,motor_work_j,passive_work_j,constraint_work_j,command_x_nm,command_y_nm,command_z_nm,delayed_x_nm,delayed_y_nm,delayed_z_nm,applied_x_nm,applied_y_nm,applied_z_nm,saturated_x_bool,saturated_y_bool,saturated_z_bool,speed_cutoff_x_bool,speed_cutoff_y_bool,speed_cutoff_z_bool,speed_exceeded_x_bool,speed_exceeded_y_bool,speed_exceeded_z_bool,angular_momentum_x_world_nms,angular_momentum_y_world_nms,angular_momentum_z_world_nms,linear_momentum_x_world_kg_m_s,linear_momentum_y_world_kg_m_s,linear_momentum_z_world_kg_m_s,omega_world_x_rad_s,omega_world_y_rad_s,omega_world_z_rad_s,wheel_absolute_axial_x_rad_s,wheel_absolute_axial_y_rad_s,wheel_absolute_axial_z_rad_s,attitude_error_x_body_rad,attitude_error_y_body_rad,attitude_error_z_body_rad
0.0,0.0,0.0,0.2595447919456735,0.9959527330119943,0.08987854919801104,0.0,0.0,0.0,0.0,0.0,0.0,0.0,0.0,0.0,0.0,0.0,0.0,0.0,0.0,0.0,0.0,0.0,0.0,3.4012370256156443,0.0,0.0,0.0,0.0,0.0,0.0,0.0,0.0,0.0,0.0,0.0,0.0,0.0,0.0,0.0,0.0,0.0,0.0,0.0,0.0,0.0,0.0,0.0,0.0,0.0,0.0,0.0,0.0,0.0,0.0,0.0,0.0,0.0,0.0,-0.17999999999999997,0.0,0.0
0.01,3.593884430225822e-22,-2.6912051592275995e-22,0.25905429194567353,0.9959527330119943,0.08987854919801104,0.0,0.0,-3.7978835016316953e-19,1.7688312585764114e-19,-9.216280627456252e-20,7.187768860451644e-20,-5.382410318455199e-20,-0.09809999999999998,-5.921189464667501e-18,-1.7763568394002502e-17,2.2204460492503127e-18,-7.59576700326339e-17,3.5376625171528225e-17,-1.8432561254912504e-17,0.0,0.0,0.0,0.0,3.3949816791156455,0.006255346499999999,0.0,0.0,0.0,0.0,0.0,0.0,0.0,0.0,0.0,0.0,0.0,0.0,0.0,0.0,0.0,0.0,0.0,0.0,0.0,0.0,0.0,-1.3298289103845157e-19,-9.638961407178633e-20,-1.2535507609406547e-20,-6.643112036015113e-20,-2.2851648529661552e-20,-0.12752999999999998,-5.921189464667501e-18,-1.787410023486212e-17,-9.956322313674971e-19,-8.18788594973014e-17,1.7613056777525723e-17,-1.6212115205662192e-17,-0.17999999999999997,0.0,0.0
0.020000000000000004,1.4375483078584903e-21,-1.0749797078945199e-21,0.2575827919456735,0.9959527330119943,0.08987854919801104,0.0,0.0,-1.5185612817062114e-18,7.075325034305646e-19,-3.686512250982501e-19,1.4374991297719414e-19,-1.0614585057258408e-19,-0.19619999999999996,-1.2434497875801754e-17,-3.5527136788005e-17,4.440892098500625e-18,-1.5132322111880104e-16,7.075325034305646e-17,-3.686512250982501e-17,0.0,0.0,0.0,0.0,3.3762156396156455,0.025021385999999996,0.0,0.0,0.0,0.0,0.0,0.0,0.0,0.0,0.0,0.0,0.0,0.0,0.0,0.0,0.0,0.0,0.0,0.0,0.0,0.0,0.0,-2.7201666128157555e-19,-1.927792281435726e-19,-2.510491352248152e-20,-1.3286934422169257e-19,-3.824176017772764e-20,-0.25505999999999995,-1.2434497875801754e-17,-3.5748200469724236e-17,-1.9912644627349943e-18,-1.637577189946028e-16,3.5226113555051465e-17,-3.2424230411324385e-17,-0.17999999999999997,0.0,0.0
0.030000000000000013,3.234441344884853e-21,-2.4070610853396407e-21,0.2551302919456735,0.9959527330119943,0.08987854919801104,0.0,0.0,-3.412173962003858e-18,1.5919481327187705e-18,-8.294652564710626e-19,2.1564126216130745e-19,-1.637258432484358e-19,-0.2942999999999999,-1.6875389974302382e-17,-5.329070518200749e-17,6.661338147750936e-18,-2.2876118851760185e-16,1.0612987551458471e-16,-5.529768376473751e-17,0.0,0.0,0.0,0.0,3.344938907115645,0.056298118499999966,0.0,0.0,0.0,0.0,0.0,0.0,0.0,0.0,0.0,0.0,0.0,0.0,0.0,0.0,0.0,0.0,0.0,0.0,0.0,0.0,0.0,-1.8367470064847486e-19,-5.453741555903952e-19,-3.7555675372717e-20,-1.9928270582836776e-19,-7.974725091137785e-20,-0.38258999999999993,-1.6875389974302382e-17,-5.362230070458635e-17,-2.9868966941024914e-18,-2.4563657849190424e-16,5.2839170332577226e-17,-4.863634561698657e-17,-0.17999999999999997,0.0,0.0
0.04000000000000002,5.7627553294824346e-21,-4.304471601824613e-21,0.25169679194567357,0.9959527330119943,0.08987854919801104,0.0,0.0,-6.076021483664245e-18,2.828353656882859e-18,-1.4746049003930003e-18,2.91692656202385e-19,-2.1531164702386574e-19,-0.39239999999999975,-2.3684757858670008e-17,-7.046215462954325e-17,8.881784197001251e-18,-3.0383068013053555e-16,1.409143817396462e-16,-7.373024501965002e-17,0.0,0.0,0.0,0.0,3.3011514816156455,0.1000855439999999,0.0,0.0,0.0,0.0,0.0,0.0,0.0,0.0,0.0,0.0,0.0,0.0,0.0,0.0,0.0,0.0,0.0,0.0,0.0,0.0,0.0,-2.5699529047513245e-19,-7.212075371908549e-19,-4.8965600602898336e-20,-2.555510575492557e-19,-9.057834427077494e-20,-0.5101199999999997,-2.3684757858670008e-17,-7.091384844858681e-17,-3.876522123066696e-18,-3.2751543798920556e-16,7.045222711010294e-17,-6.484846082264877e-17,-0.17999999999999997,0.0,0.0
0.05000000000000003,9.074966482014378e-21,-6.698523335516239e-21,0.24728229194567358,0.9959527330119943,0.08987854919801104,0.0,0.0,-9.481682137256966e-18,4.414380600136962e-18,-2.304070156864063e-18,3.7556012327703627e-19,-2.664481842321369e-19,-0.4904999999999996,-3.1382304162737753e-17,-8.822572302354577e-17,1.1102230246251566e-17,-3.7801199332376917e-16,1.7629100691117444e-16,-9.216280627456252e-17,0.0,0.0,0.0,0.0,3.244853363115646,0.15638366249999977,0.0,0.0,0.0,0.0,0.0,0.0,0.0,0.0,0.0,0.0,0.0,0.0,0.0,0.0,0.0,0.0,0.0,0.0,0.0,0.0,0.0,-3.3939826790764415e-19,-9.029989223876533e-19,-6.160280312331021e-20,-3.063954658982317e-19,-9.341073399291269e-20,-0.6376499999999994,-3.1382304162737753e-17,-8.878794868344895e-17,-4.872154354434194e-18,-4.0939429748650693e-16,8.806528388762867e-17,-8.106057602831096e-17,-0.17999999999999997,0.0,0.0
0.06000000000000004,1.3191456121861406e-20,-9.632131157992207e-21,0.24188679194567358,0.9959527330119943,0.08987854919801104,0.0,0.0,-1.3641590420657828e-17,6.354173795106348e-18,-3.3178610258842504e-18,4.489377759356378e-19,-3.202777516485276e-19,-0.5885999999999995,-3.730349362740525e-17,-1.0598929141754829e-16,1.3322676295501881e-17,-4.539696633564031e-16,2.116676320827027e-16,-1.1059536752947502e-16,0.0,0.0,0.0,0.0,3.176044551615646,0.22519247399999962,0.0,0.0,0.0,0.0,0.0,0.0,0.0,0.0,0.0,0.0,0.0,0.0,0.0,0.0,0.0,0.0,0.0,0.0,0.0,0.0,0.0,-4.036486077261387e-19,-1.084790307584452e-18,-7.413831073271681e-20,-3.7087663298807254e-19,-1.1626948602396466e-19,-0.7651799999999992,-3.730349362740525e-17,-1.066620489183111e-16,-5.867786585801694e-18,-4.912731569838084e-16,1.056783406651544e-16,-9.727269123397314e-17,-0.17999999999999997,0.0,0.0
0.07000000000000005,1.8192568368867684e-20,-1.3125391550251443e-20,0.23551029194567358,0.9959527330119943,0.08987854919801104,0.0,0.0,-1.8558706928599162e-17,8.647733241791015e-18,-4.471003195113424e-18,5.562051991278617e-19,-3.8153814418593006e-19,-0.6866999999999993,-4.292862361883938e-17,-1.237528598115508e-16,1.5543122344752196e-17,-5.302233928622704e-16,2.470442572542309e-16,-1.0814699805503719e-16,0.0,0.0,0.0,0.0,3.094725047115646,0.30651197849999945,0.0,0.0,0.0,0.0,0.0,0.0,0.0,0.0,0.0,0.0,0.0,0.0,0.0,0.0,0.0,0.0,0.0,0.0,0.0,0.0,0.0,-1.0147339177019538e-18,-5.8353574746660815e-19,-8.573240845039638e-20,-3.913010983842041e-19,-1.515425478853916e-19,-0.892709999999999,-4.292862361883938e-17,-1.2453614915317325e-16,-6.8634188171691916e-18,-5.731520164811098e-16,1.232913974426801e-16,-9.260387571028499e-17,-0.17999999999999997,0.0,0.0
0.08000000000000006,2.4358830743935037e-20,-1.7299242929267073e-20,0.2281527919456736,0.9959527330119943,0.08987854919801104,0.0,0.0,-2.4248426753689105e-17,1.1274511590361143e-17,-5.4037021658304705e-18,6.712398531655817e-19,-4.536616764747111e-19,-0.7847999999999992,-4.7665575190573376e-17,-1.4033219031261984e-16,1.776356839400251e-17,-6.073653007878379e-16,2.6838684100707155e-16,-7.839279608837198e-17,0.0,0.0,0.0,0.0,3.000894849615646,0.4003421759999992,0.0,0.0,0.0,0.0,0.0,0.0,0.0,0.0,0.0,0.0,0.0,0.0,0.0,0.0,0.0,0.0,0.0,0.0,0.0,0.0,0.0,-1.066870361513412e-18,-7.543682328924827e-19,-9.381741111276842e-20,-3.9215426053772233e-19,-2.0750429410433768e-19,-1.020239999999999,-4.7665575190573376e-17,-1.4124514440631207e-16,-7.64703744373011e-18,-6.550308759784112e-16,1.2805465069445171e-16,-6.062922769436947e-17,-0.17999999999999997,0.0,0.0
0.09000000000000007,3.158235187683422e-20,-2.2157706096440023e-20,0.21981429194567362,0.9959527330119943,0.08987854919801104,0.0,0.0,-3.064176392672715e-17,1.4005580853139026e-17,-6.13523264332402e-18,7.780391482979524e-19,-5.173556466352219e-19,-0.882899999999999,-5.32907051820075e-17,-1.5750363976015562e-16,1.9984014443252826e-17,-6.450696197164428e-16,2.7104683841774777e-16,-7.915687749537266e-17,0.0,0.0,0.0,0.0,2.8945539591156466,0.5066830664999991,0.0,0.0,0.0,0.0,0.0,0.0,0.0,0.0,0.0,0.0,0.0,0.0,0.0,0.0,0.0,0.0,0.0,0.0,0.0,0.0,0.0,-1.126354469454748e-18,-9.317662049035478e-19,-1.0463610939486443e-19,-4.0845034083993016e-19,-2.450929524565788e-19,-1.1477699999999988,-5.32907051820075e-17,-1.5853669215031254e-16,-8.536662872694323e-18,-6.983603248984502e-16,1.1354319865759215e-16,-5.917286305211984e-17,-0.17999999999999997,0.0,0.0
0.10000000000000007,3.9863947551116e-20,-2.7638049474449734e-20,0.2104947919456736,0.9959527330119943,0.08987854919801104,0.0,0.0,-3.6639379720666594e-17,1.6764434327916603e-17,-7.018964224552309e-18,8.868020261146886e-19,-5.897522920886112e-19,-0.9809999999999989,-5.9211894646675e-17,-1.7526720815415814e-16,2.220446049250314e-17,-5.6040474567715e-16,2.6787405301201373e-16,-9.758943875028516e-17,0.0,0.0,0.0,0.0,2.775702375615646,0.6255346499999986,0.0,0.0,0.0,0.0,0.0,0.0,0.0,0.0,0.0,0.0,0.0,0.0,0.0,0.0,0.0,0.0,0.0,0.0,0.0,0.0,0.0,-1.1833767947900057e-18,-1.1152642868509168e-18,-1.1748218380818687e-19,-4.2693071522419513e-19,-2.920889059357291e-19,-1.2752999999999985,-5.9211894646675e-17,-1.764107923851747e-16,-9.53229510406182e-18,-6.19616640323825e-16,9.260684485785559e-17,-7.538497825778202e-17,-0.17999999999999997,0.0,0.0
0.11000000000000008,4.920754005520322e-20,-3.3781078783960543e-20,0.20019429194567362,0.9959527330119943,0.08987854919801104,0.0,0.0,-4.1945728654415093e-17,1.957736374069185e-17,-8.080596516566844e-18,9.741004184454848e-19,-6.406278997045719e-19,-1.0790999999999988,-6.454096516487577e-17,-1.924386576016939e-16,2.4424906541753456e-17,-5.084564993987093e-16,2.8980875571132115e-16,-1.0799087280160139e-16,0.0,0.0,0.0,0.0,2.6443400991156465,0.7568969264999985,0.0,0.0,0.0,0.0,0.0,0.0,0.0,0.0,0.0,0.0,0.0,0.0,0.0,0.0,0.0,0.0,0.0,0.0,0.0,0.0,0.0,-1.785648184778049e-18,-6.085170997856217e-19,-1.2855532372413344e-19,-4.685779691684492e-19,-3.1576793015311517e-19,-1.4028299999999987,-6.454096516487577e-17,-1.9370234012917518e-16,-1.0421920533026027e-17,-5.729974645635851e-16,9.737009810962725e-17,-8.356596625984794e-17,-0.17999999999999997,0.0,0.0
0.12000000000000009,5.930788350459411e-20,-4.0442957094760347e-20,0.18891279194567365,0.9959527330119943,0.08987854919801104,0.0,0.0,-4.669801373413068e-17,2.2472437174302145e-17,-9.011734234749532e-18,1.0474726068722475e-18,-6.92955111324443e-19,-1.1771999999999987,-7.075821410277667e-17,-2.1020222599569643e-16,2.664535259100377e-17,-4.491951729376914e-16,2.994857738313412e-16,-7.984289627565541e-17,0.0,0.0,0.0,0.0,2.5004671296156467,0.9007698959999981,0.0,0.0,0.0,0.0,0.0,0.0,0.0,0.0,0.0,0.0,0.0,0.0,0.0,0.0,0.0,0.0,0.0,0.0,0.0,0.0,0.0,-7.4713161251364865e-19,-2.1582498890377246e-18,-1.3925256644771116e-19,-5.330662397596799e-19,-3.3391938247563164e-19,-1.530359999999998,-7.075821410277667e-17,-2.1157644036403732e-16,-1.1417552764393523e-17,-5.19953387040468e-16,8.928354783564478e-17,-5.319754368465164e-17,-0.17999999999999997,0.0,0.0
0.1300000000000001,7.035978449125788e-20,-4.7671468273272487e-20,0.17665029194567367,0.9959527330119943,0.08987854919801104,0.0,0.0,-5.093496118368712e-17,2.5457175361755038e-17,-9.886263749373455e-18,1.1570926336568896e-18,-7.511052208627876e-19,-1.2752999999999985,-7.579122514774405e-17,-2.2678155649676543e-16,2.8865798640254083e-17,-4.0396788789536113e-16,2.951287505326737e-16,-9.666923208984866e-17,0.0,0.0,0.0,0.0,2.3440834671156465,1.0571535584999978,0.0,0.0,0.0,0.0,0.0,0.0,0.0,0.0,0.0,0.0,0.0,0.0,0.0,0.0,0.0,0.0,0.0,0.0,0.0,0.0,0.0,-1.8965210244394964e-18,-9.634165660757211e-19,-1.496238213714682e-19,-5.409584173422003e-19,-3.689614419459501e-19,-1.657889999999998,-7.579122514774405e-17,-2.282854356171761e-16,-1.2201171390954448e-17,-4.797591130431052e-16,6.834719403590827e-17,-6.780343344959458e-17,-0.17999999999999997,0.0,0.0
0.1400000000000001,8.245620571666111e-20,-5.55562738808957e-20,0.16340679194567367,0.9959527330119943,0.08987854919801104,0.0,0.0,-5.4742790100789387e-17,2.857249618941366e-17,-1.0938693974783628e-17,1.2490605562406307e-18,-8.172946261977148e-19,-1.3733999999999984,-8.23045335588783e-17,-2.4454512489076795e-16,3.10862446895044e-17,-3.701101090126183e-16,3.1765557217844785e-16,-1.0707066614116489e-16,0.0,0.0,0.0,0.0,2.175189111615647,1.2260479139999974,0.0,0.0,0.0,0.0,0.0,0.0,0.0,0.0,0.0,0.0,0.0,0.0,0.0,0.0,0.0,0.0,0.0,0.0,0.0,0.0,0.0,-8.621863740947496e-19,-2.5122698896070523e-18,-1.6194118772947956e-19,-5.812722335293591e-19,-4.023795089249799e-19,-1.7854199999999978,-8.23045335588783e-17,-2.461595358520383e-16,-1.3196803622321938e-17,-4.524146425714966e-16,7.31104472876799e-17,-7.598442145166049e-17,-0.17999999999999997,0.0,0.0
0.1500000000000001,9.530629261403126e-20,-6.402388070733644e-20,0.1491822919456737,0.9959527330119943,0.08987854919801104,0.0,0.0,-5.819125538688097e-17,3.1797437001798235e-17,-1.1873479429887704e-17,1.320960101772502e-18,-8.771281525683464e-19,-1.4714999999999983,-8.585724723767881e-17,-2.6230869328477047e-16,3.3306690738754713e-17,-3.2636312133645504e-16,3.3375749206134495e-16,-8.856004225953446e-17,0.0,0.0,0.0,0.0,1.9937840631156472,1.407452962499997,0.0,0.0,0.0,0.0,0.0,0.0,0.0,0.0,0.0,0.0,0.0,0.0,0.0,0.0,0.0,0.0,0.0,0.0,0.0,0.0,0.0,-1.9964607256066078e-18,-1.3287839116993631e-18,-1.7286080114020623e-19,-6.476749398839496e-19,-4.550773049810231e-19,-1.912949999999998,-8.585724723767881e-17,-2.640336360869004e-16,-1.4192435853689434e-17,-4.1222036857413387e-16,7.144879877657448e-17,-5.5253351520779746e-17,-0.17999999999999997,0.0,0.0
0.16000000000000011,2.064038492982686e-06,0.0006355934508687419,0.1353447866353504,0.9961605491884367,0.08754518947648182,5.491196151986213e-06,-3.1569185821502256e-06,0.004685192701494781,-1.0369959082541104e-05,7.276188039004104e-06,0.0008916934838151421,0.3193257813246855,-0.8839919131264182,-2.3550353924743384,0.004440131548992605,-0.003169653984577833,2.3550353924743384,-0.004440131548993171,0.003169653984578487,2.0,175.1531986593581,-0.0037473694284287096,0.004106933583648301,1.817016530089447,0.6250120293509022,0.0,0.0,-0.6307096170890936,0.0,0.0,0.0,0.0,0.0,0.0,0.0,0.0,0.0,0.0,0.0,0.0,0.0,0.0,0.0,0.0,0.0,0.0,-0.025498233779279306,-4.067412547032438e-05,-0.00015931131270187064,0.0012200201691765662,0.4369423225260254,-1.1644942934248734,-2.3550353930144703,0.004937464862580055,-0.0023195627237385377,0.0,-5.663872149064275e-16,6.539907504432563e-16,-0.1753148072959686,-1.0996469377320204e-05,6.32193015045572e-06
0.17000000000000012,9.231823002219357e-06,0.005821609798603066,0.13020141141449035,0.9976615345275586,0.0683480925177156,2.306292312278341e-05,-1.5537339352280035e-05,0.04319716197596292,-4.296764929204625e-05,3.540801766619715e-05,0.00032521479140572594,0.630350526458675,-0.3313388746049686,-4.716882156528519,0.0009829482318769686,-0.0017312703268233887,4.71688215652852,-0.0009829482318777251,0.00173127032682443,2.0,26.9987375335395,-0.0050483976641476636,0.004489204967655187,1.7489044185573226,0.4886588699875638,0.0,0.0,-0.8516074333741991,0.0,0.0,0.0,0.0,0.0,0.0,0.0,0.0,0.0,0.0,0.0,0.0,0.0,0.0,0.0,0.0,0.0,0.0,-0.05107039156119749,-0.00018394672117398242,-0.00027633818262374365,0.0004441246398845435,0.8619717129524547,-0.46298654246555626,-4.716882191653625,0.0013412315834321355,-0.0013539645713765902,8.881784197001252e-16,-7.56556275960385e-16,1.0412677664550785e-15,-0.1368028379066968,-4.616183447698945e-05,3.1098923738952496e-05
0.18000000000000013,9.512926862432758e-06,0.012371714941768417,0.12693048066993298,0.9990495171030751,0.04358969578329593,2.046108184225364e-05,-1.9467318069150145e-05,0.09279297665648009,-3.6348588496760605e-05,4.40950004905386e-05,-0.00012516366690181193,0.6622836972051993,-0.3566907217122607,-5.076055306044766,-0.0015454094017026234,-0.000538831973211193,5.076055306044767,0.0015454094017018937,0.0005388319732122875,2.0,0.38787144918939487,-0.0030701974906877094,0.010265874466415076,1.7037581800784787,0.5508522928528302,0.0,0.0,-0.8344594833325321,0.0,0.0,0.0,0.0,0.0,0.0,0.0,0.0,0.0,0.0,0.0,0.0,0.0,0.0,0.0,0.0,0.0,0.0,-0.05495927703021941,-0.0002413239108232843,-0.0002757208051320138,-0.00017070435567417423,0.9049544153471218,-0.5006032680099503,-5.076055381931289,-0.001304214330785964,-0.0004552435878182374,8.881784197001252e-16,-7.296680620827445e-16,1.0945020931241167e-15,-0.08720702291234196,-4.0935133888052975e-05,3.894697639869279e-05
0.19000000000000014,8.226569891456046e-06,0.018998913051820013,0.12288615637060431,0.9998348252478865,0.01817474521931016,1.5249388855970885e-05,-2.500395399740897e-05,0.14364850722117814,-2.4479605516510116e-05,5.567446842396426e-05,-0.00013522270950162382,0.663409842780335,-0.4525426700544842,-5.08762696150834,-0.0006868606821549256,-0.0017778892163029443,5.087626961508342,0.0006868606821540809,0.0017778892163040395,2.0,0.06458817686659503,-0.0013995530397597211,0.03486804375015696,1.6484450771932917,0.6062792281994052,0.0,0.0,-0.8343341354798287,0.0,0.0,0.0,0.0,0.0,0.0,0.0,0.0,0.0,0.0,0.0,0.0,0.0,0.0,0.0,0.0,0.0,0.0,-0.05508458382300952,-0.00024529424152107686,-0.0002772193778350131,-0.00016620838704281185,0.9045717254155479,-0.6274954070701965,-5.087627040102729,-0.00037023277070962585,-0.0016419127556247316,1.7763568394002505e-15,-8.447019125834565e-16,1.0952610346448566e-15,-0.03635149191021553,-3.0500457032244267e-05,5.001066152467983e-05
0.20000000000000015,7.952856665901464e-06,0.025128937281750193,0.11874685677965267,0.9999858685530839,-0.005316083903196395,2.2236366747243965e-05,-3.81000284883249e-05,0.19063221705743566,-3.693864079204675e-05,8.253231704537258e-05,0.00025218017870581123,0.4082420445242581,-0.11350262093913553,-3.082828406865792,0.006275848280640469,-0.0047134736752731535,3.0828284068657936,-0.006275848280641489,0.004713473675274336,2.0,118.49997051593851,-0.00252749087478496,0.038843568924155684,1.592016369375656,0.1814014176226089,0.0,0.0,-1.1554041054558577,0.0,0.0,0.0,0.0,0.0,0.0,0.0,0.0,0.0,0.0,0.0,0.0,0.0,0.0,0.0,0.0,0.0,0.0,-0.03337814843971689,-8.364948604137536e-05,-0.00020011851214772348,0.0004165103369581338,0.5550754314749201,-0.17252666092324676,-3.082828129664963,0.006461017040510542,-0.004644081139383326,1.7763568394002505e-15,-1.0200174038743626e-15,1.182214048878194e-15,0.01063221788931421,-4.4472942983696286e-05,7.620041591769881e-05
0.21000000000000016,7.651656910863622e-06,0.02756842044567398,0.11991112238747638,0.9998939586401318,-0.014562426197348934,4.998794840197827e-05,-6.869801974266962e-05,0.20912588155896153,-9.218582719828888e-05,0.0001438199445737111,-0.0003566693657670509,0.14730570328410356,0.23144676243754705,-1.1440714015537576,0.0028801009560141294,-0.006140704709810958,1.14407140155376,-0.002880100956015169,0.00614070470981205,2.0,23.220505828602096,-0.0035443498271235108,0.00883791106928557,1.6053800929832363,0.05519076933295489,0.0,0.0,-1.27641883672943,0.0,0.0,0.0,0.0,0.0,0.0,0.0,0.0,0.0,0.0,0.0,0.0,0.0,0.0,0.0,0.0,0.0,0.0,-0.012387195783987873,-2.7284287670214708e-05,-0.00012066152168073096,-0.0003912019416185938,0.20032977876354324,0.2914439553077918,-1.1440716197018697,0.002858891139678374,-0.00610989551632,2.4424906541753444e-15,-1.0395330429791017e-15,1.0920084281274e-15,0.029125881918018123,-9.997943081387454e-05,0.00013740089624563603
0.22000000000000017,3.115586133949892e-06,0.02872800322356164,0.1222734669884166,0.9998165334467826,-0.019154381930234037,4.535240314003608e-05,-8.39195354984625e-05,0.21831110407634297,-8.270420527063617e-05,0.00017491441812231206,-0.000489082225345312,0.09728942158877209,0.21966981473460656,-0.7815140036900747,-0.0033310734073289435,-0.001000236110785731,0.7815140036900774,0.003331073407327879,0.0010002361107868298,2.0,5.307457521181191,-0.00224518480344936,0.000958221818798282,1.6347631513679424,0.04001951445150962,0.0,0.0,-1.262243560431201,0.0,0.0,0.0,0.0,0.0,0.0,0.0,0.0,0.0,0.0,0.0,0.0,0.0,0.0,0.0,0.0,0.0,0.0,-0.008461790439694658,-7.499509865871544e-05,-4.5834825110522396e-05,-0.0006540012159030413,0.13247733346544213,0.2791107051918447,-0.7815146365870628,-0.0032344375369402303,-0.0008035546171030685,2.6645352591003757e-15,-1.0646865333807654e-15,1.0989473220313073e-15,0.03831110682469905,-9.071035378657656e-05,0.00016784933603552918
0.23000000000000018,-1.3280387463063974e-06,0.02960866692705672,0.12414696680273629,0.9997424594095348,-0.022693758893124093,2.837643700470997e-05,-8.576626749384847e-05,0.22539140872538235,-4.823809237504347e-05,0.00017959301748882807,-0.00037334368026009423,0.07946135533791958,0.15414602146544137,-0.6375229721107183,-0.0030890335950516296,-0.00018769255534459788,0.637522972110721,0.0030890335950505225,0.00018769255534569593,2.0,4.412313439654235,-0.001180872885616413,6.330925329032712e-05,1.6580801893253656,0.021338454848160236,0.0,0.0,-1.2575826163160528,0.0,0.0,0.0,0.0,0.0,0.0,0.0,0.0,0.0,0.0,0.0,0.0,0.0,0.0,0.0,0.0,0.0,0.0,-0.0069027237657779145,-6.510423498753994e-05,-3.0228453692243865e-05,-0.000507997445197163,0.10816289269923324,0.1950882284789355,-0.6375234988397778,-0.0029842196512344515,-1.3641509406351737e-05,2.6645352591003757e-15,-1.1071872585421971e-15,1.0980528552390068e-15,0.045391414563725974,-5.675774656760391e-05,0.00017154726203494805
0.24000000000000019,-4.207450450612972e-06,0.030304332438242113,0.12538226360656426,0.9996755421833582,-0.025471606204511905,1.64089305867745e-05,-8.584006972313616e-05,0.2309487148299004,-2.3839203521812487e-05,0.00018045050406261779,-0.0002059143894660551,0.058619725158693174,0.0949112847399292,-0.4656438029722428,-0.001801987172760422,-3.44909526866678e-06,0.46564380297224556,0.0018019871727593137,3.449095269757092e-06,2.0,5.997253433656683,-0.0005766381410095556,0.00011415695815319904,1.6733792137963863,0.009110656626911564,0.0,0.0,-1.2545119559667077,0.0,0.0,0.0,0.0,0.0,0.0,0.0,0.0,0.0,0.0,0.0,0.0,0.0,0.0,0.0,0.0,0.0,0.0,-0.005041686838876586,-4.2683846407157644e-05,-2.0715743076464723e-05,-0.0002815787683028297,0.07973695883189079,0.11948904295410441,-0.46564410374622883,-0.0017195194308621863,0.0001015648453969477,2.7755575615628914e-15,-1.1082714607146826e-15,1.0903118211340497e-15,0.05094872276533871,-3.2821410971451555e-05,0.00017169870951077757
0.25000000000000017,-5.494173675620977e-06,0.030760386592814385,0.1260843122835142,0.9996281291170331,-0.027268958614864752,1.0506970273123821e-05,-8.522701450947496e-05,0.2345446696362296,-1.1700179126095277e-05,0.00017959146698293943,-5.877227047220239e-05,0.031639816762124205,0.047280368028193166,-0.24648192279923448,-0.0006931147952883077,0.00017763290158805464,0.2464819227992373,0.0006931147952871957,-0.0001776329015869914,2.0,7.411290879108433,-0.00028130414258040193,0.0005539443087396046,1.6820366916853864,0.0023966546402491152,0.0,0.0,-1.252567726161896,0.0,0.0,0.0,0.0,0.0,0.0,0.0,0.0,0.0,0.0,0.0,0.0,0.0,0.0,0.0,0.0,0.0,0.0,-0.002668722841015698,-1.97033041625698e-05,-9.116277311477428e-06,-8.30852801694439e-05,0.0429949061623311,0.059393513997752605,-0.24648203231016438,-0.0006402604105047687,0.0002191876655217242,2.831068712794149e-15,-1.1120661683183819e-15,1.063249965502222e-15,0.05454467858995987,-2.1016545757981237e-05,0.00017047516112577498
0.2600000000000002,-5.627911608532881e-06,0.030922017952675053,0.126355892877171,0.999611237048371,-0.027881313590670902,8.765636400805213e-06,-8.391809656815403e-05,0.23576984521792058,-8.04275950112917e-06,0.00017708549138963482,1.995960593304314e-05,0.00014359733672538708,0.008032340007921187,0.005274800203683624,-0.00012726355747147964,0.00030997681793447325,-0.005274800203680619,0.00012726355747041685,-0.0003099768179334114,2.0,8.21363569015725,-0.00014799428970929673,0.0008484779479249974,1.6853991283793854,4.2462240697745265e-05,0.0,0.0,-1.2515581015340875,0.0,0.0,0.0,0.0,0.0,0.0,0.0,0.0,0.0,0.0,0.0,0.0,0.0,0.0,0.0,0.0,0.0,0.0,5.7119882105162047e-05,-9.096521019360383e-07,3.664713358940543e-06,2.244388012614543e-05,0.00014942922087518478,0.010487405326862403,0.005274785722368682,-0.00011067482958058636,0.00031652092299032044,3.0054084221298183e-15,-1.0627891795789157e-15,1.061867607732303e-15,0.05576985445307704,-1.7533544991405032e-05,0.00016785794601697595
0.2700000000000002,-5.277975726719311e-06,0.030755789461802633,0.1262584575676925,0.9996302958273722,-0.027189425023656334,8.666291372273163e-06,-8.219402214546159e-05,0.23438554318012175,-7.863122272024326e-06,0.00017362911590946441,4.382602653430608e-05,-0.03362996701658028,-0.027098952596607044,0.27342606629612765,4.939996866259723e-05,0.00037225112770645526,-0.2734260662961243,-4.939996866363256e-05,-0.0003722511277053922,2.0,8.553749987365936,-8.87113274453677e-05,0.0009483824238076886,1.6842709908633733,0.0016278335714826717,0.0,0.0,-1.2510999143580777,0.0,0.0,0.0,0.0,0.0,0.0,0.0,0.0,0.0,0.0,0.0,0.0,0.0,0.0,0.0,0.0,0.0,0.0,0.00296044527414076,1.4456507141241172e-05,1.6668103534484334e-05,5.408076088203013e-05,-0.04578127414347991,-0.03292611566929347,0.2734260787685906,2.4501818210505664e-05,0.0003655001047050977,3.3306690738754696e-15,-1.0353317595607203e-15,1.063060230122037e-15,0.05438555240106682,-1.7334719036522455e-05,0.000164408305602533
0.2800000000000002,-4.830183953916758e-06,0.030246393851619726,0.12581881818344526,0.9996840726947493,-0.025134603141413678,8.876841799201312e-06,-8.029048990778893e-05,0.23027449161644944,-8.516633976465366e-06,0.00016976745716296124,4.349864393614695e-05,-0.0683316141690904,-0.06072096941851739,0.549785584747959,6.745449209345272e-05,0.00039591690447169606,-0.5497855847479554,-6.74544920945674e-05,-0.00039591690447064195,2.0,8.642199111193143,-6.160679909580913e-05,0.0009048401378261225,1.6790032719116468,0.00708750568902339,0.0,0.0,-1.2509074602361336,0.0,0.0,0.0,0.0,0.0,0.0,0.0,0.0,0.0,0.0,0.0,0.0,0.0,0.0,0.0,0.0,0.0,0.0,0.005952632520669968,2.8398578682672353e-05,2.9837238101659644e-05,5.3312751235548595e-05,-0.0929996607632851,-0.0743242024364541,0.5497855969959838,-1.2371450550567945e-06,0.0003844882276744431,3.6637359812630166e-15,-1.1146818060595032e-15,1.0541155621990317e-15,0.05027450075686033,-1.7755553459173303e-05,0.0001605978925916229
0.2900000000000002,-4.432197866409655e-06,0.029388462415936956,0.12504423815848476,0.9997648496377883,-0.021684999742634194,8.927922618604106e-06,-7.832740909367678e-05,0.2233733902226069,-9.071724283061537e-06,0.00016576547072811007,3.5578383905410226e-05,-0.10325063785405846,-0.09426564069610596,0.8311483149129469,4.100828505010089e-05,0.00040275645759131195,-0.8311483149129429,-4.1008285051218447e-05,-0.0004027564575902596,2.0,8.587074301833102,-4.781525100633344e-05,0.0007461779164345847,1.669691348786319,0.016481557751556616,0.0,0.0,-1.2508250892172235,0.0,0.0,0.0,0.0,0.0,0.0,0.0,0.0,0.0,0.0,0.0,0.0,0.0,0.0,0.0,0.0,0.0,0.0,0.00899898704994586,4.189346147695108e-05,4.331381648093225e-05,4.24608891809447e-05,-0.14057724958559137,-0.11561455981292754,0.8311483195467633,-7.20614383026249e-05,0.0003885856572211381,3.9968028886505635e-15,-1.1175549418165898e-15,1.0523266286144306e-15,0.04337339929541989,-1.7857244971693374e-05,0.0001566670984881946
0.3000000000000002,-4.121905951941851e-06,0.02818206107653032,0.1239308389227701,0.9998585609128592,-0.016818212231204253,8.719489090178843e-06,-7.635824401369338e-05,0.21363800135235222,-9.329363300081848e-06,0.00016173521893483145,2.652740052940671e-05,-0.13796884888089245,-0.12860274361793655,1.1165989183681955,1.13833487223635e-05,0.0004025192893020032,-1.1165989183681906,-1.1383348723562055e-05,-0.00040251928930096795,2.0,8.437303808473128,-3.8860881805893865e-05,0.0004801303678546337,1.6562850121037347,0.029937243013847835,0.0,0.0,-1.2507756281709463,0.0,0.0,0.0,0.0,0.0,0.0,0.0,0.0,0.0,0.0,0.0,0.0,0.0,0.0,0.0,0.0,0.0,0.0,0.01208960091546664,5.522870274302376e-05,5.726282512841713e-05,3.017435034680018e-05,-0.1879836010671598,-0.157955603270656,1.1165989149647737,-0.00014591213361521603,0.0003853070443293622,4.884981308350689e-15,-1.198555008496624e-15,1.035250444397784e-15,0.03363801038719047,-1.7439800411260952e-05,0.0001527236884616436
0.3100000000000002,-3.898974141891738e-06,0.026630774896847724,0.12246747395176942,0.9999447280142194,-0.010513577490422935,8.26997492079069e-06,-7.440784696381312e-05,0.20102753336984233,-9.325209159693296e-06,0.00015772674178944886,1.8226391857914072e-05,-0.17218059096136515,-0.16434960708976246,1.4062257880089732,-1.0814664358498299e-05,0.0003986860625191901,-1.4062257880089684,1.081466435720516e-05,-0.00039868606251817974,2.0,8.214625453899458,-3.091377093118741e-05,0.00010340194166125701,1.638639050469767,0.04763746902385194,0.0,0.0,-1.250721315127716,0.0,0.0,0.0,0.0,0.0,0.0,0.0,0.0,0.0,0.0,0.0,0.0,0.0,0.0,0.0,0.0,0.0,0.0,0.01522543184628796,6.83948960048106e-05,7.184785155037136e-05,1.8950342573815777e-05,-0.23484235800489806,-0.20217061207093245,1.4062257778556437,-0.00021193093772481372,0.0003777678555608669,4.884981308350689e-15,-1.2931397895847227e-15,1.0103680045392416e-15,0.021027542393614825,-1.654025458027629e-05,0.00014881843576788477
0.32000000000000023,-3.754053056721499e-06,0.02474106405991774,0.12063746603550136,0.9999962190487495,-0.002748922552407192,7.620267321377568e-06,-7.249093929001623e-05,0.18549784300036182,-9.13919418800639e-06,0.0001537705352643187,1.090434279131013e-05,-0.20560672672611305,-0.2020097062119871,1.7005497703838937,-2.5268445384577264e-05,0.00039208519841167335,-1.7005497703838885,2.5268445383240735e-05,-0.000392085198410683,2.0,7.928826099112234,-2.2240455185507102e-05,0.0004848635597711987,1.616535784127524,0.06981880097221735,0.0,0.0,-1.2506432338365816,0.0,0.0,0.0,0.0,0.0,0.0,0.0,0.0,0.0,0.0,0.0,0.0,0.0,0.0,0.0,0.0,0.0,0.0,0.018412119160750376,8.127725234781276e-05,8.722981290315252e-05,9.078219984096108e-06,-0.2808150043529747,-0.24893344596419356,1.7005497547832673,-0.00026973166088426734,0.0003669787483621099,5.10702591327572e-15,-1.3365298993407715e-15,9.90364474456884e-16,0.005497852033852974,-1.5240553850690365e-05,0.00014498206130344725
0.33000000000000024,-3.8046319465141202e-06,0.02310562061339934,0.11925960153519626,0.9999941045944386,0.003433221924600456,1.8896197486412345e-05,-5.836536144080923e-05,0.17313353550455723,-3.263084250743622e-05,0.0001254714869475023,-0.00011902911773158677,-0.07450613849709012,-0.014914269796217041,0.28675509839091523,0.005481911626675629,0.00716202429780551,-0.2867550983909126,-0.005481911626676969,-0.00716202429780444,2.0,32.01915058315422,-0.0015661207877529087,0.04094735470328298,1.5999317260145445,0.004336961354694881,0.0,0.0,-1.3543513146175852,0.0,0.0,0.0,0.0,0.0,0.0,0.0,0.0,0.0,0.0,0.0,0.0,0.0,0.0,0.0,0.0,0.0,0.0,0.0031053716665489974,7.282811816197551e-05,9.231741106933476e-05,-0.00016835600220206545,-0.09911012101365631,-0.017153776160830952,0.2867560046456577,0.005399169268833695,0.007188544440582679,2.609024107869118e-15,-1.3400738851920835e-15,1.0694570229397016e-15,-0.006866457342723154,-3.779246924016501e-05,0.00011673095227381041
0.34000000000000025,-6.891171119257133e-06,0.022817234424822096,0.11946059898750402,0.9999969845492601,0.002455350305227462,4.51174242858367e-05,-1.0568048592979224e-05,0.17508929242586735,-8.533905185201222e-05,3.0128567897089966e-05,-0.0004698206125637072,0.0005409252011734696,0.025133878774700018,-0.5063472287358051,0.004483039560695945,0.011195512219839924,0.5063472287358065,-0.004483039560697295,-0.011195512219838819,2.0,8.643809842317262,-0.0011380701837514218,0.061582803869986505,1.6023383771608386,0.001712409610072378,0.0,0.0,-1.3550200166242372,0.0,0.0,0.0,0.0,0.0,0.0,0.0,0.0,0.0,0.0,0.0,0.0,0.0,0.0,0.0,0.0,0.0,0.0,-0.005481510445027874,2.3802220390438226e-05,9.712059484614912e-05,-0.00066474669398408,0.00486356410868126,0.0286077863147603,-0.5063461211730577,0.004438597838505861,0.011263108284323071,1.4432899320127035e-15,-1.3504822260479443e-15,1.1050188541972261e-15,-0.004910705546452807,-9.023493927136308e-05,2.113611843093737e-05
0.35000000000000026,-1.247559117533097e-05,0.022928175582160502,0.11967460294995351,0.9999997474382691,0.0007092124548174439,4.271123667508564e-05,1.7800046699353022e-05,0.17858157583508097,-8.064086331301756e-05,-2.6438622677320492e-05,-0.0005273287482572443,0.01235114445417272,0.018541409709187634,-0.18072741582449542,-0.0031236387165843927,0.0017273018407092263,0.180727415824497,0.0031236387165830496,-0.0017273018407081198,4.0,11.873437683587937,-0.0005057346895528669,0.009529929196642155,1.6047947482918945,0.000493063909058028,0.0,0.0,-1.3537958120030193,0.0,0.0,0.0,0.0,0.0,0.0,0.0,0.0,0.0,0.0,0.0,0.0,0.0,0.0,0.0,0.0,0.0,0.0,-0.0019568271495310286,-4.271580976741727e-05,9.757234496803196e-06,-0.0007245081784984568,0.01751813801687765,0.022685077541851374,-0.1807271564440548,-0.0031325304772567755,0.0017383030621594495,1.582067810090848e-15,-1.3431096512750429e-15,1.1065367372387058e-15,-0.0014184250290481834,-8.54224805416546e-05,-3.560009639578009e-05
0.36000000000000026,-1.6902298777410888e-05,0.023013383151891224,0.11981900325691391,0.9999999805390707,0.00019425099729163765,2.6959889617569586e-05,2.1484240674278666e-05,0.17961149977437346,-4.91621376977673e-05,-3.3782549380417965e-05,-0.00034871655414772266,0.005101668792099562,0.010624001577968663,-0.051352412340105645,-0.0027331599074262546,0.0002287547345019454,0.05135241234010734,0.002733159907424843,-0.00022875473450084753,4.0,11.930771510875234,-0.00023407726185314948,0.001084666690132691,1.6065580012564062,0.00010279231665068815,0.0,0.0,-1.352425144623259,0.0,0.0,0.0,0.0,0.0,0.0,0.0,0.0,0.0,0.0,0.0,0.0,0.0,0.0,0.0,0.0,0.0,0.0,-0.0005561216018923125,-3.213298464796104e-05,-1.6840825078028338e-07,-0.0004770655396249712,0.007044968825362881,0.013422409654830093,-0.05135228247063531,-0.002735455643036516,0.00023046135774597962,1.6930901125533637e-15,-1.4116312285761268e-15,1.0978631198588218e-15,-0.00038850199710347864,-5.391977958491551e-05,-4.296848162729286e-05
0.3700000000000003,-1.953814863749629e-05,0.023044128957231312,0.1198968858738797,0.9999999984239033,4.89869748918299e-05,1.63888642593107e-05,2.1997164844844965e-05,0.17990202830548127,-2.802654042305647e-05,-3.48043375103134e-05,-0.00018902682279132687,0.0016267451724573318,0.0054452585686241535,-0.014341877644238244,-0.0015393844224211803,3.561470237761162e-05,0.014341877644239937,0.0015393844224196897,-3.561470237652007e-05,4.0,12.275034705335825,-0.0001188035149995853,9.811248141261099e-05,1.6075301019559272,2.1784826625984717e-05,0.0,0.0,-1.3515336224476135,0.0,0.0,0.0,0.0,0.0,0.0,0.0,0.0,0.0,0.0,0.0,0.0,0.0,0.0,0.0,0.0,0.0,0.0,-0.00015535477533080609,-1.737823270700355e-05,-3.9285152619598405e-07,-0.00025834327996246935,0.0022297981423684008,0.006976427875996055,-0.01434180873349485,-0.001540018887151571,3.593394476800824e-05,1.6930901125533637e-15,-1.4905611467330715e-15,1.0915476422040937e-15,-9.797394983513193e-05,-3.277772853584169e-05,-4.399432971280303e-05
0.3800000000000003,-2.090136760482082e-05,0.023053508039843972,0.11993596088646162,0.9999999996597485,8.707267418266357e-06,1.0816796622826057e-05,2.2083572683033887e-05,0.17998258796855435,-1.6884186035784003e-05,-3.497633764858688e-05,-9.329793843180965e-05,0.0004712669045632744,0.0026773889506780777,-0.00392732063657227,-0.0007644137307270024,6.926366108997977e-06,0.00392732063657392,0.0007644137307254283,-6.926366107906788e-06,4.0,12.505538247264791,-6.872485381066717e-05,2.594496037977904e-06,1.6080229781107513,4.844599098185994e-06,0.0,0.0,-1.3510570682229004,0.0,0.0,0.0,0.0,0.0,0.0,0.0,0.0,0.0,0.0,0.0,0.0,0.0,0.0,0.0,0.0,0.0,0.0,-4.2558565255382826e-05,-8.471294318958296e-06,-1.552117756372935e-07,-0.00012745997824838544,0.0006441211200062832,0.003455303062256675,-0.0039272867201494595,-0.0007645873097628255,6.9980143784098225e-06,1.6497220256539435e-15,-1.5740447140144553e-15,1.0911893472674052e-15,-1.7414534838507815e-05,-2.1633593248105728e-05,-4.416714537107707e-05
0.3900000000000003,-2.155796442400175e-05,0.02305615740332795,0.11995499465998861,0.9999999997203189,-2.200372487293566e-06,8.125967820135827e-06,2.2101797419203474e-05,0.1800044033676103,-1.1503010514676113e-05,-3.5012592880010036e-05,-4.3796813836780606e-05,0.00012840939366957365,0.0012921497985600874,-0.00104193712732268,-0.00035892593954195596,1.6468991514004908e-06,0.0010419371273243721,0.0003589259395402986,-1.6468991503094941e-06,4.0,12.630589935298042,-4.748361324306838e-05,3.7184132744207356e-06,1.608264426085893,1.098010199213254e-06,0.0,0.0,-1.3508189853908623,0.0,0.0,0.0,0.0,0.0,0.0,0.0,0.0,0.0,0.0,0.0,0.0,0.0,0.0,0.0,0.0,0.0,0.0,-1.129861344083344e-05,-3.937854800761394e-06,-5.093340708284135e-08,-5.982089853728429e-05,0.00017528073241715185,0.001674330658769597,-0.0010419212335723504,-0.0003589719892689931,1.6654121602392635e-06,1.6922227508153753e-15,-1.6573656509699664e-15,1.0909966472719048e-15,4.4007449749974e-06,-1.6251935641786773e-05,-4.420359484252791e-05
0.4000000000000003,-2.186189264247434e-05,0.023056861809684637,0.1199641394185943,0.9999999997192814,-5.03975417164453e-06,6.880869859888974e-06,2.21063794882214e-05,0.18001008218609066,-9.01294008537865e-06,-3.5021704753875255e-05,-1.9962516583096787e-05,3.273454180636061e-05,0.0006179919179886978,-0.0002615631228268986,-0.00016348637185198148,4.4447656753054455e-07,0.0002615631228285586,0.0001634863718502279,-4.4447656643953885e-07,4.0,12.693711818905681,-3.872150394548801e-05,1.4617467440565412e-06,1.608380798939156,2.493292957980689e-07,0.0,0.0,-1.350703260652739,0.0,0.0,0.0,0.0,0.0,0.0,0.0,0.0,0.0,0.0,0.0,0.0,0.0,0.0,0.0,0.0,0.0,0.0,-2.8399282148709004e-06,-1.7830703813560206e-06,-1.6056049511577196e-08,-2.726282181423096e-05,4.4650899249917214e-05,0.0008026048762990788,-0.00026155588823491987,-0.0001634979316128098,4.497240018758169e-07,1.6600219462925558e-15,-1.7535885937780549e-15,1.0910056999365286e-15,1.0079508344232226e-05,-1.3761739721065672e-05,-4.4212758980579905e-05
0.4100000000000003,-2.199919523591234e-05,0.02305703493915718,0.1199685031461827,0.999999999719258,-5.7279008843861615e-06,6.31879343985474e-06,2.2107654033263993e-05,0.18001145850438433,-7.88881765760072e-06,-3.5024238629170144e-05,-8.92673491660842e-06,7.483947683868827e-06,0.0002942109712617091,-5.896285504680894e-05,-7.305767390803374e-05,1.2820267052891463e-07,5.896285504852663e-05,7.305767390628028e-05,-1.282026694379612e-07,4.0,12.724585016797747,-3.4388039862526254e-05,4.6024094420181204e-07,1.608436429764761,5.644235376904343e-08,0.0,0.0,-1.3506477229715719,0.0,0.0,0.0,0.0,0.0,0.0,0.0,0.0,0.0,0.0,0.0,0.0,0.0,0.0,0.0,0.0,0.0,0.0,-6.419543308835479e-07,-7.939304697140006e-07,-5.094196207500389e-09,-1.2190261880501737e-05,1.0201835854599933e-05,0.00038258702317503507,-5.895962309147864e-05,-7.306027941965756e-05,1.2978474746472084e-07,1.7176879493416286e-15,-1.7534530685064942e-15,1.0909534221218152e-15,1.1455801769844362e-05,-1.2637586880892111e-05,-4.4215308070665674e-05
0.4200000000000003,-2.2060208172832155e-05,0.023057071674122586,0.11997057816855887,0.9999999997199631,-5.871447442330143e-06,6.069182644355742e-06,2.210802791284586e-05,0.18001174560854147,-7.38960240941569e-06,-3.502498170503075e-05,-3.936941280105973e-06,1.326921013064486e-06,0.00013973195248895225,-1.0155995747996504e-05,-3.220281317603773e-05,3.841841101912007e-08,1.0155995749707768e-05,3.220281317423935e-05,-3.841840992817009e-08,4.0,12.739456120076731,-3.2287564497829324e-05,1.3725281356890767e-07,1.6084629091718272,1.2734478833764405e-08,0.0,0.0,-1.3506212388654548,0.0,0.0,0.0,0.0,0.0,0.0,0.0,0.0,0.0,0.0,0.0,0.0,0.0,0.0,0.0,0.0,0.0,0.0,-1.1152843161080677e-07,-3.491673644828893e-07,-1.6639412183947934e-09,-5.375954981770383e-06,1.806543296743238e-06,0.00018182791494827724,-1.0154571387313964e-05,-3.220326174853555e-05,3.891983644470155e-08,1.711264051469652e-15,-1.7983796960288623e-15,1.090949981050467e-15,1.1742894885756433e-05,-1.2138365289844547e-05,-4.421605582981909e-05
0.4300000000000003,-2.2086981733092378e-05,0.02305707675231409,0.11997156306117353,0.9999999997205089,-5.8902100552362965e-06,5.9597052389855335e-06,2.2108141423140033e-05,0.1800117831386093,-7.170648427023322e-06,-3.5025207211097596e-05,-1.7167531056666158e-06,4.17468892895628e-08,6.627963037491976e-05,-1.4088581394037594e-07,-1.4036019044189852e-05,1.1878028446563662e-08,1.4088581561307996e-07,1.4036019042269424e-05,-1.1878027355613933e-08,4.0,12.746563342806411,-3.128090127656191e-05,4.306645404628193e-08,1.6084754837456627,2.865997070874459e-09,0.0,0.0,-1.3506086509436261,0.0,0.0,0.0,0.0,0.0,0.0,0.0,0.0,0.0,0.0,0.0,0.0,0.0,0.0,0.0,0.0,0.0,0.0,-2.2090964118621677e-09,-1.5197637731558547e-07,-5.675181566958228e-10,-2.344160942921708e-06,5.548940720916429e-08,8.62746818783959e-05,-1.402650506432847e-07,-1.4036025119000952e-05,1.2045054259692017e-08,1.6727040147464228e-15,-1.9204286733987344e-15,1.0909497295875608e-15,1.1780420111570099e-05,-1.191941047908152e-05,-4.421628285039941e-05
0.44000000000000034,-2.2098604025267487e-05,0.023057075984370477,0.11997203007247251,0.999999999720812,-5.88650593555688e-06,5.912202521984585e-06,2.2108177018824687e-05,0.18001177573247076,-7.075642828861738e-06,-3.502527788685883e-05,-7.408492362965009e-07,-1.234716499079803e-07,3.141710068287828e-05,1.0641122341400927e-06,-6.0545903465850515e-06,3.802604698620396e-09,-1.0641122324224291e-06,6.0545903446646356e-06,-3.802603607672109e-09,4.0,12.749945936861737,-3.0801600715002486e-05,1.557102188958487e-08,1.6084814475781268,6.43971514978542e-10,0.0,0.0,-1.3506026782650902,0.0,0.0,0.0,0.0,0.0,0.0,0.0,0.0,0.0,0.0,0.0,0.0,0.0,0.0,0.0,0.0,0.0,0.0,1.1226299366624492e-08,-6.550081982340206e-08,-2.038753310345531e-10,-1.011570102299597e-06,-1.6899709446058603e-07,4.0899181181349474e-05,1.0643799903197051e-06,-6.054543244388534e-06,3.861301108297027e-09,1.717663597144395e-15,-1.9204159679045256e-15,1.0909482869845725e-15,1.1773011872209384e-05,-1.1824405045069578e-05,-4.4216354041764254e-05
0.45000000000000034,-2.2103596910493315e-05,0.023057074888888505,0.11997225139921161,0.9999999997209595,-5.88187822235755e-06,5.891804095991755e-06,2.210818861564565e-05,0.1800117664779465,-7.034845772147871e-06,-3.502530089503833e-05,-3.1632887526052285e-07,-8.746260383304413e-08,1.4886382732655086e-05,7.286922802215644e-07,-2.584111624867802e-06,1.2704463679393378e-09,-7.286922784910547e-07,2.584111622908844e-06,-1.2704452769909268e-09,4.0,12.751552205187764,-3.0574267857089166e-05,6.432540076084671e-09,1.6084842740861252,1.4455382871035295e-10,0.0,0.0,-1.3505998469964964,0.0,0.0,0.0,0.0,0.0,0.0,0.0,0.0,0.0,0.0,0.0,0.0,0.0,0.0,0.0,0.0,0.0,0.0,7.763731555872674e-09,-2.7942255390610708e-08,-7.735119239596239e-11,-4.31910024787469e-07,-1.1952136240104235e-07,1.9378800295871256e-05,7.288065546622425e-07,-2.5840793871351333e-06,1.2922577405026379e-09,1.7305096988224538e-15,-1.9589580845869644e-15,1.0909484110616644e-15,1.1763756445809283e-05,-1.178360819307954e-05,-4.4216377235404005e-05
0.46000000000000035,-2.210571833864672e-05,0.023057074245524865,0.11997235626003322,0.9999999997210262,-5.879213159001881e-06,5.8831407847224956e-06,2.2108192573050184e-05,0.18001176114820291,-7.017519031747184e-06,-3.5025308739323296e-05,-1.3349215055862837e-07,-4.399924158117209e-08,7.052167940517952e-06,3.6247733594263874e-07,-1.0900027724226117e-06,4.4640590694977e-10,-3.6247733425067974e-07,1.0900027704443766e-06,-4.464048160015769e-10,4.0,12.75231400968492,-3.0466688289404464e-05,2.8187368455190914e-09,1.6084856131542853,3.24297848026156e-11,0.0,0.0,-1.35059850554485,0.0,0.0,0.0,0.0,0.0,0.0,0.0,0.0,0.0,0.0,0.0,0.0,0.0,0.0,0.0,0.0,0.0,0.0,3.871473274225128e-09,-1.1783573118312177e-08,-3.08903307601382e-11,-1.8226312436263047e-07,-6.009551058387574e-08,9.179438300239737e-06,3.6252553687341623e-07,-1.0899867386201741e-06,4.5495723600185974e-10,1.691959005931424e-15,-1.9782350721588146e-15,1.090948193099573e-15,1.175842631909719e-05,-1.176628157053915e-05,-4.421638515021209e-05
0.47000000000000036,-2.210660851179435e-05,0.023057073945392824,0.11997240593329432,0.9999999997210548,-5.877980458654241e-06,5.8795073638002716e-06,2.2108193996822457e-05,0.1800117586829629,-7.010252135401785e-06,-3.502531155863662e-05,-5.556399307671624e-08,-1.8881825002731384e-08,3.3404643816987284e-06,1.5455074582778602e-07,-4.5344954033326077e-07,1.6566153220841297e-10,-1.545507440908549e-07,4.5344953834217504e-07,-1.656604412594873e-10,4.0,12.752675057830663,-3.041584718568857e-05,1.2299987422454116e-09,1.608486247401171,7.273121905026515e-12,0.0,0.0,-1.3505978701401427,0.0,0.0,0.0,0.0,0.0,0.0,0.0,0.0,0.0,0.0,0.0,0.0,0.0,0.0,0.0,0.0,0.0,0.0,1.651243403392211e-09,-4.901871295299909e-09,-1.2883166266006653e-11,-7.586200080535453e-08,-2.5781556451892682e-08,4.347467755689688e-06,1.545707975461415e-07,-4.534427042460487e-07,1.691747447105591e-10,1.7369311350049274e-15,-1.9910857266389648e-15,1.090948925671403e-15,1.1755960918401568e-05,-1.1759014728693914e-05,-4.4216387997756216e-05
0.48000000000000037,-2.210697646909983e-05,0.023057073823440907,0.11997242946176843,0.9999999997210663,-5.877482499772645e-06,5.878006366722036e-06,2.210819453789217e-05,0.18001175768711156,-7.0072501192419285e-06,-3.502531262897448e-05,-2.2737546796906172e-08,-7.121400335849527e-09,1.5822105681508651e-06,5.7958445956347275e-08,-1.8543168727476906e-07,6.484443392584881e-11,-5.795844416801734e-08,1.854316852515591e-07,-6.484334297817027e-11,4.0,12.752846104777326,-3.0391838973062302e-05,5.262257675815703e-10,1.6084865477735573,1.6308967146930939e-12,0.0,0.0,-1.3505975692129129,0.0,0.0,0.0,0.0,0.0,0.0,0.0,0.0,0.0,0.0,0.0,0.0,0.0,0.0,0.0,0.0,0.0,0.0,6.184869478707918e-10,-2.00481074227211e-09,-5.557229792086721e-12,-3.1042739719420295e-08,-9.721011975244961e-09,2.0588208825518647e-06,5.796664579042223e-08,-1.854291236092379e-07,6.634275342473869e-11,1.7883299346598207e-15,-2.0232099540893966e-15,1.0909476785415332e-15,1.1754965000638239e-05,-1.175601273453712e-05,-4.421638907989547e-05
0.4900000000000004,-2.210712571152618e-05,0.023057073780289202,0.11997244060584923,0.9999999997210708,-5.877307406545711e-06,5.877398029863209e-06,2.210819475428522e-05,0.18001175733695202,-7.006033437800488e-06,-3.50253130566569e-05,-9.101597013334912e-09,-2.2631555526366747e-09,7.493895909789808e-07,1.8266647726734887e-08,-7.415980124797642e-08,2.6601861504426007e-11,-1.8266645893430848e-08,7.41597991862169e-08,-2.6600770556125348e-11,4.0,12.752927120394657,-3.0380506873511903e-05,2.197481008615688e-10,1.6084866900169872,3.6567898013920996e-13,0.0,0.0,-1.350597426705266,0.0,0.0,0.0,0.0,0.0,0.0,0.0,0.0,0.0,0.0,0.0,0.0,0.0,0.0,0.0,0.0,0.0,0.0,1.9416132392772457e-10,-8.020292903236427e-10,-2.4564953784921696e-12,-1.2425552198067894e-08,-3.0880401355043518e-09,9.749458885560928e-07,1.8269927104089365e-08,-7.415899317370834e-08,2.7258836660665127e-11,1.833304039040627e-15,-2.0617595220147932e-15,1.090948300658902e-15,1.1754614814184323e-05,-1.1754796060819336e-05,-4.421638951268152e-05
0.5000000000000003,-2.2107184743225106e-05,0.02305707376814579,0.11997244588402917,0.9999999997210725,-5.87725872058665e-06,5.877157654402608e-06,2.2108194844639865e-05,0.18001175723959076,-7.005552684746187e-06,-3.5025313235101984e-05,-3.535128259686978e-09,-4.803886833563611e-10,3.549312306253104e-07,3.778710648832562e-09,-2.876802987034948e-08,1.1332225234695296e-11,-3.778708706305339e-09,2.8768027840714566e-08,-1.133113428545388e-11,4.0,12.752965488285508,-3.0375159320653045e-05,8.935533483199982e-11,1.6084867573749868,8.199063245863814e-14,0.0,0.0,-1.350597359221819,0.0,0.0,0.0,0.0,0.0,0.0,0.0,0.0,0.0,0.0,0.0,0.0,0.0,0.0,0.0,0.0,0.0,0.0,3.9510660174156746e-11,-3.1128712232235063e-10,-1.10435308688426e-12,-4.825897241026176e-09,-6.546514352230207e-10,4.616709767975963e-07,3.779982798483639e-09,-2.876786262635078e-08,1.1625954927649018e-11,1.942527222843659e-15,-2.0296349140612797e-15,1.09094924141529e-15,1.1754517442266184e-05,-1.1754315309898081e-05,-4.4216389693390775e-05
0.5100000000000003,-2.210720728432604e-05,0.02305707376668182,0.11997244838391012,0.999999999721073,-5.877253302266872e-06,5.877066004212779e-06,2.2108194883648575e-05,0.1800117572287582,-7.005369384147501e-06,-3.502531331209486e-05,-1.3139229014121241e-09,6.909027155903392e-11,1.681040255421728e-07,-6.482083066064254e-10,-1.0672006029826545e-08,4.964779554523294e-12,6.482102941078811e-10,1.0672003858844084e-08,-4.963688605292618e-12,4.0,12.752983657552678,-3.0372636143985443e-05,3.526959579973299e-11,1.6084867892712043,1.8383669007893776e-14,0.0,0.0,-1.3505973272661238,0.0,0.0,0.0,0.0,0.0,0.0,0.0,0.0,0.0,0.0,0.0,0.0,0.0,0.0,0.0,0.0,0.0,0.0,-7.538283062945428e-12,-1.1557929375761268e-10,-5.02101243327177e-13,-1.7935148267219247e-09,9.503990355885221e-11,2.1861542452918927e-07,-6.477363692572851e-10,-1.0672034621683444e-08,5.097840240361073e-12,1.987501455747653e-15,-2.1709824601451835e-15,1.0909492306756746e-15,1.1754506605626627e-05,-1.1754132009518405e-05,-4.4216389771408195e-05
0.5200000000000004,-2.2107215443664276e-05,0.023057073768104758,0.11997244956791356,0.9999999997210731,-5.877259427909967e-06,5.877032907361428e-06,2.2108194900902267e-05,0.180011757241011,-7.005303190737782e-06,-3.502531334613029e-05,-4.549479550128627e-10,1.7675643790116088e-10,7.961809098406006e-08,-1.4893192788517845e-09,-3.6831722296894437e-09,2.218461346542718e-12,1.4893212984777329e-09,3.683169988033223e-09,-2.217370397814733e-12,4.0,12.752992261375297,-3.0371445667740082e-05,1.3463808743290274e-11,1.6084868043750333,4.122030236854924e-15,0.0,0.0,-1.350597312134114,0.0,0.0,0.0,0.0,0.0,0.0,0.0,0.0,0.0,0.0,0.0,0.0,0.0,0.0,0.0,0.0,0.0,0.0,-1.6304518323244284e-11,-3.995215059953028e-11,-2.299648297398422e-13,-6.209157883293142e-10,2.41714573851321e-10,1.0352106930918126e-07,-1.4891563943842544e-09,-3.683238051975878e-09,2.279260250382831e-12,2.0196259484128686e-15,-2.2416562207794262e-15,1.09094872798493e-15,1.1754518856912819e-05,-1.1754065815815698e-05,-4.421638980591558e-05
0.5300000000000004,-2.2107218139687588e-05,0.02305707376979733,0.11997245012868644,0.9999999997210731,-5.87726650854652e-06,5.877022018913882e-06,2.2108194908662082e-05,0.1800117572551728,-7.005281414178077e-06,-3.502531336142778e-05,-1.3779020109107427e-10,1.5239588705999592e-10,3.7709131568772224e-08,-1.268722344261551e-09,-1.1078969583281828e-09,1.0045926126021192e-12,1.268724415286709e-09,1.107894761646266e-09,-1.0035016640181915e-12,4.0,12.752996335538493,-3.0370883981070684e-05,4.982164139095941e-12,1.6084868115271675,9.24283280899944e-16,0.0,0.0,-1.3505973049686315,0.0,0.0,0.0,0.0,0.0,0.0,0.0,0.0,0.0,0.0,0.0,0.0,0.0,0.0,0.0,0.0,0.0,0.0,-1.3790593641285688e-11,-1.2058375615567092e-11,-1.0582204867413551e-13,-1.8799893808172417e-10,2.0827206128623062e-10,4.902058442119379e-08,-1.2686733438456035e-09,-1.1079530435939306e-09,1.0325280839438738e-12,2.0710251579357555e-15,-2.1966819168412973e-15,1.0909485839276702e-15,1.1754533018185924e-05,-1.1754044038920605e-05,-4.421638982143521e-05
0.5400000000000004,-2.2107218874289556e-05,0.023057073771082192,0.1199724503942831,0.9999999997210731,-5.87727184352521e-06,5.877019083624804e-06,2.2108194912191075e-05,0.18001175726584293,-7.005275543857845e-06,-3.502531336837764e-05,-2.921046899618692e-11,1.0457769766937129e-10,1.7860072852926843e-08,-8.665343965469561e-10,-2.2933427357667178e-10,4.589122795467123e-13,8.665365318211233e-10,2.2933203192046256e-10,-4.578213313034771e-13,4.0,12.752998264764589,-3.0370618960370854e-05,1.8665904511214427e-12,1.6084868149139453,2.0726021851315876e-16,0.0,0.0,-1.3505973015755326,0.0,0.0,0.0,0.0,0.0,0.0,0.0,0.0,0.0,0.0,0.0,0.0,0.0,0.0,0.0,0.0,0.0,0.0,-9.39324439674128e-12,-2.52608750991458e-12,-4.884160195331218e-14,-3.9812321779032476e-11,1.4288681222736355e-10,2.3212997047903217e-08,-8.665242498965876e-10,-2.2937258290502178e-10,4.717934431805268e-13,2.135274167151027e-15,-2.241656209224747e-15,1.0909482432352807e-15,1.1754543688143305e-05,-1.1754038168342447e-05,-4.4216389828493194e-05
0.5500000000000004,-2.2107218970572472e-05,0.023057073771917982,0.1199724505200772,0.9999999997210731,-5.877275301798264e-06,5.877018724343149e-06,2.210819491380765e-05,0.18001175727275953,-7.005274825470526e-06,-3.5025313371555e-05,2.8922354745032873e-12,6.471624782420965e-11,8.45906327088179e-09,-5.348832663823461e-10,2.8440401356672716e-11,2.1082529660266566e-13,5.348854723304279e-10,-2.844276508600978e-11,-2.097343478384929e-13,4.0,12.752999178307158,-3.037049391005353e-05,7.82298183910632e-13,1.6084868165177109,4.647768922406726e-17,0.0,0.0,-1.3505972999687732,0.0,0.0,0.0,0.0,0.0,0.0,0.0,0.0,0.0,0.0,0.0,0.0,0.0,0.0,0.0,0.0,0.0,0.0,-5.7898572764561765e-12,2.813494492973108e-13,-2.2585142564402543e-14,3.985500475922442e-12,8.841183191198415e-11,1.0992275609833275e-08,-5.348845208783689e-10,2.8416753235056186e-11,2.16778176770344e-13,2.2059480818476588e-15,-2.363729337063181e-15,1.0909487641727692e-15,1.1754550604689414e-05,-1.1754037449779136e-05,-4.4216389831726346e-05
0.5600000000000004,-2.2107218899419868e-05,0.023057073772420143,0.1199724505796572,0.9999999997210731,-5.8772773753991865e-06,5.877019032502557e-06,2.2108194914551627e-05,0.18001175727690674,-7.005275441904081e-06,-3.50253133730113e-05,9.13022106793776e-12,3.7740798613120124e-11,4.0064890553510595e-09,-3.114349392869649e-10,7.705724079293404e-11,9.720241275350184e-14,3.114372159089593e-10,-7.70595274234607e-11,-9.611146362381e-14,4.0,12.752999610897165,-3.0370434901685894e-05,4.041954552427481e-13,1.6084868172771607,1.0422960380871707e-17,0.0,0.0,-1.3505972992079058,0.0,0.0,0.0,0.0,0.0,0.0,0.0,0.0,0.0,0.0,0.0,0.0,0.0,0.0,0.0,0.0,0.0,0.0,-3.3681870665908196e-12,8.188328650012075e-13,-1.0456157619295337e-14,1.248482096592373e-11,5.1555286017934937e-11,5.205327797984552e-09,-3.1143834501683466e-10,7.704347134771644e-11,9.995735827196394e-14,2.2766219944246403e-15,-2.2866305266562598e-15,1.0909491296918357e-15,1.175455475189126e-05,-1.1754038066097952e-05,-4.42163898332143e-05
0.5700000000000004,-2.210721881155438e-05,0.023057073772707555,0.11997245060787633,0.9999999997210731,-5.877278560644039e-06,5.877019400362214e-06,2.2108194914895028e-05,0.18001175727927723,-7.005276177698525e-06,-3.50253133736776e-05,7.924499581342702e-12,2.1176728912205237e-11,1.8976162171946906e-09,-1.7455923523853577e-10,6.599553316692406e-11,4.491840939378574e-14,1.7456160180913536e-10,-6.599777482313149e-11,-4.382745957213109e-14,4.0,12.752999815743099,-3.0370407055307913e-05,2.3754325281947397e-13,1.6084868176367955,2.337520185618944e-18,0.0,0.0,-1.3505972988475998,0.0,0.0,0.0,0.0,0.0,0.0,0.0,0.0,0.0,0.0,0.0,0.0,0.0,0.0,0.0,0.0,0.0,0.0,-1.886756950731553e-12,7.05867718592529e-13,-4.844408455232556e-15,1.0829369990813944e-11,2.8926581520918352e-11,2.4649766215857012e-09,-1.7456215261665683e-10,6.598781525872622e-11,4.6194499659583946e-14,2.366570599586712e-15,-2.241656207428214e-15,1.0909498216546525e-15,1.1754557122380965e-05,-1.1754038801817267e-05,-4.42163898339011e-05
0.5800000000000004,-2.210721874481082e-05,0.023057073772866754,0.11997245062124194,0.9999999997210731,-5.877279216534754e-06,5.877019677535555e-06,2.2108194915053826e-05,0.18001175728058902,-7.005276732096392e-06,-3.502531337397984e-05,5.4234014153626985e-12,1.1565264287539733e-11,8.987840773954344e-10,-9.525683788196244e-11,4.49420758704398e-11,2.0786949030913726e-14,9.525926227668821e-11,-4.49442725523445e-11,-1.9695999459325005e-14,4.0,12.752999912745745,-3.0370393913625726e-05,1.4221732381881185e-13,1.6084868178071008,5.242476773970899e-19,0.0,0.0,-1.3505972986769768,0.0,0.0,0.0,0.0,0.0,0.0,0.0,0.0,0.0,0.0,0.0,0.0,0.0,0.0,0.0,0.0,0.0,0.0,-1.02916664127849e-12,4.818599033072802e-13,-2.245489747574546e-15,7.40974526531627e-12,1.5797067277582743e-11,1.1672976961206811e-09,-9.52588247173898e-11,4.493786416085284e-11,2.1378363825524504e-14,2.424394725770822e-15,-2.1966819047050067e-15,1.090949571588721e-15,1.1754558434162396e-05,-1.1754039356163949e-05,-4.4216389834218696e-05
0.5900000000000004,-2.2107218701542536e-05,0.023057073772952876,0.11997245062757243,0.9999999997210731,-5.877279571118805e-06,5.8770198565677025e-06,2.210819491512735e-05,0.18001175728129823,-7.005277090198099e-06,-3.502531337411391e-05,3.3433809783739683e-12,6.19093349283762e-12,4.25701694302548e-10,-5.096078082223429e-11,2.763358130658522e-11,9.628225313663571e-15,5.096321806676964e-11,-2.7635694464754474e-11,-8.537275228307681e-15,4.0,12.752999958680524,-3.0370387711212143e-05,8.270604983856451e-14,1.6084868178877496,1.1758039137757034e-19,0.0,0.0,-1.3505972985961774,0.0,0.0,0.0,0.0,0.0,0.0,0.0,0.0,0.0,0.0,0.0,0.0,0.0,0.0,0.0,0.0,0.0,0.0,-5.504115539440729e-13,2.9665980228970723e-13,-1.0411385209902428e-15,4.567361476210431e-12,8.455979193179059e-12,5.527834403057953e-10,-5.096200251484161e-11,2.7631328092611358e-11,9.902420212237066e-15,2.4372445353506e-15,-2.1131581692551963e-15,1.09095008535589e-15,1.1754559143330498e-05,-1.1754039714228244e-05,-4.421638983436574e-05
0.6000000000000004,-2.2107218675642305e-05,0.023057073772998645,0.11997245063057084,0.9999999997210731,-5.877279759466844e-06,5.877019963514408e-06,2.210819491516141e-05,0.18001175728167496,-7.005277304120702e-06,-3.5025313374170164e-05,1.942913294508734e-12,3.2634647370943606e-12,2.0163422190047079e-10,-2.685063971110078e-11,1.6032840400073322e-11,4.462401668675945e-15,2.6853076955609713e-11,-1.6034902159057786e-11,-3.3714515814223853e-15,4.0,12.752999980172802,-3.037038478366505e-05,4.667225626122755e-14,1.608486817925942,2.6373127836061492e-20,0.0,0.0,-1.3505972985579138,0.0,0.0,0.0,0.0,0.0,0.0,0.0,0.0,0.0,0.0,0.0,0.0,0.0,0.0,0.0,0.0,0.0,0.0,-2.89933577973807e-13,1.722552068732635e-13,-4.828214613793171e-16,2.6540007748702912e-12,4.4573466119266825e-12,2.6178141659724776e-10,-2.6851348545976792e-11,1.6031653199250173e-11,4.589557326549817e-15,2.437244508932519e-15,-2.0617589844637174e-15,1.0909500872535595e-15,1.1754559520026576e-05,-1.1754039928121654e-05,-4.421638983443386e-05
0.6100000000000004,-2.210721866086643e-05,0.02305707377302264,0.11997245063199102,0.9999999997210731,-5.87727985814759e-06,5.877020024445487e-06,2.2108194915177205e-05,0.18001175728187235,-7.005277426007559e-06,-3.50253133741904e-05,1.0869882669683552e-12,1.6993794554702923e-12,9.550364044409319e-11,-1.3976594192175291e-11,8.960090107512525e-12,2.0692348446628663e-15,1.3979095685700742e-11,-8.96210689218413e-12,-9.782862958832738e-16,4.0,12.752999990613823,-3.0370383401798207e-05,2.5687052751508568e-14,1.6084868179440288,5.915508736462507e-21,0.0,0.0,-1.3505972985397934,0.0,0.0,0.0,0.0,0.0,0.0,0.0,0.0,0.0,0.0,0.0,0.0,0.0,0.0,0.0,0.0,0.0,0.0,-1.5088945556400705e-13,9.631739452524403e-14,-2.238720422141184e-16,1.4847418125272629e-12,2.3210236112036042e-12,1.2397123694611166e-10,-1.3976990336681711e-11,8.959472128886515e-12,2.128200338511626e-15,2.5014935254502444e-15,-2.016784671605932e-15,1.0909485487795925e-15,1.1754559717388067e-05,-1.1754040049983813e-05,-4.4216389834465454e-05
0.6200000000000004,-2.2107218652704494e-05,0.023057073773035074,0.1199724506326637,0.9999999997210731,-5.877279909280835e-06,5.8770200580714535e-06,2.2108194915184523e-05,0.18001175728197466,-7.005277493281778e-06,-3.502531337419392e-05,5.921669280497681e-13,8.761836245113433e-13,4.5234582095387286e-11,-7.2039553441799415e-12,4.877443925971144e-12,9.59518485911494e-16,7.206527511622277e-12,-4.879441435941776e-12,1.3142953355933336e-16,4.0,12.752999995555378,-3.037038274947279e-05,1.385649784510491e-14,1.608486817952594,1.326850789476287e-21,0.0,0.0,-1.350597298531212,0.0,0.0,0.0,0.0,0.0,0.0,0.0,0.0,0.0,0.0,0.0,0.0,0.0,0.0,0.0,0.0,0.0,0.0,-7.776025915548278e-14,5.2450622363155874e-14,-1.0380058520286995e-16,8.088251970602783e-13,1.1966786195499765e-12,5.870830439378848e-11,-7.204170988661035e-12,4.877125399745169e-12,9.868649990547363e-16,2.572167442335189e-15,-1.9975099706327134e-15,1.0909480194708274e-15,1.1754559819654558e-05,-1.1754040117235746e-05,-4.421638983448009e-05
0.6300000000000004,-2.2107218648298804e-05,0.023057073773041465,0.1199724506329823,0.9999999997210731,-5.877279935538647e-06,5.877020076209806e-06,2.2108194915187918e-05,0.18001175728202717,-7.005277529579056e-06,-3.5025313374189714e-05,3.163688760678842e-13,4.480925741884325e-13,2.142467833309851e-11,-3.683252407765903e-12,2.6042743581256062e-12,4.450271140814601e-16,3.685805300525037e-12,-2.6061754945652274e-12,6.459212296208003e-16,4.0,12.752999997891903,-3.03703824415108e-05,7.35518411277193e-15,1.6084868179566503,2.976097931676859e-22,0.0,0.0,-1.3505972985271482,0.0,0.0,0.0,0.0,0.0,0.0,0.0,0.0,0.0,0.0,0.0,0.0,0.0,0.0,0.0,0.0,0.0,0.0,-3.9751975857889515e-14,2.8013687848014663e-14,-4.811351637555853e-17,4.3210827925642534e-13,6.119902556772319e-13,2.7801781027664074e-11,-3.683367550470295e-12,2.604111500761296e-12,4.577097457683805e-16,2.552892759134237e-15,-1.9011364396211707e-15,1.0909483437022603e-15,1.1754559872170182e-05,-1.175404015351245e-05,-4.421638983448688e-05
0.6400000000000005,-2.210721864596193e-05,0.023057073773044723,0.1199724506331332,0.9999999997210731,-5.877279948921742e-06,5.877020085825708e-06,2.2108194915189494e-05,0.18001175728205399,-7.005277548830643e-06,-3.502531337418191e-05,1.664634523430588e-13,2.276048166547975e-13,1.0147321565427103e-11,-1.870472127552571e-12,1.369653445964083e-12,2.063048288536547e-16,1.8731856428742267e-12,-1.3715995567217883e-12,8.846442349793879e-16,4.0,12.752999999006246,-3.0370382296127096e-05,3.853854597592292e-15,1.6084868179585712,6.675253022252676e-23,0.0,0.0,-1.3505972985252237,0.0,0.0,0.0,0.0,0.0,0.0,0.0,0.0,0.0,0.0,0.0,0.0,0.0,0.0,0.0,0.0,0.0,0.0,-2.0184951227527283e-14,1.473637254980554e-14,-2.2308879208817324e-17,2.2735709877559076e-13,3.1085186881320036e-13,1.3165596725787415e-11,-1.8705326843953303e-12,1.3695707415601201e-12,2.1219160188334776e-16,2.7135153216557496e-15,-1.9461107577051786e-15,1.0909490638330427e-15,1.1754559898936372e-05,-1.1754040172744254e-05,-4.421638983449003e-05
0.6500000000000005,-2.2107218644738935e-05,0.02305707377304637,0.11997245063320468,0.9999999997210731,-5.877279955699877e-06,5.877020090856063e-06,2.2108194915190222e-05,0.18001175728206756,-7.0052775589110625e-06,-3.502531337417244e-05,8.653697353961871e-14,1.1493457830781975e-13,4.80618686293347e-12,-9.443642321004718e-13,7.117489303264788e-13,9.551003304605848e-17,9.471548462860805e-13,-7.136372169358591e-13,9.954393416294214e-16,4.0,12.752999999530351,-3.0370382227487558e-05,1.9985267128829016e-15,1.6084868179594807,1.4973407823489992e-23,0.0,0.0,-1.3505972985243124,0.0,0.0,0.0,0.0,0.0,0.0,0.0,0.0,0.0,0.0,0.0,0.0,0.0,0.0,0.0,0.0,0.0,0.0,-1.0189930865083418e-14,7.659181493881845e-15,-1.0338899257805237e-17,1.1819080314784797e-13,1.5697072572439898e-13,6.234793860784317e-12,-9.443957010067994e-13,7.117071743924665e-13,9.824426308841326e-17,2.790614185608681e-15,-1.8882866093803557e-15,1.0909493746754798e-15,1.1754559912492641e-05,-1.1754040182804964e-05,-4.421638983449149e-05
0.6600000000000005,-2.210721864410629e-05,0.023057073773047203,0.11997245063323853,0.9999999997210731,-5.877279959113611e-06,5.877020093457289e-06,2.210819491519056e-05,0.1800117572820744,-7.005277564131853e-06,-3.5025313374162195e-05,4.4527554473286256e-14,5.776005128775429e-14,2.276631633663467e-12,-4.745192511148543e-13,3.661153662317416e-13,4.414653889813081e-17,4.773034404821757e-13,-3.678623050454952e-13,1.0468023194584513e-15,4.0,12.752999999778087,-3.0370382195082923e-05,1.0263237497245803e-15,1.6084868179599114,3.359442103978791e-24,0.0,0.0,-1.350597298523881,0.0,0.0,0.0,0.0,0.0,0.0,0.0,0.0,0.0,0.0,0.0,0.0,0.0,0.0,0.0,0.0,0.0,0.0,-5.1197083195824686e-15,3.9403179488415945e-15,-4.7958750536878794e-18,6.081414365656912e-14,7.888462428984936e-14,2.9528959677760913e-12,-4.745354384243664e-13,3.660943848720864e-13,4.5420750682668013e-17,2.784189367321366e-15,-1.7469388137536204e-15,1.0909488583565822e-15,1.175455991932011e-05,-1.1754040188007417e-05,-4.4216389834492166e-05
0.6700000000000005,-2.2107218643781994e-05,0.023057073773047623,0.11997245063325454,0.9999999997210731,-5.877279960824377e-06,5.87702009479035e-06,2.210819491519072e-05,0.18001175728207783,-7.005277566814339e-06,-3.50253133741516e-05,2.2691670207671115e-14,2.873744787517136e-14,1.0711627889625578e-12,-2.360644186721299e-13,1.865628987081844e-13,2.0782062229661038e-17,2.387907839720776e-13,-1.880721161185731e-13,1.0701668258134696e-15,4.0,12.752999999794229,-3.037038217980348e-05,5.179397167192224e-16,1.608486817960115,7.436358404092198e-25,0.0,0.0,-1.3505972985236767,0.0,0.0,0.0,0.0,0.0,0.0,0.0,0.0,0.0,0.0,0.0,0.0,0.0,0.0,0.0,0.0,0.0,0.0,-2.5466826228659898e-15,2.008141182979005e-15,-2.1565671305940394e-18,3.0991384951016426e-14,3.9247390084005785e-14,1.3891305673712433e-12,-2.3607266733153464e-13,1.8655246085716125e-13,2.1363917945913448e-17,2.7263652999477074e-15,-1.5092174103886861e-15,1.0909488880431306e-15,1.1754559922741642e-05,-1.175404019067354e-05,-4.4216389834492484e-05
0.6800000000000005,-2.2107218643618134e-05,0.023057073773047828,0.11997245063326205,0.9999999997210731,-5.877279961670426e-06,5.877020095463962e-06,2.210819491519079e-05,0.18001175728207955,-7.005277568176318e-06,-3.502531337414083e-05,1.1407447674797372e-14,1.4201245390487041e-14,5.010219190888364e-13,-1.1673657038078085e-13,9.383086683408779e-14,8.83681696756135e-18,1.1934086259527743e-13,-9.524371089346701e-14,1.0821124573601347e-15,4.0,12.753000000273163,-3.0370382172656418e-05,2.465225921762475e-16,1.6084868179602105,1.626809634661616e-25,0.0,0.0,-1.3505972985235812,0.0,0.0,0.0,0.0,0.0,0.0,0.0,0.0,0.0,0.0,0.0,0.0,0.0,0.0,0.0,0.0,0.0,0.0,-1.259230690798096e-15,1.0100539238984983e-15,-9.799675282372128e-19,1.5580197120332793e-14,1.9395595650499186e-14,6.496439355174184e-13,-1.1674071902340258e-13,9.382570517811928e-14,9.106057478936184e-18,2.604292214496575e-15,-1.4128440593792228e-15,1.090949274327696e-15,1.175455992443374e-05,-1.1754040192020762e-05,-4.421638983449263e-05
0.6900000000000005,-2.2107218643536063e-05,0.023057073773047932,0.11997245063326556,0.9999999997210731,-5.87727996208829e-06,5.877020095801534e-06,2.210819491519082e-05,0.1800117572820804,-7.005277568865429e-06,-3.5025313374129974e-05,5.791855968849544e-15,6.955604953288525e-15,2.358343171085506e-13,-5.726310460007e-14,4.776768376894843e-14,4.764441229931222e-18,5.99701956618196e-14,-4.9161253455349205e-14,1.0861852127664937e-15,4.0,12.753000000198394,-3.037038216932575e-05,1.049111856128664e-16,1.6084868179602552,3.604245448965975e-26,0.0,0.0,-1.3505972985235364,0.0,0.0,0.0,0.0,0.0,0.0,0.0,0.0,0.0,0.0,0.0,0.0,0.0,0.0,0.0,0.0,0.0,0.0,-6.17544613214923e-16,5.142784339917681e-16,-3.655756390082106e-19,7.911485980196712e-15,9.500436409386548e-15,3.0574435605777245e-13,-5.726521660196303e-14,4.7765151811159185e-14,4.876053254928675e-18,2.707091061749591e-15,-1.3935696864007751e-15,1.090949653996425e-15,1.1754559925269468e-05,-1.1754040192695907e-05,-4.421638983449268e-05
0.7000000000000005,-2.2107218643495324e-05,0.023057073773047984,0.11997245063326724,0.9999999997210731,-5.877279962298187e-06,5.87702009596927e-06,2.2108194915190822e-05,0.18001175728208088,-7.005277569214179e-06,-3.502531337411907e-05,2.444101241900056e-15,3.577723389021421e-15,1.106022677774727e-13,-2.9593237894748046e-14,1.9939485254362834e-14,-5.0474941649284284e-18,3.2300328936015545e-14,-2.117243268140863e-14,1.0959968715923558e-15,4.0,12.753000000245896,-3.037038216774368e-05,5.913297870721679e-17,1.6084868179602767,7.927928078470172e-27,0.0,0.0,-1.350597298523515,0.0,0.0,0.0,0.0,0.0,0.0,0.0,0.0,0.0,0.0,0.0,0.0,0.0,0.0,0.0,0.0,0.0,0.0,-3.1931636162762184e-16,2.1436081425735106e-16,-4.795854631130959e-19,3.3368727524372907e-15,4.887748325689754e-15,1.4338668166779645e-13,-2.9594119576532454e-14,1.9938176670062828e-14,-4.934021058982475e-18,2.7070910412674993e-15,-1.2329474270457973e-15,1.0909493774274274e-15,1.1754559925689262e-05,-1.175404019303138e-05,-4.421638983449269e-05
0.7100000000000005,-2.2107218643476246e-05,0.02305707377304801,0.11997245063326806,0.9999999997210731,-5.877279962409003e-06,5.87702009604806e-06,2.210819491519082e-05,0.18001175728208116,-7.005277569383516e-06,-3.5025313374108155e-05,2.323186369190508e-15,2.2908199087926386e-15,7.507919463514004e-14,-1.898549505577315e-14,1.9798085496210923e-14,1.2894234646559138e-17,2.1692586097040584e-14,-2.0960358450201873e-14,1.0780566158080486e-15,4.0,12.752999999707207,-3.0370382166966525e-05,5.563682263663483e-17,1.6084868179602871,3.6524262248867496e-27,0.0,0.0,-1.3505972985235046,0.0,0.0,0.0,0.0,0.0,0.0,0.0,0.0,0.0,0.0,0.0,0.0,0.0,0.0,0.0,0.0,0.0,0.0,-2.0447088643733803e-16,2.133612368569893e-16,2.286001876208303e-19,3.1784134427130347e-15,3.1300563470696157e-15,9.729268073431828e-14,-1.8986370285580134e-14,1.9797246158320356e-14,1.2884683212913926e-17,2.707091041267433e-15,-1.1622729539909492e-15,1.0909508504546077e-15,1.1754559925910894e-05,-1.1754040193188958e-05,-4.421638983449268e-05
0.7200000000000005,-2.2107218643457916e-05,0.023057073773048026,0.11997245063326863,0.9999999997210731,-5.877279962478281e-06,5.8770200961254785e-06,2.210819491519087e-05,0.18001175728208132,-7.005277569549591e-06,-3.5025313374097346e-05,1.7966554807689665e-16,7.316922921192746e-16,1.979995839204357e-14,-5.8120612155974775e-15,6.342397428503328e-16,-1.362333506484668e-17,8.519152256864926e-15,-1.6744378078351728e-15,1.1045756691557312e-15,4.0,12.752999999970168,-3.037038216643917e-05,1.1119527248087434e-16,1.6084868179602945,2.543946197359703e-28,0.0,0.0,-1.3505972985234975,0.0,0.0,0.0,0.0,0.0,0.0,0.0,0.0,0.0,0.0,0.0,0.0,0.0,0.0,0.0,0.0,0.0,0.0,-6.277591197866585e-17,6.530609802081512e-18,-3.52655925975301e-19,2.3874545987949816e-16,9.975871057188925e-16,2.5688374895822137e-14,-5.8120894134756504e-15,6.339825940838229e-16,-1.3562473395711086e-17,2.707091041267448e-15,-1.04019806498484e-15,1.0909523340908844e-15,1.175455992604945e-05,-1.1754040193343795e-05,-4.421638983449278e-05
0.7300000000000005,-2.2107218643454748e-05,0.023057073773048026,0.11997245063326883,0.9999999997210731,-5.877279962501848e-06,5.8770200961400246e-06,2.2108194915190896e-05,0.18001175728208144,-7.005277569588123e-06,-3.502531337408649e-05,4.541171463689346e-16,3.978119035989989e-16,2.074448374942059e-14,-3.614663059326929e-15,5.1844202711809704e-15,2.5656268128870288e-17,6.321754100594375e-15,-6.03187128328178e-15,1.0652961875125094e-15,4.0,12.752999999864398,-3.0370382166231003e-05,1.7539056725260935e-16,1.6084868179602971,2.787422207960704e-28,0.0,0.0,-1.3505972985234953,0.0,0.0,0.0,0.0,0.0,0.0,0.0,0.0,0.0,0.0,0.0,0.0,0.0,0.0,0.0,0.0,0.0,0.0,-3.8760609950322534e-17,5.591590220805395e-17,4.0395548538331458e-19,6.316202871846586e-16,5.462790266272642e-16,2.6897435380195904e-14,-3.6148919906914416e-15,5.184260740238429e-15,2.563781672803427e-17,2.7070910412674456e-15,-8.474510121008098e-16,1.0909524556413797e-15,1.1754559926096584e-05,-1.1754040193372888e-05,-4.421638983449284e-05
0.7400000000000005,-2.2107218643448836e-05,0.023057073773048026,0.11997245063326904,0.9999999997210731,-5.877279962514427e-06,5.877020096177322e-06,2.2108194915191123e-05,0.18001175728208144,-7.005277569670228e-06,-3.5025313374076035e-05,7.285687446609725e-16,6.393151507872324e-17,2.1689009106797607e-14,-1.417264903056383e-15,9.734600799511607e-15,6.493587132258725e-17,4.124355944323827e-15,-1.0389304758728387e-14,1.0260167058692877e-15,4.0,12.752999999758629,-3.0370382166036713e-05,4.615114807886986e-16,1.6084868179602994,3.047671867950834e-28,0.0,0.0,-1.350597298523493,0.0,0.0,0.0,0.0,0.0,0.0,0.0,0.0,0.0,0.0,0.0,0.0,0.0,0.0,0.0,0.0,0.0,0.0,-1.4745307921979226e-17,1.0530119461402635e-16,1.1605668967419258e-18,1.0244951144898187e-15,9.497094753563591e-17,2.810649586456967e-14,-1.4176945679072326e-15,9.734538886393034e-15,6.483810685177934e-17,2.707091041267444e-15,-6.547039592167805e-16,1.090952577191875e-15,1.1754559926121742e-05,-1.1754040193447482e-05,-4.421638983449329e-05
0.7500000000000006,-2.210721864344018e-05,0.023057073773048026,0.11997245063326925,0.9999999997210731,-5.87727996251602e-06,5.877020096237371e-06,2.2108194915191547e-05,0.18001175728208144,-7.0052775697959085e-06,-3.502531337406597e-05,1.0030203429530105e-15,-2.6994887344155246e-16,2.2633534464174625e-14,7.801332532141641e-16,1.428478132784224e-14,1.0421547451630419e-16,1.926957788053277e-15,-1.4746738234174995e-14,9.86737224226066e-16,4.0,12.752999999652861,-3.0370382165842424e-05,7.477013949952557e-16,1.608486817960302,3.324695177330093e-28,0.0,0.0,-1.35059729852349,0.0,0.0,0.0,0.0,0.0,0.0,0.0,0.0,0.0,0.0,0.0,0.0,0.0,0.0,0.0,0.0,0.0,0.0,9.269994106364112e-18,1.546864870199987e-16,1.9171783081005347e-18,1.4173699417949792e-15,-3.5633713155599235e-16,2.931555634894343e-14,7.795028548769761e-16,1.4284817032547635e-14,1.0403839697552412e-16,2.7070910412674413e-15,-4.6195690633275435e-16,1.0909526987423702e-15,1.1754559926124927e-05,-1.175404019356758e-05,-4.421638983449414e-05
0.7600000000000006,-2.210721864343574e-05,0.023057073773048026,0.11997245063326938,0.9999999997210731,-5.877279962511799e-06,5.877020096279255e-06,2.210819491519195e-05,0.18001175728208144,-7.005277569883575e-06,-3.502531337405587e-05,-1.3006524461848654e-15,1.0094122036742402e-16,-1.5957228533314712e-14,-9.533828691605197e-16,-1.143009951344706e-14,-1.5943451543467878e-17,3.660473910427976e-15,1.1064516013861163e-14,1.1068954279251968e-15,4.0,12.752999999972541,-3.0370382165731402e-05,7.430870246323069e-17,1.6084868179603038,1.6611870128531698e-28,0.0,0.0,-1.3505972985234882,0.0,0.0,0.0,0.0,0.0,0.0,0.0,0.0,0.0,0.0,0.0,0.0,0.0,0.0,0.0,0.0,0.0,0.0,-1.07586204832906e-17,-1.238199264362277e-16,-7.315955466489095e-19,-1.782160774913788e-15,1.38720049490184e-16,-2.0660582374994643e-14,-9.528776570331567e-16,-1.1430141843979112e-14,-1.5797892373537914e-17,2.7070910412674567e-15,-3.655834995858962e-16,1.0909519763817289e-15,1.1754559926116485e-05,-1.1754040193651348e-05,-4.4216389834494944e-05
0.7700000000000006,-2.2107218643448734e-05,0.023057073773048026,0.11997245063326924,0.9999999997210731,-5.877279962518187e-06,5.877020096228649e-06,2.2108194915192015e-05,0.18001175728208144,-7.0052775697860185e-06,-3.502531337404509e-05,-1.2981178868879757e-15,1.7454647655253517e-16,-1.5122448164364437e-14,-1.6020115251388745e-15,-8.812304466816212e-15,4.193128567884096e-17,4.30910256640633e-15,8.446720967229077e-15,1.0490220913398393e-15,4.0,12.753000000028742,-3.0370382165856302e-05,2.468439181294723e-16,1.608486817960302,1.4942299429369305e-28,0.0,0.0,-1.3505972985234904,0.0,0.0,0.0,0.0,0.0,0.0,0.0,0.0,0.0,0.0,0.0,0.0,0.0,0.0,0.0,0.0,0.0,0.0,-1.7650930909508897e-17,-9.550607649420071e-17,-8.285927534803319e-21,-1.7583870424292363e-15,2.4005950802280227e-16,-1.9601499592132745e-14,-1.6016213817127822e-15,-8.81237479975371e-15,4.2053698668148846e-17,2.7070910412674555e-15,-3.6558349958713473e-16,1.0909533770186802e-15,1.1754559926129262e-05,-1.1754040193550136e-05,-4.421638983449507e-05
0.7800000000000006,-2.2107218643461704e-05,0.023057073773048026,0.1199724506332691,0.9999999997210731,-5.877279962527819e-06,5.877020096191132e-06,2.210819491519237e-05,0.18001175728208144,-7.005277569714641e-06,-3.502531337403489e-05,-1.295583327591086e-15,2.481517327376463e-16,-1.428766779541416e-14,-2.2506401811172288e-15,-6.194509420185364e-15,9.98060229011498e-17,4.957731222384684e-15,5.828925920596991e-15,9.911487547544818e-16,4.0,12.753000000084945,-3.037038216599508e-05,5.653180544633459e-16,1.6084868179603005,1.3367706664321668e-28,0.0,0.0,-1.3505972985234926,0.0,0.0,0.0,0.0,0.0,0.0,0.0,0.0,0.0,0.0,0.0,0.0,0.0,0.0,0.0,0.0,0.0,0.0,-2.4543241335727187e-17,-6.719222655217374e-17,7.150236915792973e-19,-1.7346133099446847e-15,3.4139896655542044e-16,-1.854241680927084e-14,-2.250365106392407e-15,-6.194607755528308e-15,9.990528970983551e-17,2.707091041267455e-15,-3.6558349958837324e-16,1.0909547776556316e-15,1.1754559926148525e-05,-1.1754040193475103e-05,-4.4216389834495785e-05
0.7900000000000006,-2.2107218643474647e-05,0.023057073773048026,0.11997245063326896,0.9999999997210731,-5.877279962540694e-06,5.8770200961667036e-06,2.2108194915193014e-05,0.18001175728208144,-7.0052775696694406e-06,-3.502531337402527e-05,-1.2930487682941964e-15,3.2175698892275746e-16,-1.3452887426463885e-14,-2.8992688370955827e-15,-3.576714373554516e-15,1.576807601234586e-16,5.606359878363038e-15,3.211130873964904e-15,9.332754181691243e-16,4.0,12.75300000014115,-3.037038216611998e-05,8.839545117299255e-16,1.6084868179602985,1.1888091833388794e-28,0.0,0.0,-1.3505972985234949,0.0,0.0,0.0,0.0,0.0,0.0,0.0,0.0,0.0,0.0,0.0,0.0,0.0,0.0,0.0,0.0,0.0,0.0,-3.143555176194551e-17,-3.8878376610146754e-17,1.4383333106933973e-18,-1.7108395774601324e-15,4.427384250880387e-16,-1.748333402640894e-14,-2.8991088310720317e-15,-3.576840711302907e-15,1.5775688075152204e-16,2.707091041267455e-15,-3.6558349958961215e-16,1.090956178292583e-15,1.1754559926174275e-05,-1.1754040193426246e-05,-4.421638983449707e-05
0.8000000000000006,-2.2107218643487566e-05,0.023057073773048026,0.11997245063326882,0.9999999997210731,-5.877279962556812e-06,5.877020096155365e-06,2.210819491519395e-05,0.18001175728208144,-7.005277569650418e-06,-3.502531337401623e-05,-1.2905142089973067e-15,3.953622451078686e-16,-1.2618107057513609e-14,-3.5478974930739365e-15,-9.589193269236684e-16,2.1555549734576738e-16,6.254988534341392e-15,5.933358273328164e-16,8.754020815837671e-16,4.0,12.753000000198963,-3.0370382166272636e-05,1.2026242755881465e-15,1.6084868179602965,1.0503454936570673e-28,0.0,0.0,-1.3505972985234964,0.0,0.0,0.0,0.0,0.0,0.0,0.0,0.0,0.0,0.0,0.0,0.0,0.0,0.0,0.0,0.0,0.0,0.0,-3.832786218816377e-17,-1.0564526668119806e-17,2.161642929807498e-18,-1.6870658449755812e-15,5.44077883620657e-16,-1.6424251243547043e-14,-3.5478525557516564e-15,-9.590736670775044e-16,2.1560847179320846e-16,2.707091041267455e-15,-3.6558349959085204e-16,1.0909575789295344e-15,1.1754559926206511e-05,-1.1754040193403569e-05,-4.421638983449894e-05
0.8100000000000006,-2.2107218643500457e-05,0.023057073773048026,0.11997245063326868,0.9999999997210731,-5.877279962576173e-06,5.877020096157114e-06,2.2108194915195172e-05,0.18001175728208144,-7.005277569657574e-06,-3.5025313374007764e-05,-1.287979649700417e-15,4.689675012929798e-16,-1.1783326688563333e-14,-4.19652614905229e-15,1.658875719707179e-15,2.7343023456807627e-16,6.9036171903197455e-15,-2.024459219299271e-15,8.175287449984101e-16,4.0,12.753000000253566,-3.0370382166411414e-05,1.5213064158744917e-15,1.608486817960295,9.213795973867317e-29,0.0,0.0,-1.3505972985234975,0.0,0.0,0.0,0.0,0.0,0.0,0.0,0.0,0.0,0.0,0.0,0.0,0.0,0.0,0.0,0.0,0.0,0.0,-4.5220172614382087e-17,1.7749323273907154e-17,2.8849525489215955e-18,-1.663292112491029e-15,6.454173421532752e-16,-1.5365168460685142e-14,-4.196596280431281e-15,1.6586933771478974e-15,2.7346006283489487e-16,2.707091041267455e-15,-3.6558349959209194e-16,1.0909589795664863e-15,1.1754559926245234e-05,-1.1754040193407067e-05,-4.421638983450139e-05
0.8200000000000006,-2.2107218643513326e-05,0.023057073773048026,0.11997245063326854,0.9999999997210731,-5.877279962598777e-06,5.877020096171954e-06,2.2108194915196683e-05,0.18001175728208157,-7.005277569690907e-06,-3.502531337399988e-05,-1.2854450904035273e-15,5.425727574780909e-16,-1.0948546319613057e-14,-4.845154805030644e-15,4.2766707663380264e-15,3.3130497179038517e-16,7.5522458462981e-15,-4.6422542659313584e-15,7.596554084130531e-16,4.0,12.75300000031138,-3.037038216656407e-05,1.839994501907172e-15,1.6084868179602931,8.019114945278721e-29,0.0,0.0,-1.3505972985234986,0.0,0.0,0.0,0.0,0.0,0.0,0.0,0.0,0.0,0.0,0.0,0.0,0.0,0.0,0.0,0.0,0.0,0.0,-5.211248304060037e-17,4.606317321593412e-17,3.608262168035697e-18,-1.6395183800064775e-15,7.467568006858934e-16,-1.430608567782324e-14,-4.845340005110906e-15,4.2764604213732995e-15,3.3131165387658116e-16,2.707091041267455e-15,-3.65583499593332e-16,1.0909603802034384e-15,1.1754559926290442e-05,-1.1754040193436747e-05,-4.421638983450441e-05
0.8300000000000006,-2.2107218643526167e-05,0.023057073773048026,0.11997245063326843,0.9999999997210731,-5.8772799626246245e-06,5.877020096199881e-06,2.2108194915198482e-05,0.1800117572820817,-7.005277569750419e-06,-3.5025313373992565e-05,-1.2829105311066376e-15,6.161780136632021e-16,-1.0113765950662781e-14,-5.493783461008998e-15,6.894465812968874e-15,3.891797090126941e-16,8.200874502276453e-15,-7.260049312563446e-15,7.017820718276961e-16,4.0,12.753000000354705,-3.037038216668897e-05,2.1586859003655687e-15,1.6084868179602918,6.919411850804882e-29,0.0,0.0,-1.3505972985234997,0.0,0.0,0.0,0.0,0.0,0.0,0.0,0.0,0.0,0.0,0.0,0.0,0.0,0.0,0.0,0.0,0.0,0.0,-5.900479346681868e-17,7.437702315796108e-17,4.331571787149796e-18,-1.6157446475219257e-15,8.480962592185118e-16,-1.324700289496134e-14,-5.4940837297905295e-15,6.894227465598701e-15,3.891632449182674e-16,2.707091041267455e-15,-3.6558349959457132e-16,1.0909617808403902e-15,1.1754559926342137e-05,-1.17540401934926e-05,-4.421638983450801e-05
0.8400000000000006,-2.2107218643538984e-05,0.023057073773048026,0.11997245063326836,0.9999999997210731,-5.877279962653715e-06,5.8770200962408986e-06,2.2108194915200573e-05,0.18001175728208185,-7.005277569836108e-06,-3.5025313373985836e-05,-1.280375971809748e-15,6.897832698483132e-16,-9.278985581712506e-15,-6.142412116987352e-15,9.512260859599721e-15,4.47054446235003e-16,8.849503158254807e-15,-9.877844359195532e-15,6.439087352423391e-16,4.0,12.75300000037874,-3.0370382166772236e-05,2.47737933291338e-15,1.6084868179602907,5.914686690445806e-29,0.0,0.0,-1.3505972985235009,0.0,0.0,0.0,0.0,0.0,0.0,0.0,0.0,0.0,0.0,0.0,0.0,0.0,0.0,0.0,0.0,0.0,0.0,-6.589710389303695e-17,1.0269087309998804e-16,5.0548814062638916e-18,-1.5919709150373738e-15,9.4943571775113e-16,-1.2187920112099437e-14,-6.1428274544701546e-15,9.511994509824102e-15,4.470148359599536e-16,2.707091041267455e-15,-3.6558349959581063e-16,1.0909631814773421e-15,1.1754559926400318e-05,-1.1754040193574636e-05,-4.421638983451219e-05
0.8500000000000006,-2.2107218643551652e-05,0.023057073773048026,0.11997245063326836,0.9999999997210731,-5.877279962667162e-06,5.8770200962729274e-06,2.2108194915202467e-05,0.18001175728208194,-7.005277569903643e-06,-3.5025313373978714e-05,-1.2209563063613695e-15,-1.2355405208064875e-15,2.724379059699883e-14,1.0746294701320753e-14,-8.369487951840214e-15,5.591388037388203e-17,-8.03920366005337e-15,8.08742851841897e-15,1.0350507019631587e-15,4.0,12.752999999639574,-3.0370382166786114e-05,2.3156374707222916e-16,1.6084868179602907,4.897749519879476e-28,0.0,0.0,-1.350597298523501,0.0,0.0,0.0,0.0,0.0,0.0,0.0,0.0,0.0,0.0,0.0,0.0,0.0,0.0,0.0,0.0,0.0,0.0,1.1606814891290902e-16,-9.00933554503765e-17,7.711875472642416e-19,-1.654640833868995e-15,-1.691726906228015e-15,3.5569855834843804e-14,1.0746665416392934e-14,-8.369012124209639e-15,5.588594266643613e-17,2.7070910412673825e-15,-2.820594334212438e-16,1.0909645823370407e-15,1.1754559926427211e-05,-1.1754040193638693e-05,-4.421638983451598e-05
0.8600000000000007,-2.2107218643563673e-05,0.023057073773048012,0.11997245063326857,0.9999999997210731,-5.877279962617878e-06,5.877020096239114e-06,2.210819491520281e-05,0.18001175728208185,-7.005277569838655e-06,-3.502531337396849e-05,-1.1989885880666812e-15,-6.254056526838403e-16,5.908575081489348e-15,4.018447447386958e-15,5.449384097768486e-16,2.0089472531978785e-16,-1.311356406119504e-15,-8.077229654582997e-16,8.900720927223786e-16,4.0,12.75300000029577,-3.037038216655019e-05,1.299317436538163e-15,1.6084868179602934,2.415121392085122e-29,0.0,0.0,-1.3505972985234982,0.0,0.0,0.0,0.0,0.0,0.0,0.0,0.0,0.0,0.0,0.0,0.0,0.0,0.0,0.0,0.0,0.0,0.0,4.366658314243043e-17,6.097979337378282e-18,2.448282582351628e-18,-1.555931138009708e-15,-8.435673218910162e-16,7.708936004862534e-15,4.018425709206829e-15,5.451184516489874e-16,2.0084108588537096e-16,2.7070910412674543e-15,-2.6278455568145105e-16,1.0909668180421664e-15,1.1754559926328643e-05,-1.1754040193571066e-05,-4.421638983451666e-05
0.8700000000000007,-2.210721864357348e-05,0.023057073773048005,0.11997245063326867,0.9999999997210731,-5.877279962588603e-06,5.877020096228098e-06,2.21081949152034e-05,0.18001175728208182,-7.005277569818775e-06,-3.502531337395876e-05,-6.057643378331744e-16,-1.4660481210116579e-15,3.08226872214671e-14,1.3417218887595562e-14,-1.2381261330835117e-14,-1.2613866766129933e-16,-1.0716552742466654e-14,1.2253399410690807e-14,1.2171076794696928e-15,4.0,12.753000000025501,-3.037038216643917e-05,9.089048912076054e-16,1.608486817960295,6.275611487713612e-28,0.0,0.0,-1.3505972985234969,0.0,0.0,0.0,0.0,0.0,0.0,0.0,0.0,0.0,0.0,0.0,0.0,0.0,0.0,0.0,0.0,0.0,0.0,1.4478175138998252e-16,-1.3339866772209588e-16,-1.2657598829580923e-18,-8.855274038340516e-16,-2.0142113266034006e-15,4.027588365557078e-14,1.3417764846479365e-14,-1.2380669540560113e-14,-1.2615084459984442e-16,2.7006661451289074e-15,-1.278619201443096e-16,1.0909690118083935e-15,1.1754559926270093e-05,-1.1754040193549035e-05,-4.421638983451784e-05
0.8800000000000007,-2.2107218643579133e-05,0.023057073773047998,0.11997245063326879,0.9999999997210731,-5.877279962559791e-06,5.877020096216113e-06,2.2108194915203568e-05,0.1800117572820818,-7.005277569795122e-06,-3.502531337394819e-05,-5.254205494455747e-16,-4.3588607558344006e-17,-7.518018482120087e-15,-1.8925617976545215e-15,7.587393891191502e-15,1.963941647393462e-16,4.40048105862608e-15,-7.522508758450147e-15,8.945732540466064e-16,4.0,12.753000000342233,-3.037038216631427e-05,1.4887249231820229e-15,1.6084868179602962,3.7791876591423955e-29,0.0,0.0,-1.3505972985234955,0.0,0.0,0.0,0.0,0.0,0.0,0.0,0.0,0.0,0.0,0.0,0.0,0.0,0.0,0.0,0.0,0.0,0.0,-1.9998570312153496e-17,8.206832509387433e-17,2.4551116738913495e-18,-6.239203468619309e-16,-3.995181920303677e-17,-9.849264563698352e-15,-1.892894974990002e-15,7.58731250970887e-15,1.9632722594698604e-16,2.5079192609715588e-15,6.488513274135421e-17,1.0909674187859527e-15,1.175455992621247e-05,-1.1754040193525064e-05,-4.421638983451818e-05
0.8900000000000007,-2.210721864358582e-05,0.023057073773047998,0.11997245063326883,0.9999999997210731,-5.877279962551207e-06,5.877020096206612e-06,2.210819491520389e-05,0.1800117572820818,-7.005277569774508e-06,-3.502531337393792e-05,-8.094723192180069e-16,-6.873367529874484e-16,2.112682533878933e-14,7.208691669872287e-15,-1.3894485464806474e-14,-1.1180701925534297e-16,-4.732896280364522e-15,1.4152117650434122e-14,1.202775087964245e-15,4.0,12.753000000075389,-3.0370382166258758e-05,8.917572490291722e-16,1.6084868179602967,2.9589080950828603e-28,0.0,0.0,-1.350597298523495,0.0,0.0,0.0,0.0,0.0,0.0,0.0,0.0,0.0,0.0,0.0,0.0,0.0,0.0,0.0,0.0,0.0,0.0,7.747799132754372e-17,-1.50073131306067e-16,-1.4897498636831199e-18,-1.1625708686033164e-15,-9.52104659177703e-16,2.7633700341904844e-14,7.209304713117852e-15,-1.38941680227125e-14,-1.1172843241348247e-16,2.4757953895077648e-15,2.576321856276475e-16,1.090968068708902e-15,1.1754559926195302e-05,-1.1754040193506063e-05,-4.4216389834518824e-05
0.9000000000000007,-2.210721864359076e-05,0.023057073773047998,0.11997245063326883,0.9999999997210731,-5.877279962555019e-06,5.877020096210059e-06,2.210819491520425e-05,0.18001175728208182,-7.005277569777861e-06,-3.502531337392773e-05,-3.5953651160714786e-16,1.438223129954856e-16,-3.208113502734947e-15,-2.5750900543549912e-15,3.420101203238547e-15,9.91459767566267e-17,5.0508854438598045e-15,-2.9697219647246443e-15,9.918201796536997e-16,4.0,12.752999999895822,-3.0370382166258758e-05,8.015851850905069e-16,1.6084868179602967,7.035002842415182e-30,0.0,0.0,-1.3505972985234949,0.0,0.0,0.0,0.0,0.0,0.0,0.0,0.0,0.0,0.0,0.0,0.0,0.0,0.0,0.0,0.0,0.0,0.0,-2.7597809656880784e-17,3.692707715800245e-17,1.164051551770734e-18,-4.408313329965116e-16,2.0836350606486197e-16,-4.218509647363769e-15,-2.575240111084099e-15,3.4199885040942903e-15,9.913604422832938e-17,2.4757953895048132e-15,4.503792385139026e-16,1.0909661564103265e-15,1.1754559926202925e-05,-1.1754040193512956e-05,-4.421638983451954e-05
0.9100000000000007,-2.2107218643595335e-05,0.023057073773047998,0.11997245063326893,0.9999999997210731,-5.8772799625367686e-06,5.8770200961726624e-06,2.210819491520394e-05,0.18001175728208182,-7.005277569697986e-06,-3.502531337391631e-05,-3.9373629742547477e-16,-3.4612702241958205e-16,5.46852477742935e-15,2.85999143324971e-15,-3.256033264093022e-15,-1.267596248243312e-18,-3.841960437449026e-16,3.815635335800871e-15,1.0922302429757667e-15,4.0,12.753000000152396,-3.0370382166161614e-05,4.473714076082067e-18,1.608486817960298,2.0005250091444982e-29,0.0,0.0,-1.3505972985234935,0.0,0.0,0.0,0.0,0.0,0.0,0.0,0.0,0.0,0.0,0.0,0.0,0.0,0.0,0.0,0.0,0.0,0.0,3.0918126215944625e-17,-3.5086236478500754e-17,1.592046255519638e-20,-5.378937247593995e-16,-4.728557775254396e-16,7.158010983346852e-15,2.8601353856183277e-15,-3.255906817287013e-15,-1.2629410535516227e-18,2.4757953895048073e-15,5.59602071707849e-16,1.0909626467275233e-15,1.1754559926166425e-05,-1.1754040193438163e-05,-4.4216389834518925e-05
0.9200000000000007,-2.2107218643598324e-05,0.023057073773047998,0.11997245063326888,0.9999999997210731,-5.877279962536766e-06,5.8770200961958915e-06,2.2108194915204398e-05,0.18001175728208182,-7.0052775697400086e-06,-3.502531337390642e-05,-3.9921807805363255e-16,-1.3447672683698994e-16,3.4569620374681222e-15,1.0008460673132727e-15,-2.907823373703473e-15,7.061071181887746e-18,1.4749493221915344e-15,3.5509490471421234e-15,1.0839017905816577e-15,4.0,12.752999999807464,-3.0370382166217125e-05,5.339101056471994e-17,1.6084868179602976,8.053542887929118e-30,0.0,0.0,-1.3505972985234942,0.0,0.0,0.0,0.0,0.0,0.0,0.0,0.0,0.0,0.0,0.0,0.0,0.0,0.0,0.0,0.0,0.0,0.0,1.0806291954416458e-17,-3.140436743162663e-17,3.1904702355500604e-20,-5.423018579380359e-16,-1.8277068836690223e-16,4.5253203717817606e-15,1.000974722912735e-15,-2.9077790339277214e-15,7.083486364381311e-18,2.4757953895048073e-15,6.431256734386505e-16,1.0909628617635455e-15,1.175455992616642e-05,-1.1754040193484621e-05,-4.421638983451984e-05
0.9300000000000007,-2.2107218643601597e-05,0.023057073773047998,0.11997245063326896,0.9999999997210731,-5.877279962528456e-06,5.877020096162716e-06,2.2108194915204124e-05,0.18001175728208182,-7.005277569666648e-06,-3.502531337389496e-05,9.366525173712513e-17,-6.151854876324531e-18,-3.359392341250149e-15,-1.2409631400753465e-15,6.156472630407151e-15,7.372045442207104e-17,3.716758529580157e-15,-5.442672931789173e-15,1.017241567453265e-15,4.0,12.753000000218476,-3.037038216611998e-05,6.74093897461878e-16,1.6084868179602985,7.760286118255983e-30,0.0,0.0,-1.3505972985234929,0.0,0.0,0.0,0.0,0.0,0.0,0.0,0.0,0.0,0.0,0.0,0.0,0.0,0.0,0.0,0.0,0.0,0.0,-1.3020885151153693e-17,6.663107546372847e-17,1.0886389803198975e-18,1.704256839873079e-16,2.5215134169242754e-18,-4.426390225394315e-15,-1.2412344897015302e-15,6.15641861971004e-15,7.366267603838268e-17,2.4757953895048105e-15,7.13799698617978e-16,1.090962021875336e-15,1.17545599261498e-05,-1.175404019341827e-05,-4.421638983451929e-05
0.9400000000000007,-2.2107218643599476e-05,0.023057073773047998,0.11997245063326886,0.9999999997210731,-5.877279962540547e-06,5.877020096219914e-06,2.2108194915204795e-05,0.18001175728208185,-7.005277569773662e-06,-3.502531337388539e-05,-4.65087532507058e-16,-1.169673696475833e-16,8.512319787858694e-15,1.8476172415833925e-15,-7.551980730561951e-15,-4.953470302990159e-17,6.28178147921418e-16,8.362154294278033e-15,1.1404954522969093e-15,4.0,12.75299999968762,-3.0370382166231003e-05,4.604759612816498e-16,1.6084868179602974,4.8248417872506385e-29,0.0,0.0,-1.3505972985234942,0.0,0.0,0.0,0.0,0.0,0.0,0.0,0.0,0.0,0.0,0.0,0.0,0.0,0.0,0.0,0.0,0.0,0.0,1.9745190882675058e-17,-8.164049827421939e-17,-7.673284685710589e-19,-6.646318054874089e-16,-1.6723656600271709e-16,1.1141213391868636e-14,1.8479505792752016e-15,-7.551899610092785e-15,-4.9467652222950297e-17,2.4757953895048105e-15,8.101735637160812e-16,1.0909607492670077e-15,1.1754559926173982e-05,-1.1754040193532667e-05,-4.421638983452063e-05
0.9500000000000007,-2.2107218643605035e-05,0.023057073773047998,0.11997245063326892,0.9999999997210731,-5.877279962531561e-06,5.877020096191088e-06,2.2108194915204662e-05,0.18001175728208185,-7.005277569705744e-06,-3.5025313373874306e-05,-2.422310584084746e-16,-1.7067379271053537e-16,-8.84844242009074e-15,-1.2501517549139634e-15,9.254050860089166e-15,1.5273201783427394e-16,3.725947144418769e-15,-8.251130051354433e-15,9.382271169456708e-16,4.0,12.753000000273603,-3.037038216617549e-05,1.4122012888374812e-15,1.608486817960298,5.21494758197084e-29,0.0,0.0,-1.3505972985234933,0.0,0.0,0.0,0.0,0.0,0.0,0.0,0.0,0.0,0.0,0.0,0.0,0.0,0.0,0.0,0.0,0.0,0.0,-1.2965457410027091e-17,1.0018544606326773e-16,2.0957567070245577e-18,-2.42091309226324e-16,-2.1065062873886162e-16,-1.1587009754782772e-14,-1.250559139786453e-15,9.253997368629988e-15,1.5263793758143044e-16,2.4757953895048057e-15,1.0029208087347334e-15,1.0909591347799447e-15,1.175455992615601e-05,-1.1754040193475014e-05,-4.421638983452037e-05
0.9600000000000007,-2.2107218643607732e-05,0.023057073773047998,0.11997245063326889,0.9999999997210731,-5.877279962533946e-06,5.877020096214103e-06,2.210819491520513e-05,0.18001175728208185,-7.00527756974173e-06,-3.502531337386434e-05,-5.880872038571208e-16,-9.98172133354631e-17,1.7939592492484637e-14,3.2822552280236363e-15,-1.5392655771155477e-14,-1.4067271943868373e-16,-8.064598385188222e-16,1.6318477838002197e-14,1.2316298672302227e-15,4.0,12.75300000002527,-3.0370382166203247e-05,1.3130169822852377e-15,1.6084868179602976,2.1352826067409682e-28,0.0,0.0,-1.3505972985234938,0.0,0.0,0.0,0.0,0.0,0.0,0.0,0.0,0.0,0.0,0.0,0.0,0.0,0.0,0.0,0.0,0.0,0.0,3.4891460897219345e-17,-1.6646057252147316e-16,-2.068647666725544e-18,-8.86526262495853e-16,-1.5714943981803015e-16,2.347087128428688e-14,3.2829341798833767e-15,-1.539251227937764e-14,-1.4053037013740315e-16,2.475795389504814e-15,9.258220668467196e-16,1.090957147791539e-15,1.175455992616078e-05,-1.1754040193521044e-05,-4.4216389834521304e-05
0.9700000000000008,-2.2107218643612828e-05,0.023057073773047998,0.11997245063326889,0.9999999997210731,-5.877279962529336e-06,5.877020096208809e-06,2.2108194915205337e-05,0.18001175728208185,-7.005277569722849e-06,-3.502531337385384e-05,-4.315397665746743e-16,-2.9413493558071947e-16,-1.5415789199559238e-14,-1.4381008707819973e-15,1.3275177736563684e-14,2.2445760482353817e-16,3.913896260286801e-15,-1.2542102722602977e-14,8.664986612266982e-16,4.0,12.75300000035121,-3.0370382166203247e-05,2.1098573363717715e-15,1.6084868179602976,1.5738759327832243e-28,0.0,0.0,-1.3505972985234935,0.0,0.0,0.0,0.0,0.0,0.0,0.0,0.0,0.0,0.0,0.0,0.0,0.0,0.0,0.0,0.0,0.0,0.0,-1.4800827163572767e-17,1.4370480892435854e-16,3.060559739651251e-18,-4.565979071951729e-16,-3.690717156409017e-16,-2.0158233571823847e-14,-1.4386852124022475e-15,1.3275116773598837e-14,2.2431846823919895e-16,2.475795389504804e-15,7.330750139607071e-16,1.0909562660502363e-15,1.175455992615156e-05,-1.1754040193510456e-05,-4.421638983452172e-05
0.9800000000000008,-2.210721864361704e-05,0.023057073773047998,0.11997245063326892,0.9999999997210731,-5.877279962525914e-06,5.87702009620425e-06,2.2108194915205516e-05,0.18001175728208185,-7.005277569707199e-06,-3.502531337384329e-05,-4.712889016605365e-16,-1.0605103299375702e-16,1.126548858279851e-14,2.030702802215461e-15,-8.967917883652724e-15,-6.656054026591854e-17,4.450925872893457e-16,9.566070002424344e-15,1.1575165458466816e-15,4.0,12.753000000077499,-3.037038216617549e-05,6.297734401249832e-16,1.608486817960298,8.413263740047877e-29,0.0,0.0,-1.3505972985234933,0.0,0.0,0.0,0.0,0.0,0.0,0.0,0.0,0.0,0.0,0.0,0.0,0.0,0.0,0.0,0.0,0.0,0.0,2.1657612768474488e-17,-9.697232993456139e-17,-1.0122062667614861e-18,-6.838846547598233e-16,-1.5464656400191286e-16,1.4733125157361553e-14,2.0310985473246324e-15,-8.967828866467373e-15,-6.647899814906644e-17,2.4757953895048065e-15,5.981521187716206e-16,1.0909560055807632e-15,1.1754559926144715e-05,-1.1754040193501339e-05,-4.4216389834522076e-05
0.9900000000000008,-2.2107218643622965e-05,0.023057073773047998,0.11997245063326886,0.9999999997210731,-5.877279962523435e-06,5.877020096220325e-06,2.2108194915206045e-05,0.18001175728208185,-7.005277569733379e-06,-3.502531337383344e-05,-6.410603687264966e-16,-3.5851167307692033e-16,-1.353045877802485e-14,-3.984701254363109e-16,9.896621859166583e-15,1.9886067669260078e-16,2.8742655149411156e-15,-9.317744464657292e-15,8.920944553154547e-16,4.0,12.752999999924107,-3.0370382166231003e-05,1.9016708338693898e-15,1.6084868179602974,1.2094756529159602e-28,0.0,0.0,-1.350597298523494,0.0,0.0,0.0,0.0,0.0,0.0,0.0,0.0,0.0,0.0,0.0,0.0,0.0,0.0,0.0,0.0,0.0,0.0,-3.7105792769165895e-18,1.0716818513739513e-16,2.6685702491681694e-18,-7.557975693106722e-16,-4.612840663290231e-16,-1.767195811539055e-14,-3.989053812282387e-16,9.896606567497037e-15,1.9874903253962094e-16,2.4757953895048046e-15,5.788773945092908e-16,1.0909551320080555e-15,1.1754559926139757e-05,-1.1754040193533488e-05,-4.4216389834523134e-05
1.0000000000000007,-2.2107218643627292e-05,0.023057073773047998,0.11997245063326893,0.9999999997210731,-5.877279962516963e-06,5.877020096195938e-06,2.2108194915205967e-05,0.18001175728208185,-7.00527756967978e-06,-3.502531337382237e-05,-5.190317102345117e-16,-1.748507138919466e-16,4.599463932919732e-15,1.403041856763499e-15,-3.934602806634661e-15,4.260505871478388e-18,1.0727535327413103e-15,4.3207327793725375e-15,1.0866967091930863e-15,4.0,12.753000000137712,-3.0370382166161614e-05,4.7969169447244573e-17,1.608486817960298,1.4255980979597294e-29,0.0,0.0,-1.350597298523493,0.0,0.0,0.0,0.0,0.0,0.0,0.0,0.0,0.0,0.0,0.0,0.0,0.0,0.0,0.0,0.0,0.0,0.0,1.5110724917817626e-17,-4.2513163195603954e-17,-2.9086404825525176e-20,-7.062511330786472e-16,-2.3849707020689456e-16,6.022004772019153e-15,1.40321587957538e-15,-3.934540715086368e-15,4.2902625979175024e-18,2.4757953895048093e-15,3.861299727378765e-16,1.0909572150645647e-15,1.1754559926126814e-05,-1.1754040193484715e-05,-4.421638983452298e-05
1.0100000000000007,-2.2107218643634516e-05,0.023057073773047998,0.11997245063326885,0.9999999997210731,-5.87727996251358e-06,5.877020096218637e-06,2.2108194915206638e-05,0.18001175728208185,-7.0052775697221895e-06,-3.5025313373812804e-05,-5.859039215375258e-16,-2.504355529865471e-16,-2.0322739949916206e-15,8.211906590880107e-16,9.403757169212235e-16,7.514336135336649e-17,1.7124287609660489e-15,-6.89168766520796e-16,1.0158158901774966e-15,4.0,12.752999999818348,-3.037038216624488e-05,7.258190699850858e-16,1.6084868179602974,2.9565851384484555e-30,0.0,0.0,-1.3505972985234942,0.0,0.0,0.0,0.0,0.0,0.0,0.0,0.0,0.0,0.0,0.0,0.0,0.0,0.0,0.0,0.0,0.0,0.0,9.054711133856116e-18,1.0237421153948295e-17,9.491772459041399e-19,-7.547529864679276e-16,-3.31534302407002e-16,-2.6429096851591364e-15,8.211499613628576e-16,9.404129092632373e-16,7.512265536322312e-17,2.5336194200540595e-15,2.512069504004275e-16,1.090959251530863e-15,1.1754559926120048e-05,-1.1754040193530112e-05,-4.421638983452432e-05
1.0200000000000007,-2.2107218643638612e-05,0.023057073773047998,0.11997245063326893,0.9999999997210731,-5.877279962506536e-06,5.87702009618805e-06,2.210819491520647e-05,0.18001175728208185,-7.005277569658501e-06,-3.5025313373801556e-05,-6.722728312832112e-16,-2.8263502626745355e-16,-2.05929464012825e-15,1.2712552658481595e-15,1.681406278914624e-17,6.927681217259052e-17,1.4551110423482858e-15,2.343927228673746e-16,1.0216815337614115e-15,4.0,12.753000000201094,-3.0370382166147736e-05,6.964999209505516e-16,1.608486817960298,3.093527782991358e-30,0.0,0.0,-1.350597298523493,0.0,0.0,0.0,0.0,0.0,0.0,0.0,0.0,0.0,0.0,0.0,0.0,0.0,0.0,0.0,0.0,0.0,0.0,1.38909802437016e-17,2.5997226389733125e-19,8.624090796669088e-19,-8.743738395295452e-16,-3.770412623588658e-16,-2.6670473845830128e-15,1.2712553353237498e-15,1.6871087338562785e-17,6.926167180963058e-17,2.7263663081964455e-15,2.5120678565652084e-16,1.090958345934002e-15,1.175455992610596e-05,-1.1754040193468938e-05,-4.421638983452398e-05
1.0300000000000007,-2.210721864364595e-05,0.023057073773047998,0.11997245063326886,0.9999999997210731,-5.877279962505929e-06,5.8770200962072705e-06,2.2108194915207085e-05,0.18001175728208185,-7.005277569694431e-06,-3.502531337379188e-05,-1.685918672465168e-16,3.8580055799857087e-16,9.599479646480704e-15,-2.7691645554663377e-15,-4.601956524839253e-15,-4.0235639425458333e-17,5.688277916549418e-15,4.853163310496089e-15,1.1311954155607515e-15,4.0,12.752999999700014,-3.0370382166231003e-05,3.9277498132535526e-16,1.6084868179602974,6.03258659659199e-29,0.0,0.0,-1.3505972985234942,0.0,0.0,0.0,0.0,0.0,0.0,0.0,0.0,0.0,0.0,0.0,0.0,0.0,0.0,0.0,0.0,0.0,0.0,-3.007710668600107e-17,-4.995436386913033e-17,-7.484888859526994e-19,-2.556639874362997e-16,5.233707154366239e-16,1.2493986048523367e-14,-2.7689615432673933e-15,-4.602079435253558e-15,-4.0148997050934155e-17,2.9191133610830804e-15,2.5120678565683574e-16,1.0909597761352932e-15,1.1754559926104746e-05,-1.175404019350738e-05,-4.4216389834525214e-05
1.0400000000000007,-2.210721864364872e-05,0.023057073773047998,0.11997245063326892,0.9999999997210731,-5.87727996251036e-06,5.877020096189357e-06,2.210819491520701e-05,0.18001175728208185,-7.005277569656758e-06,-3.502531337378082e-05,-7.8574389749327e-16,-5.873937898157467e-16,-8.595257154255328e-15,3.321632642129377e-15,3.89526487292155e-15,1.3286671856130926e-16,-2.0977222815999646e-16,-3.804679861693137e-15,9.58094309222265e-16,4.0,12.753000000271815,-3.0370382166161614e-05,1.285491444902883e-15,1.608486817960298,4.882084429038784e-29,0.0,0.0,-1.3505972985234933,0.0,0.0,0.0,0.0,0.0,0.0,0.0,0.0,0.0,0.0,0.0,0.0,0.0,0.0,0.0,0.0,0.0,0.0,3.630026738354569e-17,4.235034287519004e-17,1.8420285354074115e-18,-9.913668075091502e-16,-7.891207771906352e-16,-1.1178423412318791e-14,3.321461965519944e-15,3.895413301043258e-15,1.3278188896404936e-16,3.111860413969381e-15,9.058501122841328e-17,1.0909610277835743e-15,1.1754559926113607e-05,-1.1754040193471552e-05,-4.4216389834525065e-05
1.0500000000000007,-2.210721864365392e-05,0.023057073773047995,0.11997245063326888,0.9999999997210731,-5.87727996250147e-06,5.877020096201064e-06,2.2108194915207407e-05,0.18001175728208188,-7.005277569678428e-06,-3.502531337377073e-05,3.143831807402532e-16,7.450238664660886e-16,1.7197692935287317e-14,-5.092635875630023e-15,-6.728460694471934e-15,-1.2137477744664272e-16,8.390818419490557e-15,6.76122193464039e-15,1.2123375769664892e-15,4.0,12.75300000002403,-3.0370382166203247e-05,1.1459511530808809e-15,1.6084868179602976,1.9329686530713305e-28,0.0,0.0,-1.350597298523494,0.0,0.0,0.0,0.0,0.0,0.0,0.0,0.0,0.0,0.0,0.0,0.0,0.0,0.0,0.0,0.0,0.0,0.0,-5.5324267413322386e-17,-7.310765908376415e-17,-1.845500236084517e-18,3.5583984300595607e-16,1.0082989318521251e-15,2.2370087568246244e-14,-5.092339788206667e-15,-6.7286872917896365e-15,-1.2123582871373625e-16,3.2981825438605344e-15,3.276124016845645e-17,1.0909627995198464e-15,1.1754559926095828e-05,-1.1754040193494967e-05,-4.421638983452586e-05
1.0600000000000007,-2.210721864365872e-05,0.023057073773047995,0.11997245063326889,0.9999999997210731,-5.8772799625091816e-06,5.877020096193536e-06,2.210819491520748e-05,0.1800117572820819,-7.005277569664663e-06,-3.502531337376016e-05,-1.274868663144485e-15,-3.5733409940264517e-16,-1.2595178286135688e-14,1.3923162424276368e-15,4.041014209081202e-15,1.887631015615167e-16,1.90586566446421e-15,-4.008252968913561e-15,9.021966717174921e-16,4.0,12.753000000307111,-3.037038216618937e-05,1.7950600098450457e-15,1.6084868179602976,1.045857742329556e-28,0.0,0.0,-1.3505972985234935,0.0,0.0,0.0,0.0,0.0,0.0,0.0,0.0,0.0,0.0,0.0,0.0,0.0,0.0,0.0,0.0,0.0,0.0,1.5429543749483935e-17,4.3832642396566186e-17,2.359647864492727e-18,-1.6265110765827761e-15,-4.741616407610642e-16,-1.639492160477542e-14,1.3921397803117446e-15,4.0410779868295406e-15,1.8869923653897814e-16,3.298181906891847e-15,3.276124016764077e-17,1.0909597732790087e-15,1.175455992611125e-05,-1.175404019347991e-05,-4.421638983452601e-05
1.0700000000000007,-2.210721864366826e-05,0.023057073773047995,0.11997245063326885,0.9999999997210731,-5.877279962507202e-06,5.877020096198745e-06,2.210819491520806e-05,0.1800117572820819,-7.005277569674382e-06,-3.502531337375041e-05,-3.641337661732908e-17,3.903788847359857e-16,1.4938280612923755e-14,-2.752360229603739e-15,-6.324901799269134e-15,-7.62600873085674e-17,5.915618962895362e-15,6.466886335929257e-15,1.1672161289331313e-15,4.0,12.753000000077883,-3.0370382166231003e-05,7.349155535722663e-16,1.6084868179602974,1.458461936379458e-28,0.0,0.0,-1.3505972985234944,0.0,0.0,0.0,0.0,0.0,0.0,0.0,0.0,0.0,0.0,0.0,0.0,0.0,0.0,0.0,0.0,0.0,0.0,-2.9969953287639945e-17,-6.861479299062295e-17,-1.222307280092247e-18,-9.732713394031794e-17,5.288994768938255e-16,1.9448345465296062e-14,-2.7520814583069156e-15,-6.325024388315585e-15,-7.615339043640997e-17,3.1632587332916234e-15,1.4198453666012303e-16,1.0909560416245638e-15,1.1754559926107292e-05,-1.1754040193490329e-05,-4.4216389834527165e-05
1.0800000000000007,-2.2107218643674147e-05,0.023057073773047995,0.11997245063326885,0.9999999997210731,-5.877279962504175e-06,5.877020096212449e-06,2.210819491520855e-05,0.1800117572820819,-7.005277569699406e-06,-3.5025313373740475e-05,-1.0775373701700883e-15,-5.84709075827137e-16,-1.636372314659993e-14,3.3622021781913187e-15,9.932296799654854e-15,2.4127775616514194e-16,-3.916904977859253e-16,-9.603990104353082e-15,8.496763478285574e-16,4.0,12.752999999978487,-3.037038216624488e-05,2.307827181891158e-15,1.6084868179602974,1.7642072867237782e-28,0.0,0.0,-1.3505972985234946,0.0,0.0,0.0,0.0,0.0,0.0,0.0,0.0,0.0,0.0,0.0,0.0,0.0,0.0,0.0,0.0,0.0,0.0,3.703282991935662e-17,1.0773220511122147e-16,3.3142373716407473e-18,-1.3232699427721189e-15,-7.850863837579314e-16,-2.132540146535926e-14,3.3617658396048783e-15,9.932448289645858e-15,2.4112148860165795e-16,2.9705116804053936e-15,3.2830669530177224e-16,1.0909541039936994e-15,1.1754559926101237e-05,-1.1754040193517737e-05,-4.421638983452814e-05
1.0900000000000007,-2.2107218643681075e-05,0.023057073773047995,0.1199724506332689,0.9999999997210731,-5.877279962511166e-06,5.877020096184123e-06,2.2108194915208552e-05,0.1800117572820819,-7.005277569639469e-06,-3.502531337372957e-05,-3.814562040025825e-16,2.6408089507491455e-16,9.263323968756737e-15,-2.014658036412144e-15,-5.5038623965499806e-15,-2.896358777039652e-17,4.792422663931167e-15,5.832169249734523e-15,1.119917474869629e-15,4.0,12.753000000140014,-3.037038216617549e-05,2.83587104713664e-16,1.6084868179602978,5.638321231496064e-29,0.0,0.0,-1.3505972985234938,0.0,0.0,0.0,0.0,0.0,0.0,0.0,0.0,0.0,0.0,0.0,0.0,0.0,0.0,0.0,0.0,0.0,0.0,-2.1957736118456924e-17,-5.967789390117855e-17,-6.336828053986796e-19,-5.396926299400362e-16,3.591891106505903e-16,1.2070235122366245e-14,-2.0144150134297568e-15,-5.5039518120171444e-15,-2.8875212821209905e-17,2.777764627519023e-15,3.283068531845421e-16,1.0909538870992324e-15,1.175455992611522e-05,-1.1754040193461084e-05,-4.421638983452815e-05
1.1000000000000008,-2.2107218643683413e-05,0.023057073773047995,0.11997245063326888,0.9999999997210731,-5.877279962506304e-06,5.877020096216511e-06,2.2108194915209104e-05,0.1800117572820819,-7.005277569700782e-06,-3.5025313373719766e-05,-2.477859447089846e-16,-5.269866897281574e-18,3.931911763554126e-15,-8.727873752041565e-17,-1.6301482390364052e-15,4.885919291863266e-18,2.6722963121531346e-15,2.0419788451978983e-15,1.0860668309153117e-15,4.0,12.752999999820805,-3.0370382166217125e-05,5.524511272852258e-17,1.6084868179602976,1.0155389870888928e-29,0.0,0.0,-1.350597298523494,0.0,0.0,0.0,0.0,0.0,0.0,0.0,0.0,0.0,0.0,0.0,0.0,0.0,0.0,0.0,0.0,0.0,0.0,-9.07886119878995e-19,-1.763540453579643e-17,1.7661119389215292e-20,-3.352018888997807e-16,-6.1139429850740846e-18,5.123828393713595e-15,-8.720660061843366e-17,-1.6301520390417956e-15,4.906106443203738e-18,2.585017574632719e-15,4.118306061614931e-16,1.090952750207175e-15,1.1754559926105496e-05,-1.175404019352586e-05,-4.421638983452925e-05
1.1100000000000008,-2.2107218643686435e-05,0.023057073773047995,0.11997245063326899,0.9999999997210731,-5.877279962516456e-06,5.8770200961611835e-06,2.2108194915208542e-05,0.1800117572820819,-7.0052775695850464e-06,-3.502531337370773e-05,-2.317848276535304e-16,4.9937894458187707e-17,-2.0914547690590515e-15,-4.80162858969861e-16,2.8508054062775073e-15,6.30064337972038e-17,2.872433380716281e-15,-2.2462277125440696e-15,1.0279452002720593e-15,4.0,12.753000000277723,-3.0370382166092225e-05,5.815966681143949e-16,1.608486817960299,2.9763833007330138e-30,0.0,0.0,-1.3505972985234924,0.0,0.0,0.0,0.0,0.0,0.0,0.0,0.0,0.0,0.0,0.0,0.0,0.0,0.0,0.0,0.0,0.0,0.0,-4.9490434972084346e-18,3.087252509215835e-17,8.476760315168238e-19,-2.790183895410248e-16,6.926529002348743e-17,-2.7455392591206676e-15,-4.802881704236083e-16,2.8507849128880683e-15,6.297856854465985e-17,2.39227052174642e-15,6.045776937334377e-16,1.090951634069263e-15,1.17545599261258e-05,-1.1754040193415205e-05,-4.421638983452813e-05
1.1200000000000008,-2.2107218643687848e-05,0.023057073773047995,0.11997245063326899,0.9999999997210731,-5.877279962522206e-06,5.877020096163587e-06,2.210819491520865e-05,0.1800117572820819,-7.005277569582846e-06,-3.502531337369704e-05,-6.890249425347895e-17,4.3821512961845726e-16,1.2313358774378553e-14,-3.462474430751853e-15,-1.3425026433699572e-14,-1.6908942017525579e-16,5.661997899611929e-15,1.4222351180319354e-14,1.2600380151285001e-15,4.0,12.752999999750758,-3.0370382166092225e-05,1.5627947065786772e-15,1.608486817960299,1.0073073807277847e-28,0.0,0.0,-1.3505972985234926,0.0,0.0,0.0,0.0,0.0,0.0,0.0,0.0,0.0,0.0,0.0,0.0,0.0,0.0,0.0,0.0,0.0,0.0,-3.805255759368889e-17,-1.4549923850657812e-16,-2.6108889574192375e-18,-1.9562096672012803e-16,5.960229963949574e-16,1.6087067759527294e-14,-3.461882807438311e-15,-1.3425181505144183e-14,-1.688909193994501e-16,2.199523468860076e-15,7.973247466197823e-16,1.0909485949532444e-15,1.17545599261373e-05,-1.1754040193420013e-05,-4.4216389834528344e-05
1.1300000000000008,-2.2107218643687127e-05,0.023057073773047995,0.11997245063326908,0.9999999997210731,-5.877279962535493e-06,5.877020096109078e-06,2.2108194915207898e-05,0.18001175728208194,-7.00527756946489e-06,-3.5025313373684625e-05,2.956421415807521e-16,-2.2906191543638816e-16,-1.1918697405464577e-14,1.9676200592900242e-15,1.2070243066688912e-14,1.2848286264948749e-16,3.915635668379145e-17,-1.1080171267182796e-14,9.624673829992883e-16,4.0,12.75300000032568,-3.0370382165981202e-05,1.1682610795170526e-15,1.6084868179603002,9.423905794685621e-29,0.0,0.0,-1.3505972985234913,0.0,0.0,0.0,0.0,0.0,0.0,0.0,0.0,0.0,0.0,0.0,0.0,0.0,0.0,0.0,0.0,0.0,0.0,2.1988792435691636e-17,1.3083493637184873e-16,2.1294929127034247e-18,4.798685661962876e-16,-3.124903134955373e-16,-1.5575128561146074e-14,1.9670878639835403e-15,1.2070331565268371e-14,1.283178573763356e-16,2.0067764159738157e-15,9.900717995061167e-16,1.0909502456487758e-15,1.1754559926163874e-05,-1.1754040193310995e-05,-4.421638983452684e-05
1.1400000000000008,-2.2107218643681855e-05,0.023057073773047995,0.11997245063326908,0.9999999997210731,-5.877279962532528e-06,5.877020096120601e-06,2.2108194915207766e-05,0.18001175728208194,-7.00527756947774e-06,-3.502531337367345e-05,6.783887086253128e-16,2.3052434140673404e-16,1.459188557730113e-14,-1.9722642742611973e-15,-1.4064543412300837e-14,-2.6017054649129416e-16,3.7862936373486436e-15,1.508673962882143e-14,1.3511228903413338e-15,4.0,12.753000000021494,-3.037038216599508e-05,2.397459027664808e-15,1.6084868179603002,1.4117590668219007e-28,0.0,0.0,-1.3505972985234915,0.0,0.0,0.0,0.0,0.0,0.0,0.0,0.0,0.0,0.0,0.0,0.0,0.0,0.0,0.0,0.0,0.0,0.0,-2.197086948175351e-17,-1.523436780001866e-16,-3.5552650406555545e-18,7.714708698201787e-16,3.1337464774844864e-16,1.9066190620672635e-14,-1.9716454458786933e-15,-1.4064633662108093e-14,-2.5998204500577714e-16,1.8140293630874463e-15,1.0221962165205923e-15,1.0909523438500397e-15,1.1754559926157944e-05,-1.1754040193334041e-05,-4.4216389834526576e-05
1.1500000000000008,-2.2107218643677857e-05,0.023057073773047995,0.11997245063326901,0.9999999997210731,-5.877279962522719e-06,5.877020096154915e-06,2.2108194915207996e-05,0.18001175728208194,-7.005277569536145e-06,-3.5025313373663e-05,1.898281039625436e-16,-5.04028144870129e-16,-2.021911622525806e-14,4.393161247359455e-15,1.963572917703845e-14,2.3698200595825763e-16,-2.77187893715824e-15,-1.8613532960518257e-14,8.539735538104991e-16,4.0,12.752999999921965,-3.037038216606447e-05,2.1952468469338192e-15,1.6084868179602991,2.706406502099041e-28,0.0,0.0,-1.3505972985234924,0.0,0.0,0.0,0.0,0.0,0.0,0.0,0.0,0.0,0.0,0.0,0.0,0.0,0.0,0.0,0.0,0.0,0.0,4.8607303782794656e-17,2.128748970078894e-16,3.794817125851085e-18,4.0196654926739245e-16,-6.884805936868752e-16,-2.6406793069581802e-14,4.392295805783783e-15,1.963592619159466e-14,2.3669956313733055e-16,1.621282310201215e-15,1.0221962165201932e-15,1.0909555597687568e-15,1.1754559926138325e-05,-1.175404019340267e-05,-4.421638983452704e-05
1.1600000000000008,-2.2107218643675448e-05,0.023057073773047995,0.11997245063326901,0.9999999997210731,-5.877279962519944e-06,5.87702009615205e-06,2.2108194915207827e-05,0.18001175728208194,-7.0052775695201925e-06,-3.502531337365175e-05,2.0692036338715437e-18,-2.2285286495003565e-17,-7.08336076206872e-16,2.232112280726082e-16,3.9227747823458017e-16,2.907024262500006e-18,1.2053240292422578e-15,6.299187382855973e-16,1.0880493377646689e-15,4.0,12.753000000130246,-3.037038216606447e-05,4.560630866853493e-17,1.6084868179602991,3.2866941967413457e-31,0.0,0.0,-1.3505972985234924,0.0,0.0,0.0,0.0,0.0,0.0,0.0,0.0,0.0,0.0,0.0,0.0,0.0,0.0,0.0,0.0,0.0,0.0,2.5002891724989616e-18,4.304485238115205e-18,1.107887866741309e-19,5.804990383783134e-18,-3.0733184238656284e-17,-9.22189444968086e-16,2.231939168865211e-16,3.922873815748099e-16,2.8997896231601838e-18,1.428535257314866e-15,1.0221962165201774e-15,1.090956362027169e-15,1.1754559926132776e-05,-1.1754040193396938e-05,-4.42163898345267e-05
1.1700000000000008,-2.210721864367922e-05,0.023057073773047995,0.11997245063326889,0.9999999997210731,-5.87727996251063e-06,5.877020096216312e-06,2.2108194915208854e-05,0.18001175728208194,-7.005277569638442e-06,-3.5025313373642896e-05,-4.4009707438199673e-16,-1.3830152035887826e-16,-9.907133457683369e-15,1.4568861817389178e-15,1.0193778282076765e-14,1.7975972779222089e-16,-2.2109797731034384e-16,-9.126607995123934e-15,9.111946791325274e-16,4.0,12.752999999880323,-3.0370382166203247e-05,1.6857861193092241e-15,1.6084868179602976,6.517480798434807e-29,0.0,0.0,-1.350597298523494,0.0,0.0,0.0,0.0,0.0,0.0,0.0,0.0,0.0,0.0,0.0,0.0,0.0,0.0,0.0,0.0,0.0,0.0,1.633536048294152e-17,1.1049879749236944e-16,2.5674566891952123e-18,-4.920144181181749e-16,-1.9000626742770863e-16,-1.2949169453349835e-14,1.456437560292014e-15,1.0193844802597552e-14,1.7962278236136525e-16,1.235788204428574e-15,1.067170286952831e-15,1.0909544069247483e-15,1.1754559926114148e-05,-1.1754040193525462e-05,-4.421638983452875e-05
1.1800000000000008,-2.2107218643681943e-05,0.023057073773047995,0.11997245063326895,0.9999999997210731,-5.87727996251217e-06,5.877020096187166e-06,2.2108194915208633e-05,0.18001175728208194,-7.005277569568578e-06,-3.5025313373631546e-05,-6.522902676881021e-16,-2.1250912747803502e-16,-1.3089606248815809e-15,2.060382671673052e-15,1.0075497794637255e-15,7.992738330548711e-17,-1.0173415201308107e-15,2.395171910838762e-16,1.0110258915800818e-15,4.0,12.753000000222583,-3.0370382166133858e-05,7.840342072023594e-16,1.6084868179602985,1.4359713221797687e-30,0.0,0.0,-1.350597298523493,0.0,0.0,0.0,0.0,0.0,0.0,0.0,0.0,0.0,0.0,0.0,0.0,0.0,0.0,0.0,0.0,0.0,0.0,2.240804566691543e-17,1.1071371428988398e-17,1.065120896729489e-18,-8.405555692851426e-16,-2.9210508087652127e-16,-1.6932260502070342e-15,2.0603390586821e-15,1.007641820482231e-15,7.989132189584599e-17,1.0430411515422415e-15,1.2470669705476017e-15,1.090953274885569e-15,1.1754559926117227e-05,-1.1754040193467171e-05,-4.421638983452831e-05
1.1900000000000008,-2.2107218643689366e-05,0.023057073773047995,0.1199724506332689,0.9999999997210731,-5.877279962502991e-06,5.877020096207459e-06,2.2108194915209274e-05,0.18001175728208194,-7.005277569595732e-06,-3.502531337362192e-05,-1.6931122433767136e-16,4.1231978791840265e-16,1.2251431406776154e-14,-4.060753297815112e-15,-1.1544876023900253e-14,-1.2589677217381984e-16,4.911047396471008e-15,1.2984690047335076e-14,1.2168503321934376e-15,4.0,12.752999999711946,-3.037038216618937e-05,1.2343204098121251e-15,1.6084868179602978,9.927290388222589e-29,0.0,0.0,-1.3505972985234935,0.0,0.0,0.0,0.0,0.0,0.0,0.0,0.0,0.0,0.0,0.0,0.0,0.0,0.0,0.0,0.0,0.0,0.0,-4.449712731323277e-17,-1.2514128369320866e-16,-2.0802919874152208e-18,-3.11457113706673e-16,5.674912410202255e-16,1.59867345143744e-14,-4.060244299791823e-15,-1.1545057043281166e-14,-1.2571333890673504e-16,8.502940986558961e-16,1.4398140234348235e-15,1.0909535600196176e-15,1.1754559926098869e-05,-1.1754040193507757e-05,-4.421638983452959e-05
1.2000000000000008,-2.2107218643691223e-05,0.023057073773047995,0.11997245063326896,0.9999999997210731,-5.87727996251425e-06,5.87702009618382e-06,2.2108194915209074e-05,0.18001175728208194,-7.005277569533761e-06,-3.502531337361061e-05,-5.166005880200338e-16,-2.6041890642430863e-16,-1.190930465269139e-14,3.322878835148667e-15,1.329656831729506e-14,2.1874980820599273e-16,-2.665331789379038e-15,-1.1824630414096258e-14,8.722008026517677e-16,4.0,12.753000000306367,-3.037038216611998e-05,2.1445833986932843e-15,1.6084868179602985,9.433719755658807e-29,0.0,0.0,-1.3505972985234926,0.0,0.0,0.0,0.0,0.0,0.0,0.0,0.0,0.0,0.0,0.0,0.0,0.0,0.0,0.0,0.0,0.0,0.0,3.666589015028749e-17,1.4420603993807972e-16,3.2335893284926e-18,-5.669580562625244e-16,-3.633739224283893e-16,-1.5561886502214866e-14,3.3222934756415446e-15,1.3296717800219401e-14,2.1855445820708932e-16,6.575470457696292e-16,1.471937903198803e-15,1.0909506108577604e-15,1.1754559926121388e-05,-1.175404019346048e-05,-4.421638983452919e-05
1.2100000000000009,-2.210721864369459e-05,0.023057073773047995,0.11997245063326895,0.9999999997210731,-5.8772799625096415e-06,5.877020096195425e-06,2.21081949152094e-05,0.18001175728208194,-7.00527756954225e-06,-3.502531337360035e-05,1.4857417609650762e-17,3.444261537183135e-16,1.719757247385454e-14,-4.193224992681209e-15,-1.7846182606702447e-14,-2.2135659504966778e-16,4.658024985564466e-15,1.9318120384091655e-14,1.3123049963330037e-15,4.0,12.753000000022078,-3.0370382166133858e-05,2.1905719469450163e-15,1.6084868179602985,1.960424561766044e-28,0.0,0.0,-1.3505972985234926,0.0,0.0,0.0,0.0,0.0,0.0,0.0,0.0,0.0,0.0,0.0,0.0,0.0,0.0,0.0,0.0,0.0,0.0,-4.626068042511684e-17,-1.9337627214044694e-16,-3.4297659747974646e-18,-1.2168408623783423e-16,4.795239964463744e-16,2.2466069160755664e-14,-4.192438495069523e-15,-1.7846370599012193e-14,-2.210975372089914e-16,4.647999928832574e-16,1.4719377773892084e-15,1.0909484012833359e-15,1.175455992611217e-05,-1.1754040193483688e-05,-4.421638983452984e-05
1.2200000000000009,-2.2107218643697328e-05,0.023057073773047995,0.11997245063326895,0.9999999997210731,-5.8772799625121165e-06,5.87702009620616e-06,2.210819491520966e-05,0.18001175728208194,-7.005277569549001e-06,-3.502531337358996e-05,-5.621110185652507e-16,-1.3380071146942745e-16,-1.9454863110091992e-14,3.2031498013158863e-15,2.2140192585393484e-14,3.262126850059946e-16,-2.9310968613188603e-15,-2.0668254808004234e-14,7.647355414314886e-16,4.0,12.753000000380242,-3.0370382166147736e-05,3.2706291423071494e-15,1.6084868179602985,2.5182348734840285e-28,0.0,0.0,-1.3505972985234926,0.0,0.0,0.0,0.0,0.0,0.0,0.0,0.0,0.0,0.0,0.0,0.0,0.0,0.0,0.0,0.0,0.0,0.0,3.578867396878586e-17,2.39956560536902e-16,4.825473521566619e-18,-5.562332481053259e-16,-1.9695048635739272e-16,-2.544282016610474e-14,3.2021746712801446e-15,2.214033802829122e-14,3.259147917099582e-16,2.72052939997026e-16,1.4719377773892495e-15,1.0909482264374833e-15,1.175455992611712e-05,-1.1754040193505159e-05,-4.4216389834530364e-05
1.2300000000000009,-2.2107218643703813e-05,0.023057073773047995,0.11997245063326893,0.9999999997210731,-5.877279962516068e-06,5.877020096199488e-06,2.2108194915209914e-05,0.18001175728208194,-7.0052775695201535e-06,-3.502531337357956e-05,-7.576399722714322e-16,2.6251044031479733e-16,1.0049588559443951e-14,-2.8498343535231057e-15,-1.443589003025126e-14,-9.874345940093753e-17,3.102612755866934e-15,1.60813003228737e-14,1.1896931022347079e-15,4.0,12.753000000075353,-3.0370382166161614e-05,9.90534564925505e-16,1.608486817960298,6.827125002237196e-29,0.0,0.0,-1.3505972985234926,0.0,0.0,0.0,0.0,0.0,0.0,0.0,0.0,0.0,0.0,0.0,0.0,0.0,0.0,0.0,0.0,0.0,0.0,-3.1552835105807735e-17,-1.5637191474847176e-16,-1.8687968927911047e-18,-1.099629020107974e-15,3.6326831758818093e-16,1.3157154662165954e-14,-2.8491972072111274e-15,-1.4436017185043633e-14,-9.85402777961135e-17,2.5277840234382845e-16,1.645410292622438e-15,1.0909496428337704e-15,1.1754559926125024e-05,-1.1754040193491814e-05,-4.421638983453087e-05
1.2400000000000009,-2.2107218643713703e-05,0.023057073773047995,0.11997245063326886,0.9999999997210731,-5.877279962510398e-06,5.877020096227458e-06,2.2108194915210737e-05,0.18001175728208194,-7.005277569558675e-06,-3.5025313373570295e-05,-1.1704405628187693e-15,-1.8999239865777407e-16,-1.870149640876448e-14,4.386578515396679e-15,2.2065823317806293e-14,3.804414500178084e-16,-4.1338001130528154e-15,-2.022766597229754e-14,7.10509011543196e-16,4.0,12.75299999997864,-3.0370382166231003e-05,3.882529694380266e-15,1.6084868179602974,2.334627427389641e-28,0.0,0.0,-1.3505972985234933,0.0,0.0,0.0,0.0,0.0,0.0,0.0,0.0,0.0,0.0,0.0,0.0,0.0,0.0,0.0,0.0,0.0,0.0,4.8600001338905884e-17,2.392293389020887e-16,5.467073786122273e-18,-1.3480899221897806e-15,-2.790332064928864e-16,-2.445338095225074e-14,4.385607309860989e-15,2.2066021725094818e-14,3.8013052049675965e-16,2.5277840234386395e-16,1.8381573455087533e-15,1.0909504615610043e-15,1.1754559926113683e-05,-1.1754040193547754e-05,-4.421638983453252e-05
1.2500000000000009,-2.2107218643721235e-05,0.023057073773047995,0.11997245063326892,0.9999999997210731,-5.877279962517761e-06,5.87702009619702e-06,2.210819491521076e-05,0.18001175728208194,-7.005277569478546e-06,-3.502531337355943e-05,-7.664125146306659e-16,2.1617075525897456e-16,8.735574370087869e-15,-2.1545147572952534e-15,-1.0417595274304005e-14,-4.850260122156174e-17,2.4072931596391438e-15,1.2390675671380121e-14,1.1394551134019892e-15,4.0,12.753000000149392,-3.037038216617549e-05,4.917416550745119e-16,1.608486817960298,5.127687568357553e-29,0.0,0.0,-1.3505972985234926,0.0,0.0,0.0,0.0,0.0,0.0,0.0,0.0,0.0,0.0,0.0,0.0,0.0,0.0,0.0,0.0,0.0,0.0,-2.3826133295628337e-17,-1.1281348056971273e-16,-1.0933800147134017e-18,-1.0792889783014395e-15,2.978671882507823e-16,1.1422352102254988e-14,-2.154054695955926e-15,-1.0417691098255523e-14,-4.835482486114716e-17,2.5277840234389037e-16,1.9730803970761163e-15,1.0909525121804274e-15,1.175455992612841e-05,-1.1754040193486878e-05,-4.4216389834532566e-05
1.260000000000001,-2.210721864373146e-05,0.023057073773047995,0.11997245063326888,0.9999999997210731,-5.8772799625087335e-06,5.8770200962243e-06,2.2108194915211574e-05,0.18001175728208194,-7.005277569513375e-06,-3.502531337355015e-05,-5.079968721261928e-16,-1.2153391092649954e-16,3.647064421141291e-15,1.0798609223062064e-15,-3.2644662940729084e-15,1.6773402747506305e-17,-8.27082519962323e-16,5.237547161902109e-15,1.0741803230958637e-15,4.0,12.752999999807052,-3.0370382166217125e-05,1.187506528259e-16,1.6084868179602976,9.02886678811112e-30,0.0,0.0,-1.3505972985234929,0.0,0.0,0.0,0.0,0.0,0.0,0.0,0.0,0.0,0.0,0.0,0.0,0.0,0.0,0.0,0.0,0.0,0.0,1.1544850279338946e-17,-3.5201539892134855e-17,1.2342916090417705e-19,-6.866450667652734e-16,-1.664995364925245e-16,4.775938773726116e-15,1.0800054614666121e-15,-3.2644183460110055e-15,1.6799081252243578e-17,2.5277840234388347e-16,1.9730808678292007e-15,1.09095372584337e-15,1.1754559926110355e-05,-1.1754040193541439e-05,-4.421638983453419e-05
1.270000000000001,-2.2107218643732592e-05,0.023057073773047995,0.11997245063326896,0.9999999997210731,-5.877279962513016e-06,5.8770200961786205e-06,2.2108194915211113e-05,0.18001175728208194,-7.005277569402672e-06,-3.502531337353832e-05,-4.40599234314914e-16,2.018772427171793e-16,-3.581324893218195e-15,-6.590457165770382e-16,6.9290329457815e-15,1.1164362105317855e-16,9.118241189209104e-16,-5.078025018028961e-15,9.793087096399224e-16,4.0,12.753000000222821,-3.037038216611998e-05,1.292573610760486e-15,1.6084868179602985,8.948945005989152e-30,0.0,0.0,-1.3505972985234915,0.0,0.0,0.0,0.0,0.0,0.0,0.0,0.0,0.0,0.0,0.0,0.0,0.0,0.0,0.0,0.0,0.0,0.0,-6.780887535377199e-18,7.507766409505249e-17,1.5657472695999771e-18,-5.182408761947479e-16,2.6860762817392813e-16,-4.716427704014562e-15,-6.593507809531331e-16,6.9290051103032344e-15,1.11569921726482e-16,2.5277840234387223e-16,1.851007927752539e-15,1.090952330693101e-15,1.175455992611892e-05,-1.175404019345008e-05,-4.421638983453327e-05
1.280000000000001,-2.2107218643738308e-05,0.023057073773047995,0.1199724506332689,0.9999999997210731,-5.877279962511888e-06,5.87702009622086e-06,2.2108194915211835e-05,0.18001175728208194,-7.005277569469222e-06,-3.502531337352886e-05,-2.3282412689687773e-16,-2.742280839837211e-16,1.1132068706620134e-14,1.2011163865939833e-15,-1.4314559939842746e-14,-1.2408448619372352e-16,-9.483379842500989e-16,1.6094893164823768e-14,1.2150378369775634e-15,4.0,12.752999999721816,-3.037038216618937e-05,1.5065966055905098e-15,1.6084868179602978,8.317259151674395e-29,0.0,0.0,-1.3505972985234922,0.0,0.0,0.0,0.0,0.0,0.0,0.0,0.0,0.0,0.0,0.0,0.0,0.0,0.0,0.0,0.0,0.0,0.0,1.2312027100488029e-17,-1.548520629317521e-16,-1.9382963805906483e-18,-4.161932407679892e-16,-3.6710167668312347e-16,1.459581618820784e-14,1.2017478660263254e-15,-1.431450827450409e-14,-1.2393034682622013e-16,2.5277840234388446e-16,1.780333224981022e-15,1.0909533507838399e-15,1.1754559926116663e-05,-1.1754040193534559e-05,-4.4216389834534714e-05
1.290000000000001,-2.2107218643740225e-05,0.023057073773047995,0.11997245063326899,0.9999999997210731,-5.877279962510718e-06,5.87702009616439e-06,2.2108194915211313e-05,0.18001175728208194,-7.0052775693384785e-06,-3.5025313373516905e-05,-4.694973314856841e-16,4.546281396342695e-16,-1.1536158300406402e-14,-2.1482854766444777e-15,1.596482714637441e-14,1.9577655494402021e-16,2.4010638789883463e-15,-1.4184494345504494e-14,8.951772699322566e-16,4.0,12.752999999975733,-3.0370382166092225e-05,2.418591841739276e-15,1.608486817960299,8.982036195840788e-29,0.0,0.0,-1.350597298523491,0.0,0.0,0.0,0.0,0.0,0.0,0.0,0.0,0.0,0.0,0.0,0.0,0.0,0.0,0.0,0.0,0.0,0.0,-2.246041907821578e-17,1.728364260160428e-16,2.847224098716524e-18,-4.84196658681333e-16,6.097729524218241e-16,-1.5141912394748138e-14,-2.1489890814047763e-15,1.596473444170361e-14,1.95614151140378e-16,2.527784023438687e-16,1.780332800869916e-15,1.0909538248762768e-15,1.1754559926114324e-05,-1.175404019342162e-05,-4.421638983453367e-05
1.300000000000001,-2.210721864374058e-05,0.023057073773047995,0.11997245063326901,0.9999999997210731,-5.877279962517696e-06,5.877020096134566e-06,2.210819491521106e-05,0.18001175728208194,-7.0052775692610275e-06,-3.502531337350549e-05,3.983018581951073e-16,-2.1737772681127812e-16,1.8128894385442416e-14,-6.432829669914852e-16,-2.789431569360829e-14,-2.9669473482618543e-16,8.960613693353762e-16,2.967464849447827e-14,1.3876485547076107e-15,4.0,12.752999999674584,-3.037038216606447e-05,3.795215199460495e-15,1.6084868179602991,2.21877925054947e-28,0.0,0.0,-1.3505972985234906,0.0,0.0,0.0,0.0,0.0,0.0,0.0,0.0,0.0,0.0,0.0,0.0,0.0,0.0,0.0,0.0,0.0,0.0,-8.328104974089862e-18,-3.01982201362219e-16,-4.564542354498021e-18,2.97013888036439e-16,-2.7982553847449143e-16,2.3785573525392477e-14,-6.420530657395383e-16,-2.789434759561242e-14,-2.963592952875119e-16,2.5277840234389096e-16,1.780332800869981e-15,1.0909538198814253e-15,1.175455992612828e-05,-1.1754040193361971e-05,-4.421638983453316e-05
1.310000000000001,-2.2107218643735482e-05,0.023057073773047995,0.11997245063326906,0.9999999997210731,-5.877279962517355e-06,5.877020096107341e-06,2.2108194915210578e-05,0.18001175728208194,-7.005277569188763e-06,-3.5025313373493615e-05,5.696468719070115e-16,8.202645866023755e-17,-1.4447937075921024e-14,7.107018433622962e-16,2.3342367391240247e-14,1.718519585457522e-16,-4.579234410184308e-16,-2.1549184789872524e-14,9.191035263780511e-16,4.0,12.752999999926134,-3.0370382166008958e-05,2.259556607190931e-15,1.6084868179603,1.4159880400296426e-28,0.0,0.0,-1.3505972985234902,0.0,0.0,0.0,0.0,0.0,0.0,0.0,0.0,0.0,0.0,0.0,0.0,0.0,0.0,0.0,0.0,0.0,0.0,8.852721392430952e-18,2.5285561381588885e-16,3.0908327229766552e-18,9.259031192939343e-16,1.0232966505462513e-16,-1.8963373651210443e-14,7.096717457002466e-16,2.3342400811518904e-14,1.7156923152883365e-16,2.527784023438654e-16,1.793182601367723e-15,1.0909554849238032e-15,1.1754559926127597e-05,-1.175404019330752e-05,-4.42163898345322e-05
1.320000000000001,-2.2107218643725948e-05,0.023057073773047995,0.11997245063326908,0.9999999997210731,-5.877279962512846e-06,5.8770200960860305e-06,2.210819491521004e-05,0.18001175728208194,-7.0052775691281585e-06,-3.502531337348163e-05,9.196649560312705e-16,-2.3114448662920433e-16,5.8843998428106664e-15,6.947122426197182e-16,-8.883652000311794e-15,-1.5184583134087518e-16,-4.4193384027583267e-16,1.0721808970171655e-14,1.242800607936024e-15,4.0,12.753000000098421,-3.0370382165981202e-05,2.0106604431908447e-15,1.6084868179603002,2.3913712318528004e-29,0.0,0.0,-1.3505972985234898,0.0,0.0,0.0,0.0,0.0,0.0,0.0,0.0,0.0,0.0,0.0,0.0,0.0,0.0,0.0,0.0,0.0,0.0,7.092520768622954e-18,-9.607479742533791e-17,-1.9970647015214673e-18,1.1257111936723105e-15,-3.072624851737356e-16,7.726347610282471e-15,6.951032607636254e-16,-8.883623058314949e-15,-1.517495760648011e-16,2.5277840234388554e-16,1.838156969859861e-15,1.0909547765951488e-15,1.175455992611858e-05,-1.17540401932649e-05,-4.421638983453112e-05
1.330000000000001,-2.2107218643722593e-05,0.023057073773047995,0.11997245063326897,0.9999999997210731,-5.877279962513445e-06,5.8770200961724405e-06,2.2108194915210642e-05,0.18001175728208194,-7.005277569281685e-06,-3.5025313373471924e-05,3.3027107217743295e-16,1.549635572805525e-16,-8.020476127941357e-15,-5.686080836076663e-16,1.2914953095110277e-14,9.113006811563943e-17,8.213864859515406e-16,-1.092902304581825e-14,9.998233243417243e-16,4.0,12.752999999826306,-3.0370382166106102e-05,1.2341435405774284e-15,1.6084868179602987,4.371270370210038e-29,0.0,0.0,-1.3505972985234913,0.0,0.0,0.0,0.0,0.0,0.0,0.0,0.0,0.0,0.0,0.0,0.0,0.0,0.0,0.0,0.0,0.0,0.0,-5.51089040783424e-18,1.398976214023118e-16,1.6420111329572915e-18,5.319414767064395e-16,2.067337978765035e-16,-1.0534488723657194e-14,-5.691780653824707e-16,1.2914929011053242e-14,9.098494545912511e-17,2.527784023438743e-16,1.9859300492920276e-15,1.0909533924573637e-15,1.1754559926119777e-05,-1.175404019343772e-05,-4.421638983453233e-05
1.340000000000001,-2.210721864371956e-05,0.023057073773047995,0.119972450633269,0.9999999997210731,-5.877279962517269e-06,5.877020096151133e-06,2.2108194915210358e-05,0.18001175728208194,-7.005277569218826e-06,-3.5025313373460445e-05,-5.562112951198257e-16,2.5905953620817997e-16,-6.016301015718313e-15,-1.4442036952240235e-15,7.626178126255714e-15,9.011330961143429e-17,1.696982097567897e-15,-5.518175087644354e-15,1.0008407563251818e-15,4.0,12.753000000188424,-3.0370382166078347e-05,1.4851968113912855e-15,1.608486817960299,2.4507523946032857e-29,0.0,0.0,-1.3505972985234909,0.0,0.0,0.0,0.0,0.0,0.0,0.0,0.0,0.0,0.0,0.0,0.0,0.0,0.0,0.0,0.0,0.0,0.0,-1.524897593171418e-17,8.259722517490361e-17,1.3283138877624992e-18,-6.627875608124392e-16,3.490537458673135e-16,-7.893755227923536e-15,-1.4445398371321246e-15,7.626115320165852e-15,9.004064481655125e-17,2.527784023438736e-16,2.10800303861136e-15,1.090954065936616e-15,1.1754559926127426e-05,-1.1754040193395105e-05,-4.421638983453176e-05
1.350000000000001,-2.2107218643731254e-05,0.023057073773047995,0.11997245063326888,0.9999999997210731,-5.877279962524664e-06,5.877020096236662e-06,2.2108194915211405e-05,0.18001175728208194,-7.005277569368022e-06,-3.502531337345163e-05,-5.026322805560487e-16,-3.210631326576258e-17,1.3046359733134134e-15,5.567131386737741e-16,-1.7242332949807084e-15,3.10686317072812e-17,-3.039347363298978e-16,3.94145917247777e-15,1.059885930651433e-15,4.0,12.752999999783986,-3.0370382166217125e-05,3.019344226768993e-16,1.6084868179602976,1.3203119765365196e-30,0.0,0.0,-1.3505972985234924,0.0,0.0,0.0,0.0,0.0,0.0,0.0,0.0,0.0,0.0,0.0,0.0,0.0,0.0,0.0,0.0,0.0,0.0,5.956453078403913e-18,-1.8539533300566833e-17,3.2814733530118536e-19,-6.674639797066138e-16,-4.5943769703851804e-17,1.7142745512615822e-15,5.567897427555986e-16,-1.7242083121632116e-15,3.1082355085233265e-17,2.527784023438763e-16,2.217225877497061e-15,1.0909545623587141e-15,1.1754559926142215e-05,-1.1754040193566162e-05,-4.4216389834533854e-05
1.360000000000001,-2.210721864373464e-05,0.023057073773047995,0.11997245063326893,0.9999999997210731,-5.877279962517142e-06,5.877020096200323e-06,2.2108194915211246e-05,0.18001175728208194,-7.005277569273172e-06,-3.50253133734404e-05,-1.3349593811505377e-15,1.156754804579023e-16,-9.087265332115446e-15,3.3697847272030177e-16,1.4719594011226993e-14,1.7249746350934825e-16,-8.42000703764378e-17,-1.2502368218508215e-14,9.184583811845082e-16,4.0,12.753000000298607,-3.0370382166161614e-05,3.126807056295553e-15,1.608486817960298,5.691764788173364e-29,0.0,0.0,-1.3505972985234918,0.0,0.0,0.0,0.0,0.0,0.0,0.0,0.0,0.0,0.0,0.0,0.0,0.0,0.0,0.0,0.0,0.0,0.0,4.3860156207829005e-18,1.594961648313281e-16,2.6560671794840032e-18,-1.6190717174544456e-15,1.4906606975522718e-16,-1.1928507208502865e-14,3.3632965154128344e-16,1.4719610923445868e-14,1.7232048401464673e-16,2.5277840234386395e-16,2.2172257927187775e-15,1.0909558446938565e-15,1.1754559926127172e-05,-1.1754040193493485e-05,-4.4216389834533535e-05
1.370000000000001,-2.2107218643742976e-05,0.023057073773047995,0.11997245063326893,0.9999999997210731,-5.877279962518104e-06,5.877020096204247e-06,2.210819491521154e-05,0.18001175728208194,-7.005277569258846e-06,-3.502531337343008e-05,3.816746298666403e-16,-1.6280615700668561e-16,2.0458113658008837e-14,-2.6476908507744344e-16,-3.025488579784691e-14,-2.0938952112417703e-16,5.175474874213293e-16,3.2472111590565663e-14,1.3003475354725436e-15,4.0,12.75299999962529,-3.0370382166161614e-05,4.042935873113163e-15,1.608486817960298,2.8197704368860784e-28,0.0,0.0,-1.3505972985234915,0.0,0.0,0.0,0.0,0.0,0.0,0.0,0.0,0.0,0.0,0.0,0.0,0.0,0.0,0.0,0.0,0.0,0.0,-4.3406591742033875e-18,-3.2749764166096816e-16,-3.716601619107251e-18,2.5581584925286337e-16,-2.1121277538059162e-16,2.683547150918314e-14,-2.634337820043611e-16,-3.0254899934632144e-14,-2.0903078391399055e-16,2.527784023438859e-16,2.2172257927187538e-15,1.0909580143483666e-15,1.1754559926129096e-05,-1.1754040193501332e-05,-4.4216389834534125e-05
1.380000000000001,-2.2107218643744847e-05,0.023057073773047995,0.11997245063326897,0.9999999997210731,-5.877279962522082e-06,5.877020096176948e-06,2.2108194915211388e-05,0.18001175728208194,-7.005277569182129e-06,-3.502531337341887e-05,-4.088759195604734e-16,1.6427524051060654e-16,-5.453130897923196e-15,-7.823663337397048e-16,9.024553459127242e-15,7.660588791569505e-17,1.0351447360835665e-15,-6.852302134775417e-15,1.0143538861042724e-15,4.0,12.752999999922451,-3.0370382166106102e-05,1.5029939026617988e-15,1.6084868179602987,2.030312955243037e-29,0.0,0.0,-1.350597298523491,0.0,0.0,0.0,0.0,0.0,0.0,0.0,0.0,0.0,0.0,0.0,0.0,0.0,0.0,0.0,0.0,0.0,0.0,-8.015664595888044e-18,9.777275679697854e-17,1.2832298709922741e-18,-4.599563409265702e-16,2.2043183336379912e-16,-7.167526447820073e-15,-7.827644663091999e-16,9.024519756809543e-15,7.650900676447896e-17,2.527784023438618e-16,2.172251324351825e-15,1.0909597740199675e-15,1.1754559926137051e-05,-1.1754040193446734e-05,-4.421638983453382e-05
1.390000000000001,-2.210721864373841e-05,0.023057073773047995,0.11997245063326906,0.9999999997210731,-5.877279962520574e-06,5.877020096102689e-06,2.210819491521085e-05,0.18001175728208194,-7.005277569012853e-06,-3.502531337340688e-05,1.5487248393309814e-15,-3.89811959019404e-16,2.1414512220657483e-14,1.24150827424695e-15,-3.4087120745877166e-14,-2.6085148772675656e-16,-9.887298719030642e-16,3.607304927447636e-14,1.3518118539550187e-15,4.0,12.753000000020558,-3.0370382166008958e-05,5.676525077978812e-15,1.6084868179602998,3.1173003069374874e-28,0.0,0.0,-1.35059729852349,0.0,0.0,0.0,0.0,0.0,0.0,0.0,0.0,0.0,0.0,0.0,0.0,0.0,0.0,0.0,0.0,0.0,0.0,1.1778640987095023e-17,-3.689278619532405e-16,-4.387998490504627e-18,1.7427359907400838e-15,-5.187830679404639e-16,2.812149824108312e-14,1.243012418729952e-15,-3.408706888153477e-14,-2.604654105060325e-16,2.5277840234388584e-16,1.9859285285991966e-15,1.0909603662282622e-15,1.1754559926134036e-05,-1.1754040193298217e-05,-4.421638983453274e-05
1.400000000000001,-2.2107218643732426e-05,0.023057073773047995,0.11997245063326903,0.9999999997210731,-5.877279962518523e-06,5.877020096125929e-06,2.210819491521081e-05,0.18001175728208194,-7.005277569039435e-06,-3.502531337339589e-05,6.27462406401621e-16,-4.5090880603380076e-17,-6.5591142279959425e-15,6.393210534267025e-16,1.1204421983005033e-14,3.431539330694798e-17,-3.8654265108283513e-16,-9.205643667320785e-15,1.0566455269074727e-15,4.0,12.752999999860506,-3.0370382166036713e-05,7.219157484266885e-16,1.6084868179602994,2.9520347656856295e-29,0.0,0.0,-1.3505972985234902,0.0,0.0,0.0,0.0,0.0,0.0,0.0,0.0,0.0,0.0,0.0,0.0,0.0,0.0,0.0,0.0,0.0,0.0,7.481326647776736e-18,1.2143527956109623e-16,1.002191952803333e-18,9.050612015168254e-16,-6.345523237902066e-17,-8.611370297302605e-15,6.388260362290605e-16,1.1204450643074176e-14,3.417617839270956e-17,2.527784023438674e-16,1.9987783156842477e-15,1.0909609202144208e-15,1.1754559926129933e-05,-1.1754040193344697e-05,-4.421638983453266e-05
1.410000000000001,-2.2107218643718958e-05,0.023057073773047995,0.11997245063326908,0.9999999997210731,-5.877279962511249e-06,5.877020096079657e-06,2.2108194915210317e-05,0.18001175728208194,-7.0052775689269035e-06,-3.5025313373383996e-05,6.896296035987086e-16,-6.677251105502888e-17,-2.6674885853251087e-15,4.190085233146432e-16,4.3171174926432306e-15,-1.7195430126222772e-17,-1.6623012097076978e-16,-2.318339176959032e-15,1.1081548852616344e-15,4.0,12.75300000018191,-3.0370382165967325e-05,1.7468881164876916e-16,1.6084868179603002,5.1473262805343196e-30,0.0,0.0,-1.3505972985234895,0.0,0.0,0.0,0.0,0.0,0.0,0.0,0.0,0.0,0.0,0.0,0.0,0.0,0.0,0.0,0.0,0.0,0.0,4.757656302958991e-18,4.6851966977410104e-17,9.547234267614796e-20,9.311927757832075e-16,-9.029272938899662e-17,-3.4989203992293014e-15,4.188174331166117e-16,4.317135813010886e-15,-1.7251099970165834e-17,2.527784023438734e-16,1.9987783156841984e-15,1.0909594551354115e-15,1.1754559926115386e-05,-1.1754040193252153e-05,-4.421638983453168e-05
1.420000000000001,-2.2107218643719602e-05,0.023057073773047995,0.11997245063326897,0.9999999997210731,-5.877279962515746e-06,5.877020096179131e-06,2.2108194915210758e-05,0.18001175728208194,-7.00527756910562e-06,-3.5025313373373974e-05,7.53904496238036e-16,-1.0264781683759182e-17,3.180286049568685e-15,-2.0081667356628678e-16,-4.744372439085084e-15,-3.667291084914788e-17,4.535950759101665e-16,6.839524099719475e-15,1.1276321635110305e-15,4.0,12.752999999715058,-3.0370382166106102e-05,1.3281303527646099e-15,1.6084868179602987,7.154263421193709e-30,0.0,0.0,-1.350597298523491,0.0,0.0,0.0,0.0,0.0,0.0,0.0,0.0,0.0,0.0,0.0,0.0,0.0,0.0,0.0,0.0,0.0,0.0,-2.396008733037069e-18,-5.1285500222345876e-17,-5.907939672978266e-19,9.424146180917798e-16,-1.2032304076308811e-17,4.170720737808961e-15,-2.0060732505248665e-16,-4.744381744577391e-15,-3.6614783607391833e-17,2.527784023438797e-16,2.0951516606343915e-15,1.0909592526618826e-15,1.175455992612438e-05,-1.1754040193451101e-05,-4.421638983453256e-05
1.430000000000001,-2.210721864371834e-05,0.023057073773047995,0.11997245063326899,0.9999999997210731,-5.877279962520073e-06,5.877020096163894e-06,2.2108194915210646e-05,0.18001175728208194,-7.005277569053228e-06,-3.502531337336284e-05,-1.4165502440575866e-15,3.973818691860572e-16,-1.1938901354718054e-14,-2.545786868710473e-15,1.7861082326553736e-14,9.659890465070739e-17,2.79856527105434e-15,-1.5573183694983146e-14,9.943596241243543e-16,4.0,12.753000000255387,-3.0370382166092225e-05,3.572712972497377e-15,1.608486817960299,9.759076412599583e-29,0.0,0.0,-1.3505972985234909,0.0,0.0,0.0,0.0,0.0,0.0,0.0,0.0,0.0,0.0,0.0,0.0,0.0,0.0,0.0,0.0,0.0,0.0,-2.6676669666904017e-17,1.9336563381828542e-16,1.847007199859576e-18,-1.6994023036067751e-15,5.377398809148549e-16,-1.5683828633620738e-14,-2.5465754844562887e-15,1.7860970878033813e-14,9.641888405902432e-17,2.527784023438671e-16,2.2878986315705907e-15,1.0909585287750617e-15,1.1754559926133033e-05,-1.1754040193420626e-05,-4.4216389834532336e-05
1.440000000000001,-2.2107218643732887e-05,0.023057073773047995,0.11997245063326889,0.9999999997210731,-5.877279962528204e-06,5.8770200962379424e-06,2.2108194915211134e-05,0.18001175728208194,-7.005277569177866e-06,-3.5025313373352906e-05,3.655232467799941e-16,-3.3515931836537265e-16,1.2370833664153504e-14,2.4408375270917827e-15,-1.8330493350838496e-14,-4.9628406327110256e-17,-2.1880591247479002e-15,2.068906549950182e-14,1.1405886264960655e-15,4.0,12.752999999669331,-3.0370382166217125e-05,2.5713264981302164e-15,1.6084868179602976,1.0351142054181906e-28,0.0,0.0,-1.350597298523492,0.0,0.0,0.0,0.0,0.0,0.0,0.0,0.0,0.0,0.0,0.0,0.0,0.0,0.0,0.0,0.0,0.0,0.0,2.5542544003968964e-17,-1.9824181848336135e-16,-1.2684703208133507e-18,3.2893613550092355e-16,-4.556353545161757e-16,1.6248256363619687e-14,2.441647450721622e-15,-1.833038599017128e-14,-4.944163453783278e-17,2.527784023438825e-16,2.3585721486633245e-15,1.0909602201689553e-15,1.1754559926149296e-05,-1.1754040193568723e-05,-4.421638983453331e-05
1.450000000000001,-2.2107218643740872e-05,0.023057073773047995,0.1199724506332689,0.9999999997210731,-5.877279962528095e-06,5.877020096227595e-06,2.2108194915211154e-05,0.18001175728208194,-7.005277569133585e-06,-3.502531337334204e-05,-2.4937070049434633e-15,5.134041430237184e-16,-1.4077218964243003e-14,-3.5566766623041245e-15,2.3339180414473718e-14,1.0070075244055185e-16,3.809455064647983e-15,-2.0980608329331906e-14,9.902601322249122e-16,4.0,12.752999999978798,-3.037038216618937e-05,5.307073560318131e-15,1.6084868179602978,1.3864807978959742e-28,0.0,0.0,-1.3505972985234918,0.0,0.0,0.0,0.0,0.0,0.0,0.0,0.0,0.0,0.0,0.0,0.0,0.0,0.0,0.0,0.0,0.0,0.0,-3.7354437914711963e-17,2.526309067117638e-16,2.1107715320636918e-18,-3.0559150920790018e-15,6.966900961311065e-16,-1.8515554039236195e-14,-3.5577074508786566e-15,2.3339024310609397e-14,1.0046822294157497e-16,2.527784023438584e-16,2.3585720851418116e-15,1.0909608846654641e-15,1.1754559926149078e-05,-1.1754040193548029e-05,-4.421638983453335e-05
1.460000000000001,-2.2107218643744193e-05,0.023057073773047995,0.11997245063326897,0.9999999997210731,-5.8772799625272505e-06,5.877020096176194e-06,2.210819491521115e-05,0.18001175728208194,-7.005277569007196e-06,-3.502531337333112e-05,1.0627118651645502e-15,-3.948061431545516e-16,1.968843701485945e-14,2.804172149201169e-15,-3.105670349243892e-14,-7.014513932946817e-17,-2.551393746857285e-15,3.3415275577580797e-14,1.161104719747889e-15,4.0,12.753000000075021,-3.0370382166106102e-05,4.797956947980529e-15,1.6084868179602987,2.6318901921301096e-28,0.0,0.0,-1.3505972985234909,0.0,0.0,0.0,0.0,0.0,0.0,0.0,0.0,0.0,0.0,0.0,0.0,0.0,0.0,0.0,0.0,0.0,0.0,2.8854969098655204e-17,-3.360132440186217e-16,-2.0976611856789697e-18,1.1336371588318965e-15,-5.362503010499899e-16,2.586585830850012e-14,2.805544539249239e-15,-3.105658029430239e-14,-6.981305058888087e-17,2.5277840234388406e-16,2.358572085141878e-15,1.0909595804184209e-15,1.1754559926147389e-05,-1.1754040193445226e-05,-4.4216389834533345e-05
1.470000000000001,-2.2107218643749224e-05,0.023057073773047995,0.11997245063326897,0.9999999997210731,-5.877279962525862e-06,5.877020096182304e-06,2.2108194915211157e-05,0.18001175728208194,-7.005277568996014e-06,-3.5025313373320224e-05,1.1777858849346758e-16,-1.1647434064018666e-16,3.576128910853075e-16,1.0331689705615127e-15,3.649406594383261e-16,1.0252798303100212e-17,-7.803905682176423e-16,1.910107710039889e-15,1.0807072665732234e-15,4.0,12.752999999871937,-3.037038216611998e-05,7.57171515749005e-17,1.6084868179602987,1.1086440675801794e-31,0.0,0.0,-1.3505972985234909,0.0,0.0,0.0,0.0,0.0,0.0,0.0,0.0,0.0,0.0,0.0,0.0,0.0,0.0,0.0,0.0,0.0,0.0,1.1215930759201046e-17,4.10550730477702e-18,2.287515932660938e-19,1.5595009259913712e-16,-1.5959978389858024e-16,4.702426477355953e-16,1.0331529536056443e-15,3.649864625067421e-16,1.0236364501574206e-17,2.5277840234387045e-16,2.275048369478215e-15,1.0909600648763236e-15,1.1754559926144612e-05,-1.1754040193457447e-05,-4.421638983453336e-05
1.480000000000001,-2.2107218643730335e-05,0.023057073773047995,0.11997245063326908,0.9999999997210731,-5.877279962508851e-06,5.8770200960893525e-06,2.2108194915211066e-05,0.18001175728208194,-7.005277568788325e-06,-3.5025313373309125e-05,1.847833109886623e-15,-3.0285177199708767e-16,9.690801517100889e-15,2.2845855714764324e-15,-1.4621203708063436e-14,-2.88858061630703e-17,-2.0318071691325546e-15,1.6703505037488918e-14,1.119844974197877e-15,4.0,12.753000000114914,-3.0370382165981202e-05,3.605776595927318e-15,1.6084868179603002,6.561863186181018e-29,0.0,0.0,-1.3505972985234893,0.0,0.0,0.0,0.0,0.0,0.0,0.0,0.0,0.0,0.0,0.0,0.0,0.0,0.0,0.0,0.0,0.0,0.0,2.4032644567253646e-17,-1.5809999137362498e-16,-8.69422698548207e-19,2.2854469077631512e-15,-4.122186465507783e-16,1.2733289876174549e-14,2.285231727420737e-15,-1.4621103016339526e-14,-2.874079784776206e-17,2.5277840234387775e-16,2.0823013294254818e-15,1.0909591680348067e-15,1.175455992611059e-05,-1.1754040193271544e-05,-4.4216389834533176e-05
1.490000000000001,-2.2107218643728723e-05,0.023057073773047995,0.11997245063326903,0.9999999997210731,-5.877279962517863e-06,5.877020096132644e-06,2.2108194915211025e-05,0.18001175728208194,-7.005277568854807e-06,-3.5025313373298134e-05,1.10337689123923e-15,6.43140289600944e-17,1.2641749357797343e-15,-4.391578432568709e-16,-4.326290171683147e-15,1.3130717843554773e-17,6.919362456007358e-16,6.31221816953074e-15,1.077828113593839e-15,4.0,12.752999999789616,-3.037038216605059e-05,1.6241106445666838e-15,1.6084868179602994,1.9374736546937978e-30,0.0,0.0,-1.3505972985234902,0.0,0.0,0.0,0.0,0.0,0.0,0.0,0.0,0.0,0.0,0.0,0.0,0.0,0.0,0.0,0.0,0.0,0.0,-4.953720275117039e-18,-4.677316918407183e-17,-4.27373887901245e-20,1.399674797050326e-15,8.722537668765214e-17,1.6745248406609262e-15,-4.3896639523010005e-16,-4.326309430749956e-15,1.3186732347633961e-17,2.527784023438649e-16,1.985927997847593e-15,1.0909588314373938e-15,1.1754559926128613e-05,-1.1754040193358127e-05,-4.4216389834533095e-05
1.500000000000001,-2.21072186437133e-05,0.023057073773047995,0.11997245063326907,0.9999999997210731,-5.877279962512918e-06,5.877020096088813e-06,2.210819491521106e-05,0.18001175728208194,-7.005277568747671e-06,-3.502531337328729e-05,-2.295772257446147e-16,8.158949477051753e-17,-1.112006249988207e-14,-8.739528314545311e-16,1.916073773871881e-14,-3.195618182762208e-17,1.1267312337983795e-15,-1.72968829048483e-14,1.122913935213467e-15,4.0,12.753000000266304,-3.037038216599508e-05,2.53260399260797e-15,1.6084868179603,8.417233035913045e-29,0.0,0.0,-1.3505972985234898,0.0,0.0,0.0,0.0,0.0,0.0,0.0,0.0,0.0,0.0,0.0,0.0,0.0,0.0,0.0,0.0,0.0,0.0,-8.518476260157818e-18,2.074948660173141e-16,6.010326409206798e-19,-1.449110239720231e-16,1.1280722140070309e-16,-1.4616360658336053e-14,-8.748004261184883e-16,1.9160698700046765e-14,-3.217113018016046e-17,2.5277840234384837e-16,1.863854833870511e-15,1.090957753385845e-15,1.1754559926118723e-05,-1.1754040193270464e-05,-4.421638983453316e-05
1.5100000000000011,-2.2107218643715817e-05,0.023057073773047995,0.11997245063326899,0.9999999997210731,-5.877279962515643e-06,5.877020096161911e-06,2.2108194915210995e-05,0.18001175728208194,-7.005277568875718e-06,-3.502531337327625e-05,1.4600506015211108e-15,-2.436743691071003e-16,1.1121727009661e-14,2.3774936297140557e-15,-2.1131501688185636e-14,5.3408999411137505e-17,-2.1247152273701926e-15,2.293753206917914e-14,1.0375475254481912e-15,4.0,12.75300000002324,-3.0370382166092225e-05,4.002251887073179e-15,1.608486817960299,8.614371259842328e-29,0.0,0.0,-1.3505972985234909,0.0,0.0,0.0,0.0,0.0,0.0,0.0,0.0,0.0,0.0,0.0,0.0,0.0,0.0,0.0,0.0,0.0,0.0,2.4725241089328552e-17,-2.2859165853146273e-16,-2.935181288861323e-19,1.7285895293129225e-15,-3.3537463986061406e-16,1.4646319285730796e-14,2.3784286151592506e-15,-2.113139591423475e-14,5.3629439641826665e-17,2.5277840234386316e-16,1.806030380993503e-15,1.0909565248593287e-15,1.1754559926124173e-05,-1.175404019341666e-05,-4.4216389834533034e-05
1.5200000000000011,-2.210721864371931e-05,0.023057073773047995,0.11997245063326896,0.9999999997210731,-5.8772799625175596e-06,5.8770200961936485e-06,2.2108194915210863e-05,0.18001175728208194,-7.0052775689211335e-06,-3.502531337326508e-05,-2.158488244676076e-15,2.964131378519821e-16,-1.6801921381058433e-14,-3.1438784518735817e-15,3.382658291230955e-14,-1.0663654259472435e-16,3.39665685421742e-15,-3.2020552531317144e-14,1.1975917931339524e-15,4.0,12.753000000308976,-3.0370382166133858e-05,6.230741178590228e-15,1.6084868179602985,1.972790866103249e-28,0.0,0.0,-1.3505972985234913,0.0,0.0,0.0,0.0,0.0,0.0,0.0,0.0,0.0,0.0,0.0,0.0,0.0,0.0,0.0,0.0,0.0,0.0,-3.238395916259245e-17,3.6616491608014614e-16,4.011339486071217e-19,-2.5345735134338916e-15,4.0964354102441215e-16,-2.2138264962743735e-14,-3.1453753936786867e-15,3.3826442612674347e-14,-1.0699719629490629e-16,2.527784023438383e-16,1.806030380992405e-15,1.090955250539228e-15,1.1754559926128007e-05,-1.1754040193480136e-05,-4.421638983453277e-05
1.5300000000000011,-2.2107218643731636e-05,0.023057073773047995,0.11997245063326892,0.9999999997210731,-5.877279962528738e-06,5.877020096224507e-06,2.210819491521074e-05,0.18001175728208194,-7.005277568964121e-06,-3.5025313373253925e-05,1.493331365015239e-16,9.408324149060445e-17,1.4167357032504814e-14,-3.3617269308639976e-16,-2.910067878214127e-14,7.482134898270814e-17,5.889510954302587e-16,3.106733144491523e-14,1.0161345413237196e-15,4.0,12.753000000069754,-3.037038216617549e-05,3.65057751001497e-15,1.608486817960298,1.3833691352421656e-28,0.0,0.0,-1.3505972985234915,0.0,0.0,0.0,0.0,0.0,0.0,0.0,0.0,0.0,0.0,0.0,0.0,0.0,0.0,0.0,0.0,0.0,0.0,-5.043457236963699e-18,-3.1500167588126485e-16,-5.862426539401643e-19,-3.9268364000850194e-17,1.255885509774075e-16,1.864768289578999e-14,-3.3488508433352574e-16,-2.91006927364918e-14,7.516735855746645e-17,2.527784023438589e-16,1.96665266277396e-15,1.0909558903064277e-15,1.1754559926150363e-05,-1.1754040193541852e-05,-4.4216389834532525e-05
1.5400000000000011,-2.2107218643746642e-05,0.023057073773047995,0.11997245063326888,0.9999999997210731,-5.877279962536314e-06,5.87702009626095e-06,2.210819491521046e-05,0.18001175728208194,-7.005277569016376e-06,-3.502531337324245e-05,-1.8471311693022355e-15,5.28808591227798e-17,-4.8882673513018395e-15,-7.994518480382966e-16,1.1562844106289893e-14,-6.7974016244736e-17,1.052230250382135e-15,-9.403444390630246e-15,1.1589313039072695e-15,4.0,12.752999999902967,-3.0370382166231003e-05,3.24308603358337e-15,1.6084868179602976,1.8797314029683376e-29,0.0,0.0,-1.350597298523492,0.0,0.0,0.0,0.0,0.0,0.0,0.0,0.0,0.0,0.0,0.0,0.0,0.0,0.0,0.0,0.0,0.0,0.0,-8.084039341941725e-18,1.2524662391474429e-16,-1.5835816080942313e-19,-2.3082253963865766e-15,7.459989115122546e-17,-6.453647086794441e-15,-7.999639141744174e-16,1.1562807946346248e-14,-6.810053237762405e-17,2.527784023438384e-16,2.1593997156596475e-15,1.0909572876625335e-15,1.1754559926165515e-05,-1.175404019361474e-05,-4.421638983453196e-05
1.5500000000000012,-2.2107218643750115e-05,0.023057073773047995,0.11997245063326899,0.9999999997210731,-5.877279962525028e-06,5.877020096129603e-06,2.2108194915210842e-05,0.18001175728208194,-7.005277568731124e-06,-3.502531337323231e-05,-7.419005714894541e-17,-1.8168874476913843e-16,8.976340824896577e-15,1.7498642396630791e-15,-1.7056942824850813e-14,4.679010201911093e-17,-1.4970858373192284e-15,1.9409089593396798e-14,1.0441683583784194e-15,4.0,12.75300000016971,-3.0370382166092225e-05,1.9783271494049615e-15,1.608486817960299,5.536799511681661e-29,0.0,0.0,-1.3505972985234904,0.0,0.0,0.0,0.0,0.0,0.0,0.0,0.0,0.0,0.0,0.0,0.0,0.0,0.0,0.0,0.0,0.0,0.0,1.8128129402541938e-17,-1.8448278534972724e-16,-1.9592772169920055e-19,-2.332745667254887e-16,-2.498242428348771e-16,1.18196992973477e-14,1.7506189854035834e-15,-1.705686488443084e-14,4.6970026007396445e-17,2.5277840234385073e-16,2.352146768545985e-15,1.0909584603975302e-15,1.1754559926142943e-05,-1.1754040193352044e-05,-4.421638983453273e-05
1.5600000000000012,-2.210721864375279e-05,0.023057073773047995,0.11997245063326897,0.9999999997210731,-5.877279962524466e-06,5.877020096173151e-06,2.2108194915210673e-05,0.18001175728208194,-7.005277568793737e-06,-3.502531337322106e-05,6.830307861802854e-16,-2.4023736712228025e-16,5.779756107392171e-15,2.5014465717787704e-15,-1.4304557576810594e-14,7.60291088810491e-17,-2.2486681694349246e-15,1.6849451398242932e-14,1.014930867852237e-15,4.0,12.752999999826377,-3.0370382166106102e-05,2.409498675931771e-15,1.6084868179602987,2.3909745214664522e-29,0.0,0.0,-1.3505972985234909,0.0,0.0,0.0,0.0,0.0,0.0,0.0,0.0,0.0,0.0,0.0,0.0,0.0,0.0,0.0,0.0,0.0,0.0,2.6401242865375432e-17,-1.5463484353464827e-16,2.9270204417115785e-19,7.728977668888649e-16,-3.317154233825039e-16,7.648132553122486e-15,2.5020799596723185e-15,-1.4304446063366632e-14,7.616784617895295e-17,2.527784023438458e-16,2.5448938214323382e-15,1.090959976733286e-15,1.175455992614182e-05,-1.1754040193439141e-05,-4.421638983453239e-05
1.5700000000000012,-2.2107218643737887e-05,0.023057073773047995,0.1199724506332691,0.9999999997210731,-5.877279962505018e-06,5.877020096017291e-06,2.2108194915211445e-05,0.18001175728208194,-7.005277568455964e-06,-3.5025313373211696e-05,1.0553185655153843e-15,4.0856747826267774e-17,-1.2817438731398134e-15,-4.1023625815384053e-16,5.041033189635578e-15,5.051491632893405e-18,6.630146604976746e-16,-2.470439144005888e-15,1.085908287667061e-15,4.0,12.753000000199876,-3.037038216593957e-05,4.511625948183379e-16,1.6084868179603005,2.0313185086737416e-30,0.0,0.0,-1.3505972985234893,0.0,0.0,0.0,0.0,0.0,0.0,0.0,0.0,0.0,0.0,0.0,0.0,0.0,0.0,0.0,0.0,0.0,0.0,-4.184300772102929e-18,5.467551244265233e-17,3.3117056510600724e-19,1.4122013292272369e-15,5.643734292010106e-17,-1.709877703264902e-15,-4.104590949871973e-16,5.041015104600892e-15,4.9970598555406175e-18,2.527784023438341e-16,2.57059404562969e-15,1.0909597792999545e-15,1.1754559926102924e-05,-1.1754040193127421e-05,-4.4216389834533935e-05
1.5800000000000012,-2.21072186437278e-05,0.023057073773047995,0.11997245063326906,0.9999999997210731,-5.877279962515092e-06,5.877020096095691e-06,2.210819491521131e-05,0.18001175728208194,-7.00527756858802e-06,-3.5025313373200515e-05,1.999894210751353e-15,-7.76833475410542e-17,8.306323906136239e-15,1.9348361362835974e-15,-2.58786782856358e-14,1.7181331732839625e-16,-1.6820577339397557e-15,2.8256525705629947e-14,9.19146518467372e-16,4.0,12.752999999717055,-3.0370382166008958e-05,5.1286147738080756e-15,1.6084868179603,5.256220855392163e-29,0.0,0.0,-1.3505972985234898,0.0,0.0,0.0,0.0,0.0,0.0,0.0,0.0,0.0,0.0,0.0,0.0,0.0,0.0,0.0,0.0,0.0,0.0,1.9706933387869692e-17,-2.799804381921587e-16,7.336254902380167e-19,2.3914617803196804e-15,-1.150991336525903e-16,1.1020731808748878e-14,1.9359824172293406e-15,-2.587859068758067e-14,1.7209476040989827e-16,2.5277840234384166e-16,2.3778474199941477e-15,1.0909598357957683e-15,1.1754559926123072e-05,-1.175404019328422e-05,-4.4216389834533664e-05
1.5900000000000012,-2.210721864371432e-05,0.023057073773047995,0.11997245063326906,0.9999999997210731,-5.877279962515821e-06,5.877020096088785e-06,2.2108194915211527e-05,0.18001175728208194,-7.0052775685513935e-06,-3.5025313373190045e-05,-6.430348318867404e-17,4.03879355082317e-16,-2.0005251092654472e-14,-5.185597329085909e-15,5.471779169994501e-14,-2.3696256916991957e-16,5.438375731429729e-15,-5.2532691332838155e-14,1.3279186763775568e-15,4.0,12.753000000355755,-3.0370382166008958e-05,6.662745676798327e-15,1.6084868179603,2.86323320707018e-28,0.0,0.0,-1.35059729852349,0.0,0.0,0.0,0.0,0.0,0.0,0.0,0.0,0.0,0.0,0.0,0.0,0.0,0.0,0.0,0.0,0.0,0.0,-5.347786100929761e-17,5.922661147931139e-16,-8.435890563902664e-20,3.5603612232846518e-16,5.646460455928918e-16,-2.6486059165596124e-14,-5.188019535852318e-15,5.4717559569188775e-14,-2.3754478541250265e-16,2.5277840234381977e-16,2.185100367106854e-15,1.0909561072076373e-15,1.1754559926124529e-05,-1.1754040193270409e-05,-4.42163898345341e-05
1.6000000000000012,-2.2107218643709583e-05,0.023057073773047995,0.11997245063326901,0.9999999997210731,-5.877279962522169e-06,5.877020096140229e-06,2.210819491521141e-05,0.18001175728208194,-7.005277568632608e-06,-3.50253133731789e-05,5.623139366466622e-16,-7.23607112131846e-17,4.881319455051413e-15,1.3201337834322665e-15,-1.5906447609308752e-14,8.75757564571071e-17,-1.0673553810884254e-15,1.8072273327799152e-14,1.0033820305198658e-15,4.0,12.753000000069493,-3.037038216606447e-05,2.4832723446636536e-15,1.6084868179602991,1.7690011094484358e-29,0.0,0.0,-1.3505972985234904,0.0,0.0,0.0,0.0,0.0,0.0,0.0,0.0,0.0,0.0,0.0,0.0,0.0,0.0,0.0,0.0,0.0,0.0,1.3533481969571181e-17,-1.720539443901714e-16,2.8105588513372082e-19,6.030579866628888e-16,-1.0393342639467914e-16,6.483529562580978e-15,1.3208381381837467e-15,-1.5906388191764584e-14,8.774720835450293e-17,2.5277840234384107e-16,2.1658257184904e-15,1.0909577869769729e-15,1.1754559926137226e-05,-1.1754040193373296e-05,-4.421638983453387e-05
1.6100000000000012,-2.2107218643717877e-05,0.023057073773047995,0.11997245063326892,0.9999999997210731,-5.877279962532045e-06,5.877020096273895e-06,2.210819491521061e-05,0.18001175728208194,-7.005277568878283e-06,-3.502531337316638e-05,-2.0429987558441767e-15,2.1008946553042181e-16,-2.0263315409924312e-14,-4.6216066456482295e-15,6.108886993423319e-14,-3.6276055254149517e-16,4.8743850479920524e-15,-5.891661932241251e-14,1.4537204978798237e-15,4.0,12.752999999980503,-3.037038216618937e-05,9.424411957871354e-15,1.608486817960298,2.9979187544577054e-28,0.0,0.0,-1.3505972985234915,0.0,0.0,0.0,0.0,0.0,0.0,0.0,0.0,0.0,0.0,0.0,0.0,0.0,0.0,0.0,0.0,0.0,0.0,-4.706705884444269e-17,6.612679268379297e-16,-1.105858594748136e-18,-2.1642930244785615e-15,3.0720263190028966e-16,-2.68680000245133e-14,-4.624312038125679e-15,6.108866125566913e-14,-3.634242856477014e-16,2.527784023438229e-16,2.1722506118206804e-15,1.0909599453383285e-15,1.1754559926156977e-05,-1.1754040193640628e-05,-4.421638983453226e-05
1.6200000000000012,-2.21072186437279e-05,0.023057073773047995,0.11997245063326895,0.9999999997210731,-5.8772799625277545e-06,5.877020096234352e-06,2.2108194915210622e-05,0.18001175728208194,-7.005277568776563e-06,-3.50253133731555e-05,-1.0370414710043011e-15,-1.956970100608687e-16,6.692743048569478e-15,2.0096680915295774e-15,-1.8550373787172257e-14,4.4754579991500826e-17,-1.756889689185722e-15,2.0870396874950812e-14,1.0462081326547246e-15,4.0,12.75300000013386,-3.0370382166147736e-05,1.195216346719846e-15,1.6084868179602985,3.299951064581985e-29,0.0,0.0,-1.350597298523491,0.0,0.0,0.0,0.0,0.0,0.0,0.0,0.0,0.0,0.0,0.0,0.0,0.0,0.0,0.0,0.0,0.0,0.0,2.086815220296097e-17,-2.006410044278718e-16,-2.785410894582925e-19,-1.4969123107693402e-15,-2.7013006538356577e-16,8.865048231498423e-15,2.010488847301852e-15,-1.8550284381545965e-14,4.4949004403287143e-17,2.5277840234385527e-16,2.3200230877785555e-15,1.0909627126462254e-15,1.1754559926148397e-05,-1.1754040193561542e-05,-4.421638983453229e-05
1.6300000000000012,-2.2107218643746216e-05,0.023057073773047995,0.11997245063326889,0.9999999997210731,-5.877279962532147e-06,5.877020096329437e-06,2.2108194915209772e-05,0.18001175728208194,-7.005277568943352e-06,-3.502531337314289e-05,-1.2473631395498435e-15,2.2961127238233696e-17,3.1385883752855427e-15,-2.7755735112401265e-16,-8.23272742376334e-15,-5.495767786914779e-18,5.303357534678714e-16,1.0636273961291562e-14,1.0964612396404292e-15,4.0,12.752999999818751,-3.0370382166231003e-05,2.604253689501517e-16,1.6084868179602976,8.067396391108385e-30,0.0,0.0,-1.3505972985234918,0.0,0.0,0.0,0.0,0.0,0.0,0.0,0.0,0.0,0.0,0.0,0.0,0.0,0.0,0.0,0.0,0.0,0.0,-3.3954188007041473e-18,-8.904281032263372e-17,-4.282912672528361e-19,-1.6873892828039488e-15,3.2023795943537567e-17,4.143806996503176e-15,-2.771933933757953e-16,-8.23273975231335e-15,-5.395735345305313e-18,2.5277840234385877e-16,2.4035465375282227e-15,1.0909654718535144e-15,1.1754559926157182e-05,-1.1754040193751713e-05,-4.421638983453059e-05
1.6400000000000012,-2.2107218643754716e-05,0.023057073773047995,0.11997245063326897,0.9999999997210731,-5.877279962526069e-06,5.877020096192492e-06,2.210819491521029e-05,0.18001175728208194,-7.005277568644464e-06,-3.5025313373133016e-05,-1.7128966679524943e-15,-2.5171108041492654e-16,-3.845679643007985e-15,1.1089307228335394e-15,1.1948129578719156e-14,-1.3901875194373758e-16,-8.561523204896917e-16,-9.351836039629469e-15,1.2299853775743418e-15,4.0,12.753000000209568,-3.037038216611998e-05,3.166110822398628e-15,1.6084868179602987,1.2518524496684106e-29,0.0,0.0,-1.3505972985234904,0.0,0.0,0.0,0.0,0.0,0.0,0.0,0.0,0.0,0.0,0.0,0.0,0.0,0.0,0.0,0.0,0.0,0.0,1.2593556248585624e-17,1.2952918342581133e-16,-8.149432695676399e-19,-2.1300690595673888e-15,-3.372047440359876e-16,-5.086098146003051e-15,1.108400783696589e-15,1.1948176964910037e-14,-1.3917222852923148e-16,2.5277840234384767e-16,2.5962935390896872e-15,1.0909666256306042e-15,1.1754559926145025e-05,-1.1754040193477823e-05,-4.4216389834531624e-05
1.6500000000000012,-2.2107218643772318e-05,0.023057073773047995,0.11997245063326892,0.9999999997210731,-5.877279962521186e-06,5.8770200962828225e-06,2.2108194915209443e-05,0.18001175728208194,-7.005277568798196e-06,-3.502531337312041e-05,-4.3527463081912957e-16,-2.938542303103637e-17,1.0039905430861348e-14,1.3484355080751493e-15,-3.4069764104014805e-14,1.6668510796377337e-16,-1.0956571057313518e-15,3.685880469599081e-14,9.24281498827592e-16,4.0,12.752999999739172,-3.037038216618937e-05,3.675838584059969e-15,1.608486817960298,7.495903609782245e-29,0.0,0.0,-1.350597298523491,0.0,0.0,0.0,0.0,0.0,0.0,0.0,0.0,0.0,0.0,0.0,0.0,0.0,0.0,0.0,0.0,0.0,0.0,1.2958302797592117e-17,-3.6867738043717817e-16,2.471014908296465e-19,-8.397448650695923e-16,-4.766383293346963e-17,1.3335225987506492e-14,1.3499439101682203e-15,-3.4069702486146075e-14,1.6706972425545952e-16,2.527784023437975e-16,2.7890405919760058e-15,1.0909666067913653e-15,1.1754559926135259e-05,-1.1754040193658483e-05,-4.421638983452993e-05
1.6600000000000013,-2.2107218643779802e-05,0.023057073773047995,0.11997245063326897,0.9999999997210731,-5.877279962523591e-06,5.8770200962036994e-06,2.2108194915209684e-05,0.18001175728208194,-7.005277568611097e-06,-3.5025313373109984e-05,-1.8809927488442116e-15,1.4864503005401751e-16,-1.1002783717224714e-14,-3.2588334944172593e-15,3.756518535726099e-14,-2.9550653406386835e-16,3.5116118967610865e-15,-3.4583397712398666e-14,1.3864725236073098e-15,4.0,12.753000000271305,-3.037038216611998e-05,6.429803958613824e-15,1.6084868179602987,9.179874812916071e-29,0.0,0.0,-1.3505972985234904,0.0,0.0,0.0,0.0,0.0,0.0,0.0,0.0,0.0,0.0,0.0,0.0,0.0,0.0,0.0,0.0,0.0,0.0,-3.345565069153818e-17,4.0668116465186274e-16,-1.465855832993456e-18,-2.142409925598875e-15,2.1695470818033043e-16,-1.463021482202257e-14,-3.260497963799788e-15,3.756503775069111e-14,-2.9590978117683946e-16,2.5277840234382726e-16,2.9817876448623275e-15,1.0909659895434414e-15,1.175455992614007e-05,-1.1754040193500237e-05,-4.421638983453041e-05
1.6700000000000013,-2.2107218643792626e-05,0.023057073773047995,0.11997245063326896,0.9999999997210731,-5.877279962524806e-06,5.877020096227869e-06,2.210819491520928e-05,0.18001175728208194,-7.005277568628653e-06,-3.502531337309827e-05,4.643809948484735e-17,-3.0952881781388257e-16,1.7140998336167083e-14,5.14881315947589e-15,-6.402888149398456e-14,3.6773548091638053e-16,-5.0566572363137714e-15,6.720341619173327e-14,7.232307178936464e-16,4.0,12.752999999659583,-3.0370382166133858e-05,7.781206514333767e-15,1.6084868179602985,2.230585340623048e-28,0.0,0.0,-1.3505972985234904,0.0,0.0,0.0,0.0,0.0,0.0,0.0,0.0,0.0,0.0,0.0,0.0,0.0,0.0,0.0,0.0,0.0,0.0,5.264762078347914e-17,-6.928327869189133e-16,1.139430707718495e-18,-4.547952099157106e-16,-4.4065235822758637e-16,2.2836725899251472e-14,5.1516486067760646e-15,-6.40286494427317e-14,3.684275748563978e-16,9.215592316211842e-17,3.1745346977487123e-15,1.090966198810027e-15,1.17545599261425e-05,-1.1754040193548576e-05,-4.4216389834529605e-05
1.6800000000000013,-2.2107218643796445e-05,0.023057073773047995,0.119972450633269,0.9999999997210731,-5.8772799625227536e-06,5.877020096175548e-06,2.210819491520948e-05,0.18001175728208194,-7.005277568491304e-06,-3.502531337308775e-05,-3.696636097248891e-16,8.608717468816373e-17,-6.31204139845186e-15,-1.691391271478754e-15,2.1054689061733456e-14,-1.3526804677170782e-16,1.7514230690143043e-15,-1.768740731109848e-14,1.2262352965859219e-15,4.0,12.752999999932632,-3.0370382166078347e-05,2.915231970177228e-15,1.608486817960299,2.951553753514294e-29,0.0,0.0,-1.3505972985234902,0.0,0.0,0.0,0.0,0.0,0.0,0.0,0.0,0.0,0.0,0.0,0.0,0.0,0.0,0.0,0.0,0.0,0.0,-1.7290434681780387e-17,2.280228638263257e-16,-4.64679440282715e-19,-3.1104572522125697e-16,1.2436766940615834e-16,-8.387624599542001e-15,-1.6923238234129582e-15,2.105461266254655e-14,-1.3549564876541886e-16,6.00317975355504e-17,3.3672817506349773e-15,1.090967249814214e-15,1.1754559926138395e-05,-1.1754040193443935e-05,-4.4216389834530005e-05
1.6900000000000013,-2.2107218643786385e-05,0.023057073773047995,0.11997245063326907,0.9999999997210731,-5.877279962497884e-06,5.8770200960198086e-06,2.2108194915210687e-05,0.18001175728208188,-7.0052775681451895e-06,-3.5025313373079254e-05,2.235238156233425e-15,-7.418296221130328e-16,1.7721438739109735e-14,1.0326804343946925e-14,-7.308536986779659e-14,5.494481584186945e-16,-1.0266772546408353e-14,7.663897376433728e-14,5.415189198917629e-16,4.0,12.753000000018135,-3.0370382165967325e-05,1.1084780580373028e-14,1.6084868179603,2.48068254830936e-28,0.0,0.0,-1.3505972985234893,0.0,0.0,0.0,0.0,0.0,0.0,0.0,0.0,0.0,0.0,0.0,0.0,0.0,0.0,0.0,0.0,0.0,0.0,1.0827643475397193e-16,-7.906052395655503e-16,2.9164131156871743e-18,2.3167423613377876e-15,-1.042615561074548e-15,2.3705175598058198e-14,1.0330042367484544e-14,-7.308490671934618e-14,5.501858413533553e-16,6.003179753857173e-17,3.553603896540693e-15,1.0909670783104573e-15,1.1754559926088655e-05,-1.1754040193132456e-05,-4.421638983453242e-05
1.7000000000000013,-2.2107218643770607e-05,0.023057073773047995,0.11997245063326904,0.9999999997210731,-5.8772799625018725e-06,5.877020096083574e-06,2.2108194915210683e-05,0.18001175728208185,-7.005277568237273e-06,-3.502531337306833e-05,1.634918018943566e-15,3.4698022933403695e-16,-6.451240713672642e-15,-3.4596284353005024e-15,2.5238976618151206e-14,-6.918761408784151e-17,3.5196602328390477e-15,-2.174319691981201e-14,1.1601558895507655e-15,4.0,12.752999999866343,-3.0370382166008958e-05,1.4038171695276835e-15,1.6084868179602994,3.4234828354191915e-29,0.0,0.0,-1.3505972985234898,0.0,0.0,0.0,0.0,0.0,0.0,0.0,0.0,0.0,0.0,0.0,0.0,0.0,0.0,0.0,0.0,0.0,0.0,-3.6228124301156596e-17,2.732478809789605e-16,3.6941759709833077e-19,2.3278548404295526e-15,4.782040781713733e-16,-8.616204466826448e-15,-3.4607452230679035e-15,2.5238822806406903e-14,-6.944361507195945e-17,6.00317975385453e-17,3.4957796983391956e-15,1.0909682754629239e-15,1.1754559926096633e-05,-1.1754040193259987e-05,-4.421638983453241e-05
1.7100000000000013,-2.2107218643748902e-05,0.023057073773047995,0.1199724506332691,0.9999999997210731,-5.877279962494744e-06,5.877020095971513e-06,2.2108194915211933e-05,0.18001175728208185,-7.005277567978979e-06,-3.502531337305992e-05,1.693711463519119e-15,1.2035634345210018e-16,-3.476284186995379e-15,-9.381660609721606e-16,1.168615585648135e-14,1.1614151413156582e-17,9.981978585107128e-16,-8.299599317130638e-15,1.0793519002456946e-15,4.0,12.753000000175758,-3.037038216592569e-05,2.930586938564167e-16,1.6084868179603005,1.0990318839139652e-29,0.0,0.0,-1.350597298523489,0.0,0.0,0.0,0.0,0.0,0.0,0.0,0.0,0.0,0.0,0.0,0.0,0.0,0.0,0.0,0.0,0.0,0.0,-9.584653236110365e-18,1.2663399231392689e-16,7.025973993531965e-19,2.2952197130822558e-15,1.6406443064807198e-16,-4.620165205540211e-15,-9.386826439101958e-16,1.1686114498521082e-14,1.1487816314441573e-17,6.003179753855221e-17,3.3865565393507124e-15,1.0909660516588512e-15,1.1754559926082375e-05,-1.1754040193035865e-05,-4.421638983453491e-05
1.7200000000000013,-2.2107218643736542e-05,0.023057073773047995,0.11997245063326901,0.9999999997210731,-5.8772799625104165e-06,5.877020096143097e-06,2.2108194915211178e-05,0.18001175728208185,-7.005277568288666e-06,-3.50253133730475e-05,1.566573594788755e-15,1.624427411294356e-16,3.148010048043674e-15,3.5158850509004343e-16,-1.8295632529892482e-14,1.960039136166631e-16,-2.915567075514887e-16,2.156011588175871e-14,8.949609599589156e-16,4.0,12.752999999798618,-3.037038216606447e-05,3.792217013928869e-15,1.6084868179602991,1.0121216211966095e-29,0.0,0.0,-1.3505972985234904,0.0,0.0,0.0,0.0,0.0,0.0,0.0,0.0,0.0,0.0,0.0,0.0,0.0,0.0,0.0,0.0,0.0,0.0,2.927106473508473e-18,-1.9791534211181698e-16,1.290147895380609e-18,1.8886143902700525e-15,2.0992609923854023e-16,4.241592584196277e-15,3.5239977659280987e-16,-1.8295614660802955e-14,1.9621483326736023e-16,6.003179753855472e-17,3.2644833518662295e-15,1.0909648735755787e-15,1.175455992611372e-05,-1.1754040193379032e-05,-4.42163898345334e-05
1.7300000000000013,-2.2107218643721835e-05,0.023057073773047995,0.11997245063326906,0.9999999997210731,-5.8772799625049625e-06,5.877020096009789e-06,2.210819491521239e-05,0.18001175728208185,-7.005277567990368e-06,-3.502531337303901e-05,6.151592938682634e-16,1.5208455688768416e-16,-1.0340369514921899e-14,-3.268938351892578e-15,4.1673993531868596e-14,-2.315600114129037e-16,3.328970149431114e-15,-3.8602257302661435e-14,1.3225262829316374e-15,4.0,12.753000000261071,-3.0370382165981202e-05,4.421111555846212e-15,1.6084868179603,8.32351643404253e-29,0.0,0.0,-1.35059729852349,0.0,0.0,0.0,0.0,0.0,0.0,0.0,0.0,0.0,0.0,0.0,0.0,0.0,0.0,0.0,0.0,0.0,0.0,-3.3370259884426894e-17,4.51174512349209e-16,-5.722396631025592e-19,1.1349462096124184e-15,2.2201954755904527e-16,-1.3802028050600539e-14,-3.2707837465989315e-15,4.1673846225878547e-14,-2.320114359233608e-16,6.003179753853584e-17,3.0717362292071612e-15,1.0909662715187337e-15,1.1754559926102813e-05,-1.1754040193112417e-05,-4.4216389834535825e-05
1.7400000000000013,-2.2107218643711033e-05,0.023057073773047995,0.119972450633269,0.9999999997210731,-5.877279962515947e-06,5.877020096112056e-06,2.2108194915212042e-05,0.18001175728208185,-7.005277568164479e-06,-3.5025313373027395e-05,2.1663310721740857e-15,2.1946898011090576e-16,1.1240388154303739e-14,1.6578749909184634e-15,-4.5784481477388097e-14,4.0845417699915e-16,-1.5978431933799082e-15,4.882409307965614e-14,6.825115389638099e-16,4.0,12.752999999725906,-3.037038216606447e-05,7.723079410853811e-15,1.608486817960299,1.0013772345133573e-28,0.0,0.0,-1.3505972985234906,0.0,0.0,0.0,0.0,0.0,0.0,0.0,0.0,0.0,0.0,0.0,0.0,0.0,0.0,0.0,0.0,0.0,0.0,1.5740781999831626e-17,-4.954756882752845e-16,2.3047358199565275e-18,2.4466918119539836e-15,2.753024292008179e-16,1.4992047913502422e-14,1.6599042177074563e-15,-4.578440332303115e-14,4.0897285431603866e-16,6.003179753855517e-17,3.039611602268044e-15,1.09096571596296e-15,1.1754559926124781e-05,-1.1754040193316951e-05,-4.421638983453513e-05
1.7500000000000013,-2.210721864369748e-05,0.023057073773047995,0.11997245063326901,0.9999999997210731,-5.8772799625175596e-06,5.877020096075477e-06,2.2108194915212618e-05,0.18001175728208185,-7.0052775680615924e-06,-3.5025313373017644e-05,-3.996151687257912e-17,7.134555513809786e-17,-1.4673979428810256e-14,-4.14277617174824e-15,6.47697025074629e-14,-4.2353098947313944e-16,4.363430421716705e-15,-6.189071338124992e-14,1.5144961348158355e-15,4.0,12.752999999980377,-3.037038216605059e-05,7.87677405817817e-15,1.6084868179602991,1.710491944296986e-28,0.0,0.0,-1.3505972985234904,0.0,0.0,0.0,0.0,0.0,0.0,0.0,0.0,0.0,0.0,0.0,0.0,0.0,0.0,0.0,0.0,0.0,0.0,-4.170769194907815e-17,7.011734270932316e-16,-1.5595769590716909e-18,4.695881000233763e-16,1.2251976351582273e-16,-1.9627479566954472e-14,-4.145645032391402e-15,6.476951428282265e-14,-4.2424361649855864e-16,2.2065424996846466e-16,2.8789891262129817e-15,1.090965145342696e-15,1.1754559926128007e-05,-1.1754040193243793e-05,-4.421638983453628e-05
1.7600000000000013,-2.2107218643683803e-05,0.023057073773047995,0.11997245063326901,0.9999999997210731,-5.877279962514907e-06,5.877020096052736e-06,2.210819491521316e-05,0.18001175728208185,-7.005277567988285e-06,-3.502531337300782e-05,2.559997429409647e-15,2.588442841773333e-17,1.574934768644935e-14,4.452546102713958e-15,-6.347229477854077e-14,5.614616074544101e-16,-4.03914479985985e-15,6.615853685186814e-14,5.295039037408958e-16,4.0,12.753000000018325,-3.0370382166036713e-05,1.0262458955330225e-14,1.6084868179602991,1.9485199015426388e-28,0.0,0.0,-1.3505972985234902,0.0,0.0,0.0,0.0,0.0,0.0,0.0,0.0,0.0,0.0,0.0,0.0,0.0,0.0,0.0,0.0,0.0,0.0,4.51601956611854e-17,-6.868535656167631e-16,3.230071422941132e-18,2.815734371069816e-15,2.5048178707810385e-18,2.1017557106630808e-14,4.455359217463567e-15,-6.347209123702225e-14,5.621553432123064e-16,4.1340130285410796e-16,2.686242073327367e-15,1.0909655111953058e-15,1.1754559926122701e-05,-1.175404019319831e-05,-4.4216389834537364e-05
1.7700000000000014,-2.210721864367467e-05,0.023057073773047995,0.11997245063326899,0.9999999997210731,-5.877279962522262e-06,5.877020096126758e-06,2.210819491521289e-05,0.18001175728208185,-7.005277568110431e-06,-3.502531337299636e-05,4.706409414761221e-16,1.217956983522764e-16,-7.570377782133912e-15,-2.8462567971570546e-15,3.69772700534557e-14,-2.216282833502788e-16,3.452405152897457e-15,-3.448377503301469e-14,1.3125924494416423e-15,4.0,12.752999999932662,-3.0370382166078347e-05,4.000354706079185e-15,1.608486817960299,4.7474084224331523e-29,0.0,0.0,-1.3505972985234904,0.0,0.0,0.0,0.0,0.0,0.0,0.0,0.0,0.0,0.0,0.0,0.0,0.0,0.0,0.0,0.0,0.0,0.0,-2.8997739790436145e-17,4.003179060444117e-16,-6.745755179905001e-19,9.094197372718217e-16,1.793408493867468e-16,-1.0160083076316443e-14,-2.8478944030897996e-15,3.6977141558550245e-14,-2.220294694908639e-16,6.061483557404025e-16,2.4934950204410073e-15,1.0909641660913635e-15,1.1754559926137412e-05,-1.1754040193346355e-05,-4.421638983453682e-05
1.7800000000000014,-2.2107218643655173e-05,0.023057073773047995,0.11997245063326906,0.9999999997210731,-5.877279962507345e-06,5.8770200959770825e-06,2.210819491521451e-05,0.18001175728208185,-7.005277567787083e-06,-3.5025313372988675e-05,2.8562461338789274e-15,-1.1446660162613762e-16,1.5235765326222414e-14,6.049853545016664e-15,-6.542868823205304e-14,6.169609262737897e-16,-5.270232898487298e-15,6.776156082466906e-14,4.740054873180356e-16,4.0,12.753000000064262,-3.0370382165981202e-05,1.0802668381884973e-14,1.6084868179603,1.8699102621463716e-28,0.0,0.0,-1.3505972985234895,0.0,0.0,0.0,0.0,0.0,0.0,0.0,0.0,0.0,0.0,0.0,0.0,0.0,0.0,0.0,0.0,0.0,0.0,6.237830243627345e-17,-7.079694729440792e-16,3.8133380282968685e-18,3.1847634242597947e-15,-1.9228636364426834e-16,2.037832997966851e-14,6.052753815212025e-15,-6.542841340904423e-14,6.176588828287418e-16,7.796206465293659e-16,2.3328725926160173e-15,1.0909664135918252e-15,1.1754559926107578e-05,-1.1754040193047004e-05,-4.421638983454006e-05
1.7900000000000014,-2.2107218643639964e-05,0.023057073773047995,0.119972450633269,0.9999999997210731,-5.877279962515404e-06,5.8770200960789975e-06,2.2108194915214224e-05,0.18001175728208185,-7.005277567967584e-06,-3.502531337297719e-05,1.9081846810795433e-15,1.8955937920520403e-16,-2.3620564712145857e-15,-1.4206084417325242e-15,1.359985844373936e-14,2.1337689240337134e-17,2.200229132962494e-15,-1.126698589582396e-14,1.0696264621882976e-15,4.0,12.752999999889642,-3.037038216606447e-05,2.79773074509532e-16,1.608486817960299,7.531539596772951e-30,0.0,0.0,-1.35059729852349,0.0,0.0,0.0,0.0,0.0,0.0,0.0,0.0,0.0,0.0,0.0,0.0,0.0,0.0,0.0,0.0,0.0,0.0,-1.4681961409502175e-17,1.4728300380873863e-16,8.781546324249232e-19,2.5892663288855465e-15,2.579661526372549e-16,-3.1908385600867328e-15,-1.4212095270290928e-15,1.3599795866247545e-14,2.119453067834559e-17,7.796206912299699e-16,2.3328725479154003e-15,1.0909641514286347e-15,1.1754559926123695e-05,-1.1754040193250834e-05,-4.421638983453949e-05
1.8000000000000014,-2.210721864360909e-05,0.023057073773047995,0.11997245063326908,0.9999999997210731,-5.877279962501473e-06,5.877020095896084e-06,2.2108194915216335e-05,0.18001175728208185,-7.0052775675788514e-06,-3.5025313372970766e-05,2.785826101569354e-15,1.1809126369764434e-16,3.3102257266609846e-15,1.0386416676117506e-15,-1.0962065840476349e-14,2.418355293508319e-16,-2.590209763817359e-16,1.33077881335008e-14,8.491269494297481e-16,4.0,12.75300000014311,-3.037038216592569e-05,4.139084717322202e-15,1.6084868179603002,1.2906221097922898e-29,0.0,0.0,-1.3505972985234889,0.0,0.0,0.0,0.0,0.0,0.0,0.0,0.0,0.0,0.0,0.0,0.0,0.0,0.0,0.0,0.0,0.0,0.0,1.0758100992970427e-17,-1.185187071108477e-16,2.1802089853011524e-18,3.5319441314603575e-15,1.471413590743824e-16,4.399300233190056e-15,1.0391292127400621e-15,-1.0962017061356962e-14,2.4195217222278113e-16,7.796206912300147e-16,2.345722293024451e-15,1.09096247878058e-15,1.1754559926095833e-05,-1.1754040192885007e-05,-4.421638983454371e-05
1.8100000000000014,-2.21072186435878e-05,0.023057073773047995,0.11997245063326901,0.9999999997210731,-5.877279962513044e-06,5.87702009606508e-06,2.2108194915215745e-05,0.18001175728208185,-7.0052775678933836e-06,-3.5025313372958683e-05,3.1811721004109326e-15,2.0840589161703013e-16,2.0274666393727345e-15,2.996292722267849e-16,-7.021386289160782e-15,2.521702129449666e-16,4.799914190032371e-16,9.367108582185214e-15,8.387929863009221e-16,4.0,12.752999999850141,-3.0370382166036713e-05,4.063202820538161e-15,1.6084868179602991,9.481920388571597e-30,0.0,0.0,-1.3505972985234895,0.0,0.0,0.0,0.0,0.0,0.0,0.0,0.0,0.0,0.0,0.0,0.0,0.0,0.0,0.0,0.0,0.0,0.0,2.94934114360726e-18,-7.588863940840847e-17,2.449315278581174e-18,4.077335983762909e-15,2.7054610220677285e-16,2.694275444094873e-15,2.9994269670474627e-16,-7.021370069092585e-15,2.5224922245904106e-16,7.79620691230022e-16,2.345722293024432e-15,1.0909631992458887e-15,1.1754559926118976e-05,-1.1754040193222998e-05,-4.4216389834542534e-05
1.8200000000000014,-2.2107218643548708e-05,0.023057073773047995,0.1199724506332691,0.9999999997210731,-5.8772799625004495e-06,5.877020095867233e-06,2.2108194915218418e-05,0.18001175728208185,-7.005277567474411e-06,-3.502531337295311e-05,2.4901288624186987e-15,1.4321622028525208e-16,-2.3307564008767348e-15,-8.106748584414729e-16,1.4367248110947366e-14,3.77762689864124e-17,1.5902955496714665e-15,-1.2105049742466618e-14,1.0531877562946433e-15,4.0,12.75300000017279,-3.0370382165911813e-05,7.724201480849698e-16,1.6084868179603005,9.27570131799419e-30,0.0,0.0,-1.3505972985234884,0.0,0.0,0.0,0.0,0.0,0.0,0.0,0.0,0.0,0.0,0.0,0.0,0.0,0.0,0.0,0.0,0.0,0.0,-8.03990330257399e-18,1.5561959101891829e-16,1.1237680245334127e-18,3.3518015684522023e-15,1.9297233684533681e-16,-3.1514081321249767e-15,-8.113096824146372e-16,1.4367212694903867e-14,3.761692095138228e-17,7.796206912299936e-16,2.2621983684807484e-15,1.0909640252810557e-15,1.1754559926093787e-05,-1.1754040192827305e-05,-4.421638983454788e-05
1.8300000000000014,-2.210721864352663e-05,0.023057073773047995,0.11997245063326904,0.9999999997210731,-5.8772799625105055e-06,5.877020096018933e-06,2.210819491521797e-05,0.18001175728208185,-7.005277567756061e-06,-3.502531337294131e-05,4.125975045959861e-15,2.952995145818895e-16,6.663273348624886e-15,1.7708408946263543e-15,-3.5503191925461763e-14,5.433638241199017e-16,-9.912202033963585e-16,3.75854928667146e-14,5.47602771036944e-16,4.0,12.75299999976021,-3.037038216599508e-05,8.470525701397949e-15,1.6084868179602996,4.7680423790792107e-29,0.0,0.0,-1.350597298523489,0.0,0.0,0.0,0.0,0.0,0.0,0.0,0.0,0.0,0.0,0.0,0.0,0.0,0.0,0.0,0.0,0.0,0.0,1.750416098536723e-17,-3.8418951735367165e-16,4.275809605375586e-18,5.0753990531368444e-15,3.740603068304256e-16,8.960451120773188e-15,1.772417104778559e-15,-3.5503107201090297e-14,5.437603242206131e-16,7.796206912299958e-16,2.0823009412528387e-15,1.0909665951568457e-15,1.1754559926113899e-05,-1.1754040193130704e-05,-4.4216389834546986e-05
1.8400000000000014,-2.210721864349759e-05,0.023057073773047995,0.11997245063326903,0.9999999997210731,-5.877279962512139e-06,5.877020096035941e-06,2.2108194915218737e-05,0.18001175728208185,-7.00527756777022e-06,-3.502531337293193e-05,2.0579346783363605e-16,-2.346573080096e-17,-1.580889921590581e-14,-5.2683516012924786e-15,9.232772520837754e-14,-7.216940042227218e-16,6.208594470135016e-15,-9.043817132001085e-14,1.8126598926323217e-15,4.0,12.75300000029097,-3.0370382166022836e-05,1.098410178783242e-14,1.6084868179602994,2.2169403601296597e-28,0.0,0.0,-1.350597298523489,0.0,0.0,0.0,0.0,0.0,0.0,0.0,0.0,0.0,0.0,0.0,0.0,0.0,0.0,0.0,0.0,0.0,0.0,-5.253325825921902e-17,9.994328372319047e-16,-3.4899182031688935e-18,1.0119160758258652e-15,5.8915473265997146e-18,-2.133234677243561e-14,-5.272442483478278e-15,9.232748368123755e-14,-7.227173261235235e-16,9.402428688425375e-16,1.8895538883666874e-15,1.0909658884096e-15,1.1754559926117166e-05,-1.175404019316472e-05,-4.421638983454852e-05
1.8500000000000014,-2.210721864348896e-05,0.023057073773047995,0.119972450633269,0.9999999997210731,-5.877279962521126e-06,5.877020096123697e-06,2.2108194915218317e-05,0.18001175728208185,-7.00527756792713e-06,-3.502531337292019e-05,9.068976677499043e-16,1.6468842495217285e-16,4.731290937670644e-15,6.644677859072599e-16,-2.6255264122811214e-14,2.6395932742376214e-16,4.2354781165185723e-16,2.8112693377642922e-14,8.27005495934855e-16,4.0,12.753000000056833,-3.037038216606447e-05,4.098196448841782e-15,1.608486817960299,1.9697203320953782e-29,0.0,0.0,-1.3505972985234893,0.0,0.0,0.0,0.0,0.0,0.0,0.0,0.0,0.0,0.0,0.0,0.0,0.0,0.0,0.0,0.0,0.0,0.0,5.976256517447323e-18,-2.8413980515331527e-16,1.650432783213426e-18,9.668158536364874e-16,2.1088403560616957e-16,6.3660386055926805e-15,6.656318025387518e-16,-2.6255231612216628e-14,2.6426012928624053e-16,1.0880155975591171e-15,1.8574292548317084e-15,1.0909648233586171e-15,1.175455992613514e-05,-1.1754040193340233e-05,-4.421638983454768e-05
1.8600000000000014,-2.2107218643501975e-05,0.023057073773047995,0.11997245063326893,0.9999999997210731,-5.877279962528475e-06,5.877020096345839e-06,2.2108194915216064e-05,0.18001175728208185,-7.0052775683528405e-06,-3.502531337290477e-05,-3.238495623990716e-15,-5.152754866526898e-16,-1.645689086153627e-14,-3.221821018353036e-15,1.0131845521834623e-13,-1.035587036202898e-15,4.309836749087177e-15,-9.946102596351466e-14,2.126554017334465e-15,4.0,12.752999999983945,-3.037038216618937e-05,1.555363092626665e-14,1.608486817960298,2.502720332269245e-28,0.0,0.0,-1.3505972985234902,0.0,0.0,0.0,0.0,0.0,0.0,0.0,0.0,0.0,0.0,0.0,0.0,0.0,0.0,0.0,0.0,0.0,0.0,-2.994571262650027e-17,1.0968615346569752e-15,-6.34651939039238e-18,-3.3912225772962765e-15,-6.523418858731704e-16,-2.2230290160157398e-14,-3.226313130354489e-15,1.0131830048209292e-13,-1.036740093333194e-15,1.088015730734141e-15,1.857429254831576e-15,1.090966981131567e-15,1.1754559926149838e-05,-1.1754040193784517e-05,-4.421638983454317e-05
1.8700000000000014,-2.2107218643519505e-05,0.023057073773047995,0.11997245063326896,0.9999999997210731,-5.8772799625291715e-06,5.877020096276184e-06,2.2108194915216026e-05,0.18001175728208185,-7.005277568194919e-06,-3.5025313372893794e-05,-1.959890777770096e-15,5.153250653986793e-17,5.2129542510946775e-15,5.248158701650961e-16,-3.2641804856776374e-14,1.275385886719695e-16,5.631998605689237e-16,3.4512083826080486e-14,9.634323337236948e-16,4.0,12.753000000114485,-3.0370382166147736e-05,1.9763047094234363e-15,1.6084868179602985,2.7881246907260186e-29,0.0,0.0,-1.3505972985234898,0.0,0.0,0.0,0.0,0.0,0.0,0.0,0.0,0.0,0.0,0.0,0.0,0.0,0.0,0.0,0.0,0.0,0.0,4.1461324023527874e-18,-3.533008811245639e-16,-1.4706816750176207e-19,-2.8100094991953865e-15,6.380556767600439e-17,7.0421766110052496e-15,5.262606736992326e-16,-3.2641780117992546e-14,1.279161013799581e-16,1.08801573073402e-15,1.870278969304112e-15,1.0909709223956644e-15,1.175455992615123e-05,-1.1754040193645207e-05,-4.4216389834543096e-05
1.8800000000000014,-2.210721864355294e-05,0.023057073773047995,0.1199724506332689,0.9999999997210731,-5.877279962533304e-06,5.877020096418513e-06,2.2108194915213726e-05,0.18001175728208185,-7.005277568460874e-06,-3.502531337287829e-05,-2.3813719903666625e-15,-1.505662584950265e-16,2.4369127315189902e-15,9.971287351083874e-16,-1.6281772141531142e-14,-2.3612264989617603e-17,9.088699562563205e-17,1.8152051110835342e-14,1.1145849239928853e-15,4.0,12.752999999846669,-3.037038216624488e-05,4.3191352171985897e-16,1.6084868179602978,9.662449372031837e-30,0.0,0.0,-1.3505972985234904,0.0,0.0,0.0,0.0,0.0,0.0,0.0,0.0,0.0,0.0,0.0,0.0,0.0,0.0,0.0,0.0,0.0,0.0,1.0050062545142763e-17,-1.7615247891329074e-16,-9.570817308098932e-19,-3.225846880545204e-15,-2.0390619016093854e-16,3.3062193827797897e-15,9.978483788401074e-16,-1.628172831268412e-14,-2.3432604701428568e-17,1.0880157307340195e-15,1.8702789693042005e-15,1.0909726590032677e-15,1.1754559926159496e-05,-1.1754040193929864e-05,-4.4216389834538495e-05
1.8900000000000015,-2.2107218643567736e-05,0.023057073773047995,0.11997245063326899,0.9999999997210731,-5.877279962524997e-06,5.877020096190294e-06,2.2108194915215105e-05,0.18001175728208185,-7.005277567985344e-06,-3.502531337287013e-05,-2.424500137902622e-15,-1.0659867050044476e-16,-3.367237036670378e-15,-1.4313475642464463e-15,2.3049923502188084e-14,-3.585662624747364e-16,2.5193632949804857e-15,-2.105757192641184e-14,1.4495409024727164e-15,4.0,12.753000000173888,-3.0370382166106102e-05,5.243090108887582e-15,1.608486817960299,1.4317060808554703e-29,0.0,0.0,-1.3505972985234895,0.0,0.0,0.0,0.0,0.0,0.0,0.0,0.0,0.0,0.0,0.0,0.0,0.0,0.0,0.0,0.0,0.0,0.0,-1.434239205034309e-17,2.4956558378540116e-16,-2.7716186110705783e-18,-2.9645849428086833e-15,-1.299900431304913e-16,-4.5732606182575565e-15,-1.432370963252623e-15,2.3049855974258586e-14,-3.588203736536652e-16,1.0880157307340395e-15,1.9923515757762453e-15,1.09097463999798e-15,1.1754559926142882e-05,-1.1754040193473427e-05,-4.421638983454125e-05
1.9000000000000015,-2.2107218643592516e-05,0.023057073773047995,0.11997245063326895,0.9999999997210731,-5.877279962532403e-06,5.877020096356275e-06,2.210819491521289e-05,0.18001175728208185,-7.005277568297187e-06,-3.502531337285478e-05,-8.7553642828093e-16,-6.808730447151459e-17,8.22679999833053e-15,3.271562000967992e-15,-5.764927039200185e-14,4.2222578093961615e-16,-2.1835462702339636e-15,5.959022172733678e-14,6.687534425826741e-16,4.0,12.752999999773419,-3.037038216618937e-05,6.1038675572897e-15,1.6084868179602985,6.712610698051698e-29,0.0,0.0,-1.35059729852349,0.0,0.0,0.0,0.0,0.0,0.0,0.0,0.0,0.0,0.0,0.0,0.0,0.0,0.0,0.0,0.0,0.0,0.0,3.2680893838331585e-17,-6.239059746099256e-16,1.950484422741319e-18,-1.6027625893614005e-15,-1.1132299830529557e-16,1.1182212385560062e-14,3.2741160068878695e-15,-5.764912071204175e-14,4.2286495278234616e-16,1.0880157307340286e-15,1.9409513353349273e-15,1.0909792235222903e-15,1.1754559926157694e-05,-1.1754040193805388e-05,-4.421638983453682e-05
1.9100000000000015,-2.210721864360415e-05,0.023057073773047995,0.11997245063326899,0.9999999997210731,-5.877279962521964e-06,5.877020096229093e-06,2.2108194915213546e-05,0.18001175728208185,-7.005277568023712e-06,-3.502531337284519e-05,-2.4058566594221056e-15,-3.179955674536862e-16,-1.0791479054900425e-14,-2.0487978370504164e-15,6.812658069705187e-14,-7.366770517368924e-16,3.2974359462783425e-15,-6.621775422590506e-14,1.827660064872873e-15,4.0,12.75300000024533,-3.0370382166106102e-05,1.0688533852189157e-14,1.608486817960299,1.096343051942306e-28,0.0,0.0,-1.3505972985234895,0.0,0.0,0.0,0.0,0.0,0.0,0.0,0.0,0.0,0.0,0.0,0.0,0.0,0.0,0.0,0.0,0.0,0.0,-1.8841439767304637e-17,7.375638008697991e-16,-4.682398597800822e-18,-2.5767146585815594e-15,-4.0287951157056037e-16,-1.4590332398465455e-14,-2.051818809801709e-15,6.812648137594034e-14,-7.374537497222226e-16,1.2486381092279261e-15,1.908826471146808e-15,1.0909830131359805e-15,1.1754559926136816e-05,-1.1754040193551024e-05,-4.4216389834538136e-05
1.9200000000000015,-2.2107218643622373e-05,0.023057073773047995,0.11997245063326897,0.9999999997210731,-5.877279962521095e-06,5.877020096280956e-06,2.2108194915212472e-05,0.18001175728208185,-7.005277568108349e-06,-3.502531337283213e-05,-6.316923152044491e-16,4.238820471494748e-17,1.2980558893167217e-14,4.390719770099667e-15,-9.546986059692829e-14,7.514556030224816e-16,-2.9493346411013986e-15,9.737868703495911e-14,3.395277077904648e-16,4.0,12.753000000017662,-3.0370382166133858e-05,1.0933591849383012e-14,1.6084868179602987,1.7053655280884804e-28,0.0,0.0,-1.35059729852349,0.0,0.0,0.0,0.0,0.0,0.0,0.0,0.0,0.0,0.0,0.0,0.0,0.0,0.0,0.0,0.0,0.0,0.0,4.2986466780838837e-17,-1.033324405876869e-15,3.7129532360211886e-18,-1.590959861322143e-15,2.5965907147660414e-17,1.767362059427304e-14,4.394949937115575e-15,-9.546965752230795e-14,7.525261744692475e-16,1.4413851289982682e-15,1.9088264380308183e-15,1.0909833108129464e-15,1.1754559926135078e-05,-1.175404019365475e-05,-4.421638983453599e-05
1.9300000000000015,-2.2107218643639584e-05,0.023057073773047995,0.11997245063326896,0.9999999997210731,-5.877279962524917e-06,5.877020096320775e-06,2.2108194915211547e-05,0.18001175728208185,-7.005277568168895e-06,-3.5025313372819363e-05,-2.6505153020108703e-15,-1.3182538430030925e-16,-1.4090027886313771e-14,-5.0901572526971915e-15,9.577646970647613e-14,-9.80835093232109e-16,6.717864543775317e-15,-9.386764326844527e-14,2.0718199297073983e-15,4.0,12.752999999983626,-3.0370382166161614e-05,1.428613225903983e-14,1.6084868179602985,1.9319330207777024e-28,0.0,0.0,-1.35059729852349,0.0,0.0,0.0,0.0,0.0,0.0,0.0,0.0,0.0,0.0,0.0,0.0,0.0,0.0,0.0,0.0,0.0,0.0,-5.0417642633503535e-17,1.0367698163235024e-15,-6.1175805692135095e-18,-2.671622393137404e-15,-1.384736816850837e-16,-1.9123978752702593e-14,-5.09440367222628e-15,9.577623300866824e-14,-9.819010472246136e-16,1.6277072910781254e-15,1.9088264380308562e-15,1.0909848364752894e-15,1.1754559926142721e-05,-1.1754040193734388e-05,-4.421638983453414e-05
1.9400000000000015,-2.2107218643654302e-05,0.023057073773047995,0.11997245063326899,0.9999999997210731,-5.877279962518037e-06,5.8770200962081624e-06,2.210819491521197e-05,0.18001175728208185,-7.0052775679245815e-06,-3.5025313372809294e-05,-1.1849301706453305e-15,7.83181382856735e-18,6.882397467903717e-15,2.3281522605801904e-15,-5.5940946026805525e-14,3.817041134745641e-16,-7.004447175034938e-16,5.784977246483656e-14,7.092803097968886e-16,4.0,12.753000000067022,-3.0370382166106102e-05,5.5830395803584515e-15,1.608486817960299,5.256935250514926e-29,0.0,0.0,-1.3505972985234898,0.0,0.0,0.0,0.0,0.0,0.0,0.0,0.0,0.0,0.0,0.0,0.0,0.0,0.0,0.0,0.0,0.0,0.0,2.2572038957333063e-17,-6.054600471651644e-16,1.5493102764199485e-18,-1.9909842549117816e-15,-5.404670684322365e-18,9.413274973809239e-15,2.3306302551506027e-15,-5.594083853906597e-14,3.8233429428687093e-16,1.6277075430766966e-15,1.908826438031033e-15,1.0909844232714527e-15,1.1754559926128962e-05,-1.1754040193509163e-05,-4.4216389834534985e-05
1.9500000000000015,-2.210721864367637e-05,0.023057073773047995,0.11997245063326895,0.9999999997210731,-5.877279962541235e-06,5.877020096389954e-06,2.2108194915209684e-05,0.18001175728208194,-7.005277568269024e-06,-3.502531337279382e-05,-2.249713827129041e-15,1.362019155928755e-16,-6.816041013390721e-15,-4.4225002955267425e-15,4.356574470364487e-14,-5.175552403436776e-16,6.0502078386027646e-15,-4.16119440944111e-14,1.6085404215481092e-15,4.0,12.752999999920204,-3.037038216618937e-05,7.552966889309254e-15,1.6084868179602985,4.580416940906308e-29,0.0,0.0,-1.3505972985234904,0.0,0.0,0.0,0.0,0.0,0.0,0.0,0.0,0.0,0.0,0.0,0.0,0.0,0.0,0.0,0.0,0.0,0.0,-4.571137301352699e-17,4.715350049807059e-16,-3.6325014112120756e-18,-2.5719674697340102e-15,2.0831313154476878e-16,-9.244763789894117e-15,-4.42443269708878e-15,4.35655430275876e-14,-5.180153417123104e-16,1.6277075430760221e-15,1.953800609233766e-15,1.0909851812044315e-15,1.1754559926175358e-05,-1.1754040193872747e-05,-4.421638983453041e-05
1.9600000000000015,-2.210721864368813e-05,0.023057073773047995,0.11997245063326901,0.9999999997210731,-5.8772799625229035e-06,5.877020096174242e-06,2.210819491521109e-05,0.18001175728208194,-7.0052775678171e-06,-3.502531337278571e-05,-1.3678657675149328e-15,-1.9912666193274292e-16,5.394562255302893e-16,1.6163633021825637e-15,-1.1576670162641292e-14,1.5209594687564148e-18,1.1344240893463075e-17,1.3723217481998616e-14,1.0894663245065448e-15,4.0,12.75300000012137,-3.037038216606447e-05,2.2000450961015095e-17,1.6084868179602991,2.3639087538879483e-30,0.0,0.0,-1.35059729852349,0.0,0.0,0.0,0.0,0.0,0.0,0.0,0.0,0.0,0.0,0.0,0.0,0.0,0.0,0.0,0.0,0.0,0.0,1.7009512002194287e-17,-1.251652194671758e-16,-4.235201335014182e-19,-1.870849214884332e-15,-2.717862541470067e-16,8.068386014923771e-16,1.6168751977283078e-15,-1.1576598663008013e-14,1.6380359040852654e-18,1.6277075430760267e-15,2.1465473193573235e-15,1.0909872839753013e-15,1.1754559926138695e-05,-1.1754040193441323e-05,-4.421638983453322e-05
1.9700000000000015,-2.2107218643705422e-05,0.023057073773047995,0.11997245063326896,0.9999999997210731,-5.8772799625360435e-06,5.877020096358967e-06,2.2108194915208938e-05,0.18001175728208196,-7.0052775681641216e-06,-3.50253133727705e-05,-8.095201104356645e-16,-1.571862355988582e-17,3.1948327161808398e-15,1.705102562232248e-15,-3.4001395788696906e-14,2.2987269987546503e-16,-7.739501915626528e-17,3.634069016093982e-14,8.611169773366535e-16,4.0,12.752999999814884,-3.037038216617549e-05,3.3049099206558664e-15,1.6084868179602985,1.452702852074863e-29,0.0,0.0,-1.3505972985234906,0.0,0.0,0.0,0.0,0.0,0.0,0.0,0.0,0.0,0.0,0.0,0.0,0.0,0.0,0.0,0.0,0.0,0.0,1.688831032099102e-17,-3.679365339748348e-16,9.521132530028832e-19,-1.3262224118621005e-15,-3.224480037270188e-17,4.438937875442225e-15,1.7066086836402927e-15,-3.400131765763612e-14,2.302523201651522e-16,1.6277075430759827e-15,2.339294372242913e-15,1.0909896772121185e-15,1.1754559926164975e-05,-1.1754040193810773e-05,-4.421638983452892e-05
1.9800000000000015,-2.2107218643712673e-05,0.023057073773047995,0.119972450633269,0.9999999997210731,-5.877279962525695e-06,5.8770200961813555e-06,2.210819491521018e-05,0.18001175728208196,-7.005277567784539e-06,-3.502531337276207e-05,-1.8829471347616114e-15,-4.2988227992181574e-17,-1.0406879891023755e-14,-5.018270664640655e-15,7.804673854008415e-14,-7.86795726471576e-16,6.645978207716642e-15,-7.5514697114955e-14,1.877786076867136e-15,4.0,12.753000000261041,-3.0370382166078347e-05,1.136608631406619e-14,1.608486817960299,1.1184622468124468e-28,0.0,0.0,-1.3505972985234902,0.0,0.0,0.0,0.0,0.0,0.0,0.0,0.0,0.0,0.0,0.0,0.0,0.0,0.0,0.0,0.0,0.0,0.0,-5.049411162798577e-17,8.448487094337106e-16,-4.8837416047362445e-18,-1.817172309147384e-15,-2.201282240293383e-17,-1.4193471742845209e-14,-5.021730857619467e-15,7.804650732029095e-14,-7.876541248872845e-16,1.6277075430759866e-15,2.532041425129153e-15,1.09099035039556e-15,1.1754559926144278e-05,-1.175404019345555e-05,-4.42163898345314e-05
1.9900000000000015,-2.2107218643721154e-05,0.023057073773047995,0.11997245063326899,0.9999999997210731,-5.877279962527629e-06,5.877020096185996e-06,2.2108194915209846e-05,0.180011757282082,-7.005277567767535e-06,-3.5025313372750496e-05,-5.433607370294671e-16,-5.91586606275127e-17,4.8612907727126596e-15,2.7912069287227774e-15,-4.4276146286051883e-14,3.3264104311431333e-16,-1.2084736154263663e-15,4.7000934764067465e-14,7.583517581157643e-16,4.0,12.75300000005177,-3.0370382166106102e-05,4.819493899379497e-15,1.608486817960299,2.833319711965955e-29,0.0,0.0,-1.3505972985234902,0.0,0.0,0.0,0.0,0.0,0.0,0.0,0.0,0.0,0.0,0.0,0.0,0.0,0.0,0.0,0.0,0.0,0.0,2.814983763945961e-17,-4.791062983107344e-16,1.6136107732001018e-18,-1.0632339609708704e-15,-9.658613922559681e-17,6.696221256142974e-15,2.793168569993683e-15,-4.427601891267487e-14,3.3312866949357974e-16,1.582733313296411e-15,2.724788478015582e-15,1.0909928012300776e-15,1.1754559926148146e-05,-1.175404019346483e-05,-4.4216389834530736e-05
2.0000000000000013,-2.2107218643743468e-05,0.023057073773047995,0.11997245063326893,0.9999999997210731,-5.87727996253291e-06,5.877020096397602e-06,2.210819491520725e-05,0.180011757282082,-7.005277568162535e-06,-3.5025313372734396e-05,-3.2748478416475805e-15,-3.903718380532927e-16,-1.0506112799697126e-14,-3.313589300801592e-15,8.788471688009075e-14,-9.764775804651346e-16,4.7100007823489945e-15,-8.497360625187825e-14,2.0674723778323684e-15,4.0,12.752999999957543,-3.0370382166203247e-05,1.3966476145683936e-14,1.608486817960298,1.2640450923935925e-28,0.0,0.0,-1.3505972985234909,0.0,0.0,0.0,0.0,0.0,0.0,0.0,0.0,0.0,0.0,0.0,0.0,0.0,0.0,0.0,0.0,0.0,0.0,-3.157743707689955e-17,9.514583248700578e-16,-6.3706746047217386e-18,-3.5464220413107245e-15,-4.887636389627843e-16,-1.4387541664730647e-14,-3.317486725608334e-15,8.788455879506277e-14,-9.774716547402987e-16,1.3964114815474026e-15,2.9111106282124987e-15,1.0909947973672339e-15,1.1754559926158708e-05,-1.1754040193888043e-05,-4.4216389834525546e-05
