time_s,x_m,y_m,z_m,qw,qx,qy,qz,wheel_x_rad,wheel_y_rad,wheel_z_rad,vx_world_m_s,vy_world_m_s,vz_world_m_s,wx_body_rad_s,wy_body_rad_s,wz_body_rad_s,wheel_x_relative_rad_s,wheel_y_relative_rad_s,wheel_z_relative_rad_s,active_contacts,normal_force_n,minimum_contact_distance_m,max_loaded_point_slip_m_s,potential_j,kinetic_j,motor_work_j,passive_work_j,constraint_work_j,command_x_nm,command_y_nm,command_z_nm,delayed_x_nm,delayed_y_nm,delayed_z_nm,applied_x_nm,applied_y_nm,applied_z_nm,saturated_x_bool,saturated_y_bool,saturated_z_bool,speed_cutoff_x_bool,speed_cutoff_y_bool,speed_cutoff_z_bool,speed_exceeded_x_bool,speed_exceeded_y_bool,speed_exceeded_z_bool,angular_momentum_x_world_nms,angular_momentum_y_world_nms,angular_momentum_z_world_nms,linear_momentum_x_world_kg_m_s,linear_momentum_y_world_kg_m_s,linear_momentum_z_world_kg_m_s,omega_world_x_rad_s,omega_world_y_rad_s,omega_world_z_rad_s,wheel_absolute_axial_x_rad_s,wheel_absolute_axial_y_rad_s,wheel_absolute_axial_z_rad_s,attitude_error_x_body_rad,attitude_error_y_body_rad,attitude_error_z_body_rad
0.0,0.0,0.0,0.2077616874239833,0.8822655389649556,0.3405071013243084,-0.32500807582742314,0.005673037065762734,0.0,0.0,0.0,0.0,0.0,0.0,0.0,0.0,0.0,0.0,0.0,0.0,0.0,0.0,0.0,0.0,2.785460943293344,0.0,0.0,0.0,0.0,0.0027925268031909257,-8.683031176082274e-19,-4.479291941381568e-19,0.0,0.0,0.0,0.0,0.0,0.0,0.0,0.0,0.0,0.0,0.0,0.0,0.0,0.0,0.0,0.0,0.0,0.0,0.0,0.0,0.0,0.0,0.0,0.0,0.0,0.0,0.0,-0.03490658503988657,1.0853788970102841e-17,5.59911492672696e-18
0.01,-2.4131961279777632e-06,-9.383403921657016e-06,0.20769589387343715,0.8822553037508162,0.3405283584186592,-0.32501368855773194,0.005667306798251835,-4.069068091938817e-05,2.070046969840447e-05,1.9990211220982948e-05,-0.0005339967168674542,-0.002076377808298962,-0.004429351038951564,0.008869945517930557,-0.004512385496427912,-0.004357560021502642,-0.008869945517930616,0.0045123854964279455,0.004357560021502696,1.0,13.303218370780142,-6.549810356973329e-05,0.00011281381055123586,2.7846216849209067,1.672656554951496e-05,0.0,0.0,-0.000859596810143302,0.002955441076794499,-8.285089694792264e-05,-8.006403839924186e-05,0.0,0.0,0.0,0.0,0.0,0.0,0.0,0.0,0.0,0.0,0.0,0.0,0.0,0.0,0.0,0.00011340076073064935,-2.9164072972850592e-05,3.322285417238001e-20,-0.0007316746723029975,-0.0028450232079637585,-0.005762453628186531,0.010521593241291607,-0.002705912298141626,3.469446951953614e-18,-5.898059818321144e-17,3.382710778154774e-17,5.4643789493269423e-17,-0.03494727571839686,2.0349475152753085e-05,2.0349475152428882e-05
0.020000000000000004,-1.0670734030994009e-05,-4.149178195362575e-05,0.2076672317862721,0.8822213068946626,0.34059895540601437,-0.32503232796233955,0.00564827555871034,-0.00017583150418299106,8.945032725246527e-05,8.638117693052287e-05,-0.0011158039582207112,-0.004338660714718749,-0.0017427736806356388,0.01810904445729062,-0.009212569502040363,-0.008896474955250257,-0.018109044457290682,0.00921256950204036,0.008896474955250028,1.0,12.955350815391219,-9.317525698454565e-05,0.00012726706328654666,2.7842555131766185,1.9098153688685367e-05,0.0,0.0,-0.0012246747607459465,0.003132556120158217,-0.00017286094330763488,-0.00016717124146538708,0.0027925268031909257,-8.683031176082274e-19,-4.479291941381568e-19,0.0027925268031909257,-8.683031176082274e-19,-4.479291941381568e-19,0.0,0.0,0.0,0.0,0.0,0.0,0.0,0.0,0.0,0.00023152108582973863,-5.954190958145143e-05,-1.4474128399469278e-20,-0.0015270624792543916,-0.005937786775937846,-0.002274430035864261,0.021481078929167098,-0.0055244404833738915,0.0,-6.245004513516506e-17,-3.469446951953614e-18,-2.2898349882893854e-16,-0.035082416499087325,8.793365338635445e-05,8.793365338603091e-05
0.030000000000000013,-2.4635434217743122e-05,-9.577878569987353e-05,0.20765547582435062,0.8821646648580355,0.34071545711058093,-0.32506456698198966,0.005613257044624152,0.0027416294233829686,0.0001901825750349508,0.00018377525089683253,-0.0016768197693887892,-0.0065175075463719,-0.0007767747502951508,0.026091725540425912,-0.014561203683177691,-0.014086475156934616,0.6074461700418444,0.007961083566437918,0.007710180334091832,1.0,12.822047786564454,-0.00010327670464269079,0.0001247601381488269,2.7841045073419055,4.7910726196524444e-05,8.394054621913034e-06,0.0,-0.001355718009938658,0.003293925685909376,-0.0002784849425564741,-0.0002699500158371273,0.002955441076794499,-8.285089694792264e-05,-8.006403839924186e-05,0.002955441076794499,-8.285089694792264e-05,-8.006403839924186e-05,0.0,0.0,0.0,0.0,0.0,0.0,0.0,0.0,0.0,0.00036729312728490346,-9.425981496469755e-05,5.5781558947823106e-09,-0.0022937571762398747,-0.008915424640632417,-0.0010230625503347772,0.031970668344547606,-0.008181433434856354,-0.0014751573749239594,0.6335378955822704,-0.006600120116739773,-0.006376294822842784,-0.035303432827271365,0.00020479095324094565,0.0002049182876538033
0.04000000000000002,-4.421102350921221e-05,-0.00017185708209252164,0.20764957345488355,0.8820858347651792,0.3408757807423047,-0.3251113309635832,0.0055591985958793905,0.012107025184015656,0.00018057583042170008,0.00017474674415881444,-0.0022389368428733223,-0.00870063696359283,-0.00046738500743162716,0.03410164276426109,-0.01992316371618463,-0.019290400673841586,1.2719074223596551,-0.013071431688823038,-0.012601392722485819,1.0,12.771582913694761,-0.00010684886385847747,0.00012472809939903677,2.7840277104665874,0.00010705012842163869,3.6833933482144235e-05,0.0,-0.001401982250969412,0.003462177030948067,-0.00038855716153320683,-0.00037720881880630886,0.003132556120158217,-0.00017286094330763488,-0.00016717124146538708,0.003132556120158217,-0.00017286094330763488,-0.00016717124146538708,0.0,0.0,0.0,0.0,0.0,0.0,0.0,0.0,0.0,0.0005054913913889527,-0.0001296025543162419,1.1200568150918573e-08,-0.003061998136963956,-0.011899072933118916,-0.0006254490173878,0.042492834621333325,-0.010845682554519084,-0.002950292461967173,1.3060090651239162,-0.03299459540500767,-0.0318917933963274,-0.03560434326489209,0.00037425268302354397,0.00037477008346450404
0.05000000000000003,-6.943303214884585e-05,-0.00026986489852528047,0.2076453295247781,0.8819846312593618,0.34108025061925445,-0.32517268707444363,0.005486022291193632,0.02830888375735516,-0.00014310917613488802,-0.00013794426474728004,-0.0028066985533457805,-0.010905725507233928,-0.00040526517497527687,0.04221127928796025,-0.025326455319936145,-0.02453566740902001,1.974156985314301,-0.05539849010438676,-0.053568450361339594,1.0,12.752644292923005,-0.00010805616571957222,0.00012587959214538935,2.7839716016710803,0.00019938412425167393,8.885681216439779e-05,0.0,-0.0014178405627957894,0.003638666596338606,-0.0005036049631762493,-0.0004894656061476446,0.003293925685909376,-0.0002784849425564741,-0.0002699500158371273,0.003293925685909376,-0.0002784849425564741,-0.0002699500158371273,0.0,0.0,0.0,0.0,0.0,0.0,0.0,0.0,0.0,0.0006469874030988615,-0.00016579574257498332,1.6850273357400916e-08,-0.0038379746276455493,-0.01491280668962374,-0.000549532184159608,0.053126834924931046,-0.013537458160746354,-0.004415546490539423,2.0163682646022614,-0.0807249454243229,-0.07810411777035961,-0.03598579461444152,0.0005966095927174838,0.000597794909816056
0.06000000000000004,-0.00010037394920432865,-0.00039008420845350415,0.20764116769010107,0.881860720595981,0.34132950381694166,-0.325248747709318,0.005393645106755951,0.05171352343826857,-0.0010082941065993364,-0.0009753841548018871,-0.003383160503484017,-0.013144653178083492,-0.0004362309631120078,0.05047612301997416,-0.030785530222907784,-0.029836592958353905,2.712696281285218,-0.12152367212201065,-0.11770461170152133,1.0,12.74537658369645,-0.00010843224277487518,0.00012775783099567905,2.78391604990796,0.000329045310144489,0.0001681614553904066,0.0,-0.001423057324120742,0.0038244968304940704,-0.0006239261565592635,-0.0006070172118163839,0.003462177030948067,-0.00038855716153320683,-0.00037720881880630886,0.003462177030948067,-0.00038855716153320683,-0.00037720881880630886,0.0,0.0,0.0,0.0,0.0,0.0,0.0,0.0,0.0,0.0007924148693038182,-0.0002030032413241638,2.2525907564572526e-08,-0.004625855429881224,-0.017972833344987765,-0.0005949499453224461,0.06392791829442981,-0.01627097721253941,-0.005855485350110198,2.763172404305192,-0.15230920234491843,-0.14754120465987525,-0.03644908270168169,0.0008723326568365428,0.0008744817320751714
0.07000000000000005,-0.00013713339284531962,-0.0005329024249267117,0.20763648553722464,0.8817136548049085,0.3416244028954391,-0.32533966750725574,0.005281952590990559,0.08269166507009362,-0.0026579839214635444,-0.002574319507275931,-0.003970794054393864,-0.01542702302579244,-0.0005041141122260306,0.05893525121749463,-0.03631901080490997,-0.035211824030104595,3.489139582178892,-0.21247256817975185,-0.20604143835399466,1.0,12.74223968333689,-0.00010852520626297713,0.00013019454941856214,2.7838533370824674,0.0005010905915188369,0.00027909393088166717,0.0,-0.0014246647800306086,0.00402051116592888,-0.0007499072102749935,-0.0007302523995893326,0.003638666596338606,-0.0005036049631762493,-0.0004894656061476446,0.003638666596338606,-0.0005036049631762493,-0.0004894656061476446,0.0,0.0,0.0,0.0,0.0,0.0,0.0,0.0,0.0,0.0009423615963940676,-0.0002413767759648095,2.82347000638118e-08,-0.005429015455538856,-0.021092266835437728,-0.0006887614935431489,0.07494181964135593,-0.019057584211874465,-0.007269049889305296,3.5480748333963867,-0.2487915789846618,-0.24125326238409925,-0.03699595805017471,0.001202062697332675,0.0012054945880931246
0.08000000000000006,-0.00017983457828175056,-0.0006987986526297018,0.20763102807935432,0.8815428834435811,0.3419660016635606,-0.32544564493469885,0.005150781421520843,0.12163164427160254,-0.005345926163326373,-0.005182291245038116,-0.004571884383072902,-0.017761714727327838,-0.0005896050868912124,0.06762509511046769,-0.04194439595861805,-0.04067895170649688,4.305386860724482,-0.329357356321268,-0.31969582493056015,1.0,12.740436942914338,-0.00010852376828954235,0.0001331333742404021,2.783780168004365,0.0007214203132116314,0.00042666993271760505,0.0,-0.0014250826470358115,0.004227535402235649,-0.0008819284805940251,-0.0008595555551716286,0.0038244968304940704,-0.0006239261565592635,-0.0006070172118163839,0.0038244968304940704,-0.0006239261565592635,-0.0006070172118163839,0.0,0.0,0.0,0.0,0.0,0.0,0.0,0.0,0.0,0.0010973966222992384,-0.0002810633320131968,3.3980319510340596e-08,-0.006250576957003853,-0.024283239456140797,-0.0008059465598821547,0.08621132070091243,-0.021907860165313823,-0.008655449090262262,4.37301195583495,-0.37130175227988604,-0.360374776637057,-0.037628546128090384,0.001586616916736253,0.0015916803056835612
0.09000000000000007,-0.0002286233064146064,-0.0008883397617072067,0.20762465450522513,0.8813477559686628,0.34235553761190846,-0.32556692048495595,0.004999920139948179,0.1689419281889287,-0.009337357176152878,-0.009058376022529024,-0.005188678347983787,-0.020157459631275226,-0.0006869278557723055,0.07658158089994364,-0.04767903886986719,-0.04625545952513939,5.163553684575387,-0.47336730855865916,-0.4598618388920694,1.0,12.738954432028365,-0.00010848969526519592,0.00013655954464399805,2.783694695212257,0.0009968724475454243,0.0006166709704092019,0.0,-0.0014251052111057259,0.004446415088318074,-0.0010203813962896355,-0.0009953233495546914,0.00402051116592888,-0.0007499072102749935,-0.0007302523995893326,0.00402051116592888,-0.0007499072102749935,-0.0007302523995893326,0.0,0.0,0.0,0.0,0.0,0.0,0.0,0.0,0.0,0.0012580939718515737,-0.00032221127050438526,3.976224008121046e-08,-0.007093610483468037,-0.027557683331008484,-0.0009390847413115156,0.09777870405279603,-0.02483225607262679,-0.010014035583617058,5.24013526547533,-0.5210463474285264,-0.5061172984172088,-0.038349332901488606,0.002026983707900326,0.00203406347627728
0.10000000000000007,-0.0002836679258043139,-0.0011021802467032292,0.20761725330679398,0.8811275204618452,0.34279443172909224,-0.32570377641220105,0.004829108729342323,0.22505306666640038,-0.014909830734804985,-0.014474018802388066,-0.005823444966639795,-0.022623075939282707,-0.0007951775017365643,0.08584105751270069,-0.05354051910148592,-0.05195908785189429,6.065940142239047,-0.645776287617082,-0.6278187876078679,1.0,12.737428558925497,-0.00010844160805351111,0.0001404742492422454,2.783595435895854,0.001335339670954414,0.0008557481665746582,0.0,-0.0014249748687766182,0.00467803224604516,-0.0011656752093313423,-0.0011379713648055486,0.004227535402235649,-0.0008819284805940251,-0.0008595555551716286,0.004227535402235649,-0.0008819284805940251,-0.0008595555551716286,0.0,0.0,0.0,0.0,0.0,0.0,0.0,0.0,0.0,0.0014250429188870752,-0.00036497297085272425,4.5575053347087754e-08,-0.007961217127515614,-0.03092765024597965,-0.0010870960289851995,0.10968677756357467,-0.027841358102016767,-0.011344194890356027,6.151781199751747,-0.6993168067185679,-0.6797778754597622,-0.03916116513520686,0.0025243233188074485,0.002533847293393143
0.11000000000000008,-0.00034515970626428083,-0.0013410636862065158,0.20760871180048676,0.8808813206590577,0.3432842914059847,-0.325856537138535,0.004638037508202623,0.2904195275156617,-0.022354062179228716,-0.021713885225600738,-0.006478502612472097,-0.025167574472548342,-0.0009152062563305956,0.09544069989903031,-0.05954684082869213,-0.057808032640526065,7.015030314799005,-0.8479430864411278,-0.8249318854411251,1.0,12.735724076695332,-0.00010838415418734648,0.00014488513237522648,2.7834808823459647,0.00174590526913628,0.0011515406374979268,0.0,-0.0014247555402623815,0.004923313146532928,-0.0013182408363660273,-0.0012879379621860893,0.004446415088318074,-0.0010203813962896355,-0.0009953233495546914,0.004446415088318074,-0.0010203813962896355,-0.0009953233495546914,0.0,0.0,0.0,0.0,0.0,0.0,0.0,0.0,0.0,0.0015988531349875501,-0.0004095061584265643,5.1407652215987526e-08,-0.008856565546213809,-0.03440545562228007,-0.0012511941814179828,0.1219793506504027,-0.03094600852418955,-0.012645341394733528,7.110471014698035,-0.9074899272698199,-0.8827399180816511,-0.04006725685437977,0.0030799712681196137,0.003092417183207751
0.12000000000000009,-0.00041331341258508367,-0.0016058249808524805,0.20759890487167354,0.8806081920051674,0.3438269148298833,-0.32602556997348264,0.004426345605576497,0.3655215627064949,-0.031974791467674187,-0.031076735713093454,-0.0071562338848075785,-0.027800216511643456,-0.0010485529495865777,0.10541873977046805,-0.06571654563737758,-0.06382106187280016,8.013498184912786,-1.0813144376436061,-1.0526555138682545,1.0,12.73378126958525,-0.00010831772499908521,0.00014980279168484703,2.7833493574066765,0.002238997672953707,0.0015128093910821614,0.0,-0.0014244570805382062,0.005183233222518513,-0.0014785332799359535,-0.001445686790027944,0.00467803224604516,-0.0011656752093313423,-0.0011379713648055486,0.00467803224604516,-0.0011656752093313423,-0.0011379713648055486,0.0,0.0,0.0,0.0,0.0,0.0,0.0,0.0,0.0,0.0017801579660730335,-0.00045597475099502663,5.724225285469136e-08,-0.009782912229469025,-0.03800375735538373,-0.0014334965893198848,0.13470150776004924,-0.0341573744702695,-0.013916917055948122,8.118916924683253,-1.1470309832809837,-1.1164765757410546,-0.041071198833126106,0.003695443230789464,0.0037113459539692643
0.1300000000000001,-0.0004883680011837707,-0.0018973930695254213,0.207587690146756,0.8803070569795935,0.344424296298953,-0.3262112859930627,0.004193619158879681,0.4508671494340196,-0.04409168314225855,-0.04287633889136246,-0.007859096087690167,-0.030530554566564595,-0.0011971029192300432,0.11581463617857987,-0.07206879526569727,-0.07001760314742457,9.064216342673978,-1.3474292734638509,-1.3125377191059204,1.0,12.73156232125218,-0.00010824149931518146,0.0001552394679083181,2.7831989517381097,0.002826565790340088,0.0019495887727100831,0.0,-0.0014240743056817015,0.0054588210539716145,-0.00164703358457137,-0.0016117088521454392,0.004923313146532928,-0.0013182408363660273,-0.0012879379621860893,0.004923313146532928,-0.0013182408363660273,-0.0012879379621860893,0.0,0.0,0.0,0.0,0.0,0.0,0.0,0.0,0.0,0.0019696170857706765,-0.0005045495451635194,6.305323776833422e-08,-0.010743615800936444,-0.04173561145651036,-0.0016365838640698726,0.14789981097510324,-0.037486998500110676,-0.015158390802372988,9.180030978852558,-1.4194980687295482,-1.382555322253345,-0.04217697003446471,0.00437244087236024,0.004392399943647463
0.1400000000000001,-0.0005705874129041219,-0.0022167940196992177,0.20757490507873266,0.8799767197564645,0.3450786322586763,-0.32641414101904576,0.00393938928416173,0.5469940260164736,-0.059040272729261795,-0.05744243387614181,-0.0085896302601281,-0.03336846751875877,-0.0013630007982510341,0.12666922787901633,-0.07862344498507315,-0.07641782242875442,10.170266130954014,-1.6479236956721162,-1.6062254313681226,1.0,12.729033078765784,-0.00010815430538682613,0.0001612085101038232,2.7830274853062917,0.0035222776642797335,0.0024733576661375026,0.0,-0.0014235981046143795,0.005751162153378228,-0.0018242506861202482,-0.0017865244828620956,0.005183233222518513,-0.0014785332799359535,-0.001445686790027944,0.005183233222518513,-0.0014785332799359535,-0.001445686790027944,0.0,0.0,0.0,0.0,0.0,0.0,0.0,0.0,0.0,0.002167918991663722,-0.0005554088626376897,6.880579915958024e-08,-0.011742149350969748,-0.045614520048057064,-0.00186338833828864,0.16162248100773466,-0.040946843671364,-0.016369257887788896,10.29693535883303,-1.7265471406571893,-1.682643253796877,-0.043388950644449184,0.005112858454861647,0.005137545989306452
0.1500000000000001,-0.0006602614536949628,-0.002565154459794484,0.20756036440324577,0.8796158601930485,0.3457923279976385,-0.32663463667321957,0.0036631298326464208,0.6544718343959391,-0.07717296537655016,-0.07512174738972177,-0.009350469820190012,-0.036324194266332294,-0.0015486483427825035,0.13802488275063773,-0.08540111533575472,-0.08304270144609395,11.334948782781254,-1.9845364341340255,-1.9354701943727206,1.0,12.72615696185108,-0.0001080548159302086,0.0001677240933847562,2.7828324734039347,0.004341745348412375,0.0030972329520299554,0.0,-0.001423018019887316,0.0060614028180997325,-0.0020107232894190736,-0.001970685359777264,0.0054588210539716145,-0.00164703358457137,-0.0016117088521454392,0.0054588210539716145,-0.00164703358457137,-0.0016117088521454392,0.0,0.0,0.0,0.0,0.0,0.0,0.0,0.0,0.0,0.002375783516568849,-0.0006087392005787203,7.445435795725943e-08,-0.01278211224558026,-0.04965447732784412,-0.0021171933227973495,0.17591957466905658,-0.044549337761653006,-0.017549039165710642,11.472973665531892,-2.0699375494697803,-2.0185128958188145,-0.04471193660735317,0.005918790167193611,0.005948959171844664
0.16000000000000011,-0.0007577067614815358,-0.0029437053470483627,0.20754385744846943,0.879223027111752,0.34656800498807644,-0.32687332149285386,0.003364254934046987,0.7739043783468397,-0.09886009120164506,-0.09627907042598002,-0.01014434919275669,-0.039408367310659095,-0.0017567308786438007,0.14992564987203244,-0.09242326504018478,-0.08991411651122828,12.56179741658229,-2.3591147256658074,-2.3021343411660884,1.0,12.72289281568792,-0.00010794155992763232,0.00017480099719279572,2.7826110905918227,0.005302779283525682,0.0038361880609854874,0.0,-0.0014223224882953713,0.006390754150900598,-0.002207021825183993,-0.002164776604228644,0.005751162153378228,-0.0018242506861202482,-0.0017865244828620956,0.005751162153378228,-0.0018242506861202482,-0.0017865244828620956,0.0,0.0,0.0,0.0,0.0,0.0,0.0,0.0,0.0,0.002593964419591858,-0.0006647359027001709,7.994073017579704e-08,-0.01386724191389477,-0.05387001545642775,-0.002401669803762149,0.19084316545533195,-0.048307418351828446,-0.01869728026758056,12.711723066454324,-2.451537990705992,-2.392048457677317,-0.04615115566505017,0.006792538180758343,0.006829031337831686
0.17000000000000012,-0.0008632678597817507,-0.0033537860730939407,0.20752514511877673,0.8787966308272662,0.3474085088729018,-0.32713079209642454,0.0030421163222782914,0.9059320058262766,-0.1244910214742627,-0.121298398860682,-0.010974112540490343,-0.042632046749659334,-0.0019902546415842964,0.16241741642123841,-0.09971226617300738,-0.0970549198371095,13.854589870994051,-2.773620602730975,-2.7081976083465937,1.0,12.719193924754654,-0.00010781289338651634,0.00018245437160100355,2.7823601302397147,0.006425675894220574,0.0047072998317191335,0.0,-0.0014214985629315822,0.0067404962907522455,-0.0024137505070262557,-0.0023694189905229942,0.0060614028180997325,-0.0020107232894190736,-0.001970685359777264,0.0060614028180997325,-0.0020107232894190736,-0.001970685359777264,0.0,0.0,0.0,0.0,0.0,0.0,0.0,0.0,0.0,0.0028232520837754545,-0.0007236038580018876,8.519200832248442e-08,-0.015001425776406615,-0.05827625099905972,-0.002720927571026287,0.20644752981867284,-0.052234579431078974,-0.019813550674244847,14.01700728741529,-2.8733328689039825,-2.8052525281837033,-0.047712284939624434,0.007736621448901539,0.0077803804181877925
0.18000000000000013,-0.000977318299289349,-0.0037968489120564185,0.20750395647311945,0.8783349348615326,0.34831691810579957,-0.32740769438836764,0.0026960004373189767,1.051234123964824,-0.1544753497776227,-0.15058414244687945,-0.011842722627351882,-0.04600675479223715,-0.0022525901659210014,0.1755480703898844,-0.10729148206913873,-0.1044890238634444,15.217362403812741,-3.2301376031621483,-3.155764201822186,1.0,12.715007288401358,-0.00010766696502192974,0.00019069946038105688,2.7820759586302373,0.0077335426109334604,0.005730027301986892,0.0,-0.001420531578527114,0.007111982876057124,-0.0026315494993200826,-0.0025852712752133518,0.006390754150900598,-0.002207021825183993,-0.002164776604228644,0.006390754150900598,-0.002207021825183993,-0.002164776604228644,0.0,0.0,0.0,0.0,0.0,0.0,0.0,0.0,0.0,0.003064476334358092,-0.0007855582307452095,9.011812132197751e-08,-0.01618871335361097,-0.06288893207685202,-0.0030795745152184793,0.22278934029638828,-0.05634491982705844,-0.020897442669427398,15.392910474202626,-3.337429085231287,-3.2602532256856307,-0.049401470112990065,0.008753785275944819,0.00880586057089191
0.19000000000000014,-0.001100261888740556,-0.004274463816345413,0.2074799848432571,0.8778360467815146,0.34929655325182535,-0.32770472479009877,0.002325125296150453,1.210531855536406,-0.18924414245206955,-0.18456240681330774,-0.0127532698091788,-0.04954451077304359,-0.002547520939568729,0.18936766972222122,-0.1151853482573971,-0.11224148890747576,16.654424296158428,-3.7308779203762805,-3.6470703354272134,1.0,12.710272884607269,-0.00010750168287307349,0.0001995512623770445,2.7817544628941473,0.009252665065983053,0.006926526526512815,0.0,-0.0014194048381658984,0.007506645756197023,-0.0028610972034555037,-0.0028130326546387764,0.0067404962907522455,-0.0024137505070262557,-0.0023694189905229942,0.0067404962907522455,-0.0024137505070262557,-0.0023694189905229942,0.0,0.0,0.0,0.0,0.0,0.0,0.0,0.0,0.0,0.0033185093876534374,-0.0008508252242408766,9.460903161834111e-08,-0.01743332854721596,-0.06772448619748364,-0.003482783117398396,0.2399278662210242,-0.060653193648854825,-0.02194857016276803,16.843791965880648,-3.8460632686336775,-3.7593118243346892,-0.051225346264963015,0.00984701168527945,0.009908573178802659
0.20000000000000015,-0.001232534016232739,-0.004788323564752501,0.20745288343755758,0.8772979080869806,0.350350986955117,-0.32802263148237515,0.0019286371252428113,1.3845908461972134,-0.2292512628392824,-0.2236823533172873,-0.013708981128603706,-0.05325786657978458,-0.002879297745668226,0.20392861837448906,-0.12341945664834313,-0.12033861440129101,18.170373410243194,-4.278190017153614,-4.184492267402102,1.0,12.70492284347563,-0.00010731468089145157,0.0002090241152865958,2.781390992048638,0.011012921821811494,0.00832200604013934,0.0,-0.0014180993099849385,0.007925999965673497,-0.0031031126691545637,-0.003053445358138486,0.007111982876057124,-0.0026315494993200826,-0.0025852712752133518,0.007111982876057124,-0.0026315494993200826,-0.0025852712752133518,0.0,0.0,0.0,0.0,0.0,0.0,0.0,0.0,0.0,0.003586268939470191,-0.0009196428807385352,9.853152294456212e-08,-0.018739682062601674,-0.07280006864441611,-0.00393636472237316,0.2579251825961293,-0.0651748628964892,-0.02296656736867779,18.374302028617684,-4.401609473801957,-4.304830881803393,-0.05319106043665868,0.011019530618554844,0.011091878736440597
0.21000000000000016,-0.0013746030618703785,-0.0053402492663288705,0.20742226036983505,0.8767182830671878,0.3514840545786815,-0.32836221564147233,0.0015056067467592448,1.5742242322900792,-0.27497477408693854,-0.2684176418652139,-0.014713229478552883,-0.0571599423546538,-0.0032526994533014293,0.21928584975678317,-0.13202064318766535,-0.12880803396013854,19.770112753397054,-4.874566728100177,-4.770554861925151,1.0,12.698880506832243,-0.00010710328369284428,0.00021913118471467597,2.780980290325914,0.01304825267405925,0.009945128173569146,0.0,-0.0014165933113968084,0.008371648974890731,-0.0033583581373953313,-0.003307297384243451,0.007506645756197023,-0.0028610972034555037,-0.0028130326546387764,0.007506645756197023,-0.0028610972034555037,-0.0028130326546387764,0.0,0.0,0.0,0.0,0.0,0.0,0.0,0.0,0.0,0.0038687214017890438,-0.0009922619196518925,1.0172552635698362e-07,-0.020112383923351372,-0.07813361123427884,-0.004446852636870695,0.276846387682653,-0.06992615238158995,-0.023951087325805323,19.989398603153838,-5.006587371287843,-4.89936289588529,-0.05530629599085793,0.01227483200021694,0.012359409662011971
0.22000000000000017,-0.0015269719021895932,-0.005932196221875786,0.20738767304440217,0.87609474653627,0.35269986551886146,-0.3287243326486131,0.0010550257104589358,1.7802957795544068,-0.3269184255329859,-0.3192679620944799,-0.015769542784986525,-0.061264462278752076,-0.0036731011376591616,0.2354970180065216,-0.14101707917939235,-0.13767881451922545,21.45886810436499,-5.5226538774969285,-5.407940704625968,1.0,12.692059362319814,-0.00010686446804158978,0.00022988383851253968,2.780516421868399,0.015397187341167493,0.011828462091905126,0.0,-0.0014148621629905636,0.008845290231763758,-0.003627641721532241,-0.0035754253872076675,0.007925999965673497,-0.0031031126691545637,-0.003053445358138486,0.007925999965673497,-0.0031031126691545637,-0.003053445358138486,0.0,0.0,0.0,0.0,0.0,0.0,0.0,0.0,0.0,0.004166885296421002,-0.0010689466163523824,1.0399992574710174e-07,-0.02155625601007167,-0.08374387117983771,-0.005021595252667303,0.2967598298246462,-0.07492410710118252,-0.024901800240299546,21.69436512237151,-5.663670956676321,-5.545619519145194,-0.057579298845579614,0.013616678703789737,0.013715084073270116
0.23000000000000018,-0.001690179506241854,-0.006566260142669273,0.20734862181931063,0.8754246703472115,0.3540028151939738,-0.3291098932485716,0.0005758021631966184,2.0037232036576738,-0.3856132279631005,-0.37676065860817937,-0.016881613143614402,-0.06558579018650945,-0.004146550489502287,0.2526226975299806,-0.1504383664763745,-0.14698155976954205,23.242206761040215,-6.225259440711587,-6.099499802648578,1.0,12.684361840868732,-0.00010659482003314014,0.00024129088260371208,2.7799926857437995,0.018103442216351604,0.014008995172017251,0.0,-0.0014128777990708584,0.009348721008462416,-0.0039118202332408475,-0.0038587177212959017,0.008371648974890731,-0.0033583581373953313,-0.003307297384243451,0.008371648974890731,-0.0033583581373953313,-0.003307297384243451,0.0,0.0,0.0,0.0,0.0,0.0,0.0,0.0,0.0,0.004481834814373046,-0.0011499757237611473,1.0512777682375703e-07,-0.023076344533882964,-0.08965047971117884,-0.005668860504379954,0.3177373440271018,-0.08018665220417313,-0.025818391634291407,23.494829458570194,-6.3756978071879615,-6.24648136241812,-0.06001890566153456,0.015049120458326331,0.015163120568051816
0.24000000000000019,-0.0018648026224718866,-0.007244683723149634,0.20730454285972882,0.8747052085734015,0.35539759770263957,-0.32951986462932986,6.675644796760676e-05,2.2454816840719216,-0.4516191233239922,-0.44145245626780166,-0.01805330582612131,-0.07013896468257641,-0.004679853561356353,0.2707265912297983,-0.16031563672565077,-0.15674851811324794,25.126057471949736,-6.985363278816274,-6.848259901469567,1.0,12.675677964341991,-0.00010629048716379041,0.0002533576298452508,2.7794015200989897,0.021216593828621663,0.016528710173852067,0.0,-0.0014106083242874773,0.009883844567613846,-0.004211802159898059,-0.00415811765023662,0.008845290231763758,-0.003627641721532241,-0.0035754253872076675,0.008845290231763758,-0.003627641721532241,-0.0035754253872076675,0.0,0.0,0.0,0.0,0.0,0.0,0.0,0.0,0.0,0.0048147035495716695,-0.0012356434389455455,1.0484086573353615e-07,-0.024677932328640254,-0.09587399000553587,-0.006397953092467081,0.3398544987757787,-0.08573265568616871,-0.02670056027909333,25.396784063179535,-7.145678915541924,-7.005008419582815,-0.06263457406846845,0.016576508735454316,0.016708054052476964
0.25000000000000017,-0.0020514575545677377,-0.00796986356059472,0.2072548000824253,0.8739332812348635,0.3568892191423148,-0.3299552713899933,-0.0004733835753384319,2.5066075834577193,-0.525526754779052,-0.5139312918794396,-0.019288668048228808,-0.07493973334353028,-0.005280671002267695,0.2898757478091497,-0.17068165484216183,-0.16701369534468252,27.116731616999857,-7.8061274775367,-7.657437452332745,1.0,12.665883827951086,-0.00010594712456216127,0.00026608476790960476,2.77873439412454,0.024792838749866306,0.01943523660458234,0.0,-0.001408017506438975,0.010452676662123073,-0.004528550799900541,-0.004474626729149826,0.009348721008462416,-0.0039118202332408475,-0.0038587177212959017,0.009348721008462416,-0.0039118202332408475,-0.0038587177212959017,0.0,0.0,0.0,0.0,0.0,0.0,0.0,0.0,0.0,0.0051666884154105116,-0.001326260416874238,1.0282352464607338e-07,-0.026366550814128444,-0.10243592385264598,-0.0072193460453370785,0.36319085355548364,-0.09158199394200284,-0.02754801589053435,27.406607364809005,-7.976809132378862,-7.824451147677427,-0.06543641501947972,0.018203512659270355,0.018354752661819265
0.2600000000000002,-0.002250802023248635,-0.008744357410092718,0.20719867608021958,0.8731055564332394,0.3584830115723081,-0.33041719635880407,-0.00104598749489478,2.788202385389262,-0.6079593433115518,-0.594818258955991,-0.020591937363932472,-0.08000458547805901,-0.005957626052845584,0.3101407885056604,-0.18157092686490353,-0.1778129722431821,29.220945706210937,-8.69090732315067,-8.530449265830578,1.0,12.654839900027886,-0.00010555983466600805,0.0002794669855519999,2.7779816863393756,0.028895850909059863,0.022782585735695183,0.0,-0.0014050641949839363,0.011057352382396128,-0.004863087562211583,-0.004809308366048512,0.009883844567613846,-0.004211802159898059,-0.00415811765023662,0.009883844567613846,-0.004211802159898059,-0.00415811765023662,0.0,0.0,0.0,0.0,0.0,0.0,0.0,0.0,0.0,0.005539053752270711,-0.0014221548333976047,9.870561204675215e-08,-0.028147991444110697,-0.10935881633353069,-0.008144828358707324,0.38783022747736823,-0.09775562029622298,-0.028360476561600803,29.531086494716597,-8.872478250015574,-8.70826223807376,-0.068435227366178,0.01993513598304149,0.020108435820890426
0.2700000000000002,-0.0024635371094364703,-0.009570891757233087,0.20713536190188572,0.8722184307453897,0.3601846475979066,-0.33090678121691375,-0.0016525276043605072,3.0914368639576852,-0.6995746774142263,-0.6847696726014736,-0.021967549516580247,-0.08535078278851166,-0.00672042570639791,0.331596143557857,-0.19301981232397675,-0.18918422723745681,31.44584526839256,-9.643262949440588,-9.470924888828439,1.0,12.642389119920304,-0.00010512309959279098,0.0002934913087523096,2.7771325475257154,0.03359774864809099,0.02663197992589651,0.0,-0.0014017016534950005,0.011700133364113189,-0.005216495436081499,-0.005163291569664169,0.010452676662123073,-0.004528550799900541,-0.004474626729149826,0.010452676662123073,-0.004528550799900541,-0.004474626729149826,0.0,0.0,0.0,0.0,0.0,0.0,0.0,0.0,0.0,0.005933135633681808,-0.001523673499390131,9.205455482585161e-08,-0.03002831640694737,-0.11666625761133687,-0.009187670633788657,0.4138609793647049,-0.10427563661923439,-0.02913766590515711,31.777441411950416,-9.836282761764565,-9.660109116065895,-0.07164253475089703,0.021776735178123972,0.021974693492374325
0.2800000000000002,-0.0026904092723673855,-0.010452369683601926,0.2070639455482131,0.8712680077100059,0.3620001555428795,-0.3314252268764871,-0.002294584458554637,3.4175554995251454,-0.8010672227524572,-0.784479261943772,-0.023420145537030233,-0.09099638711969789,-0.007579996588733369,0.3543202986415251,-0.2050666412138451,-0.2011674642669728,33.79903020489332,-10.66697169126605,-10.482719743569904,1.0,12.628354773141199,-0.00010463070540242536,0.0003081350888807388,2.7761747464462267,0.038980185393849426,0.031052788242801607,0.0,-0.001397876792460776,0.012383415368743347,-0.005589922636382652,-0.0055377748898313706,0.011057352382396128,-0.004863087562211583,-0.004809308366048512,0.011057352382396128,-0.004863087562211583,-0.004809308366048512,0.0,0.0,0.0,0.0,0.0,0.0,0.0,0.0,0.0,0.00635034637811354,-0.0016311830278095312,8.236633741141909e-08,-0.03201386829108816,-0.12438293071765774,-0.010362810836540389,0.4413762995673288,-0.11116536812010377,-0.029879309876981563,34.153350503534845,-10.872038332479896,-10.683887207836877,-0.07507062491494869,0.023734038681668006,0.023959506662823253
0.2900000000000002,-0.0029322124338673596,-0.011391878991114376,0.2069833990286183,0.8702500742247744,0.36393593516627587,-0.33197379355357565,-0.0029738527318300292,3.767881155669127,-0.9131703590510416,-0.8946804979385363,-0.0249545778306794,-0.09696028429265947,-0.00854863726784079,0.3783960514295454,-0.2177518356259088,-0.2138049459219331,36.28858168665471,-11.766041181734487,-11.569929069394282,1.0,12.612538121304217,-0.00010407565738315694,0.00032336357394515,2.7750944962566146,0.04513557954705995,0.03612358188123648,0.0,-0.0013935292865394663,0.013109736247648107,-0.005984586429304837,-0.005934030555946462,0.011700133364113189,-0.005216495436081499,-0.005163291569664169,0.011700133364113189,-0.005216495436081499,-0.005163291569664169,0.0,0.0,0.0,0.0,0.0,0.0,0.0,0.0,0.0,0.006792179272468723,-0.0017450710551819599,6.905531049072324e-08,-0.03411127836133253,-0.13253464395984177,-0.011687062517076251,0.4704745136735868,-0.11844944138529839,-0.03058513324668441,36.666977738084256,-11.983793017360396,-11.783734015316215,-0.07873259152395361,0.025813167350480996,0.02606926911689583
0.3000000000000002,-0.0031897901171524757,-0.012392700540101874,0.2068925638047525,0.8691600746534041,0.36599877386574914,-0.3325538004668843,-0.003692147381811077,4.143820033153628,-1.036658751831052,-1.0161490647789009,-0.026575914937203637,-0.10326220279605197,-0.009640188873976541,0.4039107783228714,-0.2311180360404259,-0.22714133188809976,38.92309067574771,-12.944723231280404,-12.736902709010636,1.0,12.59471576308311,-0.00010345008543388712,0.00033912698086171556,2.7738762592861903,0.05216850112075385,0.04193332456490284,0.0,-0.0013885905576034004,0.013881784298802807,-0.006401777142224781,-0.00635340881804758,0.012383415368743347,-0.005589922636382652,-0.0055377748898313706,0.012383415368743347,-0.005589922636382652,-0.0055377748898313706,0.0,0.0,0.0,0.0,0.0,0.0,0.0,0.0,0.0,0.007260213512135759,-0.001865747518700777,5.144267752201445e-08,-0.03632747301232135,-0.14114835626628303,-0.013179348059705576,0.5012593981608046,-0.1261538657048553,-0.03125485568132853,39.32700145407058,-13.17584126732083,-12.964044040898736,-0.08264237861238902,0.02802065616871393,0.0283108105507723
0.3100000000000002,-0.0034640376250171506,-0.013458316742494267,0.2067901344278577,0.867993082422085,0.3681958632932132,-0.33316662508289613,-0.004451410118835382,4.546866917589509,-1.1723508670125913,-1.1497054835722236,-0.028289444577650615,-0.10992272583899537,-0.010870226089253412,0.4309567112677751,-0.24521023221167326,-0.24122382265349726,41.71168815530022,-14.207528528180934,-13.988260782667162,1.0,12.574636701201463,-0.00010274513854630074,0.0003553569711797794,2.7725025275948973,0.060197234822907876,0.048582715012469614,0.0,-0.0013829826016135494,0.014702407022775171,-0.006842862360351167,-0.00679734249379485,0.013109736247648107,-0.005984586429304837,-0.005934030555946462,0.013109736247648107,-0.005984586429304837,-0.005934030555946462,0.0,0.0,0.0,0.0,0.0,0.0,0.0,0.0,0.0,0.007756119360892144,-0.0019936459897112284,2.8743501848074744e-08,-0.03866967787087488,-0.15025219341828863,-0.014860959778098615,0.5338405078655157,-0.1343061176923649,-0.03188818740377079,42.142644866568,-14.452738760392608,-14.229484605320659,-0.08681482774944024,0.03036347725676311,0.03069142107539874
0.32000000000000023,-0.0037559042380196257,-0.014592420134920013,0.20667464015510964,0.8667437688637476,0.3705348162889914,-0.3338137018156473,-0.005253716178465352,4.978610738297759,-1.3211116367999634,-1.2962178973847374,-0.030100674521047276,-0.11696329494887346,-0.012256270751459688,0.4596312244100237,-0.2600758984984755,-0.2561023083482214,44.66407715414656,-15.559242201093543,-15.328910294785134,1.0,12.552019089829725,-0.00010195086734496317,0.00037196241442116333,2.7709535764267987,0.06935554169328428,0.05618570067228593,0.0,-0.0013766166334835657,0.015574620281516295,-0.007309291311192017,-0.007267351722998028,0.013881784298802807,-0.006401777142224781,-0.00635340881804758,0.013881784298802807,-0.006401777142224781,-0.00635340881804758,0.0,0.0,0.0,0.0,0.0,0.0,0.0,0.0,0.0,0.008281663531956428,-0.0021292250638267956,5.206026168008793e-11,-0.04114541890574617,-0.15987545267801107,-0.016755851923699827,0.5683335149566924,-0.14293522916126478,-0.03248482438496733,45.123708378556586,-15.819318099592019,-15.585012603133356,-0.09126572802669837,0.032849064227743224,0.03321887715912553
0.33000000000000024,-0.004066395408119186,-0.015798921936531794,0.20654442430679426,0.8654063690457564,0.37302368401722086,-0.33449652007554886,-0.006101281390680409,5.4407404567632,-1.4838552856760532,-1.4566050272059419,-0.032015330704565116,-0.1244062029164209,-0.013818030506028967,0.49003713013407557,-0.2757651333918597,-0.2718295224829248,47.79056665453739,-17.004940285047354,-16.76406271863574,1.0,12.52654663642319,-0.00010105609359253864,0.0003888243017095191,2.7692071873664004,0.07979464410035034,0.06487118430755374,0.0,-0.001369391519520379,0.01650161785960634,-0.007802599435929243,-0.007765048929272266,0.014702407022775171,-0.006842862360351167,-0.00679734249379485,0.014702407022775171,-0.006842862360351167,-0.00679734249379485,0.0,0.0,0.0,0.0,0.0,0.0,0.0,0.0,0.0,0.008838714788978868,-0.0022729698072617515,-3.567464968065154e-08,-0.043762519768878315,-0.17004859279955645,-0.018890966933975076,0.6048605588515626,-0.15207187816551726,-0.033044443026825215,48.28060378467147,-17.280705418439215,-17.035892241118663,-0.09601186896491225,0.03548533793594711,0.03590146905724525
0.34000000000000025,-0.004396574916994106,-0.017081960472189975,0.2063976211008805,0.8639746442924988,0.3756709731574906,-0.33521662154583537,-0.0069964695346691605,5.935051303957297,-1.6615483257501291,-1.631839308844213,-0.034039351924793765,-0.1322745734379045,-0.015577665128430849,0.5222829837873751,-0.292330802869081,-0.28846120022223887,51.10210747271186,-18.550007132888556,-18.29925260535821,1.0,12.497864632682512,-0.00010004826554993462,0.00040578964722424847,2.767238337665175,0.091685461908671,0.07478494767398117,0.0,-0.0013611919617040021,0.01748678142268676,-0.00832441314433584,-0.008292143985813655,0.015574620281516295,-0.007309291311192017,-0.007267351722998028,0.015574620281516295,-0.007309291311192017,-0.007267351722998028,0.0,0.0,0.0,0.0,0.0,0.0,0.0,0.0,0.0,0.009429249762640524,-0.002425393258143211,-7.963546128050294e-08,-0.04652909443259896,-0.18080320579017858,-0.021296599504321643,0.6435506062155688,-0.16174848304578338,-0.033566694289738686,51.624390456499235,-18.842337935757637,-18.58771380558045,-0.10107109643142508,0.03828073365865478,0.038748029772666934
0.35000000000000026,-0.004747566960774226,-0.018445909312529186,0.20623212967441631,0.8624418410887935,0.3784856629747914,-0.33597559654722275,-0.007941799962330917,6.463451386711211,-1.8552127311246656,-1.8229502212301572,-0.03617888027967754,-0.14059232426811766,-0.017560083319674638,0.5564833960880546,-0.3098286870546169,-0.3060562406720792,54.61033020289331,-20.20015381439523,-19.94035726396579,1.0,12.465575590922269,-9.891329808792149e-05,0.0004226641857169551,2.7650188518418495,0.10522113097026753,0.08609181950508388,0.0,-0.0013518863919020777,0.01853369086171581,-0.008876454746842084,-0.008850449579076557,0.01650161785960634,-0.007802599435929243,-0.007765048929272266,0.01650161785960634,-0.007802599435929243,-0.007765048929272266,0.0,0.0,0.0,0.0,0.0,0.0,0.0,0.0,0.0,0.010055358974680883,-0.0025870379805536985,-1.332058838668784e-07,-0.049453533998060246,-0.1921719660537691,-0.024006802313818458,0.6845398198256486,-0.17199929924034535,-0.034051197216923235,55.16681359898136,-20.509982501449844,-20.246413504637868,-0.10646237165163532,0.04124422974823725,0.04176796558723914
0.36000000000000026,-0.005120558113924724,-0.019895384947490304,0.2060455849723125,0.8608006460233087,0.3814772220510072,-0.3367750793309349,-0.008939955466452336,7.0279686842259865,-2.065929301368182,-2.0310278170705227,-0.03844024637758685,-0.14938411006433588,-0.019793272941260383,0.5927593518490405,-0.3283176294892405,-0.3246768724693577,58.32758531513906,-21.961437545044685,-21.693617558863224,1.0,12.429234465166589,-9.763539649229602e-05,0.0004392036404201691,2.7625170112730997,0.12061983880637417,0.09897811833922865,0.0,-0.00134132452704304,0.01964613500418025,-0.009460547553641195,-0.009441886760187361,0.01748678142268676,-0.00832441314433584,-0.008292143985813655,0.01748678142268676,-0.00832441314433584,-0.008292143985813655,0.0,0.0,0.0,0.0,0.0,0.0,0.0,0.0,0.0,0.010719253056459526,-0.002758477667817304,-1.9796149972329135e-07,-0.05254448632673828,-0.20418855168058894,-0.0270598374583108,0.7279719346376511,-0.1828605185205526,-0.0344975318062172,58.9203446669881,-22.289755174533926,-22.01829443133258,-0.11220583338621903,0.04438537778543583,0.044971288196736514
0.3700000000000003,-0.005516799114247417,-0.021435253768069047,0.20583532515371103,0.8590431364035358,0.3846556244154205,-0.3376167421171258,-0.00999379036079604,7.630758456705808,-2.2948412245974668,-2.2572264672576616,-0.040829948137773686,-0.15867524035456873,-0.022308667790489515,0.6312385332115648,-0.34785968809262796,-0.3443888217332681,62.26698549622472,-23.840282185626332,-23.565659870687107,1.0,12.388343441358726,-9.619686301562402e-05,0.00045510329680280965,2.7596971170842166,0.1381280164608977,0.11365440442235225,0.0,-0.0013293345282950118,0.020828122664229256,-0.010078621126201021,-0.010068490669110208,0.01853369086171581,-0.008876454746842084,-0.008850449579076557,0.01853369086171581,-0.008876454746842084,-0.008850449579076557,0.0,0.0,0.0,0.0,0.0,0.0,0.0,0.0,0.0,0.011423269143423061,-0.0029403187900378285,-2.7570419628802174e-07,-0.055810826883380085,-0.2168875316237627,-0.030498677827789297,0.7739986388710189,-0.19437037019034575,-0.034905231179475166,62.898224029436285,-24.188141873718962,-23.910048692420375,-0.11832286333026364,0.04771433425667148,0.04836864847389228
0.3800000000000003,-0.0059376063981089995,-0.023070638081094396,0.2055983551346348,0.8571607261456785,0.3880313647579526,-0.33850228766957363,-0.011106338728729633,8.274111088980113,-2.5431578510776855,-2.502768830891091,-0.04335462178056253,-0.16849156718576042,-0.02514155410608965,0.672055645053774,-0.3685202866471048,-0.3652614811624175,66.44245032010626,-25.843499852413203,-25.56351926483678,1.0,12.342346288571731,-9.457788541247791e-05,0.0004699855736441353,2.756519001227109,0.15802393005591944,0.13035857903830647,0.0,-0.0013157196984771497,0.02208389399257339,-0.01073271666107327,-0.010732416410737286,0.01964613500418025,-0.009460547553641195,-0.009441886760187361,0.01964613500418025,-0.009460547553641195,-0.009441886760187361,0.0,0.0,0.0,0.0,0.0,0.0,0.0,0.0,0.0,0.01216987741991778,-0.0031332022790803208,-3.68491544670117e-07,-0.05926161886923024,-0.23030421130034273,-0.03437156278610124,0.8227799572918242,-0.20656922364488595,-0.035273773000372544,67.11450596516003,-26.212020139060307,-25.928780745999198,-0.1248361547700682,0.05124189376781731,0.051971371872672124
0.3900000000000003,-0.006384365750411727,-0.0248069303848003,0.20533130435283045,0.8551440917868168,0.3916155291775692,-0.3394334152966452,-0.012280723477307291,8.960363422885152,-2.8121588000979956,-2.7689501748743717,-0.04602218070216766,-0.17886392126645906,-0.028332246493786403,0.7154366883520298,-0.3903149442794784,-0.38731451399636185,70.822312466951,-27.978367096322604,-27.694717474458823,1.0,12.290219448381857,-9.275615519521718e-05,0.0004837541825423316,2.752937459983896,0.18047392935317322,0.14921156546874148,0.0,-0.0013002573431259714,0.023419457180281586,-0.011424022963785144,-0.011434971022719115,0.020828122664229256,-0.010078621126201021,-0.010068490669110208,0.02,-0.010078621126201021,-0.010068490669110208,1.0,0.0,0.0,0.0,0.0,0.0,0.0,0.0,0.0,0.012960297530255054,-0.003337448703511068,-4.788704752203718e-07,-0.06290767361639707,-0.24448071888995418,-0.03873361005605061,0.8745045725220647,-0.2195219828734286,-0.03549359369753746,71.53774915530303,-28.36868204060208,-28.082031988455185,-0.13176995987431314,0.05497942458443167,0.055791372134807525
0.4000000000000003,-0.0068585671611005004,-0.026649928043110598,0.20503035912646303,0.8529829066853954,0.3954205750892063,-0.3404114741987677,-0.013518799224607745,9.690579145194757,-3.1031997185376547,-3.0571443750937233,-0.048844646412613074,-0.18983881676255543,-0.03192871441854726,0.76189327787225,-0.41308377260528084,-0.41038923568842134,75.22030032187524,-30.252774493588856,-29.967417391690077,1.0,12.231343800148293,-9.070493915425137e-05,0.0004964085142346058,2.748901345838697,0.20512021855557352,0.16980416590647499,0.0,-0.0012826929863170363,0.024846283112296735,-0.01215051198819734,-0.01217416469729472,0.02208389399257339,-0.01073271666107327,-0.010732416410737286,0.02,-0.01073271666107327,-0.010732416410737286,1.0,0.0,0.0,0.0,0.0,0.0,0.0,0.0,0.0,0.01379120496069377,-0.0035521920626301814,-6.071181982716767e-07,-0.06676539954860858,-0.25948062887122897,-0.04365041040943021,0.9294315646079985,-0.23337623695183607,-0.03509121773585075,75.98219359974749,-30.665858266194135,-30.377806627378497,-0.13915255138245294,0.05893755101627854,0.059839480686289206
0.4100000000000003,-0.007361801275461548,-0.028605815217437054,0.20469120806762886,0.850665793224508,0.3994601979751437,-0.3414375287746808,-0.014821349993008794,10.464758410235024,-3.417716479478567,-3.3688084146303456,-0.051829946395651416,-0.20144648960526007,-0.03598246995175161,0.8116488950860383,-0.4368626036034227,-0.43451712566342626,79.61498914910591,-32.674857455625464,-32.390058322342234,1.0,12.165054091015788,-8.839408773661517e-05,0.0005064656627844837,2.74435283629608,0.23206824318403382,0.19218369022863338,0.0,-0.0012627136103860045,0.02637095294772169,-0.012913641950270265,-0.012951362520870086,0.023419457180281586,-0.011424022963785144,-0.011434971022719115,0.02,-0.011424022963785144,-0.011434971022719115,1.0,0.0,0.0,0.0,0.0,0.0,0.0,0.0,0.0,0.01466434265334562,-0.003777841328813484,-7.486107936997395e-07,-0.07084558743729122,-0.27534517151743537,-0.04919237898550077,0.987756448517134,-0.24821475650492603,-0.03397983052297218,80.42663804419195,-33.11172005922889,-32.82457544800566,-0.14701591045216247,0.0631264385676082,0.06412567823660517
0.4200000000000003,-0.00789609557323536,-0.03068246083132013,0.20430873413037207,0.8481781402119204,0.4037569797885929,-0.3425091685068393,-0.016174462197969912,11.2686193065255,-3.757242663351893,-3.7055002336799676,-0.05507662235791056,-0.21406595865507397,-0.04061800937195998,0.8713135771378876,-0.45761917426756826,-0.45562781941369107,80.44421335594295,-35.256715547495645,-34.975099134200974,1.0,12.078165232429486,-8.576685765854242e-05,0.0005328153529266422,2.739223290010807,0.24835062712198042,0.20331393949786966,0.0,-0.0012401353751415516,0.028117218074299025,-0.01364056031805716,-0.01369265547716459,0.024846283112296735,-0.01215051198819734,-0.01217416469729472,0.0,-0.01215051198819734,-0.01217416469729472,1.0,0.0,0.0,1.0,0.0,0.0,1.0,0.0,0.0,0.01547534853368751,-0.003987311493688414,-8.663068641909562e-07,-0.0752829304447484,-0.29259365905471435,-0.055530042923958155,1.0511172006101,-0.26605500208345245,-0.023806188980698972,81.31552693308083,-35.714334721763215,-35.430726953614666,-0.1554196710727131,0.06754268976551164,0.0686419340964769
0.4300000000000003,-0.00846395877961118,-0.03288952224368832,0.20387685103036124,0.8455018658130815,0.4083424466203856,-0.3436205662781063,-0.017548436551072116,12.072740060590206,-4.123407681262922,-4.068877741076433,-0.05852655872180599,-0.22746324283409858,-0.04586411430019042,0.9362183722116804,-0.4785426323265891,-0.47678013559516935,80.37930856086916,-38.00307032524006,-37.727708756343745,1.0,11.991809558234193,-8.276065033605007e-05,0.0005373226040897043,2.7334310672293736,0.26326768709672416,0.21241272357056104,0.0,-0.001214094362873748,0.030008102697570187,-0.014387279432706481,-0.014450864316334588,0.02637095294772169,-0.012913641950270265,-0.012951362520870086,0.0,-0.012913641950270265,-0.012951362520870086,1.0,0.0,0.0,1.0,0.0,0.0,1.0,0.0,0.0,0.016306374331566943,-0.004201153870340967,-8.474173593737351e-07,-0.07999722804601839,-0.31090387302239875,-0.0627022836732971,1.1185190092665658,-0.28570177987706996,-0.010812400441470665,81.31552693308085,-38.48161295756665,-38.204488891938915,-0.16445214997199928,0.07216890063534849,0.07336027344526926
0.44000000000000034,-0.009067247729093295,-0.03523410402218076,0.20338922022710698,0.8426218953606126,0.41323226170486316,-0.3447732684469133,-0.018942880182355723,12.87619241183128,-4.5178761608111015,-4.460638122392005,-0.06216290621119022,-0.24157444313695492,-0.051780698939868225,1.0050299726702456,-0.5008209899851831,-0.4990860410215596,80.31049696041059,-40.91609775334327,-40.65039709109304,1.0,11.89467187640302,-7.935671393483057e-05,0.0005321355493980151,2.7268911748757367,0.28024326532655547,0.2228184123566577,0.0,-0.0011841106690434744,0.03202274953007594,-0.015176216020230258,-0.015246731862170813,0.028117218074299025,-0.01364056031805716,-0.01369265547716459,0.0,-0.01364056031805716,-0.01369265547716459,1.0,0.0,0.0,1.0,0.0,0.0,1.0,0.0,0.0,0.017187598958189748,-0.004427186237119893,-6.841980758393592e-07,-0.08496590339232304,-0.33018916989325064,-0.07079104039176119,1.1898891215324756,-0.3068373421278606,0.002917233697443261,81.31552693308083,-41.41691874332846,-41.1494831321146,-0.17415262527514394,0.07701797750621202,0.07828978904728427
0.45000000000000034,-0.009707860999689512,-0.037723477567607834,0.2028387281515299,0.8395217938898341,0.4184422806385418,-0.34596927755209284,-0.020358643080816512,13.678936257565713,-4.942271941538186,-4.882439039013261,-0.06599249540090386,-0.2564256438013081,-0.05845103930539301,1.0779579217161241,-0.5246166262154699,-0.522648034232904,80.23756901136471,-43.98919707654068,-43.73639657431997,1.0,11.785520202432846,-7.551841573189e-05,0.0005192076732786745,2.71950821737145,0.2994809895267641,0.23463876181024332,0.0,-0.0011497081553851999,0.03416812858435475,-0.016011535398473106,-0.016083002846224558,0.030008102697570187,-0.014387279432706481,-0.014450864316334588,0.0,-0.014387279432706481,-0.014450864316334588,1.0,0.0,0.0,1.0,0.0,0.0,1.0,0.0,0.0,0.018121715390086047,-0.004666053727275641,-3.4886523962167037e-07,-0.09019833708777096,-0.3504852973688353,-0.07991021531069711,1.2654848724523564,-0.32958221927868203,0.017333537127270593,81.31552693308083,-44.513813702756146,-44.25904460855287,-0.18456107491830642,0.08210545158243311,0.08344172787540359
0.46000000000000035,-0.010387761759832588,-0.040365158457139734,0.2022173811429006,0.8361835922353033,0.4239889275152019,-0.3472107290662405,-0.021796766784579386,14.480929233667322,-5.398231262597163,-5.335945722675772,-0.07002133591028036,-0.2720393827666714,-0.06596808986374866,1.1552454339919906,-0.5500533398593526,-0.5475245165542973,80.16028149908887,-47.23027015504326,-46.992869369458944,1.0,11.662938123573777,-7.119845333178332e-05,0.00049730776796189,2.711174992771348,0.3212565486891529,0.24804164909674467,0.0,-0.0011102771493529363,0.03645199386226049,-0.016896828696704703,-0.016961689219318406,0.03202274953007594,-0.015176216020230258,-0.015246731862170813,0.0,-0.015176216020230258,-0.015246731862170813,1.0,0.0,0.0,1.0,0.0,0.0,1.0,0.0,0.0,0.019111860246017586,-0.004918498706113432,1.9381770848765529e-07,-0.09570269340125855,-0.3718229511895496,-0.0901869028412191,1.345553405524785,-0.3540717691940001,0.032449974087301575,81.31552693308086,-47.78032349490261,-47.54039388601324,-0.19571970063005825,0.08744835724045445,0.0888280990167632
0.47000000000000036,-0.011108968814115178,-0.04316686963009826,0.20151620234244028,0.83258766160297,0.4298891779032224,-0.348499829825923,-0.023258312051638044,15.282126473856525,-5.887481277179376,-5.822905250670829,-0.07425450830242404,-0.2884344649880794,-0.07443570084026743,1.2371485924071695,-0.5772602007020327,-0.573769023296617,80.0783783406737,-50.648950209278055,-50.42838615040387,1.0,11.5253720461171,-6.634203525518467e-05,0.0004648045056838216,2.7017711124961536,0.3458825675839593,0.2632185754698547,0.0,-0.0010650828939691747,0.038882527434780385,-0.01783589325160203,-0.017884756166977676,0.03416812858435475,-0.016011535398473106,-0.016083002846224558,0.0,-0.016011535398473106,-0.016083002846224558,1.0,0.0,0.0,1.0,0.0,0.0,1.0,0.0,0.0,0.0201613397408492,-0.005185301426887571,9.853310900292663e-07,-0.10148584512879527,-0.39422767970322925,-0.10176307686804048,1.430350091217382,-0.3804527430583564,0.04828248086148154,81.31552693308086,-51.22621040998009,-51.00215517370049,-0.20767315964314167,0.09306512048706801,0.09446142184548213
0.48000000000000037,-0.011873545920247948,-0.0461364988952076,0.20072511790505868,0.8287125605840003,0.43616051054474736,-0.3498388465087646,-0.02474434167786606,16.082480492075568,-6.4118498691108545,-6.345153255227549,-0.07869586821141351,-0.3056248489050071,-0.0839695851680323,1.3239352381540086,-0.6063756026358587,-0.6014323022832503,79.99159169492685,-54.255725216498,-54.05205740409295,1.0,11.38732407387394,-6.08879109847138e-05,0.0004202634823229268,2.691161476446906,0.37370963311121447,0.28038416700449803,0.0,-0.0010132648218410002,0.04146832798547845,-0.01883281373650688,-0.018854157589912112,0.03645199386226049,-0.016896828696704703,-0.016961689219318406,0.02,-0.016896828696704703,-0.016961689219318406,1.0,0.0,0.0,0.0,0.0,0.0,0.0,0.0,0.0,0.0212736155057092,-0.005467278276971995,2.073880404724581e-06,-0.10755297717454405,-0.4177183736481286,-0.11479691998623985,1.5201400328707257,-0.40888408049251757,0.06484434987889204,81.31552693308086,-54.86210081913386,-54.6534897063762,-0.22046867123382863,0.0989756611132678,0.10035470186017009
0.4900000000000004,-0.012683386234628754,-0.04928126890409529,0.19983305569574433,0.8245363046827606,0.442816397574693,-0.3512316994732813,-0.026264302468923265,16.889955484437888,-6.973264565262268,-6.904609369392775,-0.0833249069182143,-0.32353188790410864,-0.09467229236848002,1.4142927832582919,-0.638567535362106,-0.6316118266166649,80.79012303871147,-58.06086526649822,-57.87238614338325,1.0,11.19884418750046,-5.47859343203172e-05,0.00036131134562560367,2.67919760771389,0.40834406208508484,0.30299529034986133,0.0,-0.0009538503727960025,0.04418861057599978,-0.01991092764019644,-0.019891605578140882,0.038882527434780385,-0.01783589325160203,-0.017884756166977676,0.0,-0.01783589325160203,-0.017884756166977676,1.0,0.0,0.0,1.0,0.0,0.0,1.0,0.0,0.0,0.022479153178506014,-0.005772309844460823,3.483698184938335e-06,-0.11387612804647025,-0.44218719628068415,-0.12942853823897466,1.6148989550504003,-0.4388735612374539,0.08010889926116935,82.20441582196976,-58.699432801860326,-58.503997969999915,-0.23414175596688153,0.10520890004598168,0.10653240873801144
0.5000000000000003,-0.01354077126000194,-0.052609903770398106,0.19882719994623968,0.8200320682312667,0.44987919289120054,-0.3526792051838967,-0.0278118159559387,17.69737432305245,-7.573787572964079,-7.503308287669194,-0.08818717071584617,-0.3423284832455456,-0.10673482959548523,1.511699468510444,-0.671932215608732,-0.6622792289001982,80.69271635345932,-62.07858097344982,-61.90143702535719,1.0,11.005668881116277,-4.7937233426470494e-05,0.00029707266928003363,2.6657076206298966,0.4437933956865006,0.32488650300468264,0.0,-0.000885740549792937,0.04711122813255954,-0.02103729059686492,-0.020960940716710112,0.04146832798547845,-0.01883281373650688,-0.018854157589912112,0.0,-0.01883281373650688,-0.018854157589912112,1.0,0.0,0.0,1.0,0.0,0.0,1.0,0.0,0.0,0.023728040076419845,-0.006087332257407747,5.314379598576233e-06,-0.12051716425797757,-0.4678705244161736,-0.14591922896934903,1.7155213128081597,-0.471903496779896,0.09816148699020488,82.20441582196976,-62.75051318905855,-62.563716254257386,-0.24875797124214438,0.11178138394884683,0.11299893245633182
0.5100000000000003,-0.014447824725291603,-0.05613048096911674,0.19769338389580385,0.815171811654188,0.45736788303620846,-0.354183494280569,-0.029386892156394222,18.503790575566217,-8.21561321776874,-8.14339327107144,-0.09325791879827282,-0.3619175733902868,-0.12029196549278309,1.614863861721077,-0.7076691694072766,-0.6944843788048354,80.58955196024868,-66.32423702239905,-66.15200825408273,1.0,10.789885697048327,-4.02664896440863e-05,0.00024356695970458023,2.6505015321752694,0.4837864862834195,0.34959526957947207,0.0,-0.0008075314247076456,0.05021749579390673,-0.022235428966219183,-0.022082102727932488,0.04418861057599978,-0.01991092764019644,-0.019891605578140882,0.0,-0.01991092764019644,-0.019891605578140882,1.0,0.0,0.0,1.0,0.0,0.0,1.0,0.0,0.0,0.025051058335273633,-0.006420183858639502,7.640447133729142e-06,-0.1274421899225403,-0.49463509149668966,-0.16445305886513367,1.8219794260379998,-0.5075415968393651,0.11697006539373878,82.20441582196976,-67.03190619180633,-66.84649263288756,-0.2643743285365918,0.11871729896110256,0.11976729886806815
0.5200000000000004,-0.015406614316894225,-0.059850844320454434,0.19641580011212612,0.8099250454956377,0.465301032175695,-0.3557470102386967,-0.03099088319731476,19.309145603418564,-8.900852252850065,-8.82692402327965,-0.09853424118473308,-0.3822841759602683,-0.13551996690586962,1.7239138356485106,-0.7462087675289482,-0.7284971053789315,80.48050198632126,-70.72618309717501,-70.55762244209265,1.0,10.548181786733894,-3.169061700888931e-05,0.00025758907188627234,2.633367357766799,0.5283595249284101,0.3769443319814013,0.0,-0.0007177583643770329,0.053514353781011686,-0.023515300554548008,-0.02326117384310103,0.04711122813255954,-0.02103729059686492,-0.020960940716710112,0.0,-0.02,-0.02,1.0,1.0,1.0,1.0,0.0,0.0,1.0,0.0,0.0,0.02644991681321381,-0.006771042176787248,1.0605242064398819e-05,-0.1346471406772616,-0.5224601377135334,-0.18527099503924993,1.9346497227584507,-0.545899882068538,0.1361552019245377,82.20441582196977,-71.47239186470395,-71.28611954747159,-0.2810488092417312,0.12604428423783676,0.12685282432850326
0.5300000000000004,-0.016419178594498925,-0.0637786884756881,0.19497676520759316,0.8042584417163475,0.4736964586661304,-0.35737290420639656,-0.032628688515538136,20.113381240710392,-9.630129183110384,-9.554542740016327,-0.10401097780352962,-0.40340657245724165,-0.1526159850430174,1.838782022201681,-0.7882356356748736,-0.7648389838713288,80.36563379976808,-75.12860067347353,-74.96572500804467,1.0,10.278809529956067,-2.2115937084010717e-05,0.000379388203632475,2.6140679549610546,0.5768998794578818,0.4060822409874984,0.0,-0.0006147467837852329,0.05700518019374769,-0.024891915254144664,-0.024509234438884087,0.05021749579390673,-0.022235428966219183,-0.022082102727932488,0.0,-0.02,-0.02,1.0,1.0,1.0,1.0,0.0,0.0,1.0,0.0,0.0,0.027923768607554758,-0.007139569760992679,1.4324792766267695e-05,-0.14212488325515255,-0.5513155122814447,-0.20864253454204995,2.0539937495355565,-0.5869517740912658,0.15495388194289955,82.20441582196976,-75.91683630914841,-75.730563991916,-0.2988387974264679,0.1337959226499617,0.13427665911500214
0.5400000000000004,-0.017487456976927548,-0.06792131768168405,0.19335655806695842,0.7981356763867701,0.4825714291478846,-0.35906446451675983,-0.034306969701402804,20.916437930727785,-10.403411815100203,-10.326230478346996,-0.10967430721252287,-0.425230249914873,-0.17179120603888262,1.9597530125857718,-0.8339973519469052,-0.8035931668003663,80.244662809384,-79.52728340164595,-79.37141526956007,1.0,9.97931823987382,-1.1444251288628138e-05,0.0005898250838858265,2.5923388585440548,0.629646544878665,0.4369816442649068,0.0,-0.0004966147361749899,0.06069978756532214,-0.026372733972030417,-0.025829732677281024,0.053514353781011686,-0.023515300554548008,-0.02326117384310103,0.0,-0.02,-0.02,1.0,1.0,1.0,1.0,0.0,0.0,1.0,0.0,0.0,0.02947633319879951,-0.007526684803664119,1.8903417467004483e-05,-0.14985636970188881,-0.581126116106059,-0.23485631225740974,2.1803555381608484,-0.6308496436101878,0.17327401850798713,82.20441582196977,-80.36128075359285,-80.17500843636044,-0.3178029167347282,0.14200977046232657,0.1420631959359304
0.5500000000000004,-0.01861353205491493,-0.07228670296101626,0.19153269242068377,0.791516913968352,0.4919365649905767,-0.3608305173811368,-0.036065615948554536,21.718285994030115,-11.206397358119421,-11.127698253962249,-0.1153822993961181,-0.4472461153908053,-0.19590517867926208,2.074883211897688,-0.8921812288036394,-0.8534272353920035,80.12953261007209,-80.3579884136781,-80.21047008985731,0.0,0.0,0.0,0.0,2.567878496138625,0.6606333336725666,0.443372794401148,0.0,-0.0003755918139054433,0.06438551293722018,-0.028119909641864733,-0.02738480514570003,0.05700518019374769,-0.024891915254144664,-0.024509234438884087,0.0,0.0,0.0,1.0,1.0,1.0,1.0,1.0,1.0,1.0,1.0,1.0,0.030952657745583503,-0.00789517333916479,2.338082887569599e-05,-0.15764703165921687,-0.6111863031524971,-0.2676289325992772,2.312755165909224,-0.6707144303492928,0.17541787148032353,82.20441582196977,-81.25016964248174,-81.06389732524931,-0.3379701890382725,0.15075809404249033,0.1502889363580496
0.5600000000000004,-0.019797156986038695,-0.07687424100915835,0.18944991762937335,0.7843747546544999,0.5017744023305634,-0.3626798582181396,-0.03797385770985793,22.51897265570635,-12.009649057943498,-11.929521183704866,-0.12161255551481433,-0.4713031752429326,-0.21806336209349778,2.202489677294175,-0.960865488291183,-0.9126180833982638,80.00192614467561,-80.28930415419057,-80.15127924185106,1.0,9.685441820888997,-2.046118108881001e-05,0.0011725567767902343,2.5399684272694403,0.6883783479414329,0.443372794401148,0.0,-0.0005556784045414051,0.0683882757131592,-0.030105570751108757,-0.0291523398443595,0.06069978756532214,-0.026372733972030417,-0.025829732677281024,0.0,0.0,0.0,1.0,1.0,1.0,1.0,1.0,1.0,1.0,1.0,1.0,0.0325882962133959,-0.008305313766346167,2.789679920806506e-05,-0.1661566834929573,-0.6440540350451556,-0.298084471898796,2.4632205647818926,-0.7138474353564576,0.17338200481176294,82.20441582196979,-81.25016964248175,-81.06389732524931,-0.3592932690233006,0.16012489952334327,0.15906517928988442
0.5700000000000004,-0.021044675463071493,-0.0817084789128446,0.18714602438951392,0.7766290063438569,0.5121459041621328,-0.3646216190912833,-0.04006287866036915,23.32456261446292,-12.812176981189893,-12.730720322072917,-0.1276623792521597,-0.49466540437850604,-0.24604643859631511,2.329306255833338,-1.0314552064244435,-0.972841872191762,80.76399845502533,-80.2187144360573,-80.09105545305755,0.0,0.0,0.0,0.0,2.509066025242135,0.7227332297145985,0.44658909320413087,0.0,-0.00034444042958691184,0.07248182312883168,-0.032182726047039936,-0.03099023198048271,0.06438551293722018,-0.028119909641864733,-0.02738480514570003,0.0,0.0,0.0,1.0,1.0,1.0,1.0,1.0,1.0,1.0,1.0,1.0,0.0342614494102571,-0.00872537814816729,3.258466911666299e-05,-0.17441171608470146,-0.6759372472507612,-0.33626017153419163,2.6144049321766794,-0.7564827493118762,0.16914338656234132,83.09330471085867,-81.25016964248174,-81.06389732524931,-0.38192888154789506,0.17020665414249936,0.16848847851288742
0.5800000000000004,-0.022350733424837545,-0.08676884341362272,0.18451940130624228,0.7682744139890262,0.5230086747214404,-0.36664068158061275,-0.04231975408770997,24.13154862423055,-13.614008231252516,-13.531330820849037,-0.13402415821391855,-0.5192382659814594,-0.27466285479402325,2.471264453386145,-1.1083978240344494,-1.0382654045892217,80.62204025747252,-80.14177181844731,-80.02563192066008,1.0,8.917824790732846,-1.9939404475727285e-05,0.0021829561324987106,2.473864653683318,0.7578267892692704,0.44658909320413087,0.0,-0.00047270624591304105,0.07694897290324271,-0.03442941308588054,-0.03297071755960741,0.0683882757131592,-0.030105570751108757,-0.0291523398443595,0.0,0.0,0.0,1.0,1.0,1.0,1.0,1.0,1.0,1.0,1.0,1.0,0.03608142997394822,-0.009183274033073532,3.759482749160795e-05,-0.18309855977365183,-0.7094989844973142,-0.3755157302065715,2.7819002088757854,-0.804348032030249,0.16656607243664237,83.09330471085866,-81.25016964248177,-81.0638973252493,-0.4058276592786511,0.18097815316575563,0.1785242534625178
0.5900000000000004,-0.023721358783908852,-0.09207696769073812,0.18159719237417515,0.7592170011882677,0.5344294976658361,-0.3687427087359487,-0.04476015957757915,24.937069376245788,-14.415051921888448,-14.335721717907877,-0.13995110786024098,-0.5418054829829653,-0.3118399497088372,2.609704360244016,-1.182553260524672,-1.0994469703235135,80.48360035061465,-80.06761638195708,-80.85333924381469,1.0,9.339919168750713,-1.1156529970302032e-05,0.0033800610769893873,2.4346808545311673,0.8003885370001506,0.44980656202042396,0.0,-0.0003116106193885249,0.08146928427615285,-0.036688496387764925,-0.03493007148961004,0.07248182312883168,-0.032182726047039936,-0.03099023198048271,0.0,0.0,0.0,1.0,1.0,1.0,1.0,1.0,1.0,1.0,1.0,1.0,0.03786223292041858,-0.00960961005186236,5.412288104324407e-05,-0.19117742640565996,-0.7402617456922918,-0.42603373203885014,2.943463025348885,-0.8523437588454769,0.16525204255575168,83.09330471085866,-81.25016964248175,-81.9527862141382,-0.4311825723970071,0.19253172122901036,0.18925032529733504
0.6000000000000004,-0.025153821447024816,-0.09762227129005846,0.17831724058484885,0.7494157602478159,0.5463984288617565,-0.3709169305403698,-0.047385713755326776,25.741092727429514,-15.21617732036679,-15.143882254020362,-0.14584213042791921,-0.5646728428988895,-0.3512043385224558,2.757396507424656,-1.2607585654030125,-1.165979471926258,80.335908203434,-80.87829996596764,-80.78680674221194,1.0,9.350922273924242,-3.877570457666568e-06,0.0050130037202996015,2.390701780452148,0.8477609482080121,0.45302408240619896,0.0,-0.00018076453043848017,0.08627510630340138,-0.03908460517344414,-0.037042049297335455,0.07694897290324271,-0.03442941308588054,-0.03297071755960741,0.0,0.0,0.0,1.0,1.0,1.0,1.0,1.0,1.0,1.0,1.0,1.0,0.03975485468178543,-0.010097919277377776,5.309725643849939e-05,-0.19918332215493825,-0.7714139583695933,-0.479649721115928,3.116375429169931,-0.9019055114497706,0.16439714483720344,83.09330471085866,-82.13905853137065,-81.9527862141382,-0.4580246146219697,0.20488688745237393,0.2006802350332852
0.6100000000000004,-0.02664574556990242,-0.10339937114485756,0.1746377266920781,0.7388142793226015,0.5589196802478649,-0.37315166738237315,-0.05020044651598231,26.543548102177713,-16.02446387675641,-15.95133979128084,-0.1518201925247615,-0.5879049310525486,-0.3921372895925483,2.9195183385276717,-1.3503582815383695,-1.239173172681557,80.173786372331,-80.78870024983227,-80.71361304145665,1.0,8.755538842594097,-2.7392144398563634e-06,0.006142998728228417,2.341369793206935,0.8972494100218164,0.45302408240619896,0.0,-7.119303480926706e-05,0.09146521224207929,-0.04175249390425585,-0.03933262736905618,0.08146928427615285,-0.036688496387764925,-0.03493007148961004,0.0,0.0,0.0,1.0,1.0,1.0,1.0,1.0,1.0,1.0,1.0,1.0,0.04183283469822419,-0.010629790949847975,5.4744484469051244e-05,-0.20734533823791965,-0.8030863754836628,-0.535637624163927,3.3076555776034144,-0.9572574366115584,0.16024278271794518,83.09330471085866,-82.13905853137064,-81.95278621413821,-0.4864235268572651,0.21807556045706503,0.21284387825985196
0.6200000000000004,-0.028195486366736657,-0.10940027248164359,0.17051631090318314,0.7273462528046535,0.5719943246842298,-0.3754429988500945,-0.05322100783062941,27.344364783218474,-16.831845457062123,-16.758056348385804,-0.1578398754490914,-0.6111549935347614,-0.4351582232936639,3.0983702800642945,-1.4487487821169749,-1.320415845654762,79.99493443079437,-80.69030974925367,-80.63237036848346,1.0,7.641541603045116,-8.338984521127912e-06,0.006887684966523234,2.286117633974853,0.9526604136476494,0.45302408240619896,0.0,4.070670664774092e-05,0.09708642228270742,-0.04465036598429688,-0.041830613524617644,0.08627510630340138,-0.03908460517344414,-0.037042049297335455,0.02,0.0,0.0,1.0,1.0,1.0,0.0,1.0,1.0,0.0,1.0,1.0,0.04412701304431595,-0.011210418720352725,6.092479439600708e-05,-0.21555924686544828,-0.8348141000575181,-0.59471241498199,3.518963338317416,-1.0172614941143499,0.156030470413478,83.09330471085866,-82.13905853137065,-81.95278621413823,-0.5164469655193766,0.2321610988273916,0.22578910378539904
0.6300000000000004,-0.02980161228196391,-0.11561870956755287,0.1659231723362144,0.7149236757157323,0.5856416729162698,-0.3777816351490881,-0.05647127578707337,28.151423496005787,-17.63823947001629,-17.563961141587058,-0.16324625791893815,-0.6319999016828041,-0.4850295352724076,3.276893001242484,-1.5493865456035878,-1.4028652552896057,80.70530059850508,-80.58967198576705,-80.54992095884862,0.0,0.0,0.0,0.0,2.2245310810526613,1.0177439197141158,0.45624085732216596,0.0,0.00023750042912362848,0.10284109796621996,-0.04766657439063042,-0.04441925355555404,0.09146521224207929,-0.04175249390425585,-0.03933262736905618,0.0,0.0,0.0,1.0,1.0,1.0,1.0,1.0,1.0,1.0,1.0,1.0,0.046465258472005916,-0.011801448660295389,6.824321093086685e-05,-0.22291717497398247,-0.8631890718961195,-0.6629366201205984,3.731701489434469,-1.076411303637002,0.1496664055263978,83.98219359974756,-82.13905853137064,-81.95278621413823,-0.5482127992981907,0.24722020712207307,0.23959598700426418
0.6400000000000005,-0.03130852399622468,-0.12194242603240604,0.16108627243869736,0.7018641325534452,0.5995950457133773,-0.379805877212844,-0.06016657066473114,28.95856487088604,-18.444102636964402,-18.368558064635565,-0.04305171648256769,-0.5777148990893809,-0.2933789386992525,2.6593374513421373,-1.2737561599191713,-1.90222991396939,81.32285614840544,-80.86530237145146,-80.05055630016882,1.0,124.32448138465699,-0.001621521608463794,0.025184563985133905,2.1595616799676423,0.8337494902783853,0.45624085732216596,0.0,-0.3360788399548532,0.09434015729553341,-0.04393072021260434,-0.05461816439139132,0.09708642228270742,-0.04465036598429688,-0.041830613524617644,0.0,0.0,0.0,1.0,1.0,1.0,1.0,1.0,1.0,1.0,1.0,1.0,0.04396050738340155,-0.003003926098718365,-0.00035883116944715704,-0.05793305081966262,-0.7887779640646704,-0.4116943298848841,3.49682859695067,-0.2703796517655428,0.10997130581224139,83.98219359974757,-82.13905853137064,-81.95278621413821,-0.5809010396421869,0.2625388666757408,0.25472532424927885
0.6500000000000005,-0.030278219993687166,-0.1269594396904019,0.16068666658982036,0.6938507186388666,0.6102571088173376,-0.3762526336673578,-0.06775984829239806,29.780021681610677,-19.256535626016856,-19.170324492305067,0.19174709162289066,-0.45735982384101526,0.09279907718212208,1.3558215454267206,-0.67658916355795,-2.69334816889548,82.62637205432087,-81.4624693678127,-80.14832693413162,1.0,25.956514238334403,-0.0031407340265948713,0.00576762202584942,2.151991645479803,0.6966743515320718,0.4594459148313354,0.0,-0.49245073840408277,0.07252357822087424,-0.03352979978284435,-0.0707494470625747,0.10284109796621996,-0.04766657439063042,-0.04441925355555404,0.0,0.0,0.0,1.0,1.0,1.0,1.0,1.0,1.0,1.0,1.0,1.0,0.03686680910318015,0.013300631366757942,-0.00099795949124643,0.26268475842797345,-0.6244026107242966,0.09818971179292352,2.8355920393872753,1.2269964665783437,0.06361427000085199,83.98219359974759,-82.13905853137065,-82.8416751030271,-0.6014848800399158,0.26688993548501566,0.27836475028070085
0.6600000000000005,-0.028055267034321568,-0.13139437036842472,0.1617367091734496,0.6880067099644017,0.6194070304561103,-0.3702021936889659,-0.07701969523037298,30.60780417322175,-20.071856262667108,-19.970828323288703,0.24052500397772286,-0.43564368911577445,0.09222573718087783,1.1171719415205803,-0.5661972711974878,-2.8490862327823083,82.865021658227,-81.57286126017317,-79.99258887024479,1.0,5.400803611364316,-0.0020342122987065947,0.0017544834578176623,2.163231665563038,0.6983770367677685,0.4594459148313354,0.0,-0.4796178089094896,0.0694454880141578,-0.03149758076805867,-0.07573966016919159,0.09434015729553341,-0.04393072021260434,-0.05461816439139132,0.0,0.0,-0.02,1.0,1.0,1.0,1.0,1.0,0.0,1.0,1.0,0.0,0.035605790409515545,0.016419185737209463,-0.0010794045538877924,0.32876702485522413,-0.5943642702730124,0.09804291956230037,2.720534383142617,1.5100745165786713,0.06566949962144704,83.98219359974757,-82.13905853137065,-82.8416751030271,-0.616704913334842,0.26632537358129865,0.30570134973887564
0.6700000000000005,-0.025569561953876413,-0.13571977568761157,0.16232916288420363,0.6824542505730372,0.6281574235803443,-0.3635592701323868,-0.08659736818462481,31.4368221260097,-20.88775733990203,-20.778501436351508,0.2555781469017975,-0.4300111796843489,0.024127622372557608,1.049097852508699,-0.5335502440801774,-2.8987147307397585,82.93309574723888,-81.60550828729049,-80.83184926117623,1.0,3.496789317626171,-0.001025603748999071,0.0007032536318178049,2.1686182454144363,0.7001179537110457,0.4626631858157748,0.0,-0.47567967540456113,0.06935178108392699,-0.03078026837770015,-0.07888336186653669,0.07252357822087424,-0.03352979978284435,-0.0707494470625747,0.0,0.0,0.0,1.0,1.0,1.0,1.0,1.0,1.0,1.0,1.0,1.0,0.035277968517566205,0.017426182460248407,-0.001123043729560098,0.34891917894220176,-0.5861364459060792,0.008952307703334647,2.690442200559696,1.5951100499645503,0.07052624514055411,83.98219359974757,-82.13905853137067,-83.73056399191599,-0.6308502467346301,0.26470454980321195,0.3338312089152629
0.6800000000000005,-0.0229381016808874,-0.1399943658403232,0.1622298050895099,0.6769751026431466,0.636638764403075,-0.35652471524091206,-0.09636348625393572,32.26650430850924,-21.703962586036155,-21.586522560136796,0.27151952271857616,-0.4247136001529018,-0.042480103652197676,0.9743736094244891,-0.5030512089058814,-2.962859910960699,83.0078199903231,-81.63600732246478,-80.7677040809553,1.0,4.678121040472032,-0.00043570799026490525,0.0009283487369443649,2.1651230436434634,0.7059421695696209,0.4626631858157748,0.0,-0.47335038723905964,0.06909120506843869,-0.030051389924827518,-0.08233050253495766,0.0694454880141578,-0.03149758076805867,-0.07573966016919159,0.0,0.0,0.0,1.0,1.0,1.0,1.0,1.0,1.0,1.0,1.0,1.0,0.03497356640593957,0.018565039440808683,-0.0011802916103696094,0.37031913887219053,-0.5783843741036654,-0.07822057109084701,2.6650588569678226,1.6949579533565897,0.07471363164240388,83.98219359974759,-82.13905853137067,-83.730563991916,-0.6444060012349735,0.26245585205652067,0.3624878017208135
0.6900000000000005,-0.02012013388266937,-0.14420991395427948,0.16151408810079385,0.6716279958364226,0.6448166673722401,-0.34899813463110585,-0.10643121117282915,33.09707554197086,-22.52048473960021,-22.393750685233847,0.2929999928815833,-0.4182341286926826,-0.09906822986690278,0.8714783911456586,-0.47067086975905464,-3.0577392970210755,83.11071520860193,-81.6683876616116,-80.67282469489491,1.0,5.913153264538822,-0.00014457225251121586,0.0016262239880504045,2.1537142314750164,0.7188595058925163,0.4626631858157748,0.0,-0.47184155622710666,0.0682619852724832,-0.029226351175195904,-0.086393518077733,0.06935178108392699,-0.03078026837770015,-0.07888336186653669,0.0,0.0,0.0,1.0,1.0,1.0,1.0,1.0,1.0,1.0,1.0,1.0,0.034637988225435304,0.020152693752907385,-0.0012756389194240937,0.3992324810677942,-0.569062766397586,-0.15229584477786232,2.637139651464566,1.8358838898990149,0.07615815060183109,83.98219359974759,-82.13905853137067,-83.73056399191599,-0.6571921778982669,0.2594284439941615,0.39192763414192067
0.7000000000000005,-0.017063760610738197,-0.1483576206366028,0.16027151779156887,0.6664693920937679,0.6526531511649215,-0.3408650177161002,-0.11693354255329384,33.92878100375313,-23.33731940492299,-23.19989123778274,0.3187727540305258,-0.41131755054488167,-0.14872830863446646,0.7497615739880964,-0.44148323477318113,-3.178976558583581,83.23243202575948,-81.69757529659749,-80.5515874333324,1.0,6.470439312522686,-9.135433894663647e-06,0.00217533479269801,2.13553602506019,0.7378448698398479,0.4626631858157748,0.0,-0.4710333526207474,0.06701656877681764,-0.028383500175125222,-0.09101783074647907,0.06909120506843869,-0.030051389924827518,-0.08233050253495766,0.0,0.0,0.0,1.0,1.0,1.0,1.0,1.0,1.0,1.0,1.0,1.0,0.03432970324620882,0.022086111730873777,-0.0014098951853319663,0.4339173926785068,-0.5591959987248565,-0.21739031597061012,2.6122437498587714,2.0083606565434593,0.07491254241375014,83.98219359974757,-82.13905853137068,-83.73056399191599,-0.6690107555628988,0.2554600243650995,0.42245315864968247
0.7100000000000005,-0.013764382201453158,-0.15244466924106953,0.158499594249248,0.661472983678286,0.6601499063797002,-0.33210474404194035,-0.12791415854179392,34.761623628481296,-24.15439671141786,-24.004845096462756,0.34510337735554925,-0.4052277223571325,-0.1985848180586483,0.6260280818058092,-0.4204125372587326,-3.313340697459069,83.35616551794176,-81.71864599411192,-80.41722329445692,1.0,7.7474191976423645,-1.5481715681581187e-05,0.0031152197467359923,2.1105451540473132,0.7627380158867924,0.4626631858157748,0.0,-0.4711141807215852,0.06565708846142267,-0.02761199821534341,-0.09597404487394953,0.0682619852724832,-0.029226351175195904,-0.086393518077733,0.0,0.0,0.0,1.0,1.0,1.0,1.0,1.0,1.0,1.0,1.0,1.0,0.034107905489060134,0.024139098953542302,-0.0015718935406992761,0.4693089532260205,-0.5504756347161958,-0.282873253187657,2.5959579379757707,2.191511143181663,0.07187302486671751,83.98219359974757,-82.13905853137065,-83.73056399191599,-0.6798572873614762,0.25055715680857776,0.4541739039960787
0.7200000000000005,-0.010167752667125971,-0.15646637792000534,0.15628429076742384,0.6566778591794473,0.6672647605711014,-0.3225818922744452,-0.1395451587842654,35.59586418316082,-24.971660159381386,-24.80823670079507,0.3734121242321511,-0.3994432646951517,-0.24603319662648326,0.4931960566717021,-0.4069498594853522,-3.4686746673037203,83.48899754307587,-81.73210867188531,-80.26188932461227,1.0,7.695249720093645,-6.803610957062389e-06,0.0039629934457308235,2.0798312598795126,0.793502734775547,0.4626631858157748,0.0,-0.4710999343661848,0.06403874859549244,-0.026889663968533553,-0.10143486502843664,0.06701656877681764,-0.028383500175125222,-0.09101783074647907,0.0,0.0,0.0,1.0,1.0,1.0,1.0,1.0,1.0,1.0,1.0,1.0,0.03396213982719678,0.02642855911224731,-0.0017774411592995625,0.507321806639959,-0.542208916698772,-0.3453670147746104,2.587468956357913,2.396084765866056,0.06585347914053641,83.98219359974757,-82.13905853137067,-83.73056399191599,-0.6895152446925226,0.2445570812224652,0.487484012712121
0.7300000000000005,-0.006294078975025993,-0.16043548812257344,0.15358210275786086,0.652026741231971,0.6739996502514967,-0.3122896202310504,-0.15185780610565258,36.43145034500503,-25.789010880271483,-25.609991419742567,0.4017942381859041,-0.39441656822407956,-0.2935631759432131,0.3487875301236701,-0.40305642848620704,-3.6499676616845735,83.6334060696239,-81.73600210288447,-80.08059633023142,1.0,6.993658152580765,-8.014709980519452e-06,0.004686900281398706,2.04281933199264,0.8305001709288723,0.4626631858157748,0.0,-0.471147831480095,0.06211932030926308,-0.026255347503319138,-0.1074971601398107,0.06565708846142267,-0.02761199821534341,-0.09597404487394953,0.0,0.0,0.0,1.0,1.0,1.0,1.0,1.0,1.0,1.0,1.0,1.0,0.03390581932207211,0.029016347758200074,-0.002032441982465208,0.5454943164822339,-0.5349862590615359,-0.40814549890326335,2.5881108440659633,2.6277146713772086,0.056294064643566344,83.98219359974757,-82.13905853137068,-83.73056399191599,-0.6980143095879627,0.23750414738209263,0.5224717778686048
0.7400000000000005,-0.0021564099989441316,-0.164360991033864,0.15036944700412835,0.6474845069667736,0.6803334306367993,-0.3011790210957872,-0.16492857135056957,37.26842817184292,-26.60635304292698,-26.412604399618715,0.4250112507664692,-0.3908713077313178,-0.35027302642325825,0.22292373608372537,-0.40812112345345014,-3.819230420641556,83.75926986366383,-81.73093740791722,-80.80022246059528,1.0,7.669654755388391,-8.946907217588507e-07,0.006912651353798869,1.9991894589111086,0.8773355465394337,0.4658791740081603,0.0,-0.4712133065954556,0.060436382914090515,-0.025696596147877494,-0.1134922219378249,0.06403874859549244,-0.026889663968533553,-0.10143486502843664,0.0,0.0,0.0,1.0,1.0,1.0,1.0,1.0,1.0,1.0,1.0,1.0,0.03395331561985023,0.031410799186210085,-0.0022994648807395397,0.5766117960569538,-0.5297333956436775,-0.4830785991804717,2.597089159424493,2.8382733512749643,0.04594704467586702,83.98219359974756,-82.13905853137068,-84.61945288123684,-0.7052969458072932,0.2293801990714424,0.5593259295784614
0.7500000000000006,0.0022203326252264416,-0.1682521191899564,0.14660261299031935,0.6429907332196855,0.6862495280553612,-0.28923241030575536,-0.17879909134592178,38.10677016500999,-27.423580461967486,-27.219533717373814,0.4484315083114774,-0.3877174522214588,-0.4064821316107907,0.08391394964023986,-0.4241154652844475,-4.021670391682339,83.89827965010731,-81.71494306608624,-80.59778248955449,0.0,0.0,0.0,0.0,1.9483614395943833,0.9280686952654114,0.4658791740081603,0.0,-0.4713210682302308,0.05841899681025851,-0.025251495124253134,-0.12024291740382755,0.06211932030926308,-0.026255347503319138,-0.1074971601398107,0.0,0.0,0.0,1.0,1.0,1.0,1.0,1.0,1.0,1.0,1.0,1.0,0.03409476244695074,0.03415085129445054,-0.0026252618254729966,0.6080632383140981,-0.5250505980488456,-0.5576111414985504,2.6181273198005157,3.083043930707672,0.0315860224271125,83.98219359974755,-82.13905853137068,-84.61945288123682,-0.7113568214591773,0.22021770936416346,0.598160629419318
0.7600000000000006,0.006813419825779242,-0.1721160347757722,0.14224238699464328,0.6384778507842774,0.6917305155670908,-0.27642184590514984,-0.19350940803372987,38.94643999489235,-28.240599838460152,-28.024441728651695,0.46891978080903624,-0.3852785170751032,-0.46782256158244934,-0.04567557001974951,-0.449799901856264,-4.226976533643051,84.0278691697673,-81.68925862951443,-80.39247634759379,1.0,7.099464774054126,-2.9633990522581755e-07,0.01132594761172085,1.8898096233339836,0.9864651486847561,0.4658791740081603,0.0,-0.47148285952485186,0.05647337103510244,-0.024899066384289403,-0.12721371673701057,0.060436382914090515,-0.025696596147877494,-0.1134922219378249,0.0,0.0,0.0,1.0,1.0,1.0,1.0,1.0,1.0,1.0,1.0,1.0,0.03433176480621861,0.03686153100751708,-0.0029850772227996087,0.6354520064400714,-0.5213282609283215,-0.6390733976941547,2.649237331762511,3.324614180597105,0.014796470659780181,83.98219359974755,-82.1390585313707,-84.61945288123684,-0.7161941411932241,0.21003335188595815,0.6391017391429457
0.7700000000000006,0.01160155497579691,-0.17595758158449204,0.13725160752650523,0.6338674182549141,0.6967524580446395,-0.26273793140073043,-0.2090858380829905,39.787377718880116,-29.057305311481148,-28.827250970694195,0.48790209274977764,-0.3831448358424176,-0.531767610621827,-0.17266294019797837,-0.48832490127826694,-4.446323080565,84.15485653994553,-81.65073363009243,-80.17312980067182,1.0,6.572161573350534,-1.3659675715704811e-05,0.012821210647015498,1.8230340997186185,1.0530502064155394,0.4658791740081603,0.0,-0.4716972186845459,0.0544772449337244,-0.024699834376494263,-0.13461313578100914,0.05841899681025851,-0.025251495124253134,-0.12024291740382755,0.0,0.0,0.0,1.0,1.0,1.0,1.0,1.0,1.0,1.0,1.0,1.0,0.03468127656966743,0.039689316251601076,-0.003412866201938574,0.6606749006363875,-0.5180321284677362,-0.7242077721878707,2.69210313266877,3.5763928514002488,-0.007585012815786885,83.98219359974755,-82.1390585313707,-84.61945288123681,-0.7198147232161001,0.19887482691856823,0.6822415041354893
0.7800000000000006,0.01657175034483711,-0.17977866018911337,0.1316076986163685,0.6290765266612527,0.701279098667962,-0.24815277140284314,-0.22558934243521475,40.62955580841244,-29.87356028495281,-29.62781316631168,0.5009646464065721,-0.3573800145313819,-0.5591282614500758,-0.5250412280224087,-0.5090231001078185,-4.400786104730208,84.50723482776996,-81.63003543126288,-80.21866677650661,1.0,158.30197375955618,-0.001017506071907065,0.04224264172962409,1.7477179212834122,1.0661556055148027,0.4658791740081603,0.0,-0.6391542016664704,0.048323964219983556,-0.02410490694789235,-0.13743436812979495,0.05647337103510244,-0.024899066384289403,-0.12721371673701057,0.0,0.0,0.0,1.0,1.0,1.0,1.0,1.0,1.0,1.0,1.0,1.0,0.03132064844833811,0.04184193311085163,-0.003888905576831874,0.677456660305519,-0.4815213018922035,-0.7578119842082872,2.392158884822388,3.7653818704784188,-0.03415239948898097,83.98219359974756,-82.13905853137071,-84.61945288123681,-0.7221838290548364,0.1867811393243952,0.7277527280581403
0.7900000000000006,0.021252581101023335,-0.18125605091452004,0.12906384378061175,0.6354619824546786,0.6952483877918878,-0.23873809627462123,-0.23626652220473257,41.49546690456888,-30.692143471710423,-30.453255897756556,0.4499261253882302,-0.028764537182903213,-0.10253843264499327,-3.813085500944038,-0.1740164748365435,-0.7665973999618163,87.79527910069159,-81.96504205653414,-83.852855481275,1.0,26.360134758108785,-0.003207565637435128,0.35493869809751055,1.7158436990938368,0.6997215355007117,0.4658791740081603,0.0,-1.0573901920923328,-0.012699594143883636,-0.016904986233659693,-0.07377736863073663,0.0544772449337244,-0.024699834376494263,-0.13461313578100914,0.0,0.0,0.0,1.0,1.0,1.0,1.0,1.0,1.0,1.0,1.0,1.0,-0.021119295100440565,0.03368100310446525,-0.0038487587415714265,0.6062002160608464,-0.019861663693025486,-0.10678403266057249,-2.462755856829188,3.0153208149803383,-0.015758078950533987,83.98219359974755,-82.1390585313707,-84.61945288123681,-0.699199310913863,0.17215862108252386,0.7497326928927992
0.8000000000000006,0.025708539004577317,-0.18127810766323887,0.1280058343909792,0.6488388215165101,0.6824433809849683,-0.23268664698700045,-0.24317923381082152,42.37632620901216,-31.511936799238477,-31.294686129610792,0.44385875057266333,0.006085851229302834,-0.1397476197845401,-4.199567356304837,-0.15167227023305274,-0.388427418662039,88.18176095605239,-81.98738626113764,-84.23102546257476,0.0,0.0,-0.00020991574472545294,0.0,1.7053707753289726,0.7151173066024369,0.4658791740081603,0.0,-1.0527112053139618,-0.022772494964240456,-0.015225617962210747,-0.06750705775256004,0.048323964219983556,-0.02410490694789235,-0.13743436812979495,0.0,0.0,0.0,1.0,1.0,1.0,1.0,1.0,1.0,1.0,1.0,1.0,-0.027038953141553045,0.033045237403093376,-0.003980582257345515,0.598946168493236,0.030209625139707142,-0.14999027925801828,-3.0016028792321436,2.9665673525768144,-0.010228161026055968,83.98219359974755,-82.1390585313707,-84.6194528812368,-0.6602464681155826,0.15619396372519748,0.7564420527080417
0.8100000000000006,0.030142472667517593,-0.18122060048734026,0.12612355400645028,0.6623726655209874,0.6689571442635114,-0.22664180724215638,-0.24978447173400845,43.257829893225484,-32.3318958094414,-32.13691737751403,0.4429385379907652,0.0054266241100703865,-0.23669336299334853,-4.197387728117593,-0.1346404110598752,-0.4042230436858167,87.8713289172656,-82.00441812031083,-84.215229837551,0.0,0.0,0.0,0.0,1.684401384571307,0.7348656561975606,0.4646581311659204,0.0,-1.0527112053139618,-0.02592805909655465,-0.013623203105636233,-0.06824494778365184,-0.012699594143883636,-0.016904986233659693,-0.07377736863073663,-0.012699594143883636,0.0,0.0,0.0,0.0,1.0,0.0,1.0,1.0,1.0,1.0,1.0,-0.02703895380108337,0.03304523673933574,-0.003980583287600282,0.5989461674597382,0.030209626165269458,-0.27752027925823936,-2.989681798343428,2.976800561405925,0.007015109157708625,83.67394118914801,-82.13905853137071,-84.61945288123681,-0.6203115001195252,0.13999594633198098,0.7621116624663392
0.8200000000000006,0.03367764490338379,-0.181101759025401,0.12489826707918299,0.6724210755976888,0.6595777286862009,-0.22385458356906146,-0.2503921770509618,44.10397910942346,-33.155967850856854,-32.98788077910316,0.24817075887199874,0.01801917799223632,0.021102331350883047,-1.0741906528813991,0.698037742769434,1.5415116304666532,80.8037647199847,-82.83709627414014,-86.16096451170347,1.0,29.377113595820624,-0.0020714075803790893,0.31003789189797576,1.671273568615706,0.5202741143870564,0.44969566879453604,0.0,-1.209988489145041,0.028239310456592327,0.0023075344647524552,-0.03284805283786569,-0.022772494964240456,-0.015225617962210747,-0.06750705775256004,-0.02,0.0,0.0,1.0,0.0,1.0,0.0,1.0,1.0,1.0,1.0,1.0,-0.014103316995786411,-0.004937366504395318,0.004495160718923812,0.3272149751101379,0.038771162943279175,0.04811690371964902,-1.7761535119176866,-0.5124713116015195,0.7746303717388363,79.7295740671033,-82.13905853137071,-84.61945288123681,-0.5946842776057188,0.12821431131371694,0.757440777328318
0.8300000000000006,0.035803596175253076,-0.1809103823851595,0.1252754103844541,0.6773841462769126,0.6566906871059344,-0.22680023016213366,-0.2418051187205017,44.88416390919886,-33.985486654223294,-33.85329346275025,0.19532934486877396,0.01965143581655567,0.020849713760671382,-0.231558861530178,0.8649114371543939,2.111090754825869,75.516688484189,-83.0039699685251,-86.73054363606266,1.0,2.84071717914655,-4.1214425473112826e-05,0.3662948383574611,1.6779744632495803,0.4948102923348568,0.4340907882591393,0.0,-1.2137537303632135,0.043102258038281535,0.005624518668995377,-0.020918642829086585,-0.02592805909655465,-0.013623203105636233,-0.06824494778365184,-0.02,0.0,0.0,1.0,0.0,1.0,0.0,1.0,1.0,0.0,1.0,1.0,-0.010949658856996477,-0.0154062895740575,0.006407329612158246,0.25218802940642776,0.03900981115614283,0.045632634038187514,-1.4740605007535832,-1.4839825135256721,0.9398601040862398,75.28512962265883,-82.13905853137071,-84.6194528812368,-0.5908789693228093,0.1242985899972964,0.7364784551994028
0.8400000000000006,0.03774549935301708,-0.18071587643291376,0.12502838706022829,0.6815061612657112,0.6546802615404796,-0.2303855314284033,-0.23208966847883303,45.62491935726954,-34.81566428654294,-34.720265768712224,0.1842157740767567,0.01731474226140322,-0.04415752716654841,0.038564136288607775,1.0598031587939205,1.6543119667497788,74.34805895665266,-83.18692926640736,-86.27376484798658,1.0,20.358444363075787,-0.0004963241019786957,0.20698567534758547,1.676580181279175,0.4818759361471515,0.43100602264658927,0.0,-1.2185347645080342,0.04790068131442075,0.009365207506726161,-0.027320517424009847,0.028239310456592327,0.0023075344647524552,-0.03284805283786569,0.02,0.0023075344647524552,0.0,1.0,0.0,1.0,0.0,0.0,1.0,0.0,1.0,1.0,-0.005567971805103647,-0.01325306774011767,0.008414696158032977,0.24097973950823057,0.032318172671964275,-0.04483560214149131,-0.9763342847270887,-1.2859715875707733,1.1200296655695863,74.38662309294128,-82.12712610761344,-84.61945288123681,-0.5900815857653225,0.1213906168945551,0.7137266603188233
0.8500000000000006,0.039458187342482694,-0.18075947538314097,0.12477917865721373,0.6824213019812959,0.6568828459656301,-0.22936199898345244,-0.22405170541765684,46.38596012900338,-35.64630947693308,-35.57549250503464,0.16618678598759984,-0.026065560427602066,-0.024108825692488595,0.8202627536731022,1.472983345758879,0.4416447871818117,78.01080478371262,-82.66798438138409,-85.06109766841861,1.0,8.387817004294284,-0.0011976820295418328,0.023177473872369344,1.673697732304585,0.4863443810025759,0.4427449756846011,0.0,-1.2292732749940942,0.06266006723989817,0.017440127440819072,-0.04811432262700619,0.043102258038281535,0.005624518668995377,-0.020918642829086585,0.02,0.005624518668995377,0.0,1.0,0.0,1.0,0.0,0.0,1.0,0.0,1.0,1.0,0.009343026091044869,-0.008013104132916617,0.012616761865540274,0.22575522361129383,-0.03486047181412535,-0.03438016862363222,0.3899345208836892,-0.7946340646410434,1.5013556583056933,78.83106753738572,-81.19500103562521,-84.6194528812368,-0.5986917209222791,0.11341965978550936,0.7007991099534849
0.8600000000000007,0.041120185268510454,-0.18115422451203528,0.12432313427956637,0.6810763912904085,0.6616999572259974,-0.22608543796965777,-0.2171945914888633,47.1829139439302,-36.46698420972941,-36.423932593328814,0.16672063874277576,-0.050147464752209964,-0.07265083974324647,1.155801885930485,1.5154298564024866,0.05623833198366739,80.34193231846739,-81.44694910846863,-84.67569121322047,1.0,4.319827981785879,-0.0007348889977620288,0.023017652567926553,1.6672808786906828,0.5000248979197199,0.4475863646052284,0.0,-1.226866020914484,0.06986371064848469,0.01898213188846665,-0.054491348717401585,0.04790068131442075,0.009365207506726161,-0.027320517424009847,0.0,0.009365207506726161,0.0,1.0,0.0,1.0,1.0,0.0,1.0,1.0,1.0,1.0,0.01484596481326931,-0.006825698014473635,0.013130704079598331,0.22785805994572392,-0.07009100347717231,-0.1030624887811535,0.8900389779826567,-0.6875293968983949,1.5397085260700933,81.49773420439787,-79.93151925206614,-84.61945288123681,-0.6132409587716996,0.10369506908472635,0.693795483663845
0.8700000000000007,0.04279555190169109,-0.18173630469854565,0.12327312457140915,0.6784470469652233,0.6677478243228847,-0.22208002015446382,-0.21095713361821514,47.98508989245688,-37.26778553929726,-37.26944887833695,0.16841356773268104,-0.06585189753371017,-0.1381919863417924,1.4000370870332242,1.5105135271825505,-0.18516055604309145,80.09769711736466,-78.38510077769325,-84.43429232519372,1.0,3.670312706797652,-0.0002014943022002197,0.04598886871432892,1.6528545584025216,0.5047184215727627,0.4365927686040459,0.0,-1.2256036766370717,0.0756590425946808,0.019674109305421485,-0.058491954303470574,0.06266006723989817,0.017440127440819072,-0.04811432262700619,0.0,0.017440127440819072,0.0,1.0,0.0,1.0,1.0,0.0,1.0,1.0,0.0,1.0,0.01851790745979615,-0.00615576228936758,0.013267947996140688,0.2306040120287692,-0.09303959184237054,-0.19207064245745425,1.2296697675495882,-0.6365386645324875,1.5358288263064537,81.49773420439789,-76.8745872505107,-84.61945288123681,-0.6307296878510347,0.09393917729830524,0.6894883036836866
0.8800000000000007,0.044448320652561095,-0.1824142432008952,0.12159586477930759,0.6749389109944853,0.6744000952284765,-0.21713378058436025,-0.2061429099206216,48.78895897408493,-38.030995547117364,-38.11113435321274,0.15366717565634605,-0.05648372180220477,-0.1753657755181385,0.9766220949458693,1.1781675748211027,-1.2234099600545216,81.4100009983409,-74.01126539983063,-83.39604292118231,1.0,14.581964259554677,-0.00066763801943516,0.15384798041601505,1.6300563052921353,0.49775539221122855,0.4259415361199981,0.0,-1.238014126865324,0.06951433128522592,0.014485658663048632,-0.07714613630882777,0.06986371064848469,0.01898213188846665,-0.054491348717401585,0.0,0.01898213188846665,0.0,1.0,0.0,1.0,1.0,0.0,1.0,1.0,0.0,1.0,0.021260672591115918,0.0058069273658457226,0.009746943611791351,0.2167133401102576,-0.08317308109224553,-0.24527799182942972,1.4830756121723485,0.4527714213520613,1.197533402307986,82.38662309328677,-72.83309782500953,-84.61945288123684,-0.6491891697025035,0.08401697104664017,0.6890594628480798
0.8900000000000007,0.046010982604685974,-0.18277587575904752,0.1199782982379469,0.6727918132093481,0.6785897562454469,-0.20882215863589154,-0.20799140573559158,49.60849509567991,-38.74752408647677,-38.94090931456569,0.1399977598128667,0.012193832649164198,-0.10854025445682274,-0.5285779315841651,0.6340543695949071,-1.2866467772694454,82.91520102487094,-69.18055735770879,-83.3328061039674,1.0,32.67909292894692,-0.0011546449566189332,0.10725241670553054,1.6078169078634108,0.4559636963847688,0.41212266645704104,0.0,-1.2736178803695408,0.04311527138378647,0.005695918022755007,-0.07929660805344224,0.0756590425946808,0.019674109305421485,-0.058491954303470574,0.0,0.019674109305421485,0.0,1.0,0.0,1.0,1.0,0.0,1.0,1.0,0.0,1.0,0.008283651126971894,0.01577769877249324,0.003838645758156228,0.1999536300998247,0.014927114772405464,-0.14711045992944405,0.28573872425059293,1.356058246750551,0.645243299617669,82.38662309328677,-68.54650298811389,-84.61945288123684,-0.657870926903768,0.0714632578744165,0.7017120757824027
0.9000000000000007,0.04691317489144261,-0.18245987388914336,0.11957521142508076,0.6749182348591932,0.6772969513293864,-0.20501134578279748,-0.20910419430225322,50.43903968896674,-39.415099170598104,-39.781857970862845,0.03719483953398093,0.030965870450908834,0.01211719034460254,-0.392666016167316,0.2259948826517921,0.10588081020158054,82.7792891094541,-64.49697502856138,-84.72533369143842,2.0,17.671911759354572,-0.0013870313793594574,0.05988048854319578,1.6027898470832742,0.40986416111781593,0.39926841385456874,0.0,-1.3062806117354113,0.04519126751293526,-0.0010308637348315193,-0.054527147075990726,0.06951433128522592,0.014485658663048632,-0.07714613630882777,0.0,0.014485658663048632,0.0,1.0,0.0,1.0,1.0,0.0,1.0,1.0,0.0,1.0,0.0010556879821134427,0.002509605465064297,-0.00045192189820387834,0.051939060845153796,0.043798464442798724,0.01974189899069951,-0.38358381384787565,0.1310461753823083,0.22838868377841798,82.38662309328679,-64.27098014590959,-84.61945288123684,-0.6532406975493368,0.06373464528204721,0.7054125207452396
0.9100000000000007,0.04702280137775815,-0.18215796667219172,0.11969219662433365,0.6762610296413288,0.6763258889938638,-0.2055028112788223,-0.20741963798447158,51.26514027135665,-40.04523204855851,-40.631952093027174,-0.006787077085757593,0.0252562701564278,0.007364879661406062,-0.08804645227856307,0.1191248474172629,0.4483557977298573,82.47466954556535,-61.77629238711734,-85.06780867896671,3.0,14.00357591294422,-0.000706149501068995,0.05275153122006077,1.604763952006626,0.401176044769965,0.39184126585723256,0.0,-1.305090633612559,0.05053041701473874,-0.002861597297414344,-0.048014163443147705,0.04311527138378647,0.005695918022755007,-0.07929660805344224,0.0,0.005695918022755007,0.0,1.0,0.0,1.0,1.0,0.0,1.0,1.0,0.0,1.0,0.0017185590042134928,-0.002421883825990315,-0.0014735974643751034,-0.010071279326624594,0.03567519790082304,0.013871278612141456,-0.323140934367222,-0.3228385297865849,0.11967058373100165,82.38662309328679,-61.657167539700076,-84.61945288123685,-0.651440664446911,0.06257305688656345,0.7010570975285642
0.9200000000000007,0.04693125974704978,-0.18204203640875807,0.11979025974803614,0.676592292191127,0.6761017255521353,-0.20611411294654844,-0.20646137483131785,52.08911037444509,-40.65816077703853,-41.48049916182292,-0.007236790234459548,0.0023640535705035147,0.010027444250494835,0.026430302347892964,0.015160587227734572,0.09445511568879758,82.36019279093891,-61.11914412998264,-84.71390799692566,4.0,12.27221993498917,-0.0003386010947638851,0.006515136574074697,1.60620749535294,0.39800547776872564,0.39031137967763824,0.0,-1.3053308284309209,0.052584084912666085,-0.004752784363865801,-0.05418942935756601,0.04519126751293526,-0.0010308637348315193,-0.054527147075990726,0.0,-0.0010308637348315193,0.0,1.0,0.0,1.0,1.0,0.0,1.0,1.0,0.0,1.0,0.004869770595764407,7.628945667497559e-05,-0.002582895970331028,-0.009984154457015906,0.0033527685684648953,0.01358011817117585,-0.030772725922242315,-0.09311964293940095,0.015229727680688462,82.3866230932868,-61.103983542754904,-84.61945288123685,-0.6513542433800501,0.06282093667456279,0.6986202679995546
0.9300000000000007,0.04688584236060417,-0.1820501349482837,0.11987361720246013,0.6765375442800233,0.676169662276577,-0.20626317769030159,-0.2062693397609853,52.91266992959042,-41.27088233939279,-42.327104506464046,-0.0024470817432337036,-0.002408827222565849,0.006490801005423871,0.029205656766946163,0.0018641653294297856,0.00926142880745203,82.35741743651985,-61.47958770521895,-84.62871431004432,4.0,12.264228773788153,-0.00020359933292393717,0.0007429394797213257,1.6072787397971153,0.3989090918675192,0.3913422811571773,0.0,-1.3043895471597218,0.05265700962296462,-0.005006672504823826,-0.055689743208511236,0.05053041701473874,-0.002861597297414344,-0.048014163443147705,0.0,-0.002861597297414344,0.0,1.0,0.0,1.0,1.0,0.0,1.0,1.0,0.0,1.0,0.005406996190446083,0.0008283765121671084,-0.002745696368788001,-0.003352399033903391,-0.003280038314608697,0.00827858842223959,0.019067438681460033,-0.023982165610754533,0.001872986349848847,82.3866230932868,-61.47772353988952,-84.61945288123687,-0.6516413475144949,0.06300284350941952,0.6982056115880672
0.9400000000000007,0.04687210695674577,-0.18207466299765307,0.1199224999731484,0.6764574397490256,0.6762514180601383,-0.206283187717632,-0.2062440259617128,53.73629851268769,-41.889608164967974,-43.173293574683,-0.0006426754805210536,-0.002201251912964512,0.0035073265890515222,0.01823531678919404,0.0002377903970621684,-0.005460438305685809,82.3683877764976,-62.342909358888384,-84.61399244293116,4.0,12.458047414183984,-0.00012555427911782602,7.526061479083092e-05,1.6078830696385438,0.4012919391741361,0.3937520189705327,0.0,-1.30381161543077,0.052478011896123666,-0.005041930955727865,-0.05595508406548239,0.052584084912666085,-0.004752784363865801,-0.05418942935756601,0.0,-0.004752784363865801,0.0,1.0,0.0,1.0,1.0,0.0,1.0,1.0,0.0,1.0,0.005397401069358501,0.0010284667000632361,-0.0028026928713734763,-0.0008780012669232332,-0.0030065994429837313,0.004370002621971927,0.018179145982857248,-0.005644581503517629,0.00023887266379470957,82.38662309328679,-62.34267156849132,-84.61945288123685,-0.6518722024239771,0.0630776397859373,0.6982099521997506
0.9500000000000007,0.04686882831371216,-0.18209230744473098,0.11994799341513898,0.6764053561220986,0.6763037357132465,-0.20627730164774893,-0.20624918447006726,54.560028075188306,-42.518420926734755,-44.019430095180844,-0.00012622044791827148,-0.0013401358486132102,0.0017694964081426913,0.009764386703009687,4.268213955923608e-05,-0.005306376440266462,82.37685870658379,-63.429963197636894,-84.61414650479658,4.0,12.597940402854839,-7.670355989063127e-05,1.9932989041708953e-05,1.608192911844937,0.40435944528577544,0.3968288119334228,0.0,-1.3035106354391663,0.05233636881809027,-0.005047722988942808,-0.055956830985777375,0.05265700962296462,-0.005006672504823826,-0.055689743208511236,0.0,-0.005006672504823826,0.0,1.0,0.0,1.0,1.0,0.0,1.0,1.0,0.0,1.0,0.00532067627581531,0.0010790244947747763,-0.0028538463798198363,-0.000171976815976863,-0.00183061225051118,0.002179792437154838,0.0110638104572818,-0.0010454506837953943,4.27949746867629e-05,82.3866230932868,-63.42992051549734,-84.61945288123684,-0.6520076232179512,0.06310614084318593,0.6982664526231572
0.9600000000000007,0.04686832798451044,-0.18210232396825352,0.11996065702825197,0.6763770367373199,0.6763321150751032,-0.20627005892559733,-0.20625624131965153,55.38382350815158,-43.15829757337555,-44.86558189111512,-4.9243849309970204e-06,-0.0007143419478332286,0.0008656861001562318,0.004898388222957653,2.0199962725893587e-05,-0.0032568174211686693,82.38172470506385,-64.54679117691536,-84.61619606381569,4.0,12.675799634019846,-5.041731310662101e-05,1.1979488870034764e-05,1.6083455017005461,0.4075725800197331,0.40004475693453106,0.0,-1.30336061480555,0.0522544562849639,-0.005049002714459025,-0.05592326563702638,0.052478011896123666,-0.005041930955727865,-0.05595508406548239,0.0,-0.005041930955727865,0.0,1.0,0.0,1.0,1.0,0.0,1.0,1.0,0.0,1.0,0.0052648024780318145,0.0010903874867723559,-0.0029043768090628625,-6.424288779347991e-06,-0.0009756624362856178,0.0010601534099976889,0.00588218620572962,-3.085802825078922e-05,2.020295396103528e-05,82.3866230932868,-64.54677097695264,-84.61945288123687,-0.6520785662118832,0.06311707892235115,0.6983080365430668
0.9700000000000008,0.046868408184750465,-0.18210750245004917,0.11996680675886906,0.676362723829693,0.6763464670773809,-0.20626535648806923,-0.2062608178944166,56.20765479163179,-43.80936985022525,-45.7117520430982,1.3794213258395762e-05,-0.0003583383467851698,0.0004172838621049092,0.0023784010784723615,1.7936574383551852e-05,-0.0017409093677218828,82.38424469220833,-65.66789532951674,-84.61771197186914,4.0,12.715486785386084,-3.714889927852738e-05,7.965098629565853e-06,1.608419273596286,0.4108564847418554,0.4033294086250625,0.0,-1.3032874643654544,0.05221191784089796,-0.005049387048183478,-0.05589787319556925,0.05233636881809027,-0.005047722988942808,-0.055956830985777375,0.0,-0.005047722988942808,0.0,1.0,0.0,1.0,1.0,0.0,1.0,1.0,0.0,1.0,0.005233131305853213,0.0010921780021227484,-0.002954857926991808,1.9071051896952865e-05,-0.0004893626446763695,0.0005095150978351735,0.0029451260010966685,0.000117431319365185,1.793210242602455e-05,82.3866230932868,-65.66787739294236,-84.61945288123687,-0.6521138327685682,0.06312137383152977,0.6983317103368781
0.9800000000000008,0.04686853838719117,-0.1821100599935623,0.11996976021667383,0.6763557506628295,0.6763534771472147,-0.20626275955629508,-0.20626329415679928,57.031504200136204,-44.47165784790122,-46.55793394090468,1.1154910915405646e-05,-0.00017415382491017218,0.00019965594071980812,0.0011345175865403977,1.783386912461254e-05,-0.0008748727234292377,82.38548857570026,-66.78975437099807,-84.61857800851344,4.0,12.734978841999784,-3.0661062780851234e-05,5.618304121558297e-06,1.6084546275600047,0.41419977419614584,0.4066728821977437,0.0,-1.3032522318802742,0.05219089350593601,-0.005049524611772929,-0.055883262993694595,0.0522544562849639,-0.005049002714459025,-0.05592326563702638,0.0,-0.005049002714459025,0.0,1.0,0.0,1.0,1.0,0.0,1.0,1.0,0.0,1.0,0.005216789090223571,0.0010920022557673675,-0.0030053440547372465,1.5442535408948675e-05,-0.00023779845104372294,0.0002434776314338529,0.001429651272389343,9.289655471807299e-05,1.7831229204327558e-05,82.3866230932868,-66.78973653712895,-84.61945288123687,-0.6521309023672286,0.06312307026771465,0.6983439410584108
0.9900000000000008,0.0468686262594461,-0.18211129234636447,0.11997117070243432,0.6763524242355278,0.6763568404041431,-0.20626140969613288,-0.20626452322058123,57.855362445744845,-45.14516552744977,-47.40412222151401,6.579442567937088e-06,-8.315814509648789e-05,9.516718420134311e-05,0.0005357357748860281,1.788614596910132e-05,-0.0004257917798077456,82.38608735751191,-67.91179640050846,-84.61902708945706,4.0,12.7443902161392,-3.011603727023915e-05,4.333611556634904e-06,1.6084714984357957,0.4176003981541545,0.41007355007095947,0.0,-1.3032353743855158,0.052180767658142925,-0.005049574651241112,-0.05587566098108778,0.05221191784089796,-0.005049387048183478,-0.05589787319556925,0.0,-0.005049387048183478,0.0,1.0,0.0,1.0,1.0,0.0,1.0,1.0,0.0,1.0,0.005208728288371032,0.0010916290004429426,-0.003055835489953711,9.186852545748814e-06,-0.00011352399478814267,0.00011602507818182388,0.0006821691517991987,5.4376031288026934e-05,1.7884910319437916e-05,82.3866230932868,-67.9117785143625,-84.61945288123687,-0.6521390551774372,0.06312370752335694,0.6983499591131405
1.0000000000000007,0.04686867515292887,-0.18211187789383412,0.11997184236810708,0.6763508602203007,0.6763584413316915,-0.20626071746510521,-0.20626509435531037,58.67922491660201,-45.82989396822152,-48.25031373573839,3.4696446556569224e-06,-3.930364416809175e-05,4.5272889046132384e-05,0.00025149197445949607,1.7917849105532845e-05,-0.00020355046075262582,82.38637160131235,-69.03389705102563,-84.61924933077611,4.0,12.748897564151164,-3.0257325569327254e-05,3.6722491721764423e-06,1.6084795325087775,0.42105789147748124,0.4135310541367871,0.0,-1.303227336356975,0.05217596141707471,-0.005049589208692599,-0.055871890419126165,0.05219089350593601,-0.005049524611772929,-0.055883262993694595,0.0,-0.005049524611772929,0.0,1.0,0.0,1.0,1.0,0.0,1.0,1.0,0.0,1.0,0.005204847043397603,0.0010913713278588623,-0.003106329577855283,4.938036608770247e-06,-5.363397720897956e-05,5.5214384459048226e-05,0.00032228049290816257,2.8571088392513274e-05,1.7917293480040185e-05,82.3866230932868,-69.03387913317653,-84.61945288123687,-0.6521429320191805,0.06312389662470623,0.6983528313854077
1.0100000000000007,0.04686870026165202,-0.18211215384013144,0.11997216173012769,0.6763501349089908,0.6763592036068642,-0.20626035366054127,-0.2062653369151198,59.50308938540459,-46.52584353889719,-49.09650683064743,1.7352202281738893e-06,-1.8464076963010937e-05,2.1514898623881522e-05,0.00011764484927584469,1.7932053473766783e-05,-9.62989508833309e-05,82.38650544843752,-70.15601902455728,-84.61935658228599,4.0,12.751047800455508,-3.0321483938264282e-05,3.345042316490746e-06,1.608483354505513,0.42457211973616543,0.41704528551710474,0.0,-1.3032235104522192,0.052173700272588504,-0.005049588458676825,-0.05587006669130784,0.052180767658142925,-0.005049574651241112,-0.05587566098108778,0.0,-0.005049574651241112,0.0,1.0,0.0,1.0,1.0,0.0,1.0,1.0,0.0,1.0,0.005203003553621875,0.001091227603081108,-0.0031568248242067744,2.5689731321853315e-06,-2.5175179153610887e-05,2.625780008519231e-05,0.00015136185191409363,1.4261740629352746e-05,1.7931803688127166e-05,82.3866230932868,-70.15600109250381,-84.61945288123687,-0.6521447833162692,0.06312389044549191,0.6983541663773992
1.0200000000000007,0.04686871264558926,-0.18211228324835743,0.11997231345828024,0.6763498051698694,0.6763595703347015,-0.20626014920380553,-0.2062654200629914,60.326954792865344,-47.23301437318578,-49.94270068310292,8.435521208037343e-07,-8.642568087105965e-06,1.0218770517804641e-05,5.4917214137212414e-05,1.7938154430938672e-05,-4.527708693490077e-05,82.38656817607264,-71.27814841970213,-84.61940760414996,4.0,12.752071620536729,-3.034973334155311e-05,3.187010772314079e-06,1.6084851717867994,0.42814303564345063,0.4206162028249689,0.0,-1.3032216912202308,0.052172643065055584,-0.0050495809002624,-0.05586919616832077,0.05217596141707471,-0.005049589208692599,-0.055871890419126165,0.0,-0.005049589208692599,0.0,1.0,0.0,1.0,1.0,0.0,1.0,1.0,0.0,1.0,0.00520213483902406,0.0010911544011430127,-0.003207320527232915,1.351192215502792e-06,-1.176302126990926e-05,1.2482838357199172e-05,7.083745034229621e-05,6.92637699768434e-06,1.7938041280471114e-05,82.38662309328679,-71.2781304815477,-84.6194528812369,-0.6521456819400139,0.06312379733802696,0.6983547647594492
1.0300000000000007,0.04686871861885914,-0.18211234375749125,0.11997238551267278,0.6763496610149684,0.6763597514896672,-0.20626002080633196,-0.2062654271242402,61.15082063962969,-47.95140651258965,-50.78889489447938,4.0349437351693616e-07,-4.036511414993949e-06,4.852036483836478e-06,2.5603312990104377e-05,1.79407855892951e-05,-2.1208751616167136e-05,82.38659748997378,-72.40027946493167,-84.61943167248529,4.0,12.752558650472889,-3.0361870533957003e-05,3.111782858007887e-06,1.60848603563393,0.43177062016948087,0.42424378836680204,0.0,-1.3032208267937573,0.052172151611037706,-0.005049570262843368,-0.055868782891882234,0.052173700272588504,-0.005049588458676825,-0.05587006669130784,0.0,-0.005049588458676825,0.0,1.0,0.0,1.0,1.0,0.0,1.0,1.0,0.0,1.0,0.0052017273247282935,0.0010911191283056179,-0.0032578163671854276,7.502317393142032e-07,-5.4730992173637195e-06,5.93314661802757e-06,3.308132547479345e-05,3.3118784169811835e-06,1.794073395735238e-05,82.38662309328677,-72.40026152414609,-84.61945288123691,-0.6521461343925485,0.0631236649622997,0.6983550141794143
1.0400000000000007,0.046868721462771976,-0.18211237200044508,0.11997241972230754,0.6763496036512866,0.6763598458585209,-0.20625992836688872,-0.20626539821567805,61.97468669152166,-48.681019959394604,-51.63508927475837,1.9113455248019175e-07,-1.8827737843033788e-06,2.303411901946482e-06,1.1927686814828014e-05,1.7941925885524042e-05,-9.912289500141244e-06,82.38661116559994,-73.5224096410875,-84.61944296894741,4.0,12.752790221890299,-3.0366969359582607e-05,3.076282055953973e-06,1.6084864462010764,0.4354548649241513,0.42792803405177465,0.0,-1.303220416398246,0.052171924971841394,-0.005049558219243996,-0.05586858637281286,0.052172643065055584,-0.0050495809002624,-0.05586919616832077,0.0,-0.0050495809002624,0.0,1.0,0.0,1.0,1.0,0.0,1.0,1.0,0.0,1.0,0.005201536608368724,0.0010911030090386146,-0.0033083121984118055,4.602357377653062e-07,-2.5320242937302584e-06,2.819713629811859e-06,1.5429248327592265e-05,1.5691851198041867e-06,1.7941902197764528e-05,82.38662309328676,-73.52239169916162,-84.61945288123691,-0.6521463784184841,0.0631235146738742,0.6983550993950233
1.0500000000000007,0.04686872280595297,-0.18211238516904507,0.11997243596181857,0.6763495867991289,0.6763598997181226,-0.20625985283004697,-0.2062653523994446,62.79855283906361,-49.42185469856278,-52.481283734195955,8.997134508003183e-08,-8.775123088773444e-07,1.0933785289339762e-06,5.5541988122245404e-06,1.794241319163822e-05,-4.626443242353211e-06,82.38661753908794,-74.64453782061052,-84.61944825479368,4.0,12.752900301699992,-3.0369061519236462e-05,3.0596153452592132e-06,1.6084866413143686,0.4391957659191151,0.43166893595811706,0.0,-1.3032202218356448,0.05217182199380915,-0.0050495455295564585,-0.05586849188857885,0.052172151611037706,-0.005049570262843368,-0.055868782891882234,0.0,-0.005049570262843368,0.0,1.0,0.0,1.0,1.0,0.0,1.0,1.0,0.0,1.0,0.005201447406826503,0.0010910962497369145,-0.00335880795422807,3.220913712190695e-07,-1.1592766896602117e-06,1.339945997500128e-06,7.1907379437372004e-06,7.394462333926637e-07,1.794240228487606e-05,82.38662309328674,-74.64451987819733,-84.61945288123692,-0.6521465252278816,0.06312335616242384,0.6983551076575061
1.0600000000000007,0.04686872343684425,-0.18211239130529,0.11997244367007898,0.6763495888347506,0.6763599346909283,-0.20625978521116595,-0.20626529866313373,63.62241903116999,-50.17391070725092,-53.32747823064077,4.214625230574215e-08,-4.088091367862163e-07,5.189627342522181e-07,2.585648426553438e-06,1.7942609237925474e-05,-2.157643658408488e-06,82.38662050763833,-75.76666349168221,-84.61945072359326,4.0,12.752952621789927,-3.0369896442977717e-05,3.051813700445042e-06,1.6084867340304403,0.4429933210909576,0.4354664920371626,0.0,-1.3032201298553334,0.05217177668039031,-0.005049532541899746,-0.055868445233187326,0.052171924971841394,-0.005049558219243996,-0.05586858637281286,0.0,-0.005049558219243996,0.0,1.0,0.0,1.0,1.0,0.0,1.0,1.0,0.0,1.0,0.005201405627610031,0.0010910939811459,-0.0034093036039616223,2.567839753007569e-07,-5.19234587155983e-07,6.367047721504042e-07,3.3497104925505352e-06,3.473099122528726e-07,1.794260420474814e-05,82.38662309328676,-75.76664554907298,-84.61945288123692,-0.6521466267339829,0.06312319386082536,0.6983550799450184
1.0700000000000007,0.04686872373173779,-0.1821123941637072,0.1199724473286414,0.6763495996704151,0.6763599608640858,-0.20625972129373094,-0.20626524122458315,64.44628524402944,-50.93718795905874,-54.173672744360935,1.963999062164905e-08,-1.9041591750927855e-07,2.4630690266746845e-07,1.20348347767692e-06,1.7942673584435867e-05,-1.005847657119614e-06,82.38662188980328,-76.88878642002248,-84.61945187538926,4.0,12.752977486734808,-3.0370217708339253e-05,3.0481666498261196e-06,1.6084867780852186,0.4468475292453,0.4393207010977875,0.0,-1.3032200866253583,0.05217175823389692,-0.0050495194165053,-0.055868420940417086,0.05217182199380915,-0.0050495455295564585,-0.05586849188857885,0.0,-0.0050495455295564585,0.0,1.0,0.0,1.0,1.0,0.0,1.0,1.0,0.0,1.0,0.0052013859701800945,0.0010910938441615276,-0.0034597991334565366,2.2605059295415643e-07,-2.2100607434187805e-07,3.0252411646933824e-07,1.5600253489797994e-06,1.6280771461129762e-07,1.7942671258945572e-05,82.38662309328676,-76.8887684773489,-84.61945288123691,-0.6521467071399291,0.06312302980787274,0.6983550354394907
1.0800000000000007,0.04686872386872074,-0.18211239549508712,0.11997244906500813,0.6763496146044741,0.6763599829389727,-0.20625965910450017,-0.20626518205763436,65.27015146655066,-51.71168642595387,-55.01986726613821,9.077710874167883e-09,-8.869277681302553e-08,1.1689504127953814e-07,5.600674206382049e-07,1.7942677819446535e-05,-4.688407882534804e-07,82.38662253321934,-78.01090649783558,-84.61945241239611,4.0,12.752989302813653,-3.0370334928545017e-05,3.046461499667261e-06,1.608486799016829,0.4507583895872867,0.4432315623458527,0.0,-1.3032200665611062,0.052171752298926226,-0.005049506227355333,-0.05586840708729469,0.05217177668039031,-0.005049532541899746,-0.055868445233187326,0.0,-0.005049532541899746,0.0,1.0,0.0,1.0,1.0,0.0,1.0,1.0,0.0,1.0,0.005201376623458674,0.0010910947125694602,-0.003510294536165062,2.1162708009009976e-07,-8.20974154642987e-08,1.4373219111540785e-07,7.264397707197672e-07,7.623009997782757e-08,1.7942676744684006e-05,82.38662309328676,-78.01088855515776,-84.6194528812369,-0.6521467777214082,0.06312286494445103,0.6983549831020062
1.0900000000000007,0.04686872393165414,-0.18211239611527477,0.11997244988905643,0.6763496314468159,0.676360003105575,-0.2062595977216107,-0.2062651220844243,66.09401769356934,-52.49740607915185,-55.8660617916713,4.128933502188742e-09,-4.132182736448165e-08,5.547496176906399e-08,2.6057707867090664e-07,1.7942654448380876e-05,-2.1856446492999227e-07,82.38662283270969,-79.13302367536357,-84.61945266267243,4.0,12.752994917553997,-3.037037408490373e-05,3.0456625600161724e-06,1.6084868089613678,0.45472590150764647,0.4471990751722466,0.0,-1.3032200575042001,0.05217175218872539,-0.005049493008676493,-0.05586839810326356,0.05217175823389692,-0.0050495194165053,-0.055868420940417086,0.0,-0.0050495194165053,0.0,1.0,0.0,1.0,1.0,0.0,1.0,1.0,0.0,1.0,0.00520137208003662,0.0010910960533726457,-0.003560789809054249,2.048689245708101e-07,-1.7409789303745615e-08,6.82842728045816e-08,3.3825494963218045e-07,3.566844752883706e-08,1.7942653952081928e-05,82.38662309328677,-79.13300573270912,-84.6194528812369,-0.6521468437292246,0.06312269970570705,0.6983549271137899
1.1000000000000008,0.04686872396259179,-0.18211239640376203,0.11997245028011876,0.6763496485029302,0.6763600217054155,-0.20625953892960208,-0.20626506395694083,66.91788392268914,-53.29412246034507,-56.71225631894691,4.134838200991101e-09,-1.880921323729927e-08,2.6325753059839464e-08,1.1451032628461042e-07,1.181876682336986e-05,-1.0861236934437945e-07,82.38662297877643,-80.03070918937372,-84.61945277262453,4.0,12.752997585387043,-3.0370384995689892e-05,2.006654474246863e-06,1.608486813685689,0.4579406998266344,0.4504138742170453,0.0,-1.3032200534970046,0.052171754487873166,-0.005049590489428223,-0.055868391682627035,0.052171752298926226,-0.005049506227355333,-0.05586840708729469,0.0,0.0,0.0,1.0,0.0,1.0,1.0,1.0,1.0,1.0,1.0,1.0,0.005201369711131707,0.0010910979369131578,-0.0036012522374775638,1.3680647307361866e-07,1.480670778621146e-12,3.2438476440164094e-08,1.556696381080798e-07,2.6036572112276116e-08,1.1818766752393102e-05,82.38662309328676,-80.0306973706069,-84.6194528812369,-0.6521469053335911,0.06312254034038806,0.6983548715950548
1.1100000000000008,0.046868724001056114,-0.18211239653338845,0.11997245046569507,0.6763496532725768,0.6763600271621636,-0.20625952197837003,-0.2062650473747726,67.7417501528451,-54.094429483630734,-57.5584508469763,2.39834448256871e-09,-8.665890468009008e-09,1.2492468900048846e-08,5.2988085519356586e-08,1.4655721872209142e-06,-5.09088973732114e-08,82.38662304029867,-80.03069883617908,-84.61945283032802,4.0,12.75299885291427,-3.037038660318181e-05,2.4958043287288034e-07,1.6084868159299228,0.45794069982588265,0.4504138742170453,0.0,-1.3032200512494128,0.05217175481557763,-0.005049773188780056,-0.055868389396635514,0.05217175218872539,-0.005049493008676493,-0.05586839810326356,0.0,0.0,0.0,1.0,0.0,1.0,1.0,1.0,1.0,1.0,1.0,1.0,0.005201368620027373,0.0010910987620914915,-0.0036013643330649,1.94912070468073e-08,-8.657967139349164e-09,1.5409023993305866e-08,7.238392694380669e-08,1.2652763358173207e-08,1.4655721625678672e-06,82.38662309328676,-80.0306973706069,-84.61945288123691,-0.6521469232724011,0.06312249461349283,0.6983548560034419
1.1200000000000008,0.046868724013004036,-0.18211239659491704,0.11997245055375598,0.6763496537396179,0.6763600279632396,-0.2062595198265185,-0.20626504536833115,68.56561638338614,-54.8947364634849,-58.40464537545414,3.6298021606294766e-10,-4.183000235286181e-09,5.927891186421678e-09,2.805117800106718e-08,1.8173920607435559e-07,-2.0329631812964272e-08,82.38662306523557,-80.0306975523461,-84.61945286090727,4.0,12.7529994550963,-3.037038570477546e-05,3.1049639988982445e-08,1.608486816995958,0.45794069982587143,0.4504138742170453,0.0,-1.3032200501814166,0.05217175456865995,-0.005049795846360158,-0.0558683887100044,0.052171754487873166,-0.005049590489428223,-0.055868391682627035,0.0,0.0,0.0,1.0,0.0,1.0,1.0,1.0,1.0,1.0,1.0,1.0,0.0052013681890154245,0.0010910987599580362,-0.003601378232771434,2.4994200799719375e-09,-5.319699797540332e-09,7.319207551973876e-09,3.4622569439553597e-08,1.2137553117258707e-09,1.8173911528584575e-07,82.38662309328674,-80.03069737060689,-84.61945288123691,-0.6521469257967344,0.06312248897082334,0.6983548543008878
1.1300000000000008,0.04686872401346501,-0.18211239662456868,0.11997245059554175,0.6763496537349479,0.6763600281251617,-0.20625951954520022,-0.20626504513399843,69.38948261411305,-55.695043437953366,-59.25083990413422,-1.2763033757875905e-10,-2.0060997168791095e-09,2.812787725465915e-09,1.4489507288373159e-08,2.2536189733203844e-08,-8.041213067251293e-09,82.38662307879724,-80.0306973931431,-84.6194528731957,4.0,12.752999741168237,-3.0370384508413006e-05,3.860939245981551e-09,1.6084868175023057,0.4579406998258712,0.4504138742170453,0.0,-1.3032200496741315,0.052171754362167665,-0.00504979865813516,-0.05586838847901095,0.05217175481557763,-0.005049773188780056,-0.055868389396635514,0.0,0.0,0.0,1.0,0.0,1.0,1.0,1.0,1.0,1.0,1.0,1.0,0.0052013679908501686,0.0010910987474575537,-0.0036013799562529397,7.299281384634654e-11,-2.691011971568361e-09,3.476376217122504e-09,1.6511011155111924e-08,-1.4131015908711869e-09,2.2536113934602e-08,82.38662309328674,-80.03069737060692,-84.61945288123691,-0.6521469262669567,0.06312248829733219,0.6983548541783638
1.1400000000000008,0.04686872401192264,-0.1821123966387219,0.11997245061536882,0.6763496537038618,0.6763600281757464,-0.20625951950612637,-0.2062650451091332,70.2133488449413,-56.495350411753975,-60.09703443289367,-1.505637745396802e-10,-9.521550745550439e-10,1.3346237458541745e-09,7.2168407797855545e-09,2.7938900185826494e-09,-3.276520208255955e-09,82.38662308606989,-80.03069737340078,-84.6194528779604,4.0,12.752999877061646,-3.0370383584374383e-05,4.893228736190365e-10,1.6084868177427976,0.4579406998258719,0.4504138742170453,0.0,-1.3032200494331945,0.05217175424219175,-0.005049799008105179,-0.05586838839488984,0.05217175456865995,-0.005049795846360158,-0.0558683887100044,0.0,0.0,0.0,1.0,0.0,1.0,1.0,1.0,1.0,1.0,1.0,1.0,0.005201367896799203,0.0010910987510180852,-0.0036013801699264726,-1.751791675968837e-10,-1.2942619562672555e-09,1.6510630665148963e-09,7.8170962581616e-09,-1.3082967586789621e-09,2.793843702444237e-09,82.38662309328673,-80.03069737060689,-84.61945288123692,-0.6521469264036076,0.06312248822993999,0.698354854198906
1.1500000000000008,0.04686872401068147,-0.1821123966454162,0.11997245062477634,0.6763496536854061,0.6763600281966187,-0.20625951950006577,-0.2062650451072693,71.03721507582269,-57.29565738547176,-60.94322896168414,-9.639563766109074e-11,-4.486355042059281e-10,6.332389579188505e-10,3.5028972310713017e-09,3.459439725231677e-10,-1.3846784290705342e-09,82.38662308978384,-80.03069737095285,-84.61945287985226,4.0,12.752999941610845,-3.0370382981051436e-05,6.578243381451946e-11,1.6084868178570138,0.45794069982587216,0.4504138742170453,0.0,-1.3032200493187671,0.052171754179733715,-0.00504979905219061,-0.05586838836224472,0.052171754362167665,-0.00504979865813516,-0.05586838847901095,0.0,0.0,0.0,1.0,0.0,1.0,1.0,1.0,1.0,1.0,1.0,1.0,0.005201367852172361,0.001091098756985814,-0.003601380196405399,-1.2791886058197248e-10,-6.119091016258943e-10,7.841096413414954e-10,3.6794740152223942e-09,-8.056745998544803e-10,3.45919074290362e-10,82.38662309328673,-80.0306973706069,-84.61945288123694,-0.6521469264585196,0.06312248823022001,0.6983548542165063
1.1600000000000008,0.0468687240099542,-0.1821123966485636,0.11997245062923985,0.6763496536762049,0.6763600282061186,-0.20625951949895727,-0.20626504510739788,71.86108130673077,-58.095964359179284,-61.789423490487124,-5.2305140223587854e-11,-2.1043221864018407e-10,3.0044375343723396e-10,1.6727149896835662e-09,4.2605735821729914e-11,-6.040133288376071e-10,82.38662309161403,-80.0306973706495,-84.61945288063292,4.0,12.75299997191352,-3.037038261849423e-05,1.0577907579788226e-11,1.6084868179112546,0.4579406998258722,0.4504138742170453,0.0,-1.3032200492644255,0.05217175414878362,-0.005049799058000959,-0.055868388348892135,0.05217175424219175,-0.005049799008105179,-0.05586838839488984,0.0,0.0,0.0,1.0,0.0,1.0,1.0,1.0,1.0,1.0,1.0,1.0,0.005201367831110519,0.0010910987612040698,-0.003601380199681637,-7.0981256432681e-11,-2.8726985766939875e-10,3.7236285154189374e-10,1.7251134411653834e-09,-4.321946592587132e-10,4.2593173975121175e-11,82.38662309328674,-80.0306973706069,-84.61945288123694,-0.6521469264834344,0.06312248823459828,0.6983548542252487
1.1700000000000008,0.04686872400957366,-0.18211239665003795,0.1199724506313576,0.6763496536718124,0.6763600282105475,-0.2062595194987117,-0.20626504510752314,72.68494753765187,-58.89627133288553,-62.63561801929535,-2.6417474844518263e-11,-9.843490803106617e-11,1.4254360830961344e-10,7.907950046003484e-10,5.152342975280756e-12,-2.698594134742324e-10,82.38662309249595,-80.03069737061205,-84.61945288096706,4.0,12.752999986658661,-3.0370382411146202e-05,2.4918844289405546e-12,1.6084868179370129,0.457940699825872,0.4504138742170453,0.0,-1.3032200492386197,0.05217175413384036,-0.00504979905888756,-0.05586838834319847,0.052171754179733715,-0.00504979905219061,-0.05586838836224472,0.0,0.0,0.0,1.0,0.0,1.0,1.0,1.0,1.0,1.0,1.0,1.0,0.0052013678212163884,0.001091098763604091,-0.0036013802000845418,-3.6024329045556837e-11,-1.3440852378398174e-10,1.768213744788692e-10,8.068088436377768e-10,-2.1734855699982734e-10,5.146219741228824e-12,82.38662309328674,-80.03069737060689,-84.61945288123692,-0.6521469264950757,0.06312248823725378,0.6983548542292625
1.1800000000000008,0.04686872400938492,-0.18211239665072707,0.11997245063236231,0.6763496536697445,0.6763600282126196,-0.20625951949864677,-0.20626504510757385,73.50881376857919,-59.69657830659162,-63.48181254810585,-1.2860946680760663e-11,-4.596719667327737e-11,6.762445539769421e-11,3.7155066226446697e-10,5.663119050674396e-13,-1.2258693131158266e-10,82.3866230929152,-80.03069737060746,-84.61945288111433,4.0,12.752999993660879,-3.037038229641853e-05,8.756727237001939e-13,1.6084868179492438,0.4579406998258716,0.4504138742170453,0.0,-1.3032200492263661,0.05217175412673071,-0.005049799059077138,-0.05586838834069383,0.05217175414878362,-0.005049799058000959,-0.055868388348892135,0.0,0.0,0.0,1.0,0.0,1.0,1.0,1.0,1.0,1.0,1.0,1.0,0.0052013678165828865,0.0010910987648477526,-0.003601380200133315,-1.7557811799818866e-11,-6.276988646836974e-11,8.395850905164369e-11,3.767281582657404e-10,-1.0560941451025376e-10,5.633855105810848e-13,82.38662309328676,-80.03069737060689,-84.61945288123691,-0.652146926500535,0.06312248823859164,0.6983548542310909
1.1900000000000008,0.04686872400929394,-0.1821123966510487,0.11997245063283896,0.6763496536687764,0.6763600282135882,-0.20625951949862678,-0.20626504510759247,74.33267999950945,-60.49688528029768,-64.32800707691737,-6.134029581181598e-12,-2.1445187700706488e-11,3.208014924833632e-11,1.7391980091781755e-10,3.4290838228731487e-14,-5.631375279543485e-11,82.38662309311282,-80.03069737060693,-84.61945288118059,4.0,12.752999996985773,-3.037038223437094e-05,3.7565219426239343e-13,1.6084868179550516,0.4579406998258717,0.4504138742170453,0.0,-1.3032200492205481,0.05217175412337782,-0.005049799059138078,-0.05586838833956794,0.05217175413384036,-0.00504979905888756,-0.05586838834319847,0.0,0.0,0.0,1.0,0.0,1.0,1.0,1.0,1.0,1.0,1.0,1.0,0.005201367814417648,0.001091098765462158,-0.0036013802001387666,-8.376413637398503e-12,-2.9284619582135476e-11,3.986232799813582e-11,1.7574727184350946e-10,-5.0321292090496444e-11,3.2908461444424034e-14,82.38662309328674,-80.0306973706069,-84.61945288123691,-0.6521469265030908,0.06312248823923369,0.6983548542319287
1.2000000000000008,0.046868724009250795,-0.1821123966511987,0.11997245063306505,0.6763496536683241,0.6763600282140405,-0.20625951949861962,-0.20626504510759963,75.15654623044111,-61.29719225400375,-65.17420160572935,-2.891063910603273e-12,-9.999852248003633e-12,1.5217454240106725e-11,8.123050925403649e-11,-1.2919800223345239e-14,-2.6058862147205576e-11,82.3866230932055,-80.03069737060687,-84.61945288121088,4.0,12.752999998570948,-3.0370382201522217e-05,1.7566183866921907e-13,1.6084868179578085,0.4579406998258717,0.4504138742170453,0.0,-1.303220049217786,0.05217175412180498,-0.0050497990591631585,-0.05586838833905429,0.05217175412673071,-0.005049799059077138,-0.05586838834069383,0.0,0.0,0.0,1.0,0.0,1.0,1.0,1.0,1.0,1.0,1.0,1.0,0.005201367813407134,0.0010910987657577302,-0.0036013802001391604,-3.948146110154747e-12,-1.36554031100176e-11,1.8924408247885026e-11,8.194850601466274e-11,-2.3704477949626545e-11,-1.3568304316558599e-14,82.38662309328673,-80.03069737060689,-84.61945288123694,-0.6521469265042853,0.06312248823953658,0.6983548542323154
1.2100000000000009,0.046868724009230534,-0.18211239665126863,0.1199724506331723,0.6763496536681134,0.6763600282142512,-0.20625951949861673,-0.20626504510760263,75.9804124613734,-62.09749922770981,-66.02039613454153,-1.3530990000469538e-12,-4.661941883830711e-12,7.2187509052083345e-12,3.7891760404241775e-11,-9.69201653731389e-15,-1.2115359738888327e-11,82.38662309324883,-80.03069737060687,-84.61945288122483,4.0,12.752999999318918,-3.0370382184216616e-05,8.26190920980781e-14,1.6084868179591172,0.4579406998258721,0.4504138742170453,0.0,-1.3032200492164747,0.05217175412106943,-0.005049799059174436,-0.05586838833881766,0.05217175412337782,-0.005049799059138078,-0.05586838833956794,0.0,0.0,0.0,1.0,0.0,1.0,1.0,1.0,1.0,1.0,1.0,1.0,0.0052013678129358655,0.001091098765897748,-0.003601380200139082,-1.847880993201401e-12,-6.366181411108872e-12,8.984330856570226e-12,3.8204157987996366e-11,-1.109097626895468e-11,-9.995000083877087e-15,82.38662309328672,-80.03069737060689,-84.61945288123695,-0.6521469265048423,0.06312248823967827,0.6983548542324948
1.2200000000000009,0.046868724009221055,-0.18211239665130124,0.11997245063322318,0.6763496536680151,0.6763600282143495,-0.2062595194986154,-0.20626504510760396,76.80427869230601,-62.897806201415875,-66.8665906633538,-6.310504627274403e-13,-2.1745029219051083e-12,3.4244761340463636e-12,1.7673403804641323e-11,-4.988383557182658e-15,-5.6524431319536505e-12,82.38662309326905,-80.03069737060687,-84.6194528812313,4.0,12.752999999676492,-3.0370382175265442e-05,3.861425879940813e-14,1.608486817959739,0.45794069982587193,0.4504138742170453,0.0,-1.3032200492158519,0.05217175412072628,-0.0050497990591796375,-0.055868388338708,0.05217175412180498,-0.0050497990591631585,-0.05586838833905429,0.0,0.0,0.0,1.0,0.0,1.0,1.0,1.0,1.0,1.0,1.0,1.0,0.005201367812716264,0.0010910987659634437,-0.0036013802001390103,-8.617936650504098e-13,-2.969422607536721e-12,4.265156340761221e-12,1.782001557205417e-11,-5.171688214110168e-12,-5.129681535257151e-15,82.38662309328673,-80.03069737060687,-84.61945288123695,-0.652146926505102,0.06312248823974434,0.6983548542325781
1.2300000000000009,0.046868724009216635,-0.18211239665131645,0.11997245063324731,0.6763496536679693,0.6763600282143953,-0.20625951949861476,-0.2062650451076046,77.62814492323876,-63.69811317512194,-67.71278519216615,-2.9380966853699003e-13,-1.0152256682377739e-12,1.624731440274451e-12,8.247656267134352e-12,-2.3856665211506146e-15,-2.644828633674263e-12,82.38662309327849,-80.03069737060687,-84.6194528812343,4.0,12.752999999843434,-3.037038217069965e-05,1.8013950545661124e-14,1.6084868179600338,0.4579406998258718,0.4504138742170453,0.0,-1.3032200492155566,0.05217175412056629,-0.005049799059182056,-0.055868388338656975,0.05217175412106943,-0.005049799059174436,-0.05586838833881766,0.0,0.0,0.0,1.0,0.0,1.0,1.0,1.0,1.0,1.0,1.0,1.0,0.005201367812613918,0.0010910987659941208,-0.003601380200138977,-4.012403995148433e-13,-1.386359347582156e-12,2.0249800251860564e-12,8.319981917930669e-12,-2.4076654603674304e-12,-2.451523838013932e-15,82.38662309328673,-80.03069737060687,-84.61945288123694,-0.6521469265052229,0.06312248823977515,0.6983548542326171
1.2400000000000009,0.046868724009214595,-0.18211239665132353,0.11997245063325872,0.676349653667948,0.6763600282144167,-0.20625951949861449,-0.20626504510760493,78.45201115417157,-64.49842014882803,-68.5589797209785,-1.3483287901679414e-13,-4.680785542265636e-13,7.619259585444695e-13,3.8012258051934744e-12,-1.0810821269090343e-15,-1.2242624370560278e-12,82.38662309328294,-80.03069737060687,-84.61945288123572,4.0,12.752999999900545,-3.037038216838206e-05,8.113026573874865e-15,1.6084868179601735,0.457940699825872,0.4504138742170453,0.0,-1.3032200492154167,0.05217175412049076,-0.005049799059183183,-0.055868388338632856,0.05217175412072628,-0.0050497990591796375,-0.055868388338708,0.0,0.0,0.0,1.0,0.0,1.0,1.0,1.0,1.0,1.0,1.0,1.0,0.005201367812565627,0.001091098766008563,-0.003601380200138961,-1.841489857706436e-13,-6.392055556847237e-13,9.503172207033526e-13,3.837516673206027e-12,-1.105260988776226e-12,-1.1113725274347702e-15,82.38662309328673,-80.03069737060687,-84.61945288123694,-0.6521469265052792,0.06312248823978955,0.6983548542326352
1.2500000000000009,0.04686872400921365,-0.1821123966513268,0.11997245063326406,0.6763496536679381,0.6763600282144265,-0.2062595194986143,-0.2062650451076051,79.27587738510442,-65.29872712253413,-69.40517424979085,-6.244232878376472e-14,-2.1757798475492194e-13,3.593638683019592e-13,1.767539547599306e-12,-4.735127813087434e-16,-5.711661107366655e-13,82.38662309328498,-80.03069737060687,-84.61945288123636,4.0,12.753000000186823,-3.0370382167271837e-05,3.556334956302594e-15,1.6084868179602385,0.457940699825872,0.4504138742170453,0.0,-1.303220049215351,0.05217175412045624,-0.005049799059183699,-0.05586838833862179,0.05217175412056629,-0.005049799059182056,-0.055868388338656975,0.0,0.0,0.0,1.0,0.0,1.0,1.0,1.0,1.0,1.0,1.0,1.0,0.005201367812543519,0.0010910987660151582,-0.003601380200138952,-8.529626974567356e-14,-2.971365666995607e-13,4.484686158390573e-13,1.7854713476848586e-12,-5.123659155942161e-13,-4.87575313605333e-16,82.38662309328674,-80.03069737060687,-84.61945288123692,-0.6521469265053054,0.06312248823979613,0.6983548542326438
1.260000000000001,0.04686872400921323,-0.1821123966513283,0.11997245063326657,0.6763496536679335,0.6763600282144311,-0.20625951949861418,-0.20626504510760518,80.09974361603727,-66.09903409624023,-70.2513687786032,-2.900020234379076e-14,-1.0052760130132944e-13,1.7043469535272918e-13,8.199306080161327e-13,-1.746350804365147e-16,-2.6362070576255534e-13,82.38662309328595,-80.03069737060687,-84.61945288123664,4.0,12.753000000001878,-3.0370382166702847e-05,1.3142739709226845e-15,1.6084868179602694,0.457940699825872,0.4504138742170453,0.0,-1.3032200492153203,0.05217175412044015,-0.005049799059183932,-0.055868388338616556,0.05217175412049076,-0.005049799059183183,-0.055868388338632856,0.0,0.0,0.0,1.0,0.0,1.0,1.0,1.0,1.0,1.0,1.0,1.0,0.005201367812533198,0.0010910987660181827,-0.003601380200138947,-3.9613934459207254e-14,-1.3731484122228402e-13,2.1292437480806254e-13,8.27504873602808e-13,-2.3878391969604487e-13,-1.8117411393045195e-16,82.38662309328677,-80.03069737060687,-84.61945288123691,-0.6521469265053174,0.0631224882397991,0.6983548542326476
1.270000000000001,0.04686872400921302,-0.182112396651329,0.11997245063326775,0.6763496536679316,0.676360028214433,-0.20625951949861418,-0.20626504510760518,80.92360984697012,-66.89934106994633,-71.09756330741554,-1.3098254073960498e-14,-4.2581481158512895e-14,7.28115392663292e-14,3.537987518999025e-13,-2.622613847374006e-17,-1.0672455140178258e-13,82.3866230932864,-80.03069737060687,-84.61945288123677,4.0,12.752999999910529,-3.0370382166328147e-05,2.165481526556529e-16,1.6084868179602836,0.45794069982587193,0.4504138742170453,0.0,-1.3032200492153057,0.05217175412043215,-0.005049799059184032,-0.05586838833861385,0.05217175412045624,-0.005049799059183699,-0.05586838833862179,0.0,0.0,0.0,1.0,0.0,1.0,1.0,1.0,1.0,1.0,1.0,1.0,0.0052013678125280875,0.0010910987660196303,-0.0036013802001389483,-1.7894417540341176e-14,-5.818566576961947e-14,9.092842663553568e-14,3.531455842968863e-13,-1.0886635315232262e-13,-2.9130322760075326e-17,82.38662309328676,-80.03069737060687,-84.61945288123688,-0.6521469265053222,0.06312248823980038,0.6983548542326491
1.280000000000001,0.04686872400921288,-0.18211239665132944,0.11997245063326845,0.6763496536679305,0.6763600282144341,-0.20625951949861415,-0.2062650451076052,81.74747607790297,-67.69964804365243,-71.94375783622789,-1.1756054833301144e-14,-4.808771821106278e-14,6.986860548933667e-14,3.885182719972347e-13,-3.764167735101818e-18,-1.4397617466183426e-13,82.38662309328635,-80.03069737060687,-84.61945288123671,4.0,12.753000000017343,-3.0370382166106102e-05,2.4968372047948274e-16,1.6084868179602925,0.4579406998258717,0.4504138742170453,0.0,-1.3032200492152968,0.052171754120433,-0.005049799059184088,-0.0558683883386146,0.05217175412044015,-0.005049799059183932,-0.055868388338616556,0.0,0.0,0.0,1.0,0.0,1.0,1.0,1.0,1.0,1.0,1.0,1.0,0.005201367812528623,0.0010910987660197604,-0.0036013802001389414,-1.604706682347737e-14,-6.57458154177259e-14,8.659207195119823e-14,4.027440307847107e-13,-9.732847570652067e-14,-6.638588924295484e-18,82.38662309328673,-80.03069737060687,-84.61945288123685,-0.652146926505325,0.0631224882398011,0.6983548542326501
1.290000000000001,0.04686872400921282,-0.1821123966513297,0.11997245063326879,0.6763496536679298,0.6763600282144349,-0.20625951949861415,-0.20626504510760524,82.57134230883582,-68.49995501735853,-72.78995236504024,-4.428826525288028e-15,-1.5909280415073004e-14,2.1048385318423685e-14,1.2998911038079743e-13,-1.2312212894052698e-17,-4.31981330690959e-14,82.38662309328659,-80.03069737060687,-84.6194528812368,4.0,12.75299999993301,-3.0370382166106102e-05,8.078695779874538e-17,1.6084868179602967,0.4579406998258714,0.4504138742170453,0.0,-1.3032200492152926,0.05217175412042853,-0.005049799059184132,-0.05586838833861285,0.05217175412043215,-0.005049799059184032,-0.05586838833861385,0.0,0.0,0.0,1.0,0.0,1.0,1.0,1.0,1.0,1.0,1.0,1.0,0.005201367812525701,0.0010910987660204333,-0.003601380200138941,-6.055303256363883e-15,-2.17435024094782e-14,2.5984276297228132e-14,1.319736965835044e-13,-3.669047427016791e-14,-1.3332380082274675e-17,82.38662309328672,-80.03069737060687,-84.61945288123684,-0.6521469265053274,0.06312248823980166,0.6983548542326509
1.300000000000001,0.046868724009212784,-0.18211239665132983,0.119972450633269,0.6763496536679292,0.6763600282144354,-0.20625951949861415,-0.20626504510760524,83.39520853976867,-69.30026199106463,-73.63614689385258,-3.1757697159424363e-15,-1.1787820695616779e-14,2.1126165331857693e-14,1.1307859755405551e-13,2.3327282792114106e-16,-4.057782509979789e-14,82.38662309328659,-80.03069737060687,-84.6194528812368,4.0,12.75299999983574,-3.0370382166133858e-05,2.2537081528334346e-15,1.608486817960299,0.45794069982587154,0.4504138742170453,0.0,-1.3032200492152903,0.052171754120428335,-0.005049799059184162,-0.05586838833861284,0.052171754120433,-0.005049799059184088,-0.0558683883386146,0.0,0.0,0.0,1.0,0.0,1.0,1.0,1.0,1.0,1.0,1.0,1.0,0.005201367812525529,0.0010910987660205193,-0.003601380200138938,-4.358157237168229e-15,-1.6259243927294596e-14,2.6369596376425812e-14,1.1647875680220684e-13,-2.9428365997728685e-14,2.324206320548236e-16,82.3866230932867,-80.03069737060687,-84.61945288123684,-0.6521469265053288,0.06312248823980207,0.6983548542326513
1.310000000000001,0.04686872400921275,-0.18211239665132997,0.11997245063326921,0.6763496536679287,0.676360028214436,-0.20625951949861415,-0.20626504510760524,84.21907477070152,-70.10056896477073,-74.48234142266493,-1.922712906596846e-15,-7.666360976160556e-15,2.12039453452917e-14,9.61680847273136e-14,4.788578687363349e-16,-3.7957517130499873e-14,82.38662309328659,-80.03069737060687,-84.6194528812368,4.0,12.752999999738464,-3.0370382166147736e-05,4.587014089480801e-15,1.6084868179603018,0.4579406998258712,0.4504138742170453,0.0,-1.3032200492152881,0.05217175412042814,-0.005049799059184185,-0.05586838833861281,0.05217175412042853,-0.005049799059184132,-0.05586838833861285,0.0,0.0,0.0,1.0,0.0,1.0,1.0,1.0,1.0,1.0,1.0,1.0,0.005201367812525367,0.0010910987660205976,-0.0036013802001389305,-2.6776645633419522e-15,-1.0780536560234122e-14,2.6555076280521446e-14,1.0098381702090926e-13,-2.2166257725289458e-14,4.781736441919289e-16,82.38662309328669,-80.03069737060687,-84.61945288123684,-0.6521469265053301,0.06312248823980242,0.6983548542326516
1.320000000000001,0.04686872400921274,-0.18211239665133,0.11997245063326942,0.6763496536679282,0.6763600282144364,-0.20625951949861415,-0.20626504510760524,85.04294100163438,-70.90087593847683,-75.32853595147728,-6.696560972512558e-16,-3.5449012567043307e-15,2.128172535872571e-14,7.925757190057168e-14,7.244429095515285e-16,-3.533720916120186e-14,82.38662309328659,-80.03069737060687,-84.6194528812368,4.0,12.752999999641181,-3.0370382166133858e-05,6.920333806211443e-15,1.6084868179603042,0.4579406998258713,0.4504138742170453,0.0,-1.303220049215286,0.05217175412042794,-0.005049799059184204,-0.05586838833861281,0.052171754120428335,-0.005049799059184162,-0.05586838833861284,0.0,0.0,0.0,1.0,0.0,1.0,1.0,1.0,1.0,1.0,1.0,1.0,0.005201367812525202,0.0010910987660206852,-0.0036013802001389258,-9.971718895156771e-16,-5.287951405365826e-15,2.6784965126643524e-14,8.548887723961168e-14,-1.4904149452850244e-14,7.239266563290403e-16,82.38662309328667,-80.03069737060687,-84.61945288123682,-0.6521469265053313,0.06312248823980271,0.6983548542326521
1.330000000000001,0.046868724009212756,-0.18211239665132994,0.11997245063326946,0.6763496536679283,0.6763600282144363,-0.20625951949861412,-0.20626504510760524,85.86680723256723,-71.70118291218293,-76.17473048028963,4.004307849093382e-15,1.2423201676413332e-14,-1.648906820246882e-14,-1.0454638124942605e-13,-1.436396359046523e-18,2.984902587776974e-14,82.38662309328677,-80.03069737060687,-84.61945288123687,4.0,12.752999999981693,-3.037038216605059e-05,2.819976641933776e-17,1.6084868179603047,0.4579406998258715,0.4504138742170453,0.0,-1.3032200492152854,0.05217175412042461,-0.00504979905918421,-0.05586838833861164,0.05217175412042814,-0.005049799059184185,-0.05586838833861281,0.0,0.0,0.0,1.0,0.0,1.0,1.0,1.0,1.0,1.0,1.0,1.0,0.005201367812523171,0.0010910987660212174,-0.0036013802001389392,5.48090447184484e-15,1.69806671924996e-14,-2.046943078867016e-14,-1.034115739842351e-13,3.357017345884074e-14,-5.583812300314246e-19,82.38662309328667,-80.03069737060687,-84.61945288123684,-0.6521469265053311,0.06312248823980263,0.6983548542326521
1.340000000000001,0.04686872400921279,-0.1821123966513298,0.11997245063326932,0.6763496536679289,0.6763600282144357,-0.20625951949861412,-0.20626504510760524,86.69067346350008,-72.50148988588903,-77.02092500910197,4.367155586439822e-15,1.4087408576510882e-14,-1.442146881249012e-14,-1.0038055594621657e-13,2.433556309964983e-16,2.8259712302876e-14,82.38662309328677,-80.03069737060687,-84.61945288123687,4.0,12.753000000025828,-3.0370382165953447e-05,2.286413359301569e-15,1.608486817960303,0.4579406998258714,0.4504138742170453,0.0,-1.3032200492152877,0.052171754120424574,-0.005049799059184173,-0.055868388338611616,0.05217175412042794,-0.005049799059184204,-0.05586838833861281,0.0,0.0,0.0,1.0,0.0,1.0,1.0,1.0,1.0,1.0,1.0,1.0,0.005201367812523218,0.0010910987660212015,-0.0036013802001389397,5.932570051161293e-15,1.9113943320501277e-14,-1.78620050047129e-14,-9.906779528372033e-14,3.2564380476486283e-14,2.4420336099971957e-16,82.38662309328667,-80.03069737060687,-84.61945288123684,-0.6521469265053297,0.06312248823980221,0.6983548542326515
1.350000000000001,0.046868724009212825,-0.18211239665132967,0.11997245063326918,0.6763496536679294,0.6763600282144352,-0.20625951949861412,-0.20626504510760524,87.51453969443293,-73.30179685959513,-77.86711953791432,4.730003323786263e-15,1.575161547660843e-14,-1.235386942251142e-14,-9.62147306430071e-14,4.881476583520431e-16,2.6670398727982262e-14,82.38662309328677,-80.03069737060687,-84.61945288123687,4.0,12.753000000069953,-3.0370382165856302e-05,4.562727170183538e-15,1.6084868179603014,0.45794069982587127,0.4504138742170453,0.0,-1.303220049215289,0.052171754120424504,-0.005049799059184139,-0.05586838833861161,0.05217175412042461,-0.00504979905918421,-0.05586838833861164,0.0,0.0,0.0,1.0,0.0,1.0,1.0,1.0,1.0,1.0,1.0,1.0,0.005201367812523256,0.0010910987660211792,-0.0036013802001389427,6.406440090970249e-15,2.1238892775818267e-14,-1.5065841494549362e-14,-9.472401658320552e-14,3.155858749413183e-14,4.889651032294753e-16,82.38662309328667,-80.03069737060687,-84.61945288123684,-0.652146926505328,0.06312248823980185,0.6983548542326511
1.360000000000001,0.04686872400921286,-0.18211239665132953,0.11997245063326904,0.67634965366793,0.6763600282144346,-0.20625951949861412,-0.20626504510760524,88.33840592536578,-74.10210383330123,-78.71331406672667,5.092851061132703e-15,1.741582237670598e-14,-1.028627003253272e-14,-9.204890533979762e-14,7.329396857075877e-16,2.5081085153088524e-14,82.38662309328677,-80.03069737060687,-84.61945288123687,4.0,12.753000000114076,-3.0370382165759158e-05,6.839091122061319e-15,1.6084868179602998,0.45794069982587127,0.4504138742170453,0.0,-1.30322004921529,0.052171754120424484,-0.005049799059184103,-0.05586838833861161,0.052171754120424574,-0.005049799059184173,-0.055868388338611616,0.0,0.0,0.0,1.0,0.0,1.0,1.0,1.0,1.0,1.0,1.0,1.0,0.005201367812523302,0.001091098766021168,-0.003601380200138944,6.880310130779205e-15,2.3377720018943072e-14,-1.2469517944122886e-14,-9.038023788269075e-14,3.055279451177738e-14,7.337268454592296e-16,82.38662309328669,-80.03069737060687,-84.61945288123684,-0.6521469265053268,0.06312248823980145,0.6983548542326508
1.370000000000001,0.046868724009212916,-0.1821123966513294,0.11997245063326897,0.6763496536679305,0.6763600282144341,-0.20625951949861412,-0.20626504510760524,89.16227215629863,-74.90241080700733,-79.55950859553901,5.455698798479143e-15,1.908002927680353e-14,-8.21867064255402e-15,-8.788308003658814e-14,9.777317130631324e-16,2.3491771578194786e-14,82.38662309328677,-80.03069737060687,-84.61945288123687,4.0,12.75300000012602,-3.0370382165592624e-05,9.115467650569187e-15,1.6084868179602991,0.45794069982587127,0.4504138742170453,0.0,-1.3032200492152912,0.05217175412042442,-0.00504979905918407,-0.05586838833861159,0.052171754120424504,-0.005049799059184139,-0.05586838833861161,0.0,0.0,0.0,1.0,0.0,1.0,1.0,1.0,1.0,1.0,1.0,1.0,0.005201367812523348,0.0010910987660211495,-0.003601380200138943,7.35418017058816e-15,2.5497118359136936e-14,-9.806581178092802e-15,-8.603645918217596e-14,2.954700152942292e-14,9.784885876889832e-16,82.38662309328669,-80.03069737060687,-84.61945288123684,-0.652146926505325,0.06312248823980109,0.6983548542326501
1.380000000000001,0.046868724009212985,-0.18211239665132925,0.1199724506332689,0.6763496536679311,0.6763600282144335,-0.20625951949861412,-0.20626504510760524,89.98613838723148,-75.70271778071343,-80.40570312435136,5.818546535825584e-15,2.074423617690108e-14,-6.151071252575323e-15,-8.371725473337866e-14,1.222523740418677e-15,2.1902458003301048e-14,82.38662309328677,-80.03069737060687,-84.61945288123687,4.0,12.753000000137968,-3.037038216542609e-05,1.1391849216333456e-14,1.6084868179602985,0.4579406998258714,0.4504138742170453,0.0,-1.3032200492152923,0.0521717541204244,-0.005049799059184033,-0.05586838833861159,0.052171754120424484,-0.005049799059184103,-0.05586838833861161,0.0,0.0,0.0,1.0,0.0,1.0,1.0,1.0,1.0,1.0,1.0,1.0,0.0052013678125233925,0.0010910987660211313,-0.0036013802001389466,7.800294634781487e-15,2.7630394487138613e-14,-7.188053176093158e-15,-8.169268048166118e-14,2.854120854706847e-14,1.2232503299187308e-15,82.38662309328669,-80.03069737060687,-84.61945288123684,-0.6521469265053238,0.06312248823980068,0.6983548542326498
1.390000000000001,0.046868724009213054,-0.18211239665132897,0.11997245063326883,0.6763496536679313,0.6763600282144333,-0.20625951949861399,-0.20626504510760524,90.81000461816433,-76.50302475441953,-81.25189765316371,6.181394273172024e-15,2.240844307699863e-14,-4.083471862596627e-15,-7.955142943016918e-14,1.4673157677742216e-15,2.031314442840731e-14,82.38662309328677,-80.03069737060687,-84.61945288123687,4.0,12.753000000149935,-3.0370382165412213e-05,1.3668233302558515e-14,1.6084868179602976,0.4579406998258712,0.4504138742170453,0.0,-1.303220049215293,0.05217175412042442,-0.005049799059183999,-0.055868388338611616,0.05217175412042442,-0.00504979905918407,-0.05586838833861159,0.0,0.0,0.0,1.0,0.0,1.0,1.0,1.0,1.0,1.0,1.0,1.0,0.0052013678125234376,0.0010910987660211228,-0.003601380200138946,8.279715789713569e-15,2.976367061514029e-14,-4.491809647858438e-15,-7.734890178114638e-14,2.753541556471401e-14,1.4680120721485007e-15,82.38662309328669,-80.03069737060687,-84.61945288123685,-0.6521469265053231,0.06312248823980031,0.6983548542326498
1.400000000000001,0.046868724009213124,-0.1821123966513287,0.11997245063326882,0.6763496536679313,0.6763600282144333,-0.20625951949861385,-0.20626504510760524,91.63387084909718,-77.30333172812563,-82.09809218197606,6.544242010518464e-15,2.407264997709618e-14,-2.015872472617931e-15,-7.538560412695971e-14,1.7121077951297662e-15,1.8723830853513572e-14,82.38662309328677,-80.03069737060687,-84.61945288123687,4.0,12.753000000129738,-3.037038216543997e-05,1.594461882971966e-14,1.6084868179602974,0.45794069982587104,0.4504138742170453,0.0,-1.303220049215293,0.05217175412042449,-0.005049799059183973,-0.055868388338611644,0.0521717541204244,-0.005049799059184033,-0.05586838833861159,0.0,0.0,0.0,1.0,0.0,1.0,1.0,1.0,1.0,1.0,1.0,1.0,0.005201367812523482,0.001091098766021113,-0.003601380200138943,8.753585829522526e-15,3.189139562801885e-14,-1.8510772771597503e-15,-7.300512308063159e-14,2.652962258235955e-14,1.7127738143782736e-15,82.3866230932867,-80.03069737060687,-84.61945288123685,-0.6521469265053231,0.06312248823980005,0.6983548542326498
1.410000000000001,0.04686872400921319,-0.18211239665132842,0.11997245063326882,0.6763496536679313,0.6763600282144333,-0.2062595194986137,-0.20626504510760524,92.45773708003003,-78.10363870183173,-82.9442867107884,6.9070897478649046e-15,2.573685687719373e-14,5.1726917360766086e-17,-7.121977882375023e-14,1.9568998224853114e-15,1.7134517278619834e-14,82.38662309328677,-80.03069737060687,-84.61945288123687,4.0,12.75300000010953,-3.037038216543997e-05,1.8221005257760076e-14,1.6084868179602974,0.457940699825871,0.4504138742170453,0.0,-1.303220049215293,0.05217175412042457,-0.0050497990591839475,-0.055868388338611685,0.05217175412042442,-0.005049799059183999,-0.055868388338611616,0.0,0.0,0.0,1.0,0.0,1.0,1.0,1.0,1.0,1.0,1.0,1.0,0.005201367812523528,0.0010910987660211074,-0.0036013802001389405,9.199700293715852e-15,3.4005242853089585e-14,7.563484381532328e-16,-6.866134438011681e-14,2.552382960000508e-14,1.9575355566080408e-15,82.3866230932867,-80.03069737060687,-84.61945288123685,-0.6521469265053231,0.06312248823979978,0.6983548542326499
1.420000000000001,0.04686872400921326,-0.18211239665132814,0.11997245063326882,0.6763496536679313,0.6763600282144333,-0.20625951949861357,-0.20626504510760524,93.28160331096288,-78.90394567553783,-83.79048123960075,7.269937485211345e-15,2.740106377729128e-14,2.1193263073394628e-15,-6.705395352054075e-14,2.201691849840857e-15,1.5545203703726096e-14,82.38662309328677,-80.03069737060687,-84.61945288123687,4.0,12.7530000000829,-3.0370382165453846e-05,2.0497392286531923e-14,1.6084868179602974,0.45794069982587093,0.4504138742170453,0.0,-1.303220049215293,0.05217175412042464,-0.005049799059183924,-0.05586838833861172,0.05217175412042449,-0.005049799059183973,-0.055868388338611644,0.0,0.0,0.0,1.0,0.0,1.0,1.0,1.0,1.0,1.0,1.0,1.0,0.005201367812523572,0.0010910987660210864,-0.003601380200138937,9.668019218401684e-15,3.6135743423529696e-14,3.44148968748528e-15,-6.431756567960203e-14,2.4518036617650607e-14,2.2022972988378075e-15,82.3866230932867,-80.03069737060687,-84.61945288123685,-0.6521469265053231,0.06312248823979955,0.69835485423265
1.430000000000001,0.04686872400921333,-0.18211239665132786,0.11997245063326885,0.6763496536679313,0.6763600282144333,-0.20625951949861357,-0.20626504510760524,94.10546954189573,-79.70425264924393,-84.6366757684131,7.632785222557785e-15,2.906527067738882e-14,4.186925697318159e-15,-6.288812821733127e-14,2.4464838771964025e-15,1.3955890128832358e-14,82.38662309328677,-80.03069737060687,-84.61945288123687,4.0,12.753000000049822,-3.037038216542609e-05,2.2773779735894186e-14,1.6084868179602978,0.4579406998258711,0.4504138742170453,0.0,-1.3032200492152928,0.05217175412042472,-0.00504979905918392,-0.05586838833861175,0.05217175412042457,-0.0050497990591839475,-0.055868388338611685,0.0,0.0,0.0,1.0,0.0,1.0,1.0,1.0,1.0,1.0,1.0,1.0,0.005201367812523619,0.00109109876602108,-0.003601380200138935,1.0130787027964387e-14,3.826901955153137e-14,6.093324320034552e-15,-5.997378697908724e-14,2.3512243635296154e-14,2.447059041067561e-15,82.38662309328672,-80.03069737060687,-84.61945288123685,-0.6521469265053231,0.06312248823979955,0.69835485423265
1.440000000000001,0.0468687240092134,-0.18211239665132758,0.11997245063326892,0.6763496536679313,0.6763600282144333,-0.20625951949861357,-0.20626504510760524,94.92933577282858,-80.50455962295003,-85.48287029722545,7.995632959904226e-15,3.0729477577486356e-14,6.254525087296855e-15,-5.87223029141218e-14,2.691275904551948e-15,1.236657655393862e-14,82.38662309328677,-80.03069737060687,-84.61945288123687,4.0,12.752999999997435,-3.0370382165356702e-05,2.5050167491185738e-14,1.6084868179602987,0.4579406998258712,0.4504138742170453,0.0,-1.3032200492152917,0.052171754120424796,-0.005049799059183915,-0.055868388338611776,0.05217175412042464,-0.005049799059183924,-0.05586838833861172,0.0,0.0,0.0,1.0,0.0,1.0,1.0,1.0,1.0,1.0,1.0,1.0,0.005201367812523665,0.0010910987660210712,-0.0036013802001389314,1.0599105952650216e-14,4.039952012197147e-14,8.745158943131953e-15,-5.5630008278572456e-14,2.2506450652941704e-14,2.691820783297315e-15,82.38662309328672,-80.03069737060687,-84.61945288123685,-0.6521469265053231,0.06312248823979955,0.69835485423265
1.450000000000001,0.04686872400921347,-0.1821123966513273,0.11997245063326899,0.6763496536679313,0.6763600282144333,-0.20625951949861357,-0.20626504510760524,95.75320200376143,-81.30486659665613,-86.3290648260378,8.358480697250666e-15,3.239368447758389e-14,8.322124477275553e-15,-5.455647761091232e-14,2.9360679319074937e-15,1.0777262979044882e-14,82.38662309328677,-80.03069737060687,-84.61945288123687,4.0,12.752999999945056,-3.0370382165287313e-05,2.7326555475951983e-14,1.6084868179602996,0.45794069982587116,0.4504138742170453,0.0,-1.3032200492152906,0.052171754120424865,-0.005049799059183911,-0.0558683883386118,0.05217175412042472,-0.00504979905918392,-0.05586838833861175,0.0,0.0,0.0,1.0,0.0,1.0,1.0,1.0,1.0,1.0,1.0,1.0,0.005201367812523711,0.0010910987660210575,-0.003601380200138931,1.1061873762212921e-14,4.252169401972688e-14,1.1419197999910113e-14,-5.128622957805767e-14,2.150065767058726e-14,2.9365825255270684e-15,82.38662309328672,-80.03069737060687,-84.61945288123685,-0.6521469265053231,0.06312248823979955,0.69835485423265
1.460000000000001,0.04686872400921355,-0.18211239665132703,0.11997245063326906,0.6763496536679313,0.6763600282144333,-0.20625951949861357,-0.20626504510760524,96.57706823469428,-82.10517357036223,-87.17525935485014,8.721328434597106e-15,3.4057891377681424e-14,1.0389723867254253e-14,-5.039065230770284e-14,3.1808599592630392e-15,9.187949404151144e-15,82.38662309328677,-80.03069737060687,-84.61945288123687,4.0,12.752999999892669,-3.0370382165217924e-05,2.960294363725493e-14,1.6084868179603005,0.45794069982587127,0.4504138742170453,0.0,-1.3032200492152894,0.05217175412042494,-0.005049799059183907,-0.05586838833861183,0.052171754120424796,-0.005049799059183915,-0.055868388338611776,0.0,0.0,0.0,1.0,0.0,1.0,1.0,1.0,1.0,1.0,1.0,1.0,0.005201367812523761,0.001091098766021052,-0.0036013802001389258,1.1546846032268128e-14,4.466329682041323e-14,1.3993317032749562e-14,-4.694245087754288e-14,2.049486468823281e-14,3.1813442677568217e-15,82.38662309328672,-80.03069737060687,-84.61945288123685,-0.6521469265053231,0.06312248823979955,0.69835485423265
1.470000000000001,0.04686872400921365,-0.18211239665132667,0.1199724506332692,0.6763496536679313,0.6763600282144333,-0.20625951949861357,-0.20626504510760524,97.40093446562713,-82.90548054406833,-88.02145388366249,9.084176171943547e-15,3.572209827777896e-14,1.2457323257232952e-14,-4.6224827004493364e-14,3.425651986618585e-15,7.598635829257406e-15,82.38662309328677,-80.03069737060687,-84.61945288123687,4.0,12.752999999808102,-3.0370382165079146e-05,3.187933193727703e-14,1.608486817960302,0.45794069982587104,0.4504138742170453,0.0,-1.3032200492152883,0.05217175412042502,-0.005049799059183902,-0.05586838833861186,0.052171754120424865,-0.005049799059183911,-0.0558683883386118,0.0,0.0,0.0,1.0,0.0,1.0,1.0,1.0,1.0,1.0,1.0,1.0,0.005201367812523808,0.0010910987660210363,-0.003601380200138923,1.1998511611584581e-14,4.677991960304552e-14,1.661184491185894e-14,-4.25986721770281e-14,1.9489071705878355e-14,3.426106009986576e-15,82.38662309328673,-80.03069737060687,-84.61945288123685,-0.6521469265053231,0.06312248823979955,0.69835485423265
1.480000000000001,0.04686872400921366,-0.18211239665132656,0.11997245063326925,0.676349653667931,0.6763600282144336,-0.2062595194986136,-0.20626504510760518,98.22480069655998,-83.70578751777443,-88.86764841247484,-1.4794668286602382e-14,-3.432924818552897e-14,-1.0234289400864352e-14,2.985399426303742e-13,-3.0630076225009986e-17,-5.2636393519814936e-14,82.38662309328643,-80.03069737060687,-84.6194528812368,4.0,12.752999999951625,-3.0370382165148535e-05,1.086652303864381e-15,1.6084868179603027,0.45794069982587104,0.4504138742170453,0.0,-1.303220049215288,0.05217175412043132,-0.005049799059183985,-0.055868388338612976,0.05217175412042494,-0.005049799059183907,-0.05586838833861183,0.0,0.0,0.0,1.0,0.0,1.0,1.0,1.0,1.0,1.0,1.0,1.0,0.0052013678125272566,0.0010910987660194846,-0.0036013802001389457,-2.0229209992142522e-14,-4.685811501842386e-14,-1.609832373914071e-14,2.771079297680623e-13,-1.2291412588777746e-13,-3.3520500323114274e-17,82.38662309328673,-80.03069737060687,-84.61945288123685,-0.6521469265053244,0.0631224882397998,0.6983548542326503
1.490000000000001,0.04686872400921358,-0.1821123966513267,0.11997245063326921,0.6763496536679303,0.6763600282144343,-0.20625951949861365,-0.2062650451076051,99.04866692749283,-84.50609449148052,-89.71384294128718,-8.656372497595861e-16,5.701694202898342e-15,3.146889148025283e-15,7.90423984347777e-14,1.367765252425584e-15,-1.7867240681030172e-14,82.38662309328664,-80.03069737060687,-84.6194528812368,4.0,12.752999999840192,-3.0370382165467724e-05,1.5219977022620847e-14,1.608486817960302,0.45794069982587104,0.4504138742170453,0.0,-1.3032200492152886,0.052171754120427516,-0.005049799059184,-0.05586838833861237,0.05217175412042502,-0.005049799059183902,-0.05586838833861186,0.0,0.0,0.0,1.0,0.0,1.0,1.0,1.0,1.0,1.0,1.0,1.0,0.005201367812525083,0.0010910987660205148,-0.003601380200138934,-1.3430331503484035e-15,6.809141669961936e-15,3.35054667914634e-15,7.556162714724318e-14,-2.928107766564563e-14,1.3670461810760693e-15,82.38662309328673,-80.03069737060687,-84.61945288123681,-0.6521469265053261,0.06312248823980031,0.6983548542326506
1.500000000000001,0.0468687240092136,-0.18211239665132656,0.11997245063326926,0.6763496536679302,0.6763600282144344,-0.20625951949861368,-0.2062650451076051,99.87253315842568,-85.30640146518662,-90.56003747009953,-6.4492419157354845e-15,-1.2399999875893193e-14,-6.985386110361733e-15,1.3807077876440014e-13,3.41102593801224e-16,-2.127959515709722e-14,82.38662309328659,-80.03069737060687,-84.61945288123677,4.0,12.753000000165361,-3.0370382165453846e-05,2.90594389804097e-15,1.608486817960303,0.4579406998258709,0.4504138742170453,0.0,-1.303220049215288,0.05217175412042859,-0.005049799059184027,-0.05586838833861244,0.05217175412043132,-0.005049799059183985,-0.055868388338612976,0.0,0.0,0.0,1.0,0.0,1.0,1.0,1.0,1.0,1.0,1.0,1.0,0.0052013678125256355,0.0010910987660201826,-0.0036013802001389392,-8.8639769942952e-15,-1.7123998845673235e-14,-1.0326270491553862e-14,1.2644894248706595e-13,-5.938877837779125e-14,3.397297951374857e-16,82.38662309328673,-80.03069737060687,-84.61945288123678,-0.6521469265053264,0.06312248823980042,0.6983548542326508
1.5100000000000011,0.046868724009213526,-0.18211239665132672,0.11997245063326918,0.6763496536679298,0.6763600282144349,-0.20625951949861374,-0.20626504510760502,100.69639938935853,-86.10670843889272,-91.40623199891188,-1.8364224746145116e-15,-4.3567175917625613e-16,-1.8886777628984597e-15,5.6455753275125926e-14,3.85175480978767e-16,-1.2579639188544935e-14,82.38662309328669,-80.03069737060687,-84.61945288123675,4.0,12.75299999989807,-3.0370382165717524e-05,6.129489278409491e-15,1.6084868179603016,0.4579406998258708,0.4504138742170453,0.0,-1.303220049215289,0.05217175412042722,-0.005049799059184052,-0.05586838833861229,0.052171754120427516,-0.005049799059184,-0.05586838833861237,0.0,0.0,0.0,1.0,0.0,1.0,1.0,1.0,1.0,1.0,1.0,1.0,0.005201367812524855,0.0010910987660206059,-0.0036013802001389384,-2.5525163254977375e-15,-9.963343866119603e-16,-3.0212416005965026e-15,5.386807647398441e-14,-2.1064902895535096e-14,3.8465974791505627e-16,82.38662309328674,-80.03069737060687,-84.61945288123677,-0.6521469265053276,0.06312248823980074,0.6983548542326508
1.5200000000000011,0.04686872400921357,-0.18211239665132656,0.11997245063326924,0.6763496536679299,0.6763600282144347,-0.20625951949861368,-0.20626504510760504,101.52026562029138,-86.90701541259882,-92.25242652772423,9.918986510201494e-15,3.2745781103453455e-14,1.2403499839945687e-14,-1.2613319517683104e-13,1.2776414124501404e-15,8.528711551277075e-15,82.3866230932869,-80.03069737060687,-84.61945288123675,4.0,12.75299999973264,-3.0370382165606502e-05,1.9959777613888335e-14,1.6084868179603022,0.457940699825871,0.4504138742170453,0.0,-1.3032200492152883,0.052171754120423915,-0.0050497990591840255,-0.05586838833861192,0.05217175412042859,-0.005049799059184027,-0.05586838833861244,0.0,0.0,0.0,1.0,0.0,1.0,1.0,1.0,1.0,1.0,1.0,1.0,0.005201367812523094,0.001091098766021521,-0.003601380200138938,1.3405086807524486e-14,4.3434453273032147e-14,1.7152167228191335e-14,-1.0942752589169206e-13,6.33082529314893e-14,1.2790237706626624e-15,82.38662309328677,-80.03069737060687,-84.61945288123674,-0.6521469265053272,0.06312248823980061,0.6983548542326509
1.5300000000000011,0.04686872400921356,-0.18211239665132653,0.11997245063326921,0.6763496536679298,0.6763600282144349,-0.20625951949861374,-0.20626504510760502,102.34413185122423,-87.70732238630492,-93.09862105653657,-5.965544763885148e-15,-1.230555705969012e-14,-9.060719904541334e-15,1.1208251599638473e-13,8.326368304181458e-18,-1.5208216218725316e-14,82.38662309328664,-80.03069737060687,-84.61945288123673,4.0,12.752999999911477,-3.037038216568977e-05,1.311197241292203e-16,1.608486817960302,0.45794069982587104,0.4504138742170453,0.0,-1.3032200492152888,0.052171754120428224,-0.005049799059184059,-0.05586838833861233,0.05217175412042722,-0.005049799059184052,-0.05586838833861229,0.0,0.0,0.0,1.0,0.0,1.0,1.0,1.0,1.0,1.0,1.0,1.0,0.0052013678125253735,0.0010910987660202886,-0.0036013802001389414,-8.141581892150457e-15,-1.681583809722982e-14,-1.2864485973741937e-14,1.0149528354473902e-13,-4.9924820164664383e-14,7.187678715243167e-18,82.38662309328676,-80.03069737060687,-84.61945288123674,-0.6521469265053276,0.06312248823980074,0.6983548542326508
1.5400000000000011,0.046868724009213575,-0.18211239665132645,0.11997245063326922,0.6763496536679297,0.676360028214435,-0.20625951949861374,-0.20626504510760504,103.16799808215708,-88.50762936001102,-93.94481558534892,5.3736085095737544e-15,1.9805779654508303e-14,8.085508122139535e-15,-6.412205826737531e-14,5.333683511216727e-16,-3.072321788217978e-15,82.3866230932868,-80.03069737060687,-84.61945288123673,4.0,12.753000000058108,-3.0370382165717524e-05,1.3736854129536185e-14,1.608486817960302,0.45794069982587077,0.4504138742170453,0.0,-1.3032200492152886,0.052171754120425066,-0.005049799059184058,-0.055868388338612136,0.052171754120423915,-0.0050497990591840255,-0.05586838833861192,0.0,0.0,0.0,1.0,0.0,1.0,1.0,1.0,1.0,1.0,1.0,1.0,0.005201367812523714,0.00109109876602125,-0.0036013802001389427,7.299845457298401e-15,2.6161806470487324e-14,1.1036795170702327e-14,-5.149555270679561e-14,3.833124999109544e-14,5.341581739535599e-16,82.38662309328673,-80.03069737060687,-84.61945288123673,-0.6521469265053277,0.06312248823980084,0.698354854232651
1.5500000000000012,0.04686872400921354,-0.1821123966513265,0.11997245063326915,0.6763496536679293,0.6763600282144353,-0.20625951949861382,-0.206265045107605,103.99186431308993,-89.30793633371712,-94.79101011416127,-3.476571657846929e-15,-7.44815776065672e-15,-6.1493583604533265e-15,6.688003108058394e-14,-4.85656562881752e-17,-1.12015561809377e-14,82.38662309328666,-80.03069737060687,-84.61945288123673,4.0,12.752999999896193,-3.037038216592569e-05,1.2863337616770247e-16,1.6084868179603011,0.4579406998258707,0.4504138742170453,0.0,-1.3032200492152899,0.0521717541204275,-0.005049799059184096,-0.05586838833861229,0.052171754120428224,-0.005049799059184059,-0.05586838833861233,0.0,0.0,0.0,1.0,0.0,1.0,1.0,1.0,1.0,1.0,1.0,1.0,0.005201367812524943,0.001091098766020531,-0.003601380200138939,-4.747777021042733e-15,-1.0168204170988355e-14,-8.651680698135164e-15,6.174937949979333e-14,-2.8025479221737953e-14,-4.922011778238004e-17,82.38662309328673,-80.03069737060687,-84.61945288123674,-0.6521469265053288,0.06312248823980118,0.6983548542326511
1.5600000000000012,0.046868724009213554,-0.18211239665132642,0.1199724506332692,0.6763496536679293,0.6763600282144353,-0.2062595194986138,-0.20626504510760502,104.81573054402278,-90.10824330742322,-95.63720464297361,2.2294588822397583e-15,1.0450439101532935e-14,4.3225150590222345e-15,-3.377695372700446e-14,8.901109830223588e-17,-1.129295413960364e-16,82.38662309328676,-80.03069737060687,-84.61945288123673,4.0,12.753000000092293,-3.037038216587018e-05,7.109958171802748e-15,1.6084868179603016,0.4579406998258708,0.4504138742170453,0.0,-1.3032200492152892,0.05217175412042569,-0.00504979905918409,-0.05586838833861209,0.052171754120425066,-0.005049799059184058,-0.055868388338612136,0.0,0.0,0.0,1.0,0.0,1.0,1.0,1.0,1.0,1.0,1.0,1.0,0.005201367812523974,0.0010910987660210422,-0.0036013802001389423,3.0510239204623744e-15,1.3800537078339345e-14,5.8094815779376916e-15,-2.7965891504441515e-14,1.8942127584967168e-14,8.940945014691083e-17,82.38662309328673,-80.03069737060687,-84.61945288123673,-0.6521469265053288,0.06312248823980114,0.6983548542326511
1.5700000000000012,0.04686872400921352,-0.1821123966513265,0.11997245063326911,0.6763496536679291,0.6763600282144355,-0.20625951949861385,-0.20626504510760496,105.63959677495563,-90.90855028112932,-96.48339917178596,-1.081123735096919e-15,-3.0267944976249256e-15,-4.702234409004137e-15,2.2184024201532613e-14,-6.270822595053143e-17,-5.512742746228624e-15,82.38662309328669,-80.03069737060687,-84.61945288123673,4.0,12.752999999865805,-3.0370382166036713e-05,4.809883036030558e-16,1.6084868179603005,0.4579406998258706,0.4504138742170453,0.0,-1.3032200492152906,0.05217175412042675,-0.005049799059184111,-0.055868388338612185,0.0521717541204275,-0.005049799059184096,-0.05586838833861229,0.0,0.0,0.0,1.0,0.0,1.0,1.0,1.0,1.0,1.0,1.0,1.0,0.0052013678125245105,0.0010910987660207525,-0.003601380200138939,-1.4697017937157239e-15,-4.114813061757579e-15,-6.438114738307104e-15,2.1485077674824414e-14,-7.804657266794713e-15,-6.29041851864964e-17,82.38662309328672,-80.03069737060687,-84.61945288123673,-0.6521469265053293,0.06312248823980138,0.6983548542326511
1.5800000000000012,0.04686872400921355,-0.18211239665132642,0.11997245063326917,0.6763496536679292,0.6763600282144354,-0.2062595194986138,-0.20626504510760502,106.46346300588849,-91.70885725483542,-97.32959370059831,8.592025252989452e-17,2.953421291615994e-16,-3.0819477325621014e-15,4.6131861927944966e-15,6.781732520948571e-17,-2.6144085166934103e-15,82.38662309328672,-80.03069737060687,-84.61945288123673,4.0,12.75300000017221,-3.0370382165953447e-05,9.502560200604215e-16,1.6084868179603014,0.4579406998258709,0.4504138742170453,0.0,-1.3032200492152899,0.052171754120426406,-0.005049799059184101,-0.05586838833861214,0.05217175412042569,-0.00504979905918409,-0.05586838833861209,0.0,0.0,0.0,1.0,0.0,1.0,1.0,1.0,1.0,1.0,1.0,1.0,0.0052013678125243335,0.001091098766020832,-0.0036013802001389384,1.303291735149008e-16,3.397510501466057e-16,-4.067379214115583e-15,5.287038308844385e-15,-4.0478123528901656e-16,6.779383096755421e-17,82.38662309328672,-80.03069737060687,-84.61945288123673,-0.652146926505329,0.06312248823980127,0.6983548542326512
1.5900000000000012,0.046868724009213526,-0.18211239665132647,0.11997245063326908,0.6763496536679292,0.6763600282144354,-0.20625951949861385,-0.206265045107605,107.28732923682134,-92.50916422854152,-98.17578822941066,1.0102216547243947e-15,3.863732060418927e-15,3.3624696446689124e-15,-1.424358376442658e-14,-2.420681587579409e-16,-7.620035849486481e-15,82.38662309328673,-80.03069737060687,-84.61945288123673,4.0,12.752999999801135,-3.0370382166022836e-05,3.079002807953361e-15,1.6084868179603002,0.45794069982587077,0.4504138742170453,0.0,-1.3032200492152912,0.052171754120426066,-0.005049799059184112,-0.055868388338612227,0.05217175412042675,-0.005049799059184111,-0.055868388338612185,0.0,0.0,0.0,1.0,0.0,1.0,1.0,1.0,1.0,1.0,1.0,1.0,0.005201367812524191,0.0010910987660209875,-0.003601380200138944,1.4265552889588284e-15,5.071099599698784e-15,4.420362213182404e-15,-7.567483154949449e-15,1.4271578323863287e-14,-2.41811167179135e-16,82.38662309328672,-80.03069737060687,-84.61945288123674,-0.652146926505329,0.06312248823980135,0.6983548542326511
1.6000000000000012,0.04686872400921355,-0.1821123966513264,0.11997245063326913,0.6763496536679292,0.6763600282144354,-0.20625951949861385,-0.20626504510760504,108.11119546775419,-93.30947120224762,-99.021982758223,-2.171231528400218e-15,-7.503344747959062e-15,-9.880308986245826e-15,4.4995103929563546e-14,3.317906218921587e-16,9.017048619029066e-16,82.38662309328666,-80.03069737060687,-84.61945288123673,4.0,12.753000000256252,-3.0370382165981202e-05,3.277151755415416e-15,1.608486817960301,0.4579406998258707,0.4504138742170453,0.0,-1.3032200492152908,0.05217175412042713,-0.0050497990591841044,-0.05586838833861208,0.052171754120426406,-0.005049799059184101,-0.05586838833861214,0.0,0.0,0.0,1.0,0.0,1.0,1.0,1.0,1.0,1.0,1.0,1.0,0.005201367812524673,0.0010910987660205553,-0.0036013802001389366,-3.031654372484714e-15,-1.0045755474350671e-14,-1.3233119064675337e-14,3.683482021366759e-14,-2.585669791017438e-14,3.312511369839353e-16,82.3866230932867,-80.03069737060687,-84.61945288123673,-0.6521469265053289,0.06312248823980138,0.6983548542326512
1.6100000000000012,0.046868724009213526,-0.18211239665132647,0.11997245063326904,0.6763496536679291,0.6763600282144355,-0.20625951949861387,-0.20626504510760496,108.93506169868704,-94.10977817595372,-99.86817728703535,1.8989451691675327e-15,7.200312176307542e-15,1.165534024002174e-14,-3.236009791681296e-14,-5.436681928985984e-16,-1.2655660639501303e-14,82.38662309328673,-80.03069737060687,-84.61945288123673,4.0,12.753000000022485,-3.0370382166106102e-05,5.153345408556151e-15,1.6084868179602994,0.45794069982587077,0.4504138742170453,0.0,-1.3032200492152917,0.05217175412042577,-0.005049799059184125,-0.05586838833861232,0.052171754120426066,-0.005049799059184112,-0.055868388338612227,0.0,0.0,0.0,1.0,0.0,1.0,1.0,1.0,1.0,1.0,1.0,1.0,0.005201367812524063,0.0010910987660211488,-0.0036013802001389466,2.6816524015282674e-15,9.523453855335681e-15,1.5263366805453423e-14,-1.9790983581333064e-14,2.855974837690945e-14,-5.431390640899355e-16,82.3866230932867,-80.03069737060687,-84.61945288123674,-0.6521469265053293,0.06312248823980145,0.6983548542326511
1.6200000000000012,0.046868724009213526,-0.1821123966513265,0.11997245063326903,0.6763496536679291,0.6763600282144355,-0.20625951949861387,-0.20626504510760493,109.75892792961989,-94.91008514965982,-100.7143718158477,-1.7351199259828194e-15,-1.1154638254602238e-14,-1.549724548709263e-14,4.7340871862015414e-14,9.011364213121336e-16,1.0712882626726061e-14,82.38662309328666,-80.03069737060687,-84.61945288123673,4.0,12.753000000294257,-3.037038216611998e-05,7.734019381219839e-15,1.6084868179602994,0.45794069982587055,0.4504138742170453,0.0,-1.3032200492152919,0.05217175412042721,-0.005049799059184098,-0.0558683883386119,0.05217175412042713,-0.0050497990591841044,-0.05586838833861208,0.0,0.0,0.0,1.0,0.0,1.0,1.0,1.0,1.0,1.0,1.0,1.0,0.005201367812524632,0.0010910987660204562,-0.0036013802001389266,-2.540031618836058e-15,-1.4782291987564938e-14,-2.0433153654580113e-14,3.3306503335243157e-14,-3.530725233972461e-14,9.004540399377e-16,82.3866230932867,-80.03069737060687,-84.61945288123671,-0.6521469265053295,0.06312248823980143,0.6983548542326512
1.6300000000000012,0.04686872400921352,-0.18211239665132656,0.119972450633269,0.6763496536679291,0.6763600282144355,-0.20625951949861387,-0.2062650451076049,110.58279416055274,-95.71039212336592,-101.56056634466005,1.6481162913891329e-15,5.3427544696982176e-15,1.3886287576938113e-14,-2.528272216025059e-14,-5.729537740221586e-16,-1.5344603672073808e-14,82.38662309328673,-80.03069737060687,-84.61945288123668,4.0,12.753000000067777,-3.0370382166147736e-05,4.256748506011917e-15,1.608486817960299,0.45794069982587043,0.4504138742170453,0.0,-1.3032200492152923,0.0521717541204259,-0.005049799059184124,-0.05586838833861237,0.05217175412042577,-0.005049799059184125,-0.05586838833861232,0.0,0.0,0.0,1.0,0.0,1.0,1.0,1.0,1.0,1.0,1.0,1.0,0.005201367812524138,0.0010910987660211306,-0.003601380200138946,2.342005681779856e-15,7.038620139813144e-15,1.816149715449567e-14,-1.2417511019022607e-14,2.6841737439540945e-14,-5.724762281644859e-16,82.3866230932867,-80.03069737060687,-84.6194528812367,-0.6521469265053295,0.06312248823980142,0.6983548542326512
1.6400000000000012,0.04686872400921352,-0.1821123966513266,0.11997245063326896,0.6763496536679291,0.6763600282144355,-0.20625951949861387,-0.2062650451076049,111.40666039148559,-96.51069909707202,-102.4067608734724,7.934446064083062e-17,-5.3808716986527335e-15,-5.0660985088509266e-15,1.9791792531291395e-14,5.106273283146952e-16,-1.8850511738316525e-17,82.38662309328669,-80.03069737060687,-84.61945288123668,4.0,12.752999999904386,-3.037038216618937e-05,3.771254583587543e-15,1.6084868179602985,0.4579406998258705,0.4504138742170453,0.0,-1.3032200492152928,0.05217175412042671,-0.0050497990591841044,-0.055868388338612095,0.05217175412042721,-0.005049799059184098,-0.0558683883386119,0.0,0.0,0.0,1.0,0.0,1.0,1.0,1.0,1.0,1.0,1.0,1.0,0.00520136781252445,0.001091098766020718,-0.0036013802001389314,1.2731079163321236e-17,-7.132248519998917e-15,-6.727342126733531e-15,1.6434214930824028e-14,-1.1028700007437386e-14,5.103949111505589e-16,82.3866230932867,-80.03069737060687,-84.61945288123668,-0.6521469265053295,0.06312248823980142,0.6983548542326512
1.6500000000000012,0.04686872400921352,-0.18211239665132659,0.11997245063326907,0.6763496536679291,0.6763600282144355,-0.20625951949861387,-0.20626504510760496,112.23052662241844,-97.31100607077812,-103.25295540228474,7.65390790724186e-16,2.903185001065309e-15,8.48377262214464e-15,-1.3627266291860755e-14,-3.1972260173550126e-16,-7.281892420509445e-15,82.38662309328672,-80.03069737060687,-84.6194528812367,4.0,12.753000000168027,-3.0370382166078347e-05,2.266023750622559e-15,1.6084868179603,0.4579406998258704,0.4504138742170453,0.0,-1.3032200492152912,0.05217175412042611,-0.005049799059184122,-0.05586838833861222,0.0521717541204259,-0.005049799059184124,-0.05586838833861237,0.0,0.0,0.0,1.0,0.0,1.0,1.0,1.0,1.0,1.0,1.0,1.0,0.0052013678125241904,0.001091098766020985,-0.003601380200138944,1.0873554678654812e-15,3.827445669065752e-15,1.1141814003008626e-14,-7.244741506810032e-15,1.3647059075505915e-14,-3.194768291657974e-16,82.3866230932867,-80.03069737060687,-84.61945288123671,-0.6521469265053293,0.06312248823980145,0.6983548542326511
1.6600000000000013,0.04686872400921352,-0.18211239665132659,0.11997245063326906,0.6763496536679291,0.6763600282144355,-0.20625951949861387,-0.20626504510760496,113.05439285335129,-98.11131304448422,-104.09914993109709,5.950518998407711e-16,2.2681995912794323e-15,6.304666066562015e-15,-1.0275461008212881e-14,-4.2030262072079736e-16,-1.0454115800094332e-14,82.38662309328673,-80.03069737060687,-84.61945288123671,4.0,12.752999999811543,-3.0370382166092225e-05,2.3188633869258554e-15,1.6084868179603,0.45794069982587055,0.4504138742170453,0.0,-1.3032200492152917,0.05217175412042616,-0.0050497990591841235,-0.055868388338612275,0.05217175412042671,-0.0050497990591841044,-0.055868388338612095,0.0,0.0,0.0,1.0,0.0,1.0,1.0,1.0,1.0,1.0,1.0,1.0,0.005201367812524247,0.0010910987660209944,-0.0036013802001389457,8.726076559970603e-16,2.9648645392317183e-15,8.167480195436926e-15,-2.6931520546874908e-15,1.4409051768501963e-14,-4.200589589967827e-16,82.38662309328672,-80.03069737060687,-84.61945288123673,-0.6521469265053293,0.06312248823980145,0.6983548542326511
1.6700000000000013,0.04686872400921352,-0.18211239665132656,0.11997245063326918,0.6763496536679291,0.6763600282144355,-0.20625951949861385,-0.20626504510760504,113.87825908428414,-98.91162001819032,-104.94534445990944,-1.5738336019752228e-16,7.340405363588595e-16,-1.4764221331938391e-15,-9.03797331869465e-16,-6.445765914067297e-17,5.463860338862293e-16,82.38662309328673,-80.03069737060687,-84.61945288123674,4.0,12.753000000214758,-3.0370382165967325e-05,6.399975292334568e-16,1.6084868179603014,0.4579406998258708,0.4504138742170453,0.0,-1.30322004921529,0.05217175412042633,-0.005049799059184117,-0.05586838833861209,0.05217175412042611,-0.005049799059184122,-0.05586838833861222,0.0,0.0,0.0,1.0,0.0,1.0,1.0,1.0,1.0,1.0,1.0,1.0,0.005201367812524267,0.0010910987660208375,-0.00360138020013894,-1.9624116605940275e-16,9.671873715301426e-16,-1.9682333152664976e-15,-1.0548900542804773e-15,5.093947460070128e-17,-6.445345801212549e-17,82.38662309328673,-80.03069737060687,-84.61945288123674,-0.6521469265053292,0.06312248823980145,0.6983548542326512
1.6800000000000013,0.04686872400921352,-0.18211239665132656,0.11997245063326913,0.6763496536679291,0.6763600282144355,-0.20625951949861385,-0.20626504510760502,114.70212531521699,-99.71192699189642,-105.79153898872178,2.7393982003928367e-17,4.123810094629696e-15,8.837571977094509e-15,-1.3821745737613772e-14,-9.112251919880489e-16,-1.5928820459518832e-14,82.38662309328676,-80.03069737060687,-84.61945288123671,4.0,12.752999999703018,-3.0370382166022836e-05,4.695398828457743e-15,1.608486817960301,0.457940699825871,0.4504138742170453,0.0,-1.3032200492152908,0.0521717541204261,-0.0050497990591841305,-0.05586838833861238,0.05217175412042616,-0.0050497990591841235,-0.055868388338612275,0.0,0.0,0.0,1.0,0.0,1.0,1.0,1.0,1.0,1.0,1.0,1.0,0.005201367812524252,0.0010910987660210634,-0.0036013802001389522,1.7727409032832447e-16,5.3894643427023746e-15,1.1397765769330745e-14,-2.580916578597534e-15,2.0931017253460815e-14,-9.108754947800819e-16,82.38662309328674,-80.03069737060687,-84.61945288123673,-0.6521469265053293,0.06312248823980142,0.6983548542326512
1.6900000000000013,0.04686872400921352,-0.18211239665132656,0.11997245063326913,0.6763496536679291,0.6763600282144355,-0.20625951949861385,-0.20626504510760504,115.52599154614984,-100.51223396560252,-106.63773351753413,-7.382710319429218e-16,-4.651306025206794e-15,-1.767673169481437e-14,2.113132602592403e-14,1.0084739980060752e-15,2.1044234245782653e-14,82.38662309328672,-80.03069737060687,-84.61945288123677,4.0,12.752999999979078,-3.0370382166022836e-05,4.987576449675511e-15,1.608486817960301,0.45794069982587127,0.4504138742170453,0.0,-1.303220049215291,0.052171754120426725,-0.0050497990591840975,-0.05586838833861171,0.05217175412042633,-0.005049799059184117,-0.05586838833861209,0.0,0.0,0.0,1.0,0.0,1.0,1.0,1.0,1.0,1.0,1.0,1.0,0.005201367812524338,0.0010910987660205224,-0.0036013802001389266,-1.171258011546733e-15,-6.091820399657934e-15,-2.2941607384445082e-14,5.792044514132075e-15,-2.925484497645391e-14,1.0079782536760606e-15,82.38662309328673,-80.03069737060687,-84.61945288123675,-0.6521469265053292,0.06312248823980145,0.6983548542326512
1.7000000000000013,0.04686872400921352,-0.18211239665132656,0.11997245063326913,0.6763496536679291,0.6763600282144355,-0.20625951949861382,-0.20626504510760504,116.34985777708269,-101.31254093930862,-107.48392804634648,-1.5268372319776654e-16,4.805216755546881e-15,1.5343434499190175e-14,-1.5320934180882168e-14,-1.319738039179882e-15,-2.474780465785e-14,82.38662309328677,-80.03069737060687,-84.61945288123671,4.0,12.753000000019988,-3.0370382166036713e-05,6.338203395405565e-15,1.608486817960301,0.4579406998258709,0.4504138742170453,0.0,-1.3032200492152912,0.052171754120426066,-0.005049799059184136,-0.05586838833861255,0.0521717541204261,-0.0050497990591841305,-0.05586838833861238,0.0,0.0,0.0,1.0,0.0,1.0,1.0,1.0,1.0,1.0,1.0,1.0,0.005201367812524286,0.0010910987660211551,-0.0036013802001389574,1.384973049600693e-17,6.237404457313332e-15,1.9875379253980327e-14,1.0962425745205132e-15,2.908581019491952e-14,-1.319267059018161e-15,82.38662309328676,-80.03069737060687,-84.61945288123674,-0.6521469265053292,0.0631224882398014,0.6983548542326513
1.7100000000000013,0.04686872400921352,-0.18211239665132656,0.11997245063326907,0.6763496536679291,0.6763600282144355,-0.20625951949861387,-0.20626504510760502,117.17372400801554,-102.11284791301472,-108.33012257515882,-1.314000259640634e-15,-3.9672930155699505e-15,-1.8342649439771035e-14,1.9480745346175942e-14,1.1968617743223454e-15,3.354733347882118e-14,82.38662309328672,-80.03069737060687,-84.61945288123677,4.0,12.752999999925356,-3.037038216606447e-05,5.6001961475477285e-15,1.6084868179603,0.4579406998258709,0.4504138742170453,0.0,-1.303220049215292,0.052171754120426704,-0.005049799059184097,-0.05586838833861149,0.052171754120426725,-0.0050497990591840975,-0.05586838833861171,0.0,0.0,0.0,1.0,0.0,1.0,1.0,1.0,1.0,1.0,1.0,1.0,0.005201367812524249,0.0010910987660204196,-0.0036013802001389258,-2.0134407651544823e-15,-5.1358027489879276e-15,-2.3762933403305504e-14,-2.5546996037952938e-15,-3.870914652062177e-14,1.19623846620681e-15,82.38662309328673,-80.03069737060687,-84.61945288123674,-0.6521469265053293,0.06312248823980147,0.6983548542326512
1.7200000000000013,0.04686872400921352,-0.18211239665132656,0.11997245063326907,0.6763496536679291,0.6763600282144355,-0.20625951949861385,-0.20626504510760504,117.99759023894839,-102.91315488672082,-109.17631710397117,1.661806185262701e-16,-6.212762526738795e-16,1.3961535871608304e-16,3.707836154063952e-15,2.877393617241314e-17,-3.18169282710387e-15,82.38662309328674,-80.03069737060687,-84.61945288123673,4.0,12.753000000126843,-3.0370382166078347e-05,1.0930063233140706e-16,1.6084868179603,0.4579406998258709,0.4504138742170453,0.0,-1.3032200492152919,0.05217175412042641,-0.005049799059184115,-0.05586838833861215,0.052171754120426066,-0.005049799059184136,-0.05586838833861255,0.0,0.0,0.0,1.0,0.0,1.0,1.0,1.0,1.0,1.0,1.0,1.0,0.00520136781252433,0.0010910987660208414,-0.003601380200138943,2.272428848806537e-16,-8.488719727220367e-16,5.365617433209484e-17,4.852316840188778e-15,5.711740800422729e-16,2.876775172189694e-17,82.38662309328674,-80.03069737060687,-84.61945288123673,-0.6521469265053292,0.06312248823980145,0.6983548542326512
1.7300000000000013,0.04686872400921352,-0.18211239665132656,0.11997245063326896,0.6763496536679291,0.6763600282144355,-0.20625951949861393,-0.20626504510760493,118.82145646988124,-103.71346186042692,-110.02251163278352,-1.7588115326785287e-16,-2.801534674440843e-15,-8.985867226027597e-15,1.0863219661441231e-14,9.335531225277829e-16,2.0991830031237683e-14,82.38662309328676,-80.03069737060687,-84.61945288123675,4.0,12.752999999888758,-3.037038216617549e-05,4.2312595264339165e-15,1.6084868179602985,0.4579406998258707,0.4504138742170453,0.0,-1.3032200492152934,0.05217175412042655,-0.005049799059184106,-0.05586838833861172,0.052171754120426704,-0.005049799059184097,-0.05586838833861149,0.0,0.0,0.0,1.0,0.0,1.0,1.0,1.0,1.0,1.0,1.0,1.0,0.005201367812524251,0.0010910987660205833,-0.003601380200138927,-4.090279884391358e-16,-3.603670809732519e-15,-1.16497076020785e-14,-2.69942860543429e-15,-2.348148746661952e-14,9.331786885862518e-16,82.38662309328677,-80.03069737060687,-84.61945288123674,-0.6521469265053295,0.06312248823980153,0.6983548542326512
1.7400000000000013,0.04686872400921352,-0.18211239665132656,0.11997245063326901,0.6763496536679291,0.6763600282144355,-0.2062595194986139,-0.206265045107605,119.64532270081409,-104.51376883413302,-110.86870616159587,4.728821897262758e-16,-1.0841302165535745e-15,-7.14751781101706e-16,2.1820170224832135e-15,4.426207146178288e-16,6.820134838302254e-15,82.38662309328679,-80.03069737060687,-84.61945288123673,4.0,12.753000000208205,-3.0370382166133858e-05,1.9169774612395966e-15,1.6084868179602991,0.45794069982587104,0.4504138742170453,0.0,-1.3032200492152926,0.05217175412042639,-0.005049799059184112,-0.05586838833861196,0.05217175412042641,-0.005049799059184115,-0.05586838833861215,0.0,0.0,0.0,1.0,0.0,1.0,1.0,1.0,1.0,1.0,1.0,1.0,0.005201367812524257,0.0010910987660207611,-0.0036013802001389366,5.617000316962884e-16,-1.3894415483254925e-15,-9.194532643327909e-16,-1.9951219956282476e-15,-6.877137440925551e-15,4.425149005625076e-16,82.38662309328679,-80.03069737060687,-84.61945288123673,-0.6521469265053293,0.0631224882398015,0.6983548542326511
1.7500000000000013,0.04686872400921352,-0.18211239665132656,0.11997245063326897,0.6763496536679291,0.6763600282144355,-0.20625951949861396,-0.20626504510760493,120.46918893174694,-105.31407580783912,-111.71490069040821,5.413397150901195e-16,1.0918466431283107e-15,1.1698263542172201e-14,-5.765525366250309e-15,-6.985104295002025e-16,-2.2396077271726042e-14,82.38662309328679,-80.03069737060687,-84.61945288123671,4.0,12.752999999734197,-3.0370382166161614e-05,2.991869579614004e-15,1.6084868179602987,0.457940699825871,0.4504138742170453,0.0,-1.303220049215293,0.05217175412042625,-0.005049799059184138,-0.0558683883386125,0.05217175412042655,-0.005049799059184106,-0.05586838833861172,0.0,0.0,0.0,1.0,0.0,1.0,1.0,1.0,1.0,1.0,1.0,1.0,0.005201367812524363,0.0010910987660210799,-0.0036013802001389496,8.577532771082891e-16,1.363851284161474e-15,1.5044125524685234e-14,7.713222226700354e-15,2.1802115152522255e-14,-6.981794094760854e-16,82.38662309328679,-80.03069737060687,-84.61945288123674,-0.6521469265053295,0.06312248823980157,0.6983548542326512
1.7600000000000013,0.04686872400921352,-0.18211239665132656,0.11997245063326906,0.6763496536679291,0.6763600282144355,-0.20625951949861387,-0.206265045107605,121.29305516267979,-106.11438278154522,-112.56109521922056,4.78439965755799e-16,-2.055150400475223e-15,-1.053924556594924e-14,5.355698634607074e-15,1.1023713012683463e-15,2.4576031170575465e-14,82.38662309328679,-80.03069737060687,-84.61945288123677,4.0,12.752999999976645,-3.0370382166092225e-05,4.717072596478714e-15,1.6084868179603,0.4579406998258711,0.4504138742170453,0.0,-1.3032200492152919,0.05217175412042645,-0.005049799059184097,-0.055868388338611644,0.05217175412042639,-0.005049799059184112,-0.05586838833861196,0.0,0.0,0.0,1.0,0.0,1.0,1.0,1.0,1.0,1.0,1.0,1.0,0.005201367812524179,0.001091098766020584,-0.0036013802001389253,4.451332750170443e-16,-2.6019352401031127e-15,-1.3558263013734363e-14,-9.269775677220648e-15,-2.3382404718491628e-14,1.102019474582561e-15,82.38662309328679,-80.03069737060687,-84.61945288123674,-0.6521469265053293,0.06312248823980146,0.6983548542326511
1.7700000000000014,0.04686872400921352,-0.18211239665132656,0.1199724506332691,0.6763496536679291,0.6763600282144355,-0.20625951949861382,-0.20626504510760504,122.11692139361264,-106.91468975525132,-113.40728974803291,4.121859623981888e-16,2.6305562211104323e-15,1.752341975289581e-14,-1.0467731426172756e-14,-1.7269209815231647e-15,-4.92199045249578e-14,82.38662309328679,-80.03069737060687,-84.6194528812367,4.0,12.752999999683123,-3.037038216606447e-05,7.366135903330906e-15,1.6084868179603005,0.457940699825871,0.4504138742170453,0.0,-1.3032200492152914,0.052171754120426156,-0.0050497990591841435,-0.055868388338613,0.05217175412042625,-0.005049799059184138,-0.0558683883386125,0.0,0.0,0.0,1.0,0.0,1.0,1.0,1.0,1.0,1.0,1.0,1.0,0.005201367812524477,0.0010910987660213466,-0.003601380200138963,8.784796327407546e-16,3.255056672462083e-15,2.2439893726790695e-14,1.877961022028255e-14,4.6685126810450035e-14,-1.7262193949016604e-15,82.38662309328677,-80.03069737060687,-84.61945288123674,-0.6521469265053292,0.0631224882398014,0.6983548542326513
1.7800000000000014,0.04686872400921352,-0.18211239665132656,0.11997245063326914,0.6763496536679291,0.6763600282144355,-0.2062595194986138,-0.2062650451076051,122.9407876245455,-107.71499672895742,-114.25348427684526,-1.3591482805970799e-15,-1.2979373212746928e-15,-1.4716192096361313e-14,1.041179210367868e-14,1.0209443887504325e-15,3.8058218249889554e-14,82.38662309328679,-80.03069737060687,-84.61945288123677,4.0,12.752999999926995,-3.0370382166022836e-05,4.343538317989558e-15,1.608486817960301,0.4579406998258711,0.4504138742170453,0.0,-1.3032200492152912,0.05217175412042653,-0.005049799059184092,-0.05586838833861143,0.05217175412042645,-0.005049799059184097,-0.055868388338611644,0.0,0.0,0.0,1.0,0.0,1.0,1.0,1.0,1.0,1.0,1.0,1.0,0.005201367812524143,0.0010910987660204315,-0.003601380200138928,-2.047486555864677e-15,-1.5949219803619222e-15,-1.8941161795435252e-14,-1.2597521399527022e-14,-3.739167031249121e-14,1.0203746575637151e-15,82.3866230932868,-80.03069737060687,-84.61945288123673,-0.6521469265053292,0.06312248823980138,0.6983548542326514
1.7900000000000014,0.04686872400921352,-0.18211239665132656,0.11997245063326917,0.6763496536679291,0.6763600282144355,-0.20625951949861376,-0.20626504510760513,123.76465385547834,-108.51530370266352,-115.0996788056576,-6.89825029817926e-16,1.287344999433327e-15,5.381076015730605e-15,-1.3847046325926816e-15,-9.115190756278732e-16,-2.011445401907724e-14,82.38662309328679,-80.03069737060687,-84.6194528812367,4.0,12.7530000000984,-3.0370382166008958e-05,3.8647381230225696e-15,1.6084868179603014,0.4579406998258712,0.4504138742170453,0.0,-1.3032200492152908,0.052171754120426315,-0.005049799059184124,-0.055868388338612476,0.052171754120426156,-0.0050497990591841435,-0.055868388338613,0.0,0.0,0.0,1.0,0.0,1.0,1.0,1.0,1.0,1.0,1.0,1.0,0.005201367812524385,0.0010910987660210291,-0.0036013802001389505,-7.67540641541687e-16,1.5787785433974303e-15,6.8406669447087e-15,1.0075324433565014e-14,1.7464162321605913e-14,-9.112663679400834e-16,82.38662309328679,-80.03069737060687,-84.61945288123671,-0.6521469265053292,0.06312248823980135,0.6983548542326514
1.8000000000000014,0.04686872400921352,-0.18211239665132656,0.11997245063326908,0.6763496536679291,0.6763600282144355,-0.20625951949861382,-0.20626504510760507,124.5885200864112,-109.31561067636962,-115.94587333446995,-1.033648918765202e-15,-3.784499278861255e-17,-3.4184626434835232e-15,4.756281671679845e-15,9.289813408492871e-18,7.212874838188898e-15,82.38662309328679,-80.03069737060687,-84.61945288123674,4.0,12.75299999985905,-3.0370382166078347e-05,4.88492408900163e-17,1.6084868179603002,0.45794069982587093,0.4504138742170453,0.0,-1.303220049215292,0.052171754120426427,-0.005049799059184114,-0.05586838833861198,0.05217175412042653,-0.005049799059184092,-0.05586838833861143,0.0,0.0,0.0,1.0,0.0,1.0,1.0,1.0,1.0,1.0,1.0,1.0,0.0052013678125242754,0.0010910987660207431,-0.0036013802001389405,-1.4222269773840069e-15,-5.1722780596426993e-17,-4.448646973036202e-15,-7.809724163366539e-17,-8.639541781063525e-15,9.149124350113186e-18,82.38662309328679,-80.03069737060687,-84.61945288123673,-0.6521469265053292,0.06312248823980142,0.6983548542326513
1.8100000000000014,0.04686872400921352,-0.18211239665132656,0.11997245063326915,0.6763496536679291,0.6763600282144355,-0.20625951949861374,-0.20626504510760515,125.41238631734404,-110.11591765007572,-116.7920678632823,-1.3260560070034344e-15,5.124938791431668e-16,-1.7415842872522916e-15,3.220047883120351e-15,-7.451623832111249e-17,9.24239186882528e-15,82.38662309328679,-80.03069737060687,-84.61945288123675,4.0,12.753000000174211,-3.0370382166022836e-05,2.9751053599650845e-16,1.6084868179603011,0.4579406998258711,0.4504138742170453,0.0,-1.3032200492152914,0.0521717541204264,-0.005049799059184106,-0.055868388338611956,0.052171754120426315,-0.005049799059184124,-0.055868388338612476,0.0,0.0,0.0,1.0,0.0,1.0,1.0,1.0,1.0,1.0,1.0,1.0,0.00520136781252425,0.0010910987660207373,-0.0036013802001389427,-1.7923496773460002e-15,6.901295630831919e-16,-2.2377068187852512e-15,-2.485423598328955e-15,-9.466422952233314e-15,-7.466272556715543e-17,82.38662309328679,-80.03069737060687,-84.61945288123674,-0.6521469265053292,0.06312248823980131,0.6983548542326515
1.8200000000000014,0.04686872400921352,-0.18211239665132656,0.11997245063326907,0.6763496536679291,0.6763600282144355,-0.20625951949861382,-0.20626504510760504,126.2362525482769,-110.91622462378182,-117.63826239209465,-8.819269420535457e-16,4.824040633018535e-16,4.1315749015775776e-15,2.6514165527892676e-15,-6.846322354433883e-16,-1.5611775454831685e-14,82.38662309328679,-80.03069737060687,-84.61945288123671,4.0,12.752999999799247,-3.0370382166092225e-05,2.9724199110995245e-15,1.6084868179603,0.457940699825871,0.4504138742170453,0.0,-1.3032200492152923,0.05217175412042639,-0.005049799059184124,-0.055868388338612386,0.052171754120426427,-0.005049799059184114,-0.05586838833861198,0.0,0.0,0.0,1.0,0.0,1.0,1.0,1.0,1.0,1.0,1.0,1.0,0.005201367812524397,0.001091098766020967,-0.00360138020013895,-1.0651137411166965e-15,5.323640994099856e-16,5.155353348686665e-15,1.0911981715385133e-14,1.1475469759543206e-14,-6.844798954013644e-16,82.38662309328679,-80.03069737060687,-84.61945288123673,-0.6521469265053292,0.0631224882398014,0.6983548542326513
1.8300000000000014,0.04686872400921352,-0.18211239665132656,0.11997245063326917,0.6763496536679291,0.6763600282144355,-0.20625951949861368,-0.20626504510760518,127.06011877920974,-111.71653159748791,-118.484456920907,-1.953547030027536e-15,5.263707039850574e-16,-7.0874049111616985e-15,4.5277120229322686e-15,4.3605018872142846e-16,3.164136223458644e-14,82.38662309328679,-80.03069737060687,-84.61945288123675,4.0,12.753000000288838,-3.0370382166022836e-05,1.940777035261714e-15,1.6084868179603014,0.4579406998258711,0.4504138742170453,0.0,-1.303220049215291,0.05217175412042643,-0.005049799059184092,-0.055868388338611574,0.0521717541204264,-0.005049799059184106,-0.055868388338611956,0.0,0.0,0.0,1.0,0.0,1.0,1.0,1.0,1.0,1.0,1.0,1.0,0.005201367812524127,0.001091098766020526,-0.003601380200138937,-2.7640098380039004e-15,7.955997874566578e-16,-9.006285958057626e-15,-1.3899498779260186e-14,-2.878333345000545e-14,4.3562504650942953e-16,82.38662309328679,-80.03069737060687,-84.61945288123673,-0.6521469265053293,0.06312248823980125,0.6983548542326518
1.8400000000000014,0.046868724009213485,-0.18211239665132656,0.11997245063326911,0.6763496536679291,0.6763600282144355,-0.20625951949861376,-0.2062650451076051,127.8839850101426,-112.51683857119401,-119.33065144971934,-2.3329545249658665e-15,4.658843840950331e-16,9.016832376183536e-15,1.1280997868319577e-14,-1.3787275302923819e-15,-3.096012676790438e-14,82.38662309328679,-80.03069737060687,-84.61945288123667,4.0,12.752999999746937,-3.037038216606447e-05,6.106044923294534e-15,1.6084868179603005,0.4579406998258711,0.4504138742170453,0.0,-1.3032200492152914,0.052171754120426544,-0.005049799059184132,-0.05586838833861267,0.05217175412042639,-0.005049799059184124,-0.055868388338612386,0.0,0.0,0.0,1.0,0.0,1.0,1.0,1.0,1.0,1.0,1.0,1.0,0.005201367812524564,0.0010910987660210476,-0.003601380200138955,-2.882514922155319e-15,3.853932148097092e-16,1.1361801520637629e-14,2.6637787396371386e-14,1.9396372929016994e-14,-1.3784962157158719e-15,82.3866230932868,-80.03069737060687,-84.6194528812367,-0.6521469265053292,0.06312248823980134,0.6983548542326514
1.8500000000000014,0.04686872400921345,-0.18211239665132656,0.11997245063326915,0.6763496536679291,0.6763600282144355,-0.2062595194986137,-0.20626504510760515,128.70785124107545,-113.31714554490011,-120.17684597853169,-2.2900216139263727e-15,-9.321861018795238e-18,-1.6043014294268137e-14,7.455717856071083e-15,1.2456594153141642e-15,6.114186273805723e-14,82.38662309328679,-80.03069737060687,-84.61945288123675,4.0,12.752999999976538,-3.0370382166022836e-05,5.616512419035587e-15,1.6084868179603011,0.457940699825871,0.4504138742170453,0.0,-1.3032200492152908,0.052171754120426475,-0.0050497990591840776,-0.05586838833861102,0.05217175412042643,-0.005049799059184092,-0.055868388338611574,0.0,0.0,0.0,1.0,0.0,1.0,1.0,1.0,1.0,1.0,1.0,1.0,0.005201367812523975,0.001091098766020239,-0.0036013802001389258,-3.394693523428403e-15,2.0717162878311027e-16,-2.0445072729659514e-14,-2.7931813678435353e-14,-5.4897458052298046e-14,1.2448530985962947e-15,82.3866230932868,-80.03069737060687,-84.6194528812367,-0.6521469265053292,0.06312248823980125,0.6983548542326515
1.8600000000000014,0.046868724009213415,-0.18211239665132656,0.11997245063326915,0.6763496536679291,0.6763600282144355,-0.20625951949861374,-0.20626504510760513,129.5317174720083,-114.11745251860621,-121.02304050734404,-2.756113514659841e-15,6.593287141641389e-16,1.392459612862762e-14,1.3442665849761405e-14,-1.974486086377164e-15,-5.0545001052187895e-14,82.38662309328679,-80.03069737060687,-84.61945288123661,4.0,12.75299999968371,-3.0370382166036713e-05,8.997694469830502e-15,1.6084868179603011,0.45794069982587104,0.4504138742170453,0.0,-1.3032200492152908,0.052171754120426586,-0.005049799059184139,-0.05586838833861303,0.052171754120426544,-0.005049799059184132,-0.05586838833861267,0.0,0.0,0.0,1.0,0.0,1.0,1.0,1.0,1.0,1.0,1.0,1.0,0.005201367812524701,0.0010910987660212085,-0.0036013802001389657,-3.322327257218671e-15,5.344286238938089e-16,1.7526393520425642e-14,3.93604568687405e-14,3.444210437245381e-14,-1.974049974123437e-15,82.3866230932868,-80.03069737060687,-84.61945288123667,-0.6521469265053292,0.0631224882398013,0.6983548542326515
1.8700000000000014,0.04686872400921338,-0.18211239665132656,0.11997245063326914,0.6763496536679291,0.6763600282144355,-0.20625951949861374,-0.20626504510760513,130.35558370294115,-114.91775949231231,-121.86923503615638,-2.2692378154529854e-15,8.443778545671794e-17,-1.0145447112023569e-14,8.445296097124095e-15,5.789856980233137e-16,3.769210281109225e-14,82.38662309328679,-80.03069737060687,-84.61945288123671,4.0,12.75299999993739,-3.037038216605059e-05,2.6736934768012692e-15,1.608486817960301,0.4579406998258709,0.4504138742170453,0.0,-1.3032200492152908,0.052171754120426496,-0.005049799059184093,-0.05586838833861144,0.052171754120426475,-0.0050497990591840776,-0.05586838833861102,0.0,0.0,0.0,1.0,0.0,1.0,1.0,1.0,1.0,1.0,1.0,1.0,0.005201367812524126,0.0010910987660204435,-0.003601380200138934,-3.2406829619999978e-15,2.1766454841173675e-16,-1.2969652622462797e-14,-1.4025065454245564e-14,-3.5990496067474724e-14,5.784433851125135e-16,82.3866230932868,-80.03069737060687,-84.61945288123667,-0.6521469265053292,0.0631224882398013,0.6983548542326515
1.8800000000000014,0.046868724009213346,-0.18211239665132656,0.11997245063326918,0.6763496536679291,0.6763600282144355,-0.2062595194986137,-0.20626504510760515,131.179449933874,-115.71806646601841,-122.71542956496873,-3.1825561315264617e-15,8.652670630868566e-16,1.4760613443784622e-14,1.4800249693564025e-14,-2.236406234986142e-15,-5.880253200218411e-14,82.38662309328679,-80.03069737060687,-84.61945288123664,4.0,12.753000000018192,-3.037038216599508e-05,1.0494044984913992e-14,1.6084868179603014,0.4579406998258708,0.4504138742170453,0.0,-1.3032200492152906,0.05217175412042661,-0.00504979905918414,-0.055868388338613184,0.052171754120426586,-0.005049799059184139,-0.05586838833861303,0.0,0.0,0.0,1.0,0.0,1.0,1.0,1.0,1.0,1.0,1.0,1.0,0.00520136781252476,0.0010910987660212766,-0.003601380200138968,-3.843138831178429e-15,7.570203181859039e-16,1.8579238463638286e-14,4.509492772622355e-14,4.0536834698463907e-14,-2.2358890186475385e-15,82.3866230932868,-80.03069737060687,-84.6194528812367,-0.6521469265053292,0.06312248823980125,0.6983548542326515
1.8900000000000015,0.04686872400921331,-0.18211239665132656,0.11997245063326913,0.6763496536679291,0.6763600282144355,-0.20625951949861376,-0.2062650451076051,132.00331616480685,-116.51837343972451,-123.56162409378108,-2.0980426916917662e-15,4.646510445996983e-16,-7.337198221387114e-15,5.699340450104511e-15,2.791346208974086e-16,2.7386825733084565e-14,82.38662309328679,-80.03069737060687,-84.61945288123674,4.0,12.752999999869045,-3.037038216605059e-05,1.326067243419884e-15,1.608486817960301,0.4579406998258711,0.4504138742170453,0.0,-1.3032200492152912,0.05217175412042645,-0.005049799059184102,-0.05586838833861162,0.052171754120426496,-0.005049799059184093,-0.05586838833861144,0.0,0.0,0.0,1.0,0.0,1.0,1.0,1.0,1.0,1.0,1.0,1.0,0.0052013678125241635,0.0010910987660205517,-0.0036013802001389384,-2.919607729914382e-15,6.922467646478555e-16,-9.392081443306588e-15,-1.0553112628417142e-14,-2.5906615682385172e-14,2.7874571613365414e-16,82.38662309328679,-80.03069737060687,-84.61945288123671,-0.6521469265053292,0.06312248823980134,0.6983548542326514
1.9000000000000015,0.046868724009213276,-0.18211239665132656,0.11997245063326917,0.6763496536679291,0.6763600282144355,-0.2062595194986137,-0.20626504510760515,132.8271823957397,-117.31868041343061,-124.40781862259342,-2.0027081884662943e-15,8.006180967579032e-16,-3.2880238916251598e-15,4.012874715810178e-15,-7.411128165408726e-17,1.525781623498954e-14,82.38662309328679,-80.03069737060687,-84.61945288123673,4.0,12.75300000016922,-3.0370382166008958e-05,2.8925719855400223e-16,1.6084868179603014,0.4579406998258713,0.4504138742170453,0.0,-1.3032200492152908,0.05217175412042641,-0.005049799059184102,-0.055868388338611845,0.05217175412042661,-0.00504979905918414,-0.055868388338613184,0.0,0.0,0.0,1.0,0.0,1.0,1.0,1.0,1.0,1.0,1.0,1.0,0.005201367812524222,0.0010910987660206742,-0.0036013802001389423,-2.7354553847188974e-15,1.0781738529141922e-15,-4.227447922598319e-15,-5.1842803054855595e-15,-1.490058132536909e-14,-7.43377951276685e-17,82.38662309328679,-80.03069737060687,-84.61945288123671,-0.6521469265053292,0.06312248823980125,0.6983548542326515
1.9100000000000015,0.04686872400921327,-0.18211239665132656,0.11997245063326908,0.6763496536679291,0.6763600282144355,-0.20625951949861382,-0.20626504510760502,133.65104862667255,-118.11898738713671,-125.25401315140577,-1.760271081515428e-15,7.060058827363519e-16,3.291985517067124e-15,5.0953275882857314e-15,-7.085240504567215e-16,-1.3303308111141479e-14,82.38662309328679,-80.03069737060687,-84.6194528812367,4.0,12.752999999803738,-3.037038216606447e-05,3.5486096167082266e-15,1.6084868179603002,0.45794069982587104,0.4504138742170453,0.0,-1.303220049215292,0.05217175412042644,-0.0050497990591841235,-0.05586838833861234,0.05217175412042645,-0.005049799059184102,-0.05586838833861162,0.0,0.0,0.0,1.0,0.0,1.0,1.0,1.0,1.0,1.0,1.0,1.0,0.0052013678125243995,0.0010910987660209296,-0.0036013802001389488,-2.226564751857994e-15,8.170281851988674e-16,4.165191662653207e-15,1.1651811673345221e-14,8.196083904348008e-15,-7.084275712928695e-16,82.38662309328679,-80.03069737060687,-84.61945288123671,-0.6521469265053293,0.06312248823980138,0.6983548542326512
1.9200000000000015,0.04686872400921325,-0.18211239665132656,0.11997245063326913,0.6763496536679291,0.6763600282144355,-0.20625951949861376,-0.20626504510760507,134.4749148576054,-118.91929436084281,-126.10020768021812,-1.1728592972969405e-15,7.02662766115633e-17,-9.83277365015195e-15,2.9210662760153265e-15,8.110221623549128e-16,4.196585260838961e-14,82.38662309328679,-80.03069737060687,-84.61945288123674,4.0,12.753000000253813,-3.037038216605059e-05,4.13435553210007e-15,1.608486817960301,0.45794069982587104,0.4504138742170453,0.0,-1.3032200492152917,0.0521717541204264,-0.00504979905918409,-0.05586838833861135,0.05217175412042641,-0.005049799059184102,-0.055868388338611845,0.0,0.0,0.0,1.0,0.0,1.0,1.0,1.0,1.0,1.0,1.0,1.0,0.005201367812524054,0.0010910987660204415,-0.0036013802001389323,-1.8056864213332797e-15,2.701064210440915e-16,-1.2547995255053122e-14,-2.0994063734456843e-14,-3.6454294078847975e-14,8.1049454792947555e-16,82.38662309328679,-80.03069737060687,-84.6194528812367,-0.6521469265053292,0.06312248823980131,0.6983548542326513
1.9300000000000015,0.04686872400921325,-0.18211239665132656,0.11997245063326907,0.6763496536679291,0.6763600282144355,-0.20625951949861382,-0.20626504510760502,135.29878108853825,-119.71960133454891,-126.94640220903047,-1.2260250604747211e-15,4.0625071963440716e-16,1.1278670820922994e-14,6.467956793605449e-15,-1.417249593810123e-15,-4.849654014220419e-14,82.38662309328679,-80.03069737060687,-84.61945288123665,4.0,12.752999999732491,-3.0370382166078347e-05,7.257774154713425e-15,1.6084868179603,0.45794069982587104,0.4504138742170453,0.0,-1.303220049215292,0.05217175412042647,-0.005049799059184136,-0.05586838833861297,0.05217175412042644,-0.0050497990591841235,-0.05586838833861234,0.0,0.0,0.0,1.0,0.0,1.0,1.0,1.0,1.0,1.0,1.0,1.0,0.005201367812524625,0.001091098766021235,-0.003601380200138957,-1.3203940175678592e-15,2.6192172643313683e-16,1.422729851163269e-14,3.242958689149933e-14,3.663430311799537e-14,-1.416755577034491e-15,82.38662309328679,-80.03069737060687,-84.6194528812367,-0.6521469265053293,0.06312248823980138,0.6983548542326512
1.9400000000000015,0.04686872400921325,-0.18211239665132656,0.1199724506332691,0.6763496536679291,0.6763600282144355,-0.2062595194986138,-0.20626504510760504,136.1226473194711,-120.51990830825501,-127.79259673784281,-4.836553684959528e-16,-4.489732150283054e-16,-1.650765625694474e-14,1.0704387118473919e-15,1.6937580748530564e-15,7.271584630129811e-14,82.38662309328679,-80.03069737060687,-84.61945288123675,4.0,12.753000000331628,-3.037038216606447e-05,8.806487428025165e-15,1.6084868179603005,0.4579406998258709,0.4504138742170453,0.0,-1.303220049215292,0.052171754120426364,-0.005049799059184077,-0.0558683883386108,0.0521717541204264,-0.00504979905918409,-0.05586838833861135,0.0,0.0,0.0,1.0,0.0,1.0,1.0,1.0,1.0,1.0,1.0,1.0,0.005201367812523844,0.0010910987660201752,-0.0036013802001389193,-1.0998291471629147e-15,-2.7133753108828035e-16,-2.083405263298027e-14,-3.968905026475629e-14,-6.093867711637331e-14,1.6928907684846055e-15,82.38662309328679,-80.03069737060687,-84.61945288123668,-0.6521469265053292,0.06312248823980134,0.6983548542326513
1.9500000000000015,0.04686872400921325,-0.18211239665132656,0.11997245063326906,0.6763496536679291,0.6763600282144355,-0.20625951949861382,-0.20626504510760502,136.94651355040395,-121.32021528196111,-128.6387912666552,-5.438381886776376e-16,-1.8475801555661792e-16,5.969996338224689e-15,5.394618655308806e-15,-6.309224358875069e-16,-2.3834615369436768e-14,82.38662309328679,-80.03069737060687,-84.61945288123667,4.0,12.75300000006535,-3.0370382166092225e-05,3.294470257467126e-15,1.6084868179602998,0.457940699825871,0.4504138742170453,0.0,-1.3032200492152923,0.05217175412042645,-0.005049799059184122,-0.055868388338612525,0.05217175412042647,-0.005049799059184136,-0.05586838833861297,0.0,0.0,0.0,1.0,0.0,1.0,1.0,1.0,1.0,1.0,1.0,1.0,0.005201367812524471,0.001091098766021016,-0.0036013802001389483,-5.660426491701408e-16,-3.8737371755070896e-16,7.48847837647217e-15,1.7776913652815296e-14,1.6768196524451057e-14,-6.307056865458344e-16,82.38662309328679,-80.03069737060687,-84.6194528812367,-0.6521469265053293,0.06312248823980138,0.6983548542326512
1.9600000000000015,0.04686872400921325,-0.18211239665132656,0.11997245063326899,0.6763496536679291,0.6763600282144355,-0.20625951949861396,-0.20626504510760488,137.7703797813368,-122.12052225566721,-129.48498579546762,4.632732603105077e-16,-1.011325231332405e-15,-1.7367075444733827e-14,-1.2389508686637962e-15,2.3597835099025615e-15,9.447967990368555e-14,82.38662309328679,-80.03069737060687,-84.6194528812368,4.0,12.752999999981952,-3.0370382166133858e-05,1.260879376075745e-14,1.608486817960299,0.4579406998258708,0.4504138742170453,0.0,-1.3032200492152932,0.052171754120426336,-0.005049799059184081,-0.05586838833861039,0.052171754120426364,-0.005049799059184077,-0.0558683883386108,0.0,0.0,0.0,1.0,0.0,1.0,1.0,1.0,1.0,1.0,1.0,1.0,0.005201367812523693,0.0010910987660199976,-0.003601380200138908,2.5307050910677398e-18,-8.892006986236379e-16,-2.1723900337268105e-14,-5.3750218257347483e-14,-7.771012882883721e-14,2.3586875300695236e-15,82.38662309328679,-80.03069737060687,-84.6194528812367,-0.6521469265053295,0.06312248823980154,0.6983548542326511
1.9700000000000015,0.04686872400921325,-0.18211239665132656,0.11997245063326901,0.6763496536679291,0.6763600282144355,-0.2062595194986139,-0.20626504510760493,138.59424601226965,-122.92082922937331,-130.33118032428004,1.6757262394057227e-15,-8.481079214519129e-16,6.276691972146541e-15,-1.184603084988121e-15,-3.008895128923307e-16,-2.8524113156052634e-14,82.38662309328679,-80.03069737060687,-84.61945288123665,4.0,12.753000000128578,-3.0370382166133858e-05,1.5996530543478216e-15,1.6084868179602991,0.457940699825871,0.4504138742170453,0.0,-1.3032200492152928,0.052171754120426336,-0.0050497990591841235,-0.05586838833861261,0.05217175412042645,-0.005049799059184122,-0.055868388338612525,0.0,0.0,0.0,1.0,0.0,1.0,1.0,1.0,1.0,1.0,1.0,1.0,0.005201367812524438,0.0010910987660211022,-0.0036013802001389457,2.3640645146733197e-15,-1.225583749824466e-15,7.947968279401143e-15,1.4934183566964894e-14,2.433102313958212e-14,-3.0054030768563016e-16,82.38662309328679,-80.03069737060687,-84.61945288123668,-0.6521469265053295,0.06312248823980147,0.6983548542326512
1.9800000000000015,0.04686872400921325,-0.18211239665132656,0.11997245063326896,0.6763496536679291,0.6763600282144355,-0.206259519498614,-0.20626504510760482,139.4181122432025,-123.72113620307941,-131.17737485309246,1.4296137389881824e-15,-8.34540122449313e-16,3.3558776820344246e-15,-1.1030140717701733e-15,7.311354828394571e-17,-1.1219507708077805e-14,82.38662309328679,-80.03069737060687,-84.61945288123668,4.0,12.752999999829473,-3.0370382166161614e-05,3.1666792542484445e-16,1.6084868179602985,0.45794069982587093,0.4504138742170453,0.0,-1.3032200492152932,0.05217175412042634,-0.005049799059184129,-0.055868388338612275,0.052171754120426336,-0.005049799059184081,-0.05586838833861039,0.0,0.0,0.0,1.0,0.0,1.0,1.0,1.0,1.0,1.0,1.0,1.0,0.005201367812524334,0.0010910987660209441,-0.003601380200138937,1.9236629849463772e-15,-1.1343003390981052e-15,4.324291689043073e-15,5.3454699551794466e-15,9.925720276711456e-15,7.325839089235527e-17,82.38662309328679,-80.03069737060687,-84.6194528812367,-0.6521469265053296,0.06312248823980163,0.6983548542326509
1.9900000000000015,0.04686872400921325,-0.18211239665132656,0.11997245063326904,0.6763496536679291,0.6763600282144355,-0.20625951949861385,-0.206265045107605,140.24197847413535,-124.52144317678551,-132.02356938190488,1.1491768227302003e-15,-6.885001847428118e-16,-3.2002969791266924e-15,-2.3685950423814697e-15,7.691281133517235e-16,2.456026935191702e-14,82.38662309328679,-80.03069737060687,-84.61945288123674,4.0,12.75300000019775,-3.0370382166106102e-05,4.387693091078442e-15,1.6084868179602994,0.4579406998258709,0.4504138742170453,0.0,-1.3032200492152919,0.05217175412042631,-0.005049799059184098,-0.055868388338611644,0.052171754120426336,-0.0050497990591841235,-0.05586838833861261,0.0,0.0,0.0,1.0,0.0,1.0,1.0,1.0,1.0,1.0,1.0,1.0,0.005201367812524108,0.0010910987660206289,-0.003601380200138931,1.3434658520396025e-15,-7.634402389050097e-16,-3.942208868924702e-15,-1.5670781524800265e-14,-1.905896326398824e-14,7.688672656467662e-16,82.38662309328679,-80.03069737060687,-84.61945288123671,-0.6521469265053293,0.0631224882398014,0.6983548542326511
2.0000000000000013,0.04686872400921325,-0.18211239665132656,0.119972450633269,0.6763496536679291,0.6763600282144355,-0.20625951949861393,-0.20626504510760488,141.0658447050682,-125.32175015049161,-132.8697639107173,8.447955654158162e-16,-2.8132173402573207e-16,1.0028016424929426e-14,6.789956418702435e-17,-8.869917261306922e-16,-4.8937543859537874e-14,82.38662309328679,-80.03069737060687,-84.61945288123668,4.0,12.752999999744329,-3.0370382166133858e-05,5.132303969577206e-15,1.608486817960299,0.45794069982587077,0.4504138742170453,0.0,-1.3032200492152923,0.05217175412042636,-0.005049799059184136,-0.05586838833861297,0.05217175412042634,-0.005049799059184129,-0.055868388338612275,0.0,0.0,0.0,1.0,0.0,1.0,1.0,1.0,1.0,1.0,1.0,1.0,0.00520136781252457,0.0010910987660212798,-0.0036013802001389505,1.40545819285152e-15,-5.838575082360871e-16,1.2618432451996439e-14,2.736476232871609e-14,4.057164786824332e-14,-8.864172975452117e-16,82.38662309328679,-80.03069737060687,-84.61945288123673,-0.6521469265053295,0.0631224882398015,0.6983548542326511
2.0100000000000002,0.04686872400921325,-0.18211239665132656,0.11997245063326906,0.6763496536679291,0.6763600282144355,-0.20625951949861385,-0.206265045107605,141.88971093600105,-126.12205712419771,-133.71595843952971,5.783178067641494e-16,-3.5032675446541683e-16,-1.1229782732723105e-14,-3.852912768853707e-15,1.5455555344675442e-15,6.773732608740242e-14,82.38662309328679,-80.03069737060687,-84.61945288123682,4.0,12.753000000269505,-3.0370382166092225e-05,9.00937648553096e-15,1.6084868179602998,0.45794069982587116,0.4504138742170453,0.0,-1.3032200492152919,0.05217175412042628,-0.0050497990591840845,-0.055868388338610867,0.05217175412042631,-0.005049799059184098,-0.055868388338611644,0.0,0.0,0.0,1.0,0.0,1.0,1.0,1.0,1.0,1.0,1.0,1.0,0.005201367812523835,0.001091098766020249,-0.00360138020013892,3.3406874134661505e-16,-1.3938437978663702e-16,-1.400698653712035e-14,-4.09964198302271e-14,-5.406002371422473e-14,1.5448046176906317e-15,82.38662309328679,-80.03069737060687,-84.61945288123675,-0.6521469265053293,0.0631224882398014,0.6983548542326511
2.019999999999999,0.04686872400921325,-0.18211239665132656,0.11997245063326904,0.6763496536679291,0.6763600282144355,-0.2062595194986139,-0.20626504510760493,142.7135771669339,-126.92236409790381,-134.56215296834213,2.260574606261054e-16,1.5431092635810522e-16,1.434726826488435e-14,1.5182179754745722e-15,-1.563261170394421e-15,-7.609847621658272e-14,82.38662309328679,-80.03069737060687,-84.6194528812367,4.0,12.75300000001958,-3.0370382166106102e-05,9.237865586214474e-15,1.6084868179602994,0.45794069982587116,0.4504138742170453,0.0,-1.3032200492152919,0.052171754120426385,-0.005049799059184146,-0.05586838833861346,0.05217175412042636,-0.005049799059184136,-0.05586838833861297,0.0,0.0,0.0,1.0,0.0,1.0,1.0,1.0,1.0,1.0,1.0,1.0,0.0052013678125247455,0.0010910987660215192,-0.00360138020013896,7.645156275693063e-16,-1.5655152053693862e-16,1.8057945036448064e-14,4.372477414016763e-14,6.230112306179533e-14,-1.5623845314444319e-15,82.38662309328679,-80.03069737060687,-84.61945288123677,-0.6521469265053295,0.06312248823980147,0.6983548542326512
2.029999999999998,0.04686872400921325,-0.18211239665132656,0.11997245063326904,0.6763496536679291,0.6763600282144355,-0.20625951949861393,-0.2062650451076049,143.53744339786675,-127.72267107160991,-135.40834749715455,1.1125157690138416e-15,-6.729041500167081e-16,-1.5481280068258437e-14,-5.2606165272979926e-15,2.011572589566932e-15,8.758408787249345e-14,82.38662309328679,-80.03069737060687,-84.61945288123684,4.0,12.752999999981736,-3.0370382166092225e-05,1.2076045938153404e-14,1.6084868179602996,0.45794069982587104,0.4504138742170453,0.0,-1.3032200492152919,0.05217175412042626,-0.005049799059184085,-0.05586838833861051,0.05217175412042628,-0.0050497990591840845,-0.055868388338610867,0.0,0.0,0.0,1.0,0.0,1.0,1.0,1.0,1.0,1.0,1.0,1.0,0.005201367812523705,0.0010910987660200794,-0.0036013802001389123,9.126756245813133e-16,-4.3975731484542523e-16,-1.9383072196765753e-14,-5.32395725264348e-14,-6.974380505813317e-14,2.010604934504737e-15,82.38662309328679,-80.03069737060687,-84.61945288123675,-0.6521469265053295,0.06312248823980152,0.6983548542326511
2.039999999999997,0.04686872400921325,-0.18211239665132656,0.11997245063326906,0.6763496536679291,0.6763600282144355,-0.20625951949861385,-0.206265045107605,144.3613096287996,-128.52297804531597,-136.25454202596697,6.617072077812551e-16,-2.2156195214201062e-16,7.312405718222411e-15,2.9841688157973616e-16,-7.793343942884302e-16,-4.4089050146064134e-14,82.38662309328679,-80.03069737060687,-84.61945288123673,4.0,12.753000000070111,-3.0370382166092225e-05,4.721296578633344e-15,1.6084868179602998,0.45794069982587127,0.4504138742170453,0.0,-1.3032200492152917,0.05217175412042636,-0.005049799059184126,-0.05586838833861288,0.052171754120426385,-0.005049799059184146,-0.05586838833861346,0.0,0.0,0.0,1.0,0.0,1.0,1.0,1.0,1.0,1.0,1.0,1.0,0.005201367812524545,0.001091098766021238,-0.0036013802001389505,1.1446542234931982e-15,-4.880154780520482e-16,9.153865165307315e-15,2.4850465935823393e-14,3.641961751880331e-14,-7.788196659374982e-16,82.38662309328679,-80.03069737060687,-84.61945288123677,-0.6521469265053293,0.0631224882398014,0.6983548542326511
2.049999999999996,0.04686872400921325,-0.18211239665132656,0.119972450633269,0.6763496536679291,0.6763600282144355,-0.20625951949861396,-0.20626504510760488,145.18517585973245,-129.323285019022,-137.1007365547794,5.308192593181957e-16,-1.9648606778977073e-16,-6.751455807506399e-15,-3.604277209183637e-15,1.042709847713713e-15,4.7711415667238077e-14,82.38662309328679,-80.03069737060687,-84.61945288123684,4.0,12.752999999923096,-3.037038216611998e-05,6.41396018146739e-15,1.608486817960299,0.45794069982587127,0.4504138742170453,0.0,-1.3032200492152923,0.052171754120426295,-0.0050497990591841044,-0.05586838833861123,0.05217175412042626,-0.005049799059184085,-0.05586838833861051,0.0,0.0,0.0,1.0,0.0,1.0,1.0,1.0,1.0,1.0,1.0,1.0,0.005201367812523963,0.0010910987660204315,-0.0036013802001389236,3.975924963631769e-16,-1.32992687266199e-17,-8.41469504286376e-15,-2.961511967074709e-14,-3.758078986629011e-14,1.042191399029371e-15,82.38662309328679,-80.03069737060687,-84.6194528812368,-0.6521469265053295,0.06312248823980154,0.6983548542326511
2.0599999999999947,0.04686872400921325,-0.18211239665132656,0.11997245063326907,0.6763496536679291,0.6763600282144355,-0.20625951949861385,-0.206265045107605,146.0090420906653,-130.12359199272802,-137.9469310835918,5.994211111962555e-16,-2.0401169283442296e-16,1.4371019635273774e-15,-1.380593366331061e-15,-1.775247168536764e-17,-5.237680509233368e-15,82.38662309328679,-80.03069737060687,-84.61945288123681,4.0,12.753000000121345,-3.0370382166078347e-05,1.9491330769951923e-17,1.6084868179603,0.45794069982587154,0.4504138742170453,0.0,-1.3032200492152919,0.05217175412042632,-0.005049799059184112,-0.055868388338612185,0.05217175412042636,-0.005049799059184126,-0.05586838833861288,0.0,0.0,0.0,1.0,0.0,1.0,1.0,1.0,1.0,1.0,1.0,1.0,0.005201367812524299,0.0010910987660208988,-0.003601380200138942,8.103634858750353e-16,-2.9005397724287264e-16,1.8028564444928194e-15,1.777112907056527e-15,5.116757531046812e-15,-1.7674678505894796e-17,82.38662309328679,-80.03069737060687,-84.61945288123681,-0.6521469265053293,0.0631224882398014,0.6983548542326511
2.0699999999999936,0.04686872400921325,-0.18211239665132656,0.119972450633269,0.6763496536679291,0.6763600282144355,-0.20625951949861399,-0.20626504510760485,146.83290832159815,-130.92389896643405,-138.79312561240422,8.770801061340633e-16,-4.0830711807265084e-16,6.875430693502206e-16,-1.4211430827277285e-15,9.020670641313802e-17,-4.2020039160983075e-15,82.38662309328679,-80.03069737060687,-84.61945288123684,4.0,12.752999999850624,-3.037038216611998e-05,4.633386130782529e-16,1.608486817960299,0.45794069982587154,0.4504138742170453,0.0,-1.3032200492152926,0.052171754120426336,-0.005049799059184125,-0.055868388338612164,0.052171754120426295,-0.0050497990591841044,-0.05586838833861123,0.0,0.0,0.0,1.0,0.0,1.0,1.0,1.0,1.0,1.0,1.0,1.0,0.005201367812524299,0.0010910987660208917,-0.0036013802001389353,1.1601869774134783e-15,-5.332072083429809e-16,8.007060378067043e-16,1.1655297068472555e-15,4.279954806530934e-15,9.027280255778678e-17,82.38662309328679,-80.03069737060687,-84.61945288123684,-0.6521469265053296,0.06312248823980159,0.6983548542326511
2.0799999999999925,0.04686872400921325,-0.18211239665132656,0.11997245063326907,0.6763496536679291,0.6763600282144355,-0.20625951949861382,-0.20626504510760502,147.656774552531,-131.72420594014008,-139.63932014121664,7.566548666588527e-16,-2.984317403518046e-16,-4.501206362633619e-15,-3.4124121382681065e-15,7.312622937625339e-16,3.364389573023699e-14,82.38662309328679,-80.03069737060687,-84.6194528812369,4.0,12.753000000179245,-3.0370382166078347e-05,4.929500397581361e-15,1.6084868179603,0.4579406998258717,0.4504138742170453,0.0,-1.303220049215292,0.05217175412042629,-0.0050497990591840975,-0.05586838833861149,0.05217175412042632,-0.005049799059184112,-0.055868388338612185,0.0,0.0,0.0,1.0,0.0,1.0,1.0,1.0,1.0,1.0,1.0,1.0,0.005201367812524049,0.0010910987660205564,-0.00360138020013893,7.788593271513558e-16,-2.2349168618960654e-16,-5.539741691168783e-15,-2.160586502911631e-14,-2.601429208019993e-14,7.309069437320694e-16,82.38662309328679,-80.03069737060687,-84.61945288123687,-0.6521469265053293,0.06312248823980138,0.6983548542326512
2.0899999999999914,0.04686872400921325,-0.18211239665132656,0.11997245063326901,0.6763496536679291,0.6763600282144355,-0.20625951949861396,-0.20626504510760488,148.48064078346385,-132.5245129138461,-140.48551467002906,1.2443977049672473e-16,7.813922696521834e-17,8.108309807580528e-15,1.188520923500192e-15,-8.369643762314984e-16,-4.750043721435064e-14,82.38662309328679,-80.03069737060687,-84.61945288123684,4.0,12.75299999977181,-3.0370382166106102e-05,5.752493230085204e-15,1.6084868179602991,0.45794069982587166,0.4504138742170453,0.0,-1.3032200492152928,0.05217175412042638,-0.005049799059184138,-0.05586838833861294,0.052171754120426336,-0.005049799059184125,-0.055868388338612164,0.0,0.0,0.0,1.0,0.0,1.0,1.0,1.0,1.0,1.0,1.0,1.0,0.005201367812524578,0.0010910987660212631,-0.0036013802001389496,4.464044476380202e-16,-1.3002759015199854e-16,1.0129279286438352e-14,2.7492737575255252e-14,3.875376638584821e-14,-8.364200119553686e-16,82.38662309328679,-80.03069737060687,-84.61945288123688,-0.6521469265053295,0.06312248823980154,0.6983548542326511
2.0999999999999903,0.04686872400921325,-0.18211239665132656,0.11997245063326906,0.6763496536679291,0.6763600282144355,-0.20625951949861387,-0.206265045107605,149.3045070143967,-133.32481988755214,-141.33170919884148,1.221422914662455e-15,-5.788974590700266e-16,-1.0429510931077897e-14,-5.736347970956059e-15,1.4511241725799253e-15,7.105818202866233e-14,82.38662309328679,-80.03069737060687,-84.61945288123698,4.0,12.753000000243501,-3.0370382166092225e-05,1.0058401812290616e-14,1.6084868179603,0.45794069982587193,0.4504138742170453,0.0,-1.3032200492152926,0.052171754120426246,-0.005049799059184091,-0.05586838833861081,0.05217175412042629,-0.0050497990591840975,-0.05586838833861149,0.0,0.0,0.0,1.0,0.0,1.0,1.0,1.0,1.0,1.0,1.0,1.0,0.005201367812523809,0.0010910987660202346,-0.0036013802001389223,1.1492584180618198e-15,-3.87383987322187e-16,-1.3015664737453166e-14,-4.441246275892877e-14,-5.576474065879444e-14,1.4503563599413762e-15,82.38662309328679,-80.03069737060687,-84.61945288123691,-0.6521469265053293,0.06312248823980146,0.6983548542326511
2.109999999999989,0.04686872400921325,-0.18211239665132656,0.11997245063326904,0.6763496536679291,0.6763600282144355,-0.2062595194986139,-0.20626504510760496,150.12837324532956,-134.12512686125817,-142.1779037276539,4.0307189876232735e-16,-1.3923671200786806e-16,1.3293645923847056e-14,3.287063462712959e-15,-1.4619635548585343e-15,-8.768836965990406e-14,82.38662309328679,-80.03069737060687,-84.61945288123685,4.0,12.753000000018048,-3.0370382166106102e-05,1.0306933431272452e-14,1.6084868179602994,0.45794069982587193,0.4504138742170453,0.0,-1.3032200492152928,0.05217175412042641,-0.005049799059184145,-0.05586838833861366,0.05217175412042638,-0.005049799059184138,-0.05586838833861294,0.0,0.0,0.0,1.0,0.0,1.0,1.0,1.0,1.0,1.0,1.0,1.0,0.0052013678125248375,0.0010910987660216194,-0.00360138020013896,1.0692057135374214e-15,-5.999792672273081e-16,1.6576994516907967e-14,5.1660065549109603e-14,7.093162543649022e-14,-1.4609714763779504e-15,82.38662309328679,-80.03069737060687,-84.61945288123694,-0.6521469265053293,0.06312248823980149,0.6983548542326511
2.119999999999988,0.04686872400921325,-0.18211239665132656,0.11997245063326903,0.6763496536679291,0.6763600282144355,-0.2062595194986139,-0.20626504510760496,150.9522394762624,-134.9254338349642,-143.02409825646632,1.0083061694184635e-15,-4.041164456367784e-16,-1.4128996706646098e-14,-7.430561962432687e-15,1.8901708500864043e-15,1.0152228008463552e-13,82.38662309328679,-80.03069737060687,-84.61945288123705,4.0,12.75299999998288,-3.037038216611998e-05,1.3499618334037875e-14,1.6084868179602994,0.4579406998258717,0.4504138742170453,0.0,-1.303220049215293,0.05217175412042622,-0.005049799059184085,-0.05586838833861026,0.052171754120426246,-0.005049799059184091,-0.05586838833861081,0.0,0.0,0.0,1.0,0.0,1.0,1.0,1.0,1.0,1.0,1.0,1.0,0.005201367812523607,0.0010910987660199785,-0.0036013802001389128,6.974437225234196e-16,-2.1089502141099252e-17,-1.75402875371987e-14,-6.281811786008718e-14,-8.009915638098635e-14,1.889064867537175e-15,82.38662309328677,-80.03069737060687,-84.61945288123695,-0.6521469265053293,0.06312248823980149,0.6983548542326511
2.129999999999987,0.04686872400921325,-0.18211239665132656,0.11997245063326906,0.6763496536679291,0.6763600282144355,-0.20625951949861385,-0.20626504510760502,151.77610570719526,-135.72574080867022,-143.87029278527874,2.2775601189167426e-16,3.1583935029728148e-18,7.362070238054062e-15,1.0975257771669361e-15,-7.315237512515955e-16,-4.4753706451808566e-14,82.38662309328679,-80.03069737060687,-84.6194528812369,4.0,12.75300000006951,-3.0370382166092225e-05,5.281865688502275e-15,1.6084868179602998,0.4579406998258718,0.4504138742170453,0.0,-1.3032200492152928,0.05217175412042637,-0.005049799059184127,-0.0558683883386129,0.05217175412042641,-0.005049799059184145,-0.05586838833861366,0.0,0.0,0.0,1.0,0.0,1.0,1.0,1.0,1.0,1.0,1.0,1.0,0.00520136781252456,0.0010910987660212438,-0.0036013802001389505,5.774762646485986e-16,-1.9945730849111827e-16,9.21959824514012e-15,2.588448089752039e-14,3.6525240631221135e-14,-7.310106033033549e-16,82.38662309328679,-80.03069737060687,-84.61945288123694,-0.6521469265053293,0.06312248823980142,0.6983548542326512
2.139999999999986,0.04686872400921325,-0.18211239665132656,0.119972450633269,0.6763496536679291,0.6763600282144355,-0.20625951949861396,-0.2062650451076049,152.5999719381281,-136.52604778237625,-144.71648731409115,9.855474117430348e-16,-4.2181539012099845e-16,-6.715214545353887e-15,-4.637163283735708e-15,9.735460280356582e-16,4.966809054165116e-14,82.38662309328679,-80.03069737060687,-84.61945288123701,4.0,12.752999999923388,-3.0370382166133858e-05,7.145151425822064e-15,1.608486817960299,0.4579406998258715,0.4504138742170453,0.0,-1.3032200492152934,0.052171754120426274,-0.005049799059184107,-0.05586838833861119,0.05217175412042622,-0.005049799059184085,-0.05586838833861026,0.0,0.0,0.0,1.0,0.0,1.0,1.0,1.0,1.0,1.0,1.0,1.0,0.005201367812523943,0.0010910987660204265,-0.0036013802001389258,9.79996296619909e-16,-2.9691529985066834e-16,-8.330420495662646e-15,-3.156410841210711e-14,-3.862810624211404e-14,9.730167208701256e-16,82.38662309328679,-80.03069737060687,-84.61945288123697,-0.6521469265053295,0.06312248823980156,0.6983548542326511
2.149999999999985,0.04686872400921325,-0.18211239665132656,0.11997245063326907,0.6763496536679291,0.6763600282144355,-0.20625951949861382,-0.20626504510760504,153.42383816906096,-137.32635475608228,-145.56268184290357,5.717780138883574e-16,-1.9288124501646433e-16,1.4357955947522144e-15,-1.3423564806257144e-15,-1.920558952748825e-17,-5.145496513922583e-15,82.38662309328679,-80.03069737060687,-84.61945288123698,4.0,12.75300000012091,-3.0370382166092225e-05,3.7835054992765663e-17,1.6084868179603,0.4579406998258721,0.4504138742170453,0.0,-1.303220049215293,0.05217175412042632,-0.005049799059184112,-0.0558683883386122,0.05217175412042637,-0.005049799059184127,-0.0558683883386129,0.0,0.0,0.0,1.0,0.0,1.0,1.0,1.0,1.0,1.0,1.0,1.0,0.0052013678125243015,0.0010910987660209012,-0.003601380200138942,7.882715036902629e-16,-2.7059685674022526e-16,1.8347260919320557e-15,1.757401704468056e-15,5.018923935310008e-15,-1.9129329353984372e-17,82.38662309328679,-80.03069737060687,-84.61945288123698,-0.6521469265053292,0.0631224882398014,0.6983548542326513
2.1599999999999837,0.046868724009213256,-0.18211239665132656,0.119972450633269,0.6763496536679291,0.6763600282144355,-0.20625951949861399,-0.20626504510760488,154.2477043999938,-138.1266617297883,-146.408876371716,4.728608949682549e-16,-1.2357814035000207e-16,6.915117600124974e-16,-1.531450298212773e-15,8.996524054432695e-17,6.41410470247316e-16,82.38662309328679,-80.03069737060687,-84.61945288123701,4.0,12.752999999851115,-3.037038216611998e-05,5.501129158922384e-16,1.608486817960299,0.4579406998258721,0.4504138742170453,0.0,-1.3032200492152937,0.05217175412042633,-0.005049799059184126,-0.055868388338612074,0.052171754120426274,-0.005049799059184107,-0.05586838833861119,0.0,0.0,0.0,1.0,0.0,1.0,1.0,1.0,1.0,1.0,1.0,1.0,0.005201367812524269,0.0010910987660208496,-0.003601380200138937,6.116387730463995e-16,-1.4578260084250522e-16,9.271965924411504e-16,-1.6287568354558415e-15,3.223301036076152e-16,8.997570232710088e-17,82.38662309328679,-80.03069737060687,-84.61945288123701,-0.6521469265053295,0.0631224882398016,0.6983548542326511
2.1699999999999826,0.046868724009213256,-0.18211239665132656,0.11997245063326907,0.6763496536679291,0.6763600282144355,-0.20625951949861385,-0.20626504510760504,155.07157063092666,-138.92696870349434,-147.2550709005284,1.2238061377823873e-15,-5.909084255997913e-16,-4.484240467025056e-15,-4.010066679423226e-15,6.523705080526657e-16,3.265641804455264e-14,82.38662309328679,-80.03069737060687,-84.61945288123707,4.0,12.75300000017868,-3.0370382166078347e-05,5.354430242964287e-15,1.6084868179603,0.4579406998258723,0.4504138742170453,0.0,-1.3032200492152932,0.052171754120426274,-0.005049799059184104,-0.055868388338611505,0.05217175412042632,-0.005049799059184112,-0.0558683883386122,0.0,0.0,0.0,1.0,0.0,1.0,1.0,1.0,1.0,1.0,1.0,1.0,0.005201367812524053,0.0010910987660205811,-0.003601380200138933,1.4014418217224125e-15,-5.992350982844799e-16,-5.5432837436034674e-15,-2.1550774858480196e-14,-2.4861351863673454e-14,6.520337901529317e-16,82.38662309328679,-80.03069737060687,-84.61945288123704,-0.6521469265053292,0.06312248823980145,0.6983548542326512
2.1799999999999815,0.04686872400921327,-0.18211239665132656,0.11997245063326903,0.6763496536679291,0.6763600282144355,-0.20625951949861399,-0.2062650451076049,155.8954368618595,-139.72727567720037,-148.10126542934083,-3.909410612565783e-16,4.055908462149686e-16,8.089703687365717e-15,1.8533005964366694e-15,-7.401714913812139e-16,-4.632516641427789e-14,82.38662309328679,-80.03069737060687,-84.61945288123701,4.0,12.752999999766052,-3.0370382166106102e-05,6.212748798187722e-15,1.6084868179602994,0.4579406998258724,0.4504138742170453,0.0,-1.3032200492152939,0.05217175412042639,-0.0050497990591841435,-0.05586838833861292,0.05217175412042633,-0.005049799059184126,-0.055868388338612074,0.0,0.0,0.0,1.0,0.0,1.0,1.0,1.0,1.0,1.0,1.0,1.0,0.005201367812524582,0.001091098766021259,-0.0036013802001389496,-2.4106095293218217e-16,2.94568543752453e-16,1.0142119347606121e-14,2.738855603719213e-14,3.740753317399908e-14,-7.396487556238446e-16,82.38662309328679,-80.03069737060687,-84.61945288123705,-0.6521469265053295,0.06312248823980163,0.6983548542326511
2.1899999999999804,0.04686872400921327,-0.18211239665132656,0.11997245063326907,0.6763496536679291,0.6763600282144355,-0.2062595194986139,-0.206265045107605,156.71930309279236,-140.5275826509064,-148.94745995815325,2.0888219875963384e-15,-1.1280373183133369e-15,-1.1521061679130304e-14,-6.909578051032532e-15,1.2796148008544482e-15,6.920733640964911e-14,82.38662309328679,-80.03069737060687,-84.61945288123715,4.0,12.753000000253614,-3.0370382166078347e-05,1.0846388603698342e-14,1.6084868179603,0.4579406998258723,0.4504138742170453,0.0,-1.3032200492152937,0.052171754120426225,-0.005049799059184097,-0.05586838833861084,0.052171754120426274,-0.005049799059184104,-0.055868388338611505,0.0,0.0,0.0,1.0,0.0,1.0,1.0,1.0,1.0,1.0,1.0,1.0,0.005201367812523812,0.0010910987660202665,-0.0036013802001389227,2.3108665925213697e-15,-1.1086084153823965e-15,-1.4416210762035956e-14,-4.435321725222941e-14,-5.357416984555766e-14,1.2788825341327696e-15,82.38662309328679,-80.03069737060687,-84.61945288123708,-0.6521469265053293,0.0631224882398015,0.6983548542326511
2.1999999999999793,0.046868724009213276,-0.18211239665132656,0.11997245063326907,0.6763496536679291,0.6763600282144355,-0.2062595194986139,-0.206265045107605,157.5431693237252,-141.32788962461242,-149.79365448696566,-1.0580302991378643e-15,8.2218010275802e-16,1.1484879314069327e-14,4.0546015092448635e-15,-1.1999245992649204e-15,-7.362693678403683e-14,82.38662309328679,-80.03069737060687,-84.61945288123702,4.0,12.753000000056305,-3.0370382166078347e-05,1.0340142055017862e-14,1.6084868179603,0.4579406998258725,0.4504138742170453,0.0,-1.3032200492152937,0.052171754120426427,-0.005049799059184142,-0.05586838833861341,0.05217175412042639,-0.0050497990591841435,-0.05586838833861292,0.0,0.0,0.0,1.0,0.0,1.0,1.0,1.0,1.0,1.0,1.0,1.0,0.005201367812524761,0.001091098766021494,-0.003601380200138957,-9.192524210597197e-16,7.056066851723786e-16,1.4376410139603128e-14,4.445034272490257e-14,5.883480778505367e-14,-1.1991068249943617e-15,82.38662309328679,-80.03069737060687,-84.6194528812371,-0.6521469265053293,0.0631224882398015,0.6983548542326511
2.209999999999978,0.04686872400921328,-0.18211239665132656,0.11997245063326903,0.6763496536679291,0.6763600282144355,-0.20625951949861399,-0.2062650451076049,158.36703555465806,-142.12819659831845,-150.63984901577808,1.0402567192801383e-15,-4.790102546931438e-16,-3.4991597237483778e-15,-3.186849875958114e-15,4.194841814107562e-16,2.0019442917617478e-14,82.38662309328679,-80.03069737060687,-84.61945288123711,4.0,12.752999999875893,-3.0370382166106102e-05,3.591591618756094e-15,1.6084868179602994,0.45794069982587254,0.4504138742170453,0.0,-1.303220049215294,0.0521717541204263,-0.005049799059184123,-0.05586838833861173,0.052171754120426225,-0.005049799059184097,-0.05586838833861084,0.0,0.0,0.0,1.0,0.0,1.0,1.0,1.0,1.0,1.0,1.0,1.0,0.005201367812524133,0.001091098766020692,-0.003601380200138935,1.2289946334664148e-15,-5.289702908012758e-16,-4.282060489580539e-15,-1.3815890630808775e-14,-1.483426570128938e-14,4.1928632600337834e-16,82.38662309328679,-80.03069737060687,-84.6194528812371,-0.6521469265053295,0.06312248823980163,0.6983548542326511
2.219999999999977,0.04686872400921328,-0.18211239665132656,0.11997245063326906,0.6763496536679291,0.6763600282144355,-0.2062595194986139,-0.206265045107605,159.1909017855909,-142.92850357202448,-151.4860435445905,2.027294184283619e-15,-1.1413970737144432e-15,-3.3428103564508796e-15,-3.992990662519252e-15,5.242443420354159e-16,2.122922316923919e-14,82.38662309328679,-80.03069737060687,-84.61945288123711,4.0,12.753000000136794,-3.0370382166092225e-05,4.942298120815763e-15,1.6084868179603,0.4579406998258724,0.4504138742170453,0.0,-1.3032200492152937,0.05217175412042628,-0.0050497990591841105,-0.055868388338611706,0.052171754120426427,-0.005049799059184142,-0.05586838833861341,0.0,0.0,0.0,1.0,0.0,1.0,1.0,1.0,1.0,1.0,1.0,1.0,0.005201367812524123,0.0010910987660206859,-0.0036013802001389345,2.4991389697493107e-15,-1.374543908885726e-15,-4.121178190763391e-15,-1.5159933653431822e-14,-1.5388323976526885e-14,5.240417421141773e-16,82.38662309328679,-80.03069737060687,-84.6194528812371,-0.6521469265053293,0.0631224882398015,0.6983548542326511
2.229999999999976,0.04686872400921332,-0.18211239665132656,0.11997245063326899,0.6763496536679291,0.6763600282144355,-0.2062595194986141,-0.2062650451076048,160.01476801652376,-143.7288105457305,-152.33223807340292,2.491129893961165e-15,-8.023826120362116e-16,1.5981485792207833e-15,-6.57570223315695e-15,1.256547399705593e-16,-1.3059842247317475e-14,82.38662309328679,-80.03069737060687,-84.61945288123707,4.0,12.752999999836497,-3.037038216611998e-05,9.663557405774272e-16,1.608486817960299,0.45794069982587243,0.4504138742170453,0.0,-1.3032200492152946,0.05217175412042624,-0.005049799059184136,-0.05586838833861229,0.0521717541204263,-0.005049799059184123,-0.05586838833861173,0.0,0.0,0.0,1.0,0.0,1.0,1.0,1.0,1.0,1.0,1.0,1.0,0.005201367812524306,0.0010910987660210075,-0.0036013802001389358,3.3515527380456615e-15,-1.068836137946249e-15,2.0466208297015798e-15,1.8310594396807704e-15,1.450677437117927e-14,1.2588554203488416e-16,82.38662309328679,-80.03069737060687,-84.61945288123708,-0.6521469265053295,0.06312248823980172,0.6983548542326506
2.239999999999975,0.04686872400921334,-0.18211239665132656,0.11997245063326903,0.6763496536679291,0.6763600282144355,-0.206259519498614,-0.20626504510760488,160.8386342474566,-144.52911751943654,-153.17843260221534,4.099660169377376e-15,-2.0276915043974966e-15,-7.608141560953706e-15,-1.0098508814799955e-14,1.0872693147928263e-15,4.8730468540634495e-14,82.38662309328679,-80.03069737060687,-84.61945288123712,4.0,12.753000000234602,-3.0370382166092225e-05,1.0536708921258627e-14,1.6084868179602996,0.4579406998258725,0.4504138742170453,0.0,-1.3032200492152939,0.05217175412042618,-0.005049799059184112,-0.05586838833861121,0.05217175412042628,-0.0050497990591841105,-0.055868388338611706,0.0,0.0,0.0,1.0,0.0,1.0,1.0,1.0,1.0,1.0,1.0,1.0,0.005201367812523902,0.0010910987660204745,-0.0036013802001389258,5.043349740308758e-15,-2.363533969346606e-15,-9.334844197978561e-15,-3.557284339326799e-14,-3.4802474691095603e-14,1.086815222996031e-15,82.38662309328677,-80.03069737060687,-84.61945288123708,-0.6521469265053295,0.06312248823980166,0.6983548542326511
2.249999999999974,0.04686872400921336,-0.18211239665132656,0.11997245063326904,0.6763496536679291,0.6763600282144355,-0.20625951949861396,-0.20626504510760496,161.66250047838946,-145.32942449314257,-154.02462713102776,5.105851957767011e-16,7.183874667846896e-16,1.2500836446724201e-14,-2.089640082580734e-15,-1.1054964963536446e-15,-8.99577391083231e-14,82.38662309328679,-80.03069737060687,-84.619452881237,4.0,12.753000000050113,-3.0370382166106102e-05,1.0930056611072595e-14,1.6084868179602996,0.4579406998258722,0.4504138742170453,0.0,-1.3032200492152937,0.05217175412042632,-0.005049799059184148,-0.05586838833861371,0.05217175412042624,-0.005049799059184136,-0.05586838833861229,0.0,0.0,0.0,1.0,0.0,1.0,1.0,1.0,1.0,1.0,1.0,1.0,0.0052013678125248045,0.001091098766021677,-0.0036013802001389566,1.243332392029304e-15,5.463028979677903e-16,1.5593882094540276e-14,4.846471891556558e-14,7.581513590708804e-14,-1.104414543686052e-15,82.38662309328679,-80.03069737060687,-84.61945288123708,-0.6521469265053295,0.0631224882398016,0.6983548542326512
2.2599999999999727,0.04686872400921338,-0.18211239665132656,0.11997245063326901,0.6763496536679291,0.6763600282144355,-0.206259519498614,-0.2062650451076049,162.4863667093223,-146.1297314668486,-154.87082165984017,1.422120621498905e-15,-9.621270364762536e-16,-1.148245589967673e-15,-1.7417426774625369e-15,3.861991277526112e-16,1.6609049653140263e-14,82.38662309328679,-80.03069737060687,-84.61945288123711,4.0,12.752999999882167,-3.037038216611998e-05,3.765177335178616e-15,1.6084868179602991,0.4579406998258724,0.4504138742170453,0.0,-1.3032200492152937,0.05217175412042632,-0.005049799059184128,-0.05586838833861179,0.05217175412042618,-0.005049799059184112,-0.05586838833861121,0.0,0.0,0.0,1.0,0.0,1.0,1.0,1.0,1.0,1.0,1.0,1.0,0.005201367812524168,0.0010910987660207106,-0.003601380200138934,1.7385341835170747e-15,-1.1702938535934703e-15,-1.2630684038012731e-15,-1.0713618829158013e-14,-1.2810648089315361e-14,3.860243729119579e-16,82.38662309328679,-80.03069737060687,-84.6194528812371,-0.6521469265053295,0.06312248823980168,0.6983548542326511
2.2699999999999716,0.04686872400921338,-0.18211239665132656,0.11997245063326906,0.6763496536679291,0.6763600282144355,-0.2062595194986139,-0.20626504510760502,163.31023294025516,-146.93003844055463,-155.7170161886526,1.7318503535167984e-15,-1.1636899520369132e-15,-1.7983325530689526e-15,-2.2571474885151106e-15,4.920159316681054e-16,2.5786308402443852e-14,82.38662309328679,-80.03069737060687,-84.6194528812371,4.0,12.753000000124562,-3.0370382166106102e-05,5.249833695492972e-15,1.6084868179603,0.4579406998258723,0.4504138742170453,0.0,-1.3032200492152932,0.05217175412042631,-0.005049799059184113,-0.05586838833861163,0.05217175412042632,-0.005049799059184148,-0.05586838833861371,0.0,0.0,0.0,1.0,0.0,1.0,1.0,1.0,1.0,1.0,1.0,1.0,0.005201367812524113,0.0010910987660206306,-0.0036013802001389345,2.0926728365199745e-15,-1.3885101145235074e-15,-2.133594354251633e-15,-1.626246224636462e-14,-2.013854536883259e-14,4.917393627825585e-16,82.38662309328679,-80.03069737060687,-84.61945288123707,-0.6521469265053293,0.06312248823980152,0.6983548542326512
2.2799999999999705,0.046868724009213415,-0.18211239665132656,0.11997245063326899,0.6763496536679291,0.6763600282144355,-0.20625951949861412,-0.2062650451076048,164.134099171188,-147.73034541426065,-156.563210717465,2.3101693359657964e-15,-7.853380977910987e-16,2.385353540473989e-15,-5.988264734287929e-15,1.0748197158684918e-16,-1.1550784125900192e-14,82.38662309328679,-80.03069737060687,-84.61945288123705,4.0,12.752999999848022,-3.037038216611998e-05,9.86745940176214e-16,1.608486817960299,0.4579406998258721,0.4504138742170453,0.0,-1.3032200492152939,0.052171754120426246,-0.005049799059184142,-0.05586838833861226,0.05217175412042632,-0.005049799059184128,-0.05586838833861179,0.0,0.0,0.0,1.0,0.0,1.0,1.0,1.0,1.0,1.0,1.0,1.0,0.005201367812524302,0.0010910987660209869,-0.003601380200138938,3.0984276834496577e-15,-1.0379138358933217e-15,3.056875330599858e-15,1.4764351873757052e-15,1.2926717418944428e-14,1.0768813081508705e-16,82.38662309328679,-80.03069737060687,-84.61945288123707,-0.6521469265053295,0.0631224882398018,0.6983548542326506
2.2899999999999694,0.04686872400921344,-0.18211239665132656,0.11997245063326904,0.6763496536679291,0.6763600282144355,-0.20625951949861404,-0.2062650451076049,164.95796540212086,-148.53065238796668,-157.40940524627743,3.5026190838985126e-15,-2.0242367148196452e-15,-6.292769014294995e-15,-6.683142370707393e-15,1.0379447699415133e-15,5.881973620094928e-14,82.38662309328679,-80.03069737060687,-84.61945288123711,4.0,12.753000000212518,-3.0370382166092225e-05,1.1237076481392103e-14,1.6084868179602996,0.45794069982587227,0.4504138742170453,0.0,-1.3032200492152932,0.05217175412042623,-0.0050497990591841175,-0.05586838833861101,0.05217175412042631,-0.005049799059184113,-0.05586838833861163,0.0,0.0,0.0,1.0,0.0,1.0,1.0,1.0,1.0,1.0,1.0,1.0,0.005201367812523873,0.0010910987660203548,-0.003601380200138923,4.196508474289235e-15,-2.323996931468438e-15,-7.64368471721064e-15,-3.836876566967334e-14,-4.508064830359597e-14,1.0373319406300538e-15,82.38662309328679,-80.03069737060687,-84.61945288123705,-0.6521469265053293,0.06312248823980171,0.6983548542326509
2.2999999999999683,0.04686872400921348,-0.18211239665132656,0.11997245063326901,0.6763496536679291,0.6763600282144355,-0.2062595194986141,-0.20626504510760485,165.7818316330537,-149.3309593616727,-158.25559977508985,2.1353718294811337e-15,4.68640857357212e-17,1.1230048936513385e-14,-6.462947061316572e-15,-9.275127139095996e-16,-9.871722607302219e-14,82.38662309328679,-80.03069737060687,-84.61945288123697,4.0,12.753000000015806,-3.0370382166106102e-05,1.0225715881547178e-14,1.6084868179602994,0.4579406998258722,0.4504138742170453,0.0,-1.3032200492152937,0.05217175412042624,-0.005049799059184159,-0.055868388338613836,0.052171754120426246,-0.005049799059184142,-0.05586838833861226,0.0,0.0,0.0,1.0,0.0,1.0,1.0,1.0,1.0,1.0,1.0,1.0,0.005201367812524821,0.0010910987660217738,-0.0036013802001389535,3.4398838834156923e-15,-3.528162031293352e-16,1.3874050727624907e-14,4.9723667885468527e-14,8.5524379870074e-14,-9.262763944659384e-16,82.38662309328679,-80.03069737060687,-84.61945288123707,-0.6521469265053295,0.06312248823980178,0.6983548542326508
2.309999999999967,0.04686872400921351,-0.18211239665132656,0.11997245063326903,0.6763496536679291,0.6763600282144355,-0.2062595194986141,-0.20626504510760485,166.60569786398656,-150.13126633537874,-159.10179430390227,4.6565327708134744e-15,-2.8506220827876512e-15,-9.42946362170469e-15,-7.741736193743694e-15,1.4362605324616206e-15,8.698864417855041e-14,82.38662309328679,-80.03069737060687,-84.61945288123718,4.0,12.753000000211234,-3.0370382166092225e-05,1.6087942977504863e-14,1.6084868179602996,0.4579406998258724,0.4504138742170453,0.0,-1.3032200492152934,0.05217175412042622,-0.005049799059184117,-0.05586838833861049,0.05217175412042623,-0.0050497990591841175,-0.05586838833861101,0.0,0.0,0.0,1.0,0.0,1.0,1.0,1.0,1.0,1.0,1.0,1.0,0.005201367812523695,0.0010910987660201108,-0.0036013802001389175,5.522506730021097e-15,-3.2614046018989594e-15,-1.1460419583301075e-14,-5.4966192682739886e-14,-6.786515329786708e-14,1.4353290403277963e-15,82.38662309328677,-80.03069737060687,-84.6194528812371,-0.6521469265053295,0.06312248823980178,0.6983548542326508
2.319999999999966,0.04686872400921355,-0.18211239665132656,0.11997245063326903,0.6763496536679291,0.6763600282144355,-0.20625951949861412,-0.20626504510760485,167.4295640949194,-150.93157330908477,-159.94798883271469,3.2759467908583088e-15,-8.745652020608309e-16,1.0778913785169114e-14,-5.911932090700829e-15,-8.312758533116003e-16,-1.050257588729142e-13,82.38662309328679,-80.03069737060687,-84.61945288123697,4.0,12.753000000047251,-3.0370382166092225e-05,9.507521786161753e-15,1.6084868179602996,0.4579406998258725,0.4504138742170453,0.0,-1.3032200492152934,0.05217175412042625,-0.005049799059184162,-0.05586838833861395,0.05217175412042624,-0.005049799059184159,-0.055868388338613836,0.0,0.0,0.0,1.0,0.0,1.0,1.0,1.0,1.0,1.0,1.0,1.0,0.0052013678125248704,0.0010910987660218315,-0.0036013802001389527,4.963485788288546e-15,-1.562903477328428e-15,1.3155756799494739e-14,5.370123850676838e-14,9.045186629901299e-14,-8.299718582890604e-16,82.38662309328679,-80.03069737060687,-84.61945288123707,-0.6521469265053295,0.06312248823980184,0.6983548542326508
2.329999999999965,0.04686872400921358,-0.18211239665132656,0.11997245063326901,0.6763496536679291,0.6763600282144355,-0.20625951949861415,-0.20626504510760482,168.25343032585226,-151.7318802827908,-160.7941833615271,2.857345445603894e-15,-1.0930459593022226e-15,-6.509339313331548e-16,-7.11681491212621e-15,3.5338099627049047e-16,7.78649510251737e-15,82.38662309328679,-80.03069737060687,-84.61945288123708,4.0,12.75299999990372,-3.0370382166106102e-05,3.9632259637585265e-15,1.6084868179602994,0.4579406998258723,0.4504138742170453,0.0,-1.3032200492152934,0.05217175412042623,-0.005049799059184142,-0.055868388338611914,0.05217175412042622,-0.005049799059184117,-0.05586838833861049,0.0,0.0,0.0,1.0,0.0,1.0,1.0,1.0,1.0,1.0,1.0,1.0,0.005201367812524179,0.001091098766020826,-0.003601380200138935,3.695563829195887e-15,-1.3428461398428828e-15,-7.93741516035038e-16,-1.0250765516136574e-14,-2.490054692473686e-15,3.5337312459975815e-16,82.38662309328677,-80.03069737060687,-84.61945288123707,-0.6521469265053295,0.06312248823980185,0.6983548542326506
2.339999999999964,0.046868724009213596,-0.18211239665132656,0.11997245063326907,0.6763496536679291,0.6763600282144355,-0.20625951949861393,-0.20626504510760504,169.07729655678511,-152.53218725649683,-161.64037789033952,1.687484668821017e-15,-1.013149198388751e-15,-1.1230247844730709e-15,-2.072499156024257e-15,3.6853887515325543e-16,2.047078545366133e-14,82.38662309328679,-80.03069737060687,-84.61945288123711,4.0,12.753000000155179,-3.0370382166092225e-05,4.470211787629113e-15,1.6084868179603,0.4579406998258723,0.4504138742170453,0.0,-1.3032200492152928,0.05217175412042631,-0.005049799059184121,-0.05586838833861173,0.05217175412042625,-0.005049799059184162,-0.05586838833861395,0.0,0.0,0.0,1.0,0.0,1.0,1.0,1.0,1.0,1.0,1.0,1.0,0.005201367812524144,0.0010910987660206824,-0.003601380200138935,2.0816138425629476e-15,-1.215764900382842e-15,-1.2686318350008338e-15,-1.3143037254896755e-14,-1.5830636149912008e-14,3.683226161245841e-16,82.38662309328679,-80.03069737060687,-84.6194528812371,-0.6521469265053292,0.0631224882398016,0.6983548542326512
2.349999999999963,0.0468687240092136,-0.18211239665132656,0.11997245063326906,0.6763496536679291,0.6763600282144355,-0.2062595194986139,-0.20626504510760507,169.90116278771796,-153.33249423020285,-162.48657241915194,-6.992204919822391e-16,1.1231779873490529e-15,7.905838550567211e-15,-1.319124072012435e-15,-8.978255017603635e-16,-8.09463440462269e-14,82.38662309328679,-80.03069737060687,-84.61945288123698,4.0,12.752999999854758,-3.0370382166106102e-05,1.1037996306963465e-14,1.6084868179602998,0.45794069982587243,0.4504138742170453,0.0,-1.3032200492152926,0.05217175412042632,-0.005049799059184141,-0.055868388338613566,0.05217175412042623,-0.005049799059184142,-0.055868388338611914,0.0,0.0,0.0,1.0,0.0,1.0,1.0,1.0,1.0,1.0,1.0,1.0,0.005201367812524757,0.0010910987660215899,-0.0036013802001389553,-3.8835804508719533e-16,1.1037490844181125e-15,9.69561564448436e-15,4.4075519364924384e-14,6.790729733166314e-14,-8.968585286393885e-16,82.38662309328679,-80.03069737060687,-84.61945288123707,-0.6521469265053292,0.06312248823980156,0.6983548542326513
2.3599999999999617,0.04686872400921358,-0.18211239665132656,0.11997245063326911,0.6763496536679291,0.6763600282144355,-0.2062595194986137,-0.20626504510760527,170.72502901865082,-154.13280120390888,-163.33276694796436,-2.0261568134481816e-15,-6.629090186879864e-16,-6.1406796636080205e-15,1.2228757075801069e-14,6.603856467957323e-16,7.83694141808153e-14,82.38662309328679,-80.03069737060687,-84.61945288123714,4.0,12.753000000192902,-3.0370382166106102e-05,8.17617326675434e-15,1.6084868179603007,0.45794069982587254,0.4504138742170453,0.0,-1.3032200492152919,0.05217175412042655,-0.005049799059184095,-0.055868388338610735,0.05217175412042631,-0.005049799059184121,-0.05586838833861173,0.0,0.0,0.0,1.0,0.0,1.0,1.0,1.0,1.0,1.0,1.0,1.0,0.005201367812523927,0.001091098766020072,-0.0036013802001389297,-3.2029932195508477e-15,-5.879689645257884e-16,-7.454181905583717e-15,-3.3584456665359574e-14,-7.185675510719255e-14,6.593207286145591e-16,82.3866230932868,-80.03069737060687,-84.61945288123705,-0.6521469265053291,0.06312248823980134,0.6983548542326518
2.3699999999999606,0.04686872400921355,-0.18211239665132656,0.11997245063326911,0.6763496536679291,0.6763600282144355,-0.20625951949861374,-0.20626504510760524,171.54889524958367,-154.9331081776149,-164.17896147677678,-3.688425974272158e-15,2.34020102229849e-15,8.519469141757445e-15,4.3018972827017954e-15,-1.1878685371522429e-15,-8.553654222680494e-14,82.38662309328679,-80.03069737060687,-84.61945288123697,4.0,12.752999999790788,-3.0370382166092225e-05,1.4782223184795247e-14,1.6084868179603007,0.45794069982587227,0.4504138742170453,0.0,-1.303220049215292,0.052171754120426406,-0.0050497990591841305,-0.05586838833861367,0.05217175412042632,-0.005049799059184141,-0.055868388338613566,0.0,0.0,0.0,1.0,0.0,1.0,1.0,1.0,1.0,1.0,1.0,1.0,0.005201367812524835,0.001091098766021597,-0.0036013802001389583,-4.265741947077239e-15,2.6288590087010305e-15,1.0359506094725682e-14,5.1301423764275534e-14,6.857968039939757e-14,-1.186913680596108e-15,82.38662309328679,-80.03069737060687,-84.61945288123705,-0.6521469265053291,0.06312248823980136,0.6983548542326516
2.3799999999999595,0.04686872400921351,-0.18211239665132656,0.11997245063326911,0.6763496536679291,0.6763600282144355,-0.2062595194986138,-0.20626504510760518,172.37276148051652,-155.73341515132094,-165.0251560055892,-2.9415467101561274e-15,1.823635501377419e-16,-5.771713273590261e-15,1.1339043284561207e-14,4.26537274686847e-16,6.53631108755016e-14,82.38662309328679,-80.03069737060687,-84.61945288123712,4.0,12.752999999956977,-3.0370382166078347e-05,5.354070509753562e-15,1.6084868179603007,0.45794069982587227,0.4504138742170453,0.0,-1.303220049215292,0.052171754120426544,-0.005049799059184107,-0.05586838833861094,0.05217175412042655,-0.005049799059184095,-0.055868388338610735,0.0,0.0,0.0,1.0,0.0,1.0,1.0,1.0,1.0,1.0,1.0,1.0,0.005201367812523991,0.001091098766020191,-0.0036013802001389336,-4.30712103044507e-15,4.515926336093424e-16,-7.015013360220281e-15,-2.7064907758012793e-14,-6.056733197264684e-14,4.2563569449258705e-16,82.3866230932868,-80.03069737060687,-84.61945288123705,-0.6521469265053292,0.06312248823980143,0.6983548542326515
2.3899999999999584,0.04686872400921348,-0.18211239665132656,0.11997245063326913,0.6763496536679291,0.6763600282144355,-0.20625951949861365,-0.20626504510760532,173.19662771144937,-156.53372212502697,-165.8713505344016,-3.737210209336383e-15,2.1215162031147748e-15,7.780977180815364e-15,5.489672668103685e-15,-1.2375625471098577e-15,-9.485088555421354e-14,82.38662309328679,-80.03069737060687,-84.61945288123697,4.0,12.753000000040883,-3.0370382166106102e-05,1.5821613557554842e-14,1.608486817960301,0.4579406998258725,0.4504138742170453,0.0,-1.3032200492152917,0.05217175412042644,-0.005049799059184125,-0.05586838833861388,0.052171754120426406,-0.0050497990591841305,-0.05586838833861367,0.0,0.0,0.0,1.0,0.0,1.0,1.0,1.0,1.0,1.0,1.0,1.0,0.005201367812524901,0.0010910987660216734,-0.003601380200138961,-4.270117261156458e-15,2.304703002177926e-15,9.347323824018637e-15,5.748471300806391e-14,7.564613252187664e-14,-1.2365121684288088e-15,82.38662309328679,-80.03069737060687,-84.61945288123707,-0.6521469265053292,0.06312248823980128,0.6983548542326521
2.3999999999999573,0.04686872400921344,-0.18211239665132656,0.1199724506332691,0.6763496536679291,0.6763600282144355,-0.20625951949861376,-0.2062650451076052,174.02049394238222,-157.334029098733,-166.71754506321403,-3.624110823212009e-15,1.024580520522169e-15,-2.114365863455286e-15,9.749380791510559e-15,-2.5494622420391303e-17,2.6300579141595486e-14,82.38662309328679,-80.03069737060687,-84.61945288123708,4.0,12.752999999936272,-3.0370382166092225e-05,4.2651850189245626e-16,1.6084868179603005,0.4579406998258723,0.4504138742170453,0.0,-1.3032200492152919,0.0521717541204265,-0.005049799059184113,-0.05586838833861165,0.052171754120426544,-0.005049799059184107,-0.05586838833861094,0.0,0.0,0.0,1.0,0.0,1.0,1.0,1.0,1.0,1.0,1.0,1.0,0.005201367812524218,0.0010910987660205501,-0.003601380200138941,-4.917520646900317e-15,1.3854030035253447e-15,-2.725481175129197e-15,-6.5861412062405484e-15,-2.726524548260698e-14,-2.5918364463114943e-17,82.3866230932868,-80.03069737060687,-84.61945288123705,-0.6521469265053291,0.0631224882398014,0.6983548542326515
2.409999999999956,0.04686872400921341,-0.18211239665132656,0.11997245063326914,0.6763496536679291,0.6763600282144355,-0.20625951949861354,-0.20626504510760543,174.84436017331507,-158.13433607243903,-167.56373959202645,-4.821588353948695e-15,2.005785855384869e-15,4.062373928818563e-15,1.0148237366042504e-14,-8.150836932260318e-16,-4.591680825769318e-14,82.38662309328679,-80.03069737060687,-84.619452881237,4.0,12.753000000057046,-3.037038216611998e-05,1.073139175952757e-14,1.6084868179603007,0.45794069982587243,0.4504138742170453,0.0,-1.3032200492152912,0.05217175412042651,-0.005049799059184107,-0.05586838833861301,0.05217175412042644,-0.005049799059184125,-0.05586838833861388,0.0,0.0,0.0,1.0,0.0,1.0,1.0,1.0,1.0,1.0,1.0,1.0,0.005201367812524651,0.0010910987660212028,-0.003601380200138955,-6.015078105420738e-15,2.3388527627724158e-15,4.801672902040737e-15,3.4044014666473524e-14,3.243987905036476e-14,-8.146632585984257e-16,82.3866230932868,-80.03069737060687,-84.61945288123704,-0.6521469265053291,0.06312248823980116,0.6983548542326523
2.419999999999955,0.046868724009213374,-0.18211239665132656,0.1199724506332691,0.6763496536679291,0.6763600282144355,-0.20625951949861376,-0.2062650451076052,175.66822640424792,-158.93464304614506,-168.40993412083887,-4.5263628713487265e-15,1.795586220058023e-15,9.34451498477874e-16,8.86828388308344e-15,-3.7311981485566934e-16,-2.404258833506168e-15,82.38662309328679,-80.03069737060687,-84.61945288123704,4.0,12.752999999881702,-3.0370382166092225e-05,5.091851377741312e-15,1.6084868179603005,0.45794069982587204,0.4504138742170453,0.0,-1.3032200492152917,0.05217175412042649,-0.005049799059184119,-0.055868388338612164,0.0521717541204265,-0.005049799059184113,-0.05586838833861165,0.0,0.0,0.0,1.0,0.0,1.0,1.0,1.0,1.0,1.0,1.0,1.0,0.00520136781252438,0.0010910987660208156,-0.003601380200138946,-5.914141652130172e-15,2.27298212064684e-15,1.0723045186036234e-15,8.70074790705672e-15,-2.953616211055437e-15,-3.731957948941577e-16,82.3866230932868,-80.03069737060687,-84.61945288123704,-0.6521469265053291,0.0631224882398014,0.6983548542326515
2.429999999999954,0.04686872400921334,-0.18211239665132656,0.11997245063326914,0.6763496536679291,0.6763600282144355,-0.20625951949861362,-0.20626504510760535,176.49209263518077,-159.73495001985108,-169.2561286496513,-3.708194850840752e-15,8.2552972531841875e-16,-4.358901206506521e-15,1.1554043918493094e-14,3.163085143340711e-16,6.65677303699457e-14,82.38662309328679,-80.03069737060687,-84.6194528812371,4.0,12.75300000014248,-3.0370382166092225e-05,4.487515179339956e-15,1.608486817960301,0.45794069982587204,0.4504138742170453,0.0,-1.3032200492152912,0.05217175412042655,-0.005049799059184094,-0.05586838833861098,0.05217175412042651,-0.005049799059184107,-0.05586838833861301,0.0,0.0,0.0,1.0,0.0,1.0,1.0,1.0,1.0,1.0,1.0,1.0,0.005201367812523984,0.001091098766020174,-0.0036013802001389358,-5.318018236547229e-15,1.2918233956609843e-15,-5.19446643604701e-15,-2.755870450016975e-14,-6.16869276574592e-14,3.1539024751408185e-16,82.3866230932868,-80.03069737060687,-84.61945288123702,-0.6521469265053292,0.06312248823980125,0.6983548542326522
2.439999999999953,0.046868724009213304,-0.18211239665132656,0.1199724506332691,0.6763496536679291,0.6763600282144355,-0.20625951949861376,-0.2062650451076052,177.31595886611362,-160.5352569935571,-170.1023231784637,-3.975607179830039e-15,2.053336405866196e-15,4.121104302387337e-15,4.4800612544209795e-15,-8.800974061559671e-16,-6.50620888085752e-14,82.38662309328679,-80.03069737060687,-84.61945288123698,4.0,12.752999999877925,-3.0370382166092225e-05,1.2357615906939122e-14,1.6084868179603005,0.45794069982587216,0.4504138742170453,0.0,-1.3032200492152917,0.05217175412042641,-0.005049799059184128,-0.055868388338613295,0.05217175412042649,-0.005049799059184119,-0.055868388338612164,0.0,0.0,0.0,1.0,0.0,1.0,1.0,1.0,1.0,1.0,1.0,1.0,0.005201367812524715,0.001091098766021407,-0.003601380200138955,-4.7694166424370255e-15,2.3558721800765512e-15,4.7996617314742186e-15,4.0023992612740246e-14,5.1490072997037874e-14,-8.793853067041984e-16,82.38662309328679,-80.03069737060687,-84.61945288123705,-0.6521469265053291,0.0631224882398014,0.6983548542326515
2.4499999999999518,0.04686872400921327,-0.18211239665132656,0.11997245063326913,0.6763496536679291,0.6763600282144355,-0.20625951949861368,-0.20626504510760527,178.13982509704647,-161.33556396726314,-170.94851770727612,-3.4180319809478914e-15,3.1162644139515834e-16,-7.774467831702502e-15,1.3851834564361278e-14,7.994100037298174e-16,1.1926856328690716e-13,82.38662309328679,-80.03069737060687,-84.61945288123718,4.0,12.752999999988615,-3.0370382166092225e-05,1.1396757104427061e-14,1.608486817960301,0.4579406998258721,0.4504138742170453,0.0,-1.3032200492152914,0.05217175412042659,-0.00504979905918409,-0.05586838833861001,0.05217175412042655,-0.005049799059184094,-0.05586838833861098,0.0,0.0,0.0,1.0,0.0,1.0,1.0,1.0,1.0,1.0,1.0,1.0,0.005201367812523695,0.0010910987660196889,-0.003601380200138927,-5.283206662318154e-15,8.528601658999221e-16,-9.329060834408232e-15,-5.506037586458251e-14,-1.0670155115206667e-13,7.978452665187829e-16,82.3866230932868,-80.03069737060687,-84.61945288123707,-0.6521469265053292,0.06312248823980131,0.698354854232652
2.4599999999999507,0.046868724009213235,-0.18211239665132656,0.11997245063326911,0.6763496536679291,0.6763600282144355,-0.20625951949861368,-0.20626504510760527,178.96369132797932,-162.13587094096917,-171.79471223608854,-4.144345092351632e-15,2.2236417246079046e-15,6.343416795905976e-15,3.4756007100679586e-15,-1.2652677660824903e-15,-1.1193592431454896e-13,82.38662309328679,-80.03069737060687,-84.61945288123697,4.0,12.752999999857117,-3.0370382166106102e-05,1.8263648702013118e-14,1.6084868179603007,0.45794069982587227,0.4504138742170453,0.0,-1.3032200492152914,0.052171754120426406,-0.005049799059184127,-0.05586838833861417,0.05217175412042641,-0.005049799059184128,-0.055868388338613295,0.0,0.0,0.0,1.0,0.0,1.0,1.0,1.0,1.0,1.0,1.0,1.0,0.005201367812524989,0.0010910987660218466,-0.0036013802001389644,-4.666149913925455e-15,2.3790729480554268e-15,7.255303396672412e-15,6.534728408257395e-14,9.094760381654792e-14,-1.263992890719328e-15,82.38662309328679,-80.03069737060687,-84.61945288123708,-0.6521469265053292,0.06312248823980131,0.698354854232652
2.4699999999999496,0.0468687240092132,-0.18211239665132656,0.11997245063326911,0.6763496536679291,0.6763600282144355,-0.20625951949861368,-0.20626504510760527,179.78755755891217,-162.9361779146752,-172.64090676490096,-4.733803712854731e-15,3.839989114241011e-16,-6.985956353543275e-15,1.9973298857524338e-14,7.46277596094243e-16,1.2404787753520566e-13,82.38662309328679,-80.03069737060687,-84.61945288123721,4.0,12.752999999964837,-3.0370382166106102e-05,1.0832284791833284e-14,1.6084868179603007,0.4579406998258724,0.4504138742170453,0.0,-1.3032200492152912,0.052171754120426704,-0.0050497990591840914,-0.05586838833860992,0.05217175412042659,-0.00504979905918409,-0.05586838833861001,0.0,0.0,0.0,1.0,0.0,1.0,1.0,1.0,1.0,1.0,1.0,1.0,0.005201367812523722,0.0010910987660196138,-0.0036013802001389284,-7.0541698343213075e-15,9.280081934904279e-16,-8.28406262970366e-15,-5.2647622691889346e-14,-1.1408347354883315e-13,7.445847278686701e-16,82.3866230932868,-80.03069737060687,-84.61945288123708,-0.6521469265053292,0.06312248823980131,0.698354854232652
2.4799999999999485,0.046868724009213165,-0.18211239665132656,0.11997245063326911,0.6763496536679291,0.6763600282144355,-0.20625951949861365,-0.2062650451076053,180.61142378984502,-163.73648488838123,-173.48710129371338,-3.3161352397650985e-15,1.214280078919008e-15,9.420940514819602e-16,6.820003996670709e-15,-3.1726168287454736e-16,-8.70295227517834e-15,82.38662309328679,-80.03069737060687,-84.61945288123707,4.0,12.753000000062176,-3.037038216611998e-05,4.5121564547981275e-15,1.6084868179603007,0.4579406998258722,0.4504138742170453,0.0,-1.3032200492152914,0.05217175412042647,-0.005049799059184108,-0.05586838833861232,0.052171754120426406,-0.005049799059184127,-0.05586838833861417,0.0,0.0,0.0,1.0,0.0,1.0,1.0,1.0,1.0,1.0,1.0,1.0,0.005201367812524395,0.0010910987660208904,-0.003601380200138945,-4.276478156065859e-15,1.5029380653215489e-15,1.1251197908688803e-15,1.0515871868840143e-14,3.416179986483599e-15,-3.172395500916552e-16,82.38662309328679,-80.03069737060687,-84.61945288123708,-0.6521469265053292,0.06312248823980127,0.698354854232652
2.4899999999999474,0.04686872400921313,-0.18211239665132656,0.11997245063326907,0.6763496536679291,0.6763600282144355,-0.20625951949861387,-0.20626504510760507,181.43529002077787,-164.53679186208726,-174.3332958225258,-2.1707577483091356e-15,1.0694851236709102e-15,1.532884323569611e-15,1.7250947785678724e-15,-3.3682247877571466e-16,-2.2083536722565603e-14,82.38662309328681,-80.03069737060687,-84.61945288123707,4.0,12.75299999989347,-3.0370382166092225e-05,5.090717010691329e-15,1.6084868179603,0.4579406998258726,0.4504138742170453,0.0,-1.3032200492152917,0.05217175412042637,-0.005049799059184128,-0.055868388338612504,0.052171754120426704,-0.0050497990591840914,-0.05586838833860992,0.0,0.0,0.0,1.0,0.0,1.0,1.0,1.0,1.0,1.0,1.0,1.0,0.005201367812524434,0.0010910987660210367,-0.0036013802001389453,-2.6814603396367074e-15,1.2804274983496898e-15,1.8193973148944433e-15,1.3754710140932578e-14,1.736279517406007e-14,-3.365831794937925e-16,82.38662309328681,-80.03069737060687,-84.6194528812371,-0.6521469265053292,0.06312248823980152,0.6983548542326513
2.4999999999999463,0.04686872400921312,-0.18211239665132656,0.11997245063326907,0.6763496536679291,0.6763600282144355,-0.2062595194986139,-0.20626504510760504,182.25915625171072,-165.33709883579328,-175.17949035133822,2.7624310195535984e-16,-1.635669387860648e-15,-5.143059438177361e-15,1.2267406955400789e-14,8.199764770983732e-16,9.443898212263521e-14,82.38662309328681,-80.03069737060687,-84.61945288123718,4.0,12.753000000110434,-3.0370382166092225e-05,1.2577092071668783e-14,1.6084868179603,0.45794069982587265,0.4504138742170453,0.0,-1.3032200492152917,0.052171754120426565,-0.005049799059184109,-0.055868388338610395,0.05217175412042647,-0.005049799059184108,-0.05586838833861232,0.0,0.0,0.0,1.0,0.0,1.0,1.0,1.0,1.0,1.0,1.0,1.0,0.00520136781252383,0.001091098766019922,-0.0036013802001389284,-2.8997064060346995e-16,-1.7855494961850443e-15,-6.03483352715361e-15,-4.25196198579999e-14,-8.521323019492138e-14,8.187222180694209e-16,82.38662309328683,-80.03069737060687,-84.61945288123708,-0.6521469265053292,0.06312248823980154,0.6983548542326512
2.509999999999945,0.046868724009213124,-0.18211239665132656,0.11997245063326904,0.6763496536679291,0.6763600282144355,-0.20625951949861407,-0.20626504510760485,183.08302248264357,-166.1374058094993,-176.02568488015064,1.9748536161871827e-15,6.29330556678291e-16,6.65996906846942e-15,-1.6292946986840467e-14,-7.649720034112441e-16,-1.073049749912254e-13,82.38662309328686,-80.03069737060687,-84.61945288123698,4.0,12.753000000010466,-3.0370382166092225e-05,1.1686928503852935e-14,1.6084868179602996,0.4579406998258725,0.4504138742170453,0.0,-1.3032200492152919,0.052171754120426066,-0.005049799059184152,-0.05586838833861399,0.05217175412042637,-0.005049799059184128,-0.055868388338612504,0.0,0.0,0.0,1.0,0.0,1.0,1.0,1.0,1.0,1.0,1.0,1.0,0.0052013678125247854,0.0010910987660219136,-0.0036013802001389535,3.3293257062298736e-15,4.294904122457629e-16,7.96988682689185e-15,4.6358690565750076e-14,9.813608820925934e-14,-7.635191962436846e-16,82.38662309328684,-80.03069737060687,-84.6194528812371,-0.6521469265053295,0.06312248823980172,0.6983548542326508
2.519999999999944,0.04686872400921316,-0.18211239665132656,0.11997245063326904,0.6763496536679291,0.6763600282144355,-0.20625951949861407,-0.20626504510760485,183.90688871357642,-166.93771278320534,-176.87187940896305,3.4917354510443077e-15,-2.8304320087279722e-15,-5.9999444769264956e-15,8.14581721702449e-15,1.206969847620098e-15,1.1701332956129324e-13,82.38662309328686,-80.03069737060687,-84.6194528812372,4.0,12.753000000134158,-3.0370382166092225e-05,1.8675744049871775e-14,1.6084868179602996,0.45794069982587254,0.4504138742170453,0.0,-1.3032200492152917,0.0521717541204265,-0.005049799059184117,-0.05586838833860995,0.052171754120426565,-0.005049799059184109,-0.055868388338610395,0.0,0.0,0.0,1.0,0.0,1.0,1.0,1.0,1.0,1.0,1.0,1.0,0.005201367812523659,0.0010910987660197441,-0.0036013802001389193,3.7359845164618425e-15,-3.2079078371005257e-15,-6.877484392158019e-15,-5.853688276176049e-14,-1.0164600601505265e-13,1.2054986892867007e-15,82.38662309328687,-80.03069737060687,-84.61945288123708,-0.6521469265053295,0.06312248823980172,0.6983548542326508
2.529999999999943,0.04686872400921319,-0.18211239665132656,0.11997245063326903,0.6763496536679291,0.6763600282144355,-0.2062595194986141,-0.20626504510760477,184.73075494450927,-167.73801975691137,-177.71807393777547,3.216821891372581e-15,-3.8672848993394715e-16,6.120080650664718e-15,-1.55294578977353e-14,-7.032153062085263e-16,-1.15358277818734e-13,82.3866230932869,-80.03069737060687,-84.61945288123695,4.0,12.753000000030514,-3.037038216606447e-05,1.1050713559505053e-14,1.6084868179602996,0.4579406998258725,0.4504138742170453,0.0,-1.3032200492152919,0.05217175412042608,-0.0050497990591841495,-0.05586838833861412,0.052171754120426066,-0.005049799059184152,-0.05586838833861399,0.0,0.0,0.0,1.0,0.0,1.0,1.0,1.0,1.0,1.0,1.0,1.0,0.005201367812524847,0.0010910987660219813,-0.00360138020013895,5.004280961019083e-15,-9.140844266308964e-16,7.109555161173451e-15,5.148620408171485e-14,1.043928602662827e-13,-7.016768123914236e-16,82.38662309328689,-80.03069737060687,-84.61945288123707,-0.6521469265053295,0.06312248823980171,0.6983548542326505
2.539999999999942,0.04686872400921323,-0.18211239665132656,0.11997245063326903,0.6763496536679291,0.6763600282144355,-0.20625951949861412,-0.20626504510760474,185.55462117544212,-168.5383267306174,-178.5642684665879,3.462644684207788e-15,-1.6202860224219164e-15,-4.949185517651872e-16,-3.628415599295949e-15,2.9844867288743103e-16,6.48032427497411e-15,82.3866230932869,-80.03069737060687,-84.61945288123705,4.0,12.752999999949013,-3.037038216606447e-05,4.5947675877576676e-15,1.6084868179602996,0.4579406998258727,0.4504138742170453,0.0,-1.3032200492152919,0.052171754120426295,-0.005049799059184135,-0.05586838833861193,0.0521717541204265,-0.005049799059184117,-0.05586838833860995,0.0,0.0,0.0,1.0,0.0,1.0,1.0,1.0,1.0,1.0,1.0,1.0,0.0052013678125242225,0.0010910987660208119,-0.0036013802001389323,4.47294763661668e-15,-2.0449463293410393e-15,-6.332272716820851e-16,-6.627132775351553e-15,-3.352779989218135e-15,2.984151506558719e-16,82.3866230932869,-80.03069737060687,-84.61945288123705,-0.6521469265053295,0.06312248823980175,0.6983548542326505
2.5499999999999408,0.04686872400921325,-0.18211239665132656,0.11997245063326907,0.6763496536679291,0.6763600282144355,-0.2062595194986139,-0.20626504510760496,186.37848740637497,-169.33863370432343,-179.4104629954003,2.3180564038331658e-15,-1.4824281019337514e-15,-1.0904595796783957e-15,1.4720825058885404e-15,3.051768939840039e-16,1.9679794295956956e-14,82.38662309328687,-80.03069737060687,-84.61945288123705,4.0,12.753000000089086,-3.0370382166078347e-05,5.156159072968833e-15,1.6084868179603,0.45794069982587243,0.4504138742170453,0.0,-1.3032200492152917,0.05217175412042638,-0.005049799059184114,-0.055868388338611734,0.05217175412042608,-0.0050497990591841495,-0.05586838833861412,0.0,0.0,0.0,1.0,0.0,1.0,1.0,1.0,1.0,1.0,1.0,1.0,0.0052013678125241835,0.0010910987660206588,-0.003601380200138937,2.8787190312688695e-15,-1.8682306029909932e-15,-1.2772194186101679e-15,-9.760266744745169e-15,-1.71522207073742e-14,3.0492826843505455e-16,82.38662309328687,-80.03069737060687,-84.61945288123704,-0.6521469265053293,0.06312248823980149,0.6983548542326511
2.5599999999999397,0.04686872400921326,-0.18211239665132656,0.11997245063326907,0.6763496536679291,0.6763600282144355,-0.20625951949861387,-0.206265045107605,187.20235363730782,-170.13894067802946,-180.25665752421273,-5.018600494670452e-16,1.119933682850063e-15,3.402380020895762e-15,-1.0212506514839461e-14,-7.420810651054724e-16,-9.665042266414367e-14,82.38662309328687,-80.03069737060687,-84.61945288123694,4.0,12.752999999923032,-3.0370382166078347e-05,1.2744522294584376e-14,1.6084868179603,0.4579406998258722,0.4504138742170453,0.0,-1.3032200492152917,0.05217175412042617,-0.00504979905918413,-0.05586838833861383,0.052171754120426295,-0.005049799059184135,-0.05586838833861193,0.0,0.0,0.0,1.0,0.0,1.0,1.0,1.0,1.0,1.0,1.0,1.0,0.005201367812524772,0.0010910987660217829,-0.0036013802001389527,1.4393656983652628e-17,1.0783003194266195e-15,3.775916598014997e-15,4.5458866007881394e-14,8.590164640114647e-14,-7.408249660679635e-16,82.38662309328686,-80.03069737060687,-84.61945288123704,-0.6521469265053293,0.06312248823980146,0.6983548542326511
2.5699999999999386,0.04686872400921324,-0.18211239665132656,0.11997245063326911,0.6763496536679291,0.6763600282144355,-0.2062595194986136,-0.20626504510760527,188.02621986824067,-170.93924765173549,-181.10285205302515,-2.5504552699311495e-15,-3.491782657874631e-16,-4.442450933050614e-15,1.8494109863826137e-14,5.540619539433095e-16,9.422592142950656e-14,82.38662309328683,-80.03069737060687,-84.61945288123714,4.0,12.753000000102924,-3.0370382166106102e-05,9.468016237481862e-15,1.6084868179603002,0.45794069982587227,0.4504138742170453,0.0,-1.3032200492152914,0.052171754120426676,-0.005049799059184082,-0.055868388338610464,0.05217175412042638,-0.005049799059184114,-0.055868388338611734,0.0,0.0,0.0,1.0,0.0,1.0,1.0,1.0,1.0,1.0,1.0,1.0,0.005201367812523884,0.0010910987660198838,-0.00360138020013893,-4.027051892682608e-15,-1.4656256379337196e-16,-5.1864491115058036e-15,-3.723366300843223e-14,-8.851108503637978e-14,5.527370087960451e-16,82.38662309328684,-80.03069737060687,-84.61945288123704,-0.6521469265053292,0.06312248823980114,0.698354854232652
2.5799999999999375,0.04686872400921321,-0.18211239665132656,0.11997245063326908,0.6763496536679291,0.6763600282144355,-0.20625951949861365,-0.20626504510760518,188.85008609917352,-171.7395546254415,-181.94904658183756,-4.057125276088327e-15,2.4421775600346608e-15,2.8612065246433627e-15,-4.218007356401293e-15,-8.185658753248469e-16,-7.732304687265844e-14,82.38662309328687,-80.03069737060687,-84.61945288123698,4.0,12.753000000022034,-3.0370382166106102e-05,1.4130505135071687e-14,1.6084868179603,0.45794069982587265,0.4504138742170453,0.0,-1.3032200492152914,0.052171754120426274,-0.00504979905918411,-0.05586838833861354,0.05217175412042617,-0.00504979905918413,-0.05586838833861383,0.0,0.0,0.0,1.0,0.0,1.0,1.0,1.0,1.0,1.0,1.0,1.0,0.0052013678125247135,0.0010910987660215693,-0.003601380200138955,-4.756565781602176e-15,2.8612867518306572e-15,3.1251158403336564e-15,3.964806426328784e-14,6.651825112033387e-14,-8.176074171930535e-16,82.38662309328687,-80.03069737060687,-84.61945288123705,-0.6521469265053293,0.06312248823980118,0.6983548542326518
2.5899999999999364,0.046868724009213186,-0.18211239665132656,0.11997245063326906,0.6763496536679291,0.6763600282144355,-0.20625951949861385,-0.20626504510760496,189.67395233010637,-172.53986159914754,-182.79524111064998,-1.8072411559325885e-15,-8.97247157716663e-17,-1.5472732472894763e-15,1.0977750912326854e-14,2.6655442616228197e-16,5.065204304379202e-14,82.38662309328684,-80.03069737060687,-84.61945288123712,4.0,12.7529999999456,-3.0370382166092225e-05,4.667490503264161e-15,1.6084868179603,0.45794069982587254,0.4504138742170453,0.0,-1.3032200492152914,0.052171754120426544,-0.005049799059184105,-0.05586838833861118,0.052171754120426676,-0.005049799059184082,-0.055868388338610464,0.0,0.0,0.0,1.0,0.0,1.0,1.0,1.0,1.0,1.0,1.0,1.0,0.00520136781252408,0.0010910987660203253,-0.0036013802001389336,-2.7453796117408457e-15,3.517537449866385e-17,-1.6353834518594898e-15,-1.91555592290505e-14,-4.815812928149241e-14,2.6583001103458834e-16,82.38662309328686,-80.03069737060687,-84.61945288123707,-0.6521469265053293,0.06312248823980138,0.6983548542326511
2.5999999999999353,0.046868724009213165,-0.18211239665132656,0.11997245063326906,0.6763496536679291,0.6763600282144355,-0.20625951949861382,-0.20626504510760502,190.49781856103922,-173.34016857285357,-183.6414356394624,4.823672974501961e-16,-1.2999633009680999e-15,-1.4465268845006745e-15,1.0427976763680692e-14,3.500424364068124e-16,4.533636312102647e-14,82.38662309328687,-80.03069737060687,-84.61945288123712,4.0,12.75300000005982,-3.0370382166092225e-05,6.625095398694224e-15,1.6084868179602998,0.4579406998258726,0.4504138742170453,0.0,-1.3032200492152914,0.05217175412042654,-0.0050497990591841044,-0.055868388338611276,0.052171754120426274,-0.00504979905918411,-0.05586838833861354,0.0,0.0,0.0,1.0,0.0,1.0,1.0,1.0,1.0,1.0,1.0,1.0,0.005201367812524109,0.001091098766020378,-0.003601380200138934,2.82527153017668e-16,-1.558090154193449e-15,-1.5578695899000747e-15,-1.664548700251949e-14,-4.3440266358874515e-14,3.493869655747347e-16,82.38662309328689,-80.03069737060687,-84.61945288123708,-0.6521469265053293,0.06312248823980138,0.6983548542326512
2.609999999999934,0.04686872400921319,-0.18211239665132656,0.11997245063326901,0.6763496536679291,0.6763600282144355,-0.20625951949861418,-0.20626504510760466,191.32168479197207,-174.1404755465596,-184.48763016827482,2.5843121028114896e-15,-1.2178109961806903e-15,1.0773784451206488e-15,-3.509596446472982e-15,7.237011825490356e-17,-1.3394019395647538e-14,82.3866230932869,-80.03069737060687,-84.61945288123705,4.0,12.752999999931026,-3.037038216606447e-05,1.2258340875555079e-15,1.6084868179602994,0.45794069982587254,0.4504138742170453,0.0,-1.3032200492152917,0.0521717541204263,-0.005049799059184142,-0.05586838833861227,0.052171754120426544,-0.005049799059184105,-0.05586838833861118,0.0,0.0,0.0,1.0,0.0,1.0,1.0,1.0,1.0,1.0,1.0,1.0,0.005201367812524341,0.0010910987660209903,-0.003601380200138936,3.4558371771422377e-15,-1.6230424001688724e-15,1.2850354349270748e-15,4.561865382557743e-15,1.307311662234989e-14,7.256880841763166e-17,82.3866230932869,-80.03069737060687,-84.61945288123707,-0.6521469265053296,0.0631224882398018,0.6983548542326503
2.619999999999933,0.04686872400921323,-0.18211239665132656,0.11997245063326904,0.6763496536679291,0.6763600282144355,-0.206259519498614,-0.20626504510760482,192.14555102290493,-174.94078252026563,-185.33382469708724,4.813896599850918e-15,-3.4690338349068986e-15,-2.514311332781431e-15,1.0445866388757964e-14,7.445929553411599e-16,6.807225019794324e-14,82.38662309328687,-80.03069737060687,-84.61945288123712,4.0,12.753000000095907,-3.0370382166078347e-05,1.423411248114409e-14,1.6084868179602996,0.4579406998258726,0.4504138742170453,0.0,-1.3032200492152914,0.05217175412042655,-0.0050497990591841175,-0.055868388338610846,0.05217175412042654,-0.0050497990591841044,-0.055868388338611276,0.0,0.0,0.0,1.0,0.0,1.0,1.0,1.0,1.0,1.0,1.0,1.0,0.005201367812523973,0.0010910987660201713,-0.0036013802001389258,5.763137285905427e-15,-4.262843297513885e-15,-2.7435325547637095e-15,-2.931785601036146e-14,-6.231702868506254e-14,7.436700297356858e-16,82.38662309328689,-80.03069737060687,-84.61945288123705,-0.6521469265053296,0.06312248823980163,0.6983548542326509
2.629999999999932,0.046868724009213256,-0.18211239665132656,0.11997245063326907,0.6763496536679291,0.6763600282144355,-0.20625951949861393,-0.2062650451076049,192.96941725383778,-175.74108949397166,-186.18001922589966,1.0157633488812725e-15,1.2382104165705714e-15,4.866388473512879e-15,-2.2845084137310234e-14,-7.570072905807517e-16,-1.232971705771582e-13,82.38662309328691,-80.03069737060687,-84.61945288123695,4.0,12.753000000023539,-3.037038216606447e-05,1.478469660420405e-14,1.6084868179603,0.45794069982587265,0.4504138742170453,0.0,-1.3032200492152914,0.05217175412042595,-0.005049799059184136,-0.05586838833861431,0.0521717541204263,-0.005049799059184142,-0.05586838833861227,0.0,0.0,0.0,1.0,0.0,1.0,1.0,1.0,1.0,1.0,1.0,1.0,0.005201367812524825,0.0010910987660220962,-0.0036013802001389544,2.225906445722693e-15,1.2104548409549426e-15,5.508449134288756e-15,4.984563381227208e-14,1.1506305023442574e-13,-7.552894905626346e-16,82.38662309328689,-80.03069737060687,-84.61945288123708,-0.6521469265053295,0.06312248823980152,0.6983548542326511
2.639999999999931,0.046868724009213276,-0.18211239665132656,0.11997245063326907,0.6763496536679291,0.6763600282144355,-0.20625951949861393,-0.2062650451076049,193.79328348477063,-176.54139646767769,-187.02621375471207,5.731418499587991e-16,-2.459402400587726e-16,-2.119312093568316e-16,-1.3635043547911836e-15,3.2897939104264607e-18,-7.116595939935545e-15,82.3866230932869,-80.03069737060687,-84.61945288123707,4.0,12.752999999957671,-3.037038216606447e-05,2.46219567501625e-16,1.6084868179603,0.45794069982587277,0.4504138742170453,0.0,-1.3032200492152914,0.05217175412042633,-0.005049799059184122,-0.05586838833861221,0.05217175412042655,-0.0050497990591841175,-0.055868388338610846,0.0,0.0,0.0,1.0,0.0,1.0,1.0,1.0,1.0,1.0,1.0,1.0,0.005201367812524324,0.0010910987660209216,-0.0036013802001389392,8.007375700069562e-16,-3.4586031227503675e-16,-3.6635159852922918e-16,2.839777448046764e-15,6.666389223382721e-15,3.3894715533847905e-18,82.3866230932869,-80.03069737060687,-84.61945288123708,-0.6521469265053295,0.06312248823980152,0.6983548542326511
2.6499999999999297,0.046868724009213256,-0.18211239665132656,0.1199724506332691,0.6763496536679291,0.6763600282144355,-0.20625951949861362,-0.2062650451076052,194.61714971570348,-177.34170344138371,-187.8724082835245,-2.0957601969289617e-15,1.7019110560785337e-15,1.0299362810558653e-15,-6.665811053325712e-15,-3.4120731179610076e-16,-3.407381663934555e-14,82.38662309328693,-80.03069737060687,-84.61945288123702,4.0,12.753000000056343,-3.0370382166106102e-05,6.844311624093637e-15,1.6084868179603002,0.45794069982587277,0.4504138742170453,0.0,-1.3032200492152914,0.052171754120426225,-0.005049799059184098,-0.05586838833861276,0.05217175412042595,-0.005049799059184136,-0.05586838833861431,0.0,0.0,0.0,1.0,0.0,1.0,1.0,1.0,1.0,1.0,1.0,1.0,0.005201367812524432,0.0010910987660211961,-0.0036013802001389496,-2.467684910178389e-15,2.10159134494359e-15,1.1107228781742076e-15,1.3482627031709258e-14,3.199495448113587e-14,-3.407284459406825e-16,82.38662309328693,-80.03069737060687,-84.61945288123705,-0.6521469265053292,0.06312248823980116,0.6983548542326519
2.6599999999999286,0.04686872400921324,-0.18211239665132656,0.11997245063326907,0.6763496536679291,0.6763600282144355,-0.20625951949861376,-0.20626504510760507,195.44101594663633,-178.14201041508974,-188.7186028123369,-4.06071296096231e-15,1.5049132061446163e-15,1.2042098531575356e-15,3.1756318114331244e-15,-2.9440989939100545e-16,-2.0117989470416365e-14,82.3866230932869,-80.03069737060687,-84.61945288123702,4.0,12.752999999937078,-3.0370382166106102e-05,6.692438244182328e-15,1.6084868179602998,0.4579406998258725,0.4504138742170453,0.0,-1.3032200492152914,0.0521717541204264,-0.00504979905918411,-0.05586838833861247,0.05217175412042633,-0.005049799059184122,-0.05586838833861221,0.0,0.0,0.0,1.0,0.0,1.0,1.0,1.0,1.0,1.0,1.0,1.0,0.005201367812524437,0.0010910987660210096,-0.0036013802001389444,-5.1709359855874666e-15,1.8546334589015405e-15,1.3579353660037354e-15,1.3861573552985183e-14,1.4922299876023245e-14,-2.9421075379466488e-16,82.3866230932869,-80.03069737060687,-84.61945288123704,-0.6521469265053292,0.06312248823980131,0.6983548542326513
2.6699999999999275,0.046868724009213186,-0.18211239665132656,0.11997245063326911,0.6763496536679291,0.6763600282144355,-0.20625951949861354,-0.2062650451076053,196.26488217756918,-178.94231738879577,-189.56479734114933,-4.032922535482283e-15,1.424458798676015e-15,-9.270323344391427e-16,8.048622952259733e-15,-8.433136197999244e-17,2.3958047172067036e-14,82.38662309328687,-80.03069737060687,-84.61945288123707,4.0,12.753000000073653,-3.0370382166106102e-05,1.2819714856142914e-15,1.6084868179603002,0.45794069982587265,0.4504138742170453,0.0,-1.3032200492152912,0.05217175412042649,-0.005049799059184086,-0.05586838833861174,0.052171754120426225,-0.005049799059184098,-0.05586838833861276,0.0,0.0,0.0,1.0,0.0,1.0,1.0,1.0,1.0,1.0,1.0,1.0,0.005201367812524218,0.0010910987660205833,-0.003601380200138943,-5.431803546509979e-15,1.9018546992648324e-15,-1.1196541580225675e-15,-6.690276508404113e-15,-2.43722894364189e-14,-8.47075779729407e-17,82.38662309328689,-80.03069737060687,-84.61945288123704,-0.6521469265053292,0.06312248823980106,0.6983548542326521
2.6799999999999264,0.04686872400921315,-0.18211239665132656,0.11997245063326908,0.6763496536679291,0.6763600282144355,-0.2062595194986137,-0.2062650451076051,197.08874840850203,-179.7426243625018,-190.41099186996175,-5.532838668755012e-15,2.3704516509183558e-15,2.920323368753436e-15,-1.9861096346655943e-15,-5.80288625133942e-16,-6.628048251162119e-14,82.38662309328686,-80.03069737060687,-84.61945288123698,4.0,12.752999999897689,-3.0370382166092225e-05,1.4009425279686981e-14,1.6084868179603002,0.45794069982587254,0.4504138742170453,0.0,-1.3032200492152914,0.05217175412042631,-0.005049799059184109,-0.05586838833861331,0.0521717541204264,-0.00504979905918411,-0.05586838833861247,0.0,0.0,0.0,1.0,0.0,1.0,1.0,1.0,1.0,1.0,1.0,1.0,0.005201367812524667,0.0010910987660214576,-0.0036013802001389505,-6.759635110965809e-15,2.7895608427143526e-15,3.312269762982246e-15,3.533810844922141e-14,5.610941111185258e-14,-5.7948619904553665e-16,82.38662309328686,-80.03069737060687,-84.61945288123705,-0.6521469265053292,0.06312248823980122,0.6983548542326514
2.6899999999999253,0.046868724009213124,-0.18211239665132656,0.11997245063326907,0.6763496536679291,0.6763600282144355,-0.20625951949861376,-0.20626504510760502,197.91261463943488,-180.54293133620783,-191.25718639877417,4.0403673555060085e-16,-1.5009501269193562e-15,-5.12641617785779e-15,2.033913551430528e-14,5.692081579805989e-16,1.0991839658662046e-13,82.38662309328681,-80.03069737060687,-84.61945288123715,4.0,12.752999999976142,-3.0370382166092225e-05,1.4506388215631948e-14,1.6084868179603,0.45794069982587243,0.4504138742170453,0.0,-1.3032200492152917,0.05217175412042672,-0.005049799059184092,-0.05586838833861012,0.05217175412042649,-0.005049799059184086,-0.05586838833861174,0.0,0.0,0.0,1.0,0.0,1.0,1.0,1.0,1.0,1.0,1.0,1.0,0.005201367812523811,0.0010910987660197337,-0.0036013802001389275,-3.009548850863736e-16,-1.5897679688893688e-15,-6.005422991047968e-15,-4.4459426059771016e-14,-1.0256264191579657e-13,5.676770717844226e-16,82.38662309328683,-80.03069737060687,-84.61945288123704,-0.6521469265053293,0.06312248823980128,0.6983548542326512
2.6999999999999242,0.0468687240092131,-0.18211239665132656,0.11997245063326906,0.6763496536679291,0.6763600282144355,-0.20625951949861376,-0.20626504510760502,198.73648087036773,-181.34323830991386,-192.10338092758658,-5.085864580943689e-16,-2.4088151337062003e-16,2.938081123994966e-16,4.328153667460506e-15,-1.2320242705868967e-17,4.232073086518855e-15,82.38662309328686,-80.03069737060687,-84.61945288123705,4.0,12.753000000036394,-3.0370382166106102e-05,2.247411387380638e-16,1.6084868179602998,0.45794069982587254,0.4504138742170453,0.0,-1.3032200492152917,0.052171754120426427,-0.005049799059184103,-0.05586838833861202,0.05217175412042631,-0.005049799059184109,-0.05586838833861331,0.0,0.0,0.0,1.0,0.0,1.0,1.0,1.0,1.0,1.0,1.0,1.0,0.005201367812524299,0.0010910987660207854,-0.00360138020013894,-7.250799478962745e-16,-3.2692379777906965e-16,4.009044850229334e-16,1.2299968140999157e-15,-5.927095589465069e-15,-1.2420862178024764e-17,82.38662309328686,-80.03069737060687,-84.61945288123705,-0.6521469265053293,0.06312248823980128,0.6983548542326512
2.709999999999923,0.04686872400921313,-0.18211239665132656,0.11997245063326901,0.6763496536679291,0.6763600282144355,-0.206259519498614,-0.20626504510760474,199.56034710130058,-182.1435452836199,-192.949575456399,3.748151964798922e-15,-2.546685968020294e-15,-1.9428824866894053e-15,1.0116882141547655e-14,4.2235020267276435e-16,6.027672975476505e-14,82.38662309328687,-80.03069737060687,-84.61945288123712,4.0,12.752999999970523,-3.0370382166092225e-05,1.18796483544542e-14,1.6084868179602994,0.4579406998258729,0.4504138742170453,0.0,-1.3032200492152917,0.052171754120426544,-0.005049799059184117,-0.05586838833861097,0.05217175412042672,-0.005049799059184092,-0.05586838833861012,0.0,0.0,0.0,1.0,0.0,1.0,1.0,1.0,1.0,1.0,1.0,1.0,0.005201367812524017,0.001091098766020241,-0.003601380200138929,4.430939124943393e-15,-3.112899710579124e-15,-2.059450378732413e-15,-2.524075301657712e-14,-5.5664535743999304e-14,4.2152277497779084e-16,82.38662309328689,-80.03069737060687,-84.61945288123707,-0.6521469265053296,0.06312248823980156,0.6983548542326506
2.719999999999922,0.046868724009213145,-0.18211239665132656,0.11997245063326904,0.6763496536679291,0.6763600282144355,-0.2062595194986139,-0.20626504510760488,200.38421333223343,-182.94385225732591,-193.79576998521142,3.359741758983112e-15,-1.4921945344025346e-15,3.218530071023402e-16,-1.743328330339666e-16,1.6448204952482965e-16,1.532098087486526e-14,82.38662309328687,-80.03069737060687,-84.61945288123708,4.0,12.753000000060654,-3.0370382166092225e-05,5.515438998839123e-15,1.6084868179602996,0.4579406998258725,0.4504138742170453,0.0,-1.3032200492152917,0.05217175412042636,-0.005049799059184113,-0.05586838833861182,0.052171754120426427,-0.005049799059184103,-0.05586838833861202,0.0,0.0,0.0,1.0,0.0,1.0,1.0,1.0,1.0,1.0,1.0,1.0,0.005201367812524194,0.0010910987660207084,-0.003601380200138936,4.275675754298866e-15,-1.8779970354597764e-15,6.204933271873537e-16,-8.69417020742694e-15,-1.2616430154582242e-14,1.643040112560996e-16,82.38662309328687,-80.03069737060687,-84.61945288123707,-0.6521469265053295,0.06312248823980145,0.6983548542326512
2.729999999999921,0.046868724009213186,-0.18211239665132656,0.11997245063326904,0.6763496536679291,0.6763600282144355,-0.206259519498614,-0.20626504510760477,201.20807956316628,-183.74415923103194,-194.64196451402384,1.0322221892931959e-15,5.069229632433703e-16,3.0552431725808426e-15,-1.6618711875013087e-14,-2.4072551881363676e-16,-7.623567420171906e-14,82.3866230932869,-80.03069737060687,-84.619452881237,4.0,12.752999999929525,-3.037038216606447e-05,8.66339298524123e-15,1.6084868179602996,0.4579406998258725,0.4504138742170453,0.0,-1.3032200492152917,0.052171754120426066,-0.005049799059184131,-0.055868388338613434,0.052171754120426544,-0.005049799059184117,-0.05586838833861097,0.0,0.0,0.0,1.0,0.0,1.0,1.0,1.0,1.0,1.0,1.0,1.0,0.005201367812524602,0.0010910987660216354,-0.0036013802001389427,1.9259517241164467e-15,4.3198290908117223e-16,3.4717841848300654e-15,2.875088809476473e-14,7.253582951494088e-14,-2.3963408046443684e-16,82.38662309328689,-80.03069737060687,-84.61945288123707,-0.6521469265053296,0.06312248823980159,0.6983548542326508
2.73999999999992,0.0468687240092132,-0.18211239665132656,0.11997245063326907,0.6763496536679291,0.6763600282144355,-0.20625951949861387,-0.20626504510760488,202.03194579409913,-184.54446620473797,-195.48815904283626,3.610674113750416e-15,-3.066882590822667e-15,-3.422449364714221e-15,1.91350497894191e-14,4.112116741322286e-16,8.440598643909748e-14,82.38662309328686,-80.03069737060687,-84.61945288123718,4.0,12.75300000007718,-3.037038216606447e-05,1.4994753459468573e-14,1.6084868179603,0.4579406998258726,0.4504138742170453,0.0,-1.3032200492152917,0.052171754120426704,-0.005049799059184104,-0.055868388338610575,0.05217175412042636,-0.005049799059184113,-0.05586838833861182,0.0,0.0,0.0,1.0,0.0,1.0,1.0,1.0,1.0,1.0,1.0,1.0,0.005201367812523956,0.001091098766019976,-0.0036013802001389275,4.049212208477353e-15,-3.7357919631593236e-15,-3.964528317059421e-15,-3.122201768896292e-14,-8.071993116995271e-14,4.0999462166694404e-16,82.38662309328687,-80.03069737060687,-84.6194528812371,-0.6521469265053295,0.06312248823980139,0.6983548542326512
2.7499999999999187,0.04686872400921323,-0.18211239665132656,0.11997245063326906,0.6763496536679291,0.6763600282144355,-0.2062595194986139,-0.20626504510760485,202.85581202503198,-185.344773178444,-196.33435357164868,6.838319131431544e-16,1.5700645666590122e-15,4.1720299516940355e-15,-2.9661160149616794e-14,-4.033349244017833e-16,-1.233759231573402e-13,82.38662309328691,-80.03069737060687,-84.61945288123695,4.0,12.753000000005862,-3.0370382166078347e-05,1.5281880096050017e-14,1.6084868179602998,0.45794069982587254,0.4504138742170453,0.0,-1.3032200492152917,0.05217175412042583,-0.005049799059184122,-0.05586838833861431,0.052171754120426066,-0.005049799059184131,-0.055868388338613434,0.0,0.0,0.0,1.0,0.0,1.0,1.0,1.0,1.0,1.0,1.0,1.0,0.005201367812524762,0.0010910987660221404,-0.003601380200138949,1.816259398260814e-15,1.6727601964368389e-15,4.711348695278887e-15,4.423344098655045e-14,1.1893194265071843e-13,-4.015360805483865e-16,82.38662309328689,-80.03069737060687,-84.61945288123708,-0.6521469265053296,0.06312248823980143,0.6983548542326511
2.7599999999999176,0.04686872400921324,-0.18211239665132656,0.11997245063326904,0.6763496536679291,0.6763600282144355,-0.20625951949861396,-0.20626504510760482,203.67967825596483,-186.14508015215003,-197.1805481004611,2.2814536520955042e-15,-3.2390200778342383e-15,-4.307816712520258e-15,3.297563944685573e-14,5.191965483081092e-16,1.335079600800545e-13,82.38662309328684,-80.03069737060687,-84.61945288123721,4.0,12.752999999994337,-3.0370382166078347e-05,1.9952690899286978e-14,1.6084868179602996,0.45794069982587243,0.4504138742170453,0.0,-1.3032200492152917,0.05217175412042696,-0.0050497990591841105,-0.05586838833860967,0.052171754120426704,-0.005049799059184104,-0.055868388338610575,0.0,0.0,0.0,1.0,0.0,1.0,1.0,1.0,1.0,1.0,1.0,1.0,0.005201367812523782,0.0010910987660194505,-0.0036013802001389227,1.9150800539692025e-15,-3.841316068693385e-15,-4.760793385561463e-15,-4.713694761811837e-14,-1.2918931224800853e-13,5.172396500522766e-16,82.38662309328687,-80.03069737060687,-84.61945288123708,-0.6521469265053296,0.0631224882398015,0.6983548542326509
2.7699999999999165,0.04686872400921325,-0.18211239665132656,0.11997245063326907,0.6763496536679291,0.6763600282144355,-0.20625951949861387,-0.2062650451076049,204.50354448689768,-186.94538712585606,-198.0267426292735,1.1622175974446293e-15,4.817171374714055e-17,2.7454291266956497e-15,-1.423446977608436e-14,-2.0153628855550474e-16,-7.200108889831976e-14,82.38662309328689,-80.03069737060687,-84.61945288123701,4.0,12.753000000021267,-3.0370382166078347e-05,7.795902083005954e-15,1.6084868179603,0.4579406998258725,0.4504138742170453,0.0,-1.3032200492152917,0.0521717541204261,-0.0050497990591841175,-0.05586838833861339,0.05217175412042583,-0.005049799059184122,-0.05586838833861431,0.0,0.0,0.0,1.0,0.0,1.0,1.0,1.0,1.0,1.0,1.0,1.0,0.005201367812524597,0.0010910987660215853,-0.003601380200138945,2.0281915566522515e-15,-1.5999510337007629e-16,3.064375518571112e-15,2.8366379721615327e-14,6.769140153211212e-14,-2.0052264989506098e-16,82.38662309328687,-80.03069737060687,-84.61945288123708,-0.6521469265053295,0.06312248823980142,0.6983548542326512
2.7799999999999154,0.046868724009213276,-0.18211239665132656,0.11997245063326904,0.6763496536679291,0.6763600282144355,-0.20625951949861404,-0.20626504510760474,205.32741071783053,-187.7456940995621,-198.87293715808593,2.7900492601789194e-15,-2.0400430826936075e-15,-2.5565890308842987e-15,1.2837125163060831e-14,2.5866217433263763e-16,5.779944753942692e-14,82.38662309328684,-80.03069737060687,-84.61945288123714,4.0,12.752999999974495,-3.037038216606447e-05,1.0518191468884075e-14,1.6084868179602996,0.4579406998258727,0.4504138742170453,0.0,-1.3032200492152917,0.052171754120426586,-0.0050497990591841235,-0.055868388338611005,0.05217175412042696,-0.0050497990591841105,-0.05586838833860967,0.0,0.0,0.0,1.0,0.0,1.0,1.0,1.0,1.0,1.0,1.0,1.0,0.005201367812524062,0.0010910987660202472,-0.0036013802001389305,3.2008317792902276e-15,-2.4785811774205447e-15,-3.023186087787605e-15,-2.160104418161341e-14,-5.512679237372288e-14,2.5783189082606255e-16,82.38662309328686,-80.03069737060687,-84.61945288123708,-0.6521469265053295,0.0631224882398016,0.6983548542326505
2.7899999999999143,0.04686872400921329,-0.18211239665132656,0.11997245063326907,0.6763496536679291,0.6763600282144355,-0.20625951949861385,-0.20626504510760493,206.15127694876338,-188.54600107326812,-199.71913168689835,1.8880284127869516e-15,-8.32519288090055e-16,5.001323734892603e-16,-2.6949880694216928e-15,-3.331139702180244e-18,-1.7301296783708255e-14,82.38662309328686,-80.03069737060687,-84.61945288123707,4.0,12.753000000039405,-3.0370382166078347e-05,6.00255393793007e-17,1.6084868179603,0.45794069982587254,0.4504138742170453,0.0,-1.3032200492152917,0.05217175412042631,-0.0050497990591841105,-0.05586838833861241,0.0521717541204261,-0.0050497990591841175,-0.05586838833861339,0.0,0.0,0.0,1.0,0.0,1.0,1.0,1.0,1.0,1.0,1.0,1.0,0.005201367812524368,0.0010910987660210226,-0.0036013802001389392,2.5763666880545486e-15,-1.1517084076697875e-15,5.057353198961347e-16,7.418208566641924e-15,1.586089575858667e-14,-3.0960973694485254e-18,82.38662309328686,-80.03069737060687,-84.61945288123708,-0.6521469265053295,0.06312248823980138,0.6983548542326512
2.7999999999999132,0.04686872400921332,-0.18211239665132656,0.11997245063326906,0.6763496536679291,0.6763600282144355,-0.206259519498614,-0.20626504510760474,206.97514317969623,-189.34630804697414,-200.56532621571077,1.101680691500976e-15,-3.3459507618925564e-16,7.606417543289047e-16,-8.826642354355877e-15,-9.758420185123042e-17,-4.6691914864926304e-14,82.38662309328686,-80.03069737060687,-84.61945288123704,4.0,12.752999999945965,-3.037038216605059e-05,4.5724056663645145e-15,1.6084868179602998,0.4579406998258726,0.4504138742170453,0.0,-1.3032200492152917,0.052171754120426204,-0.005049799059184126,-0.05586838833861289,0.052171754120426586,-0.0050497990591841235,-0.055868388338611005,0.0,0.0,0.0,1.0,0.0,1.0,1.0,1.0,1.0,1.0,1.0,1.0,0.005201367812524489,0.0010910987660213227,-0.0036013802001389405,1.784467851645447e-15,-5.927219294146045e-16,7.145778362291535e-16,1.8730745787289233e-14,4.3671544719584514e-14,-9.693162005722849e-17,82.38662309328684,-80.03069737060687,-84.61945288123708,-0.6521469265053296,0.06312248823980156,0.6983548542326506
2.809999999999912,0.046868724009213325,-0.18211239665132656,0.11997245063326906,0.6763496536679291,0.6763600282144355,-0.20625951949861387,-0.20626504510760488,207.79900941062908,-190.14661502068017,-201.4115207445232,2.2000178609881352e-15,-2.025894572369142e-15,-2.08591299594064e-15,2.0449792001075877e-14,2.832350915852433e-16,8.148085704650725e-14,82.38662309328683,-80.03069737060687,-84.61945288123717,4.0,12.752999999995486,-3.0370382166078347e-05,1.2927697894018605e-14,1.6084868179602998,0.4579406998258723,0.4504138742170453,0.0,-1.3032200492152917,0.052171754120426725,-0.005049799059184106,-0.05586838833861063,0.05217175412042631,-0.0050497990591841105,-0.05586838833861241,0.0,0.0,0.0,1.0,0.0,1.0,1.0,1.0,1.0,1.0,1.0,1.0,0.005201367812523981,0.001091098766019991,-0.0036013802001389292,2.23332455172689e-15,-2.4089215158648213e-15,-2.2167829327239047e-15,-2.8498715961429646e-14,-7.902624832127683e-14,2.820369681117799e-16,82.38662309328684,-80.03069737060687,-84.61945288123708,-0.6521469265053295,0.06312248823980139,0.6983548542326512
2.819999999999911,0.04686872400921333,-0.18211239665132656,0.11997245063326907,0.6763496536679291,0.6763600282144355,-0.20625951949861374,-0.206265045107605,208.62287564156193,-190.9469219943862,-202.2577152733356,-9.991672934756296e-16,1.778876196815085e-15,4.121243057894178e-15,-3.4060588803258295e-14,-4.1936382163827786e-16,-1.4986745824777842e-13,82.3866230932869,-80.03069737060687,-84.61945288123695,4.0,12.752999999928415,-3.0370382166092225e-05,2.0113249265748367e-14,1.6084868179602998,0.4579406998258728,0.4504138742170453,0.0,-1.3032200492152917,0.05217175412042574,-0.0050497990591841044,-0.055868388338614794,0.052171754120426204,-0.005049799059184126,-0.05586838833861289,0.0,0.0,0.0,1.0,0.0,1.0,1.0,1.0,1.0,1.0,1.0,1.0,0.005201367812524882,0.0010910987660224067,-0.0036013802001389544,-1.6650002500676208e-16,1.8621429236619718e-15,4.488947605219262e-15,5.5365656359168983e-14,1.433702362968066e-13,-4.1720187612564393e-16,82.38662309328687,-80.03069737060687,-84.61945288123711,-0.6521469265053293,0.06312248823980121,0.6983548542326512
2.82999999999991,0.046868724009213325,-0.18211239665132656,0.11997245063326908,0.6763496536679291,0.6763600282144355,-0.20625951949861368,-0.20626504510760504,209.44674187249478,-191.74722896809223,-203.10390980214802,-2.1441020037435326e-15,1.6698113763404277e-16,-1.7528235893033328e-15,1.6961278203620015e-14,1.3410667893195578e-16,6.513043873942264e-14,82.38662309328687,-80.03069737060687,-84.61945288123717,4.0,12.752999999985672,-3.0370382166092225e-05,6.040632194714199e-15,1.6084868179603002,0.4579406998258727,0.4504138742170453,0.0,-1.3032200492152917,0.052171754120426655,-0.00504979905918409,-0.05586838833861095,0.052171754120426725,-0.005049799059184106,-0.05586838833861063,0.0,0.0,0.0,1.0,0.0,1.0,1.0,1.0,1.0,1.0,1.0,1.0,0.005201367812524042,0.0010910987660201579,-0.0036013802001389384,-3.2987339493536953e-15,3.890257425590741e-16,-1.805976880799674e-15,-2.2269609031271882e-14,-6.351160350802672e-14,1.3314174823994663e-16,82.38662309328689,-80.03069737060687,-84.6194528812371,-0.6521469265053293,0.06312248823980116,0.6983548542326515
2.839999999999909,0.04686872400921328,-0.18211239665132656,0.11997245063326908,0.6763496536679291,0.6763600282144355,-0.20625951949861354,-0.2062650451076052,210.27060810342763,-192.54753594179826,-203.95010433096044,-5.7798409074820265e-15,2.42155497105187e-15,2.659635029929875e-15,-2.177353863202412e-14,-4.70593941791211e-16,-1.4224280144364205e-13,82.38662309328693,-80.03069737060687,-84.61945288123697,4.0,12.753000000003468,-3.0370382166133858e-05,2.3593157137356335e-14,1.6084868179603,0.4579406998258729,0.4504138742170453,0.0,-1.3032200492152917,0.052171754120425955,-0.005049799059184089,-0.05586838833861472,0.05217175412042574,-0.0050497990591841044,-0.055868388338614794,0.0,0.0,0.0,1.0,0.0,1.0,1.0,1.0,1.0,1.0,1.0,1.0,0.005201367812524943,0.0010910987660222638,-0.003601380200138956,-6.473730297872749e-15,2.660252921346278e-15,2.537009135447337e-15,6.130698244236261e-14,1.3018662474196162e-13,-4.686660444500305e-16,82.3866230932869,-80.03069737060687,-84.61945288123711,-0.6521469265053292,0.063122488239801,0.698354854232652
2.8499999999999077,0.04686872400921324,-0.18211239665132656,0.11997245063326908,0.6763496536679291,0.6763600282144355,-0.20625951949861368,-0.2062650451076051,211.09447433436048,-193.3478429155043,-204.79629885977286,-3.5402654747127306e-15,1.0021318712737183e-15,-1.3629784390576404e-15,1.3573703987775704e-14,5.941169116845371e-17,5.353559868484728e-14,82.3866230932869,-80.03069737060687,-84.61945288123717,4.0,12.752999999975223,-3.0370382166092225e-05,2.9745618608846756e-15,1.6084868179603,0.4579406998258729,0.4504138742170453,0.0,-1.3032200492152917,0.05217175412042659,-0.005049799059184094,-0.055868388338611165,0.052171754120426655,-0.00504979905918409,-0.05586838833861095,0.0,0.0,0.0,1.0,0.0,1.0,1.0,1.0,1.0,1.0,1.0,1.0,0.0052013678125240916,0.0010910987660202888,-0.003601380200138938,-5.016862097464189e-15,1.4600988689315956e-15,-1.5214770038388251e-15,-1.8610476007773093e-14,-5.1999577328717304e-14,5.862286827973992e-17,82.38662309328691,-80.03069737060687,-84.61945288123711,-0.6521469265053293,0.06312248823980118,0.6983548542326516
2.8599999999999066,0.04686872400921321,-0.18211239665132656,0.11997245063326908,0.6763496536679291,0.6763600282144355,-0.20625951949861362,-0.20626504510760515,211.91834056529333,-194.14814988921032,-205.64249338858528,-2.3042423998925478e-15,2.885766063721683e-16,-1.5619351969566442e-15,1.5534177962998703e-14,6.477001055643289e-17,5.802371762382441e-14,82.3866230932869,-80.03069737060687,-84.61945288123717,4.0,12.753000000038094,-3.037038216611998e-05,4.965698674333577e-15,1.6084868179603,0.457940699825873,0.4504138742170453,0.0,-1.3032200492152917,0.05217175412042663,-0.00504979905918409,-0.055868388338611095,0.052171754120425955,-0.005049799059184089,-0.05586838833861472,0.0,0.0,0.0,1.0,0.0,1.0,1.0,1.0,1.0,1.0,1.0,1.0,0.005201367812524081,0.0010910987660202362,-0.0036013802001389358,-3.453323230379585e-15,5.328256717897028e-16,-1.6959202070951405e-15,-1.9488115583226627e-14,-5.6817919304967164e-14,6.3905388970892e-17,82.38662309328691,-80.03069737060687,-84.61945288123711,-0.6521469265053293,0.06312248823980113,0.6983548542326518
2.8699999999999055,0.0468687240092132,-0.18211239665132656,0.11997245063326908,0.6763496536679291,0.6763600282144355,-0.20625951949861376,-0.206265045107605,212.74220679622618,-194.94845686291634,-206.4886879173977,-2.3828863190973903e-15,9.006317783803704e-16,8.01964016393427e-16,-1.3138877705335568e-14,-1.941750237707367e-16,-8.664347246128182e-14,82.38662309328693,-80.03069737060687,-84.61945288123701,4.0,12.753000000003276,-3.0370382166078347e-05,1.3082507025029163e-14,1.6084868179603002,0.4579406998258729,0.4504138742170453,0.0,-1.3032200492152917,0.052171754120426114,-0.005049799059184105,-0.055868388338613656,0.05217175412042659,-0.005049799059184094,-0.055868388338611165,0.0,0.0,0.0,1.0,0.0,1.0,1.0,1.0,1.0,1.0,1.0,1.0,0.005201367812524689,0.0010910987660217085,-0.0036013802001389457,-2.471704161067403e-15,8.673250876416157e-16,4.935754665682849e-16,3.744635810296492e-14,7.923062631608027e-14,-1.9300215205924787e-16,82.38662309328691,-80.03069737060687,-84.6194528812371,-0.6521469265053293,0.06312248823980127,0.6983548542326512
2.8799999999999044,0.04686872400921319,-0.18211239665132656,0.11997245063326908,0.6763496536679291,0.6763600282144355,-0.20625951949861387,-0.20626504510760488,213.56607302715904,-195.74876383662237,-207.33488244621012,1.4039340314601655e-15,-1.3335309272029004e-15,-3.522955653527661e-15,3.0818897367019535e-14,2.748802015528101e-16,1.5122566986385926e-13,82.38662309328686,-80.03069737060687,-84.61945288123722,4.0,12.753000000045517,-3.037038216605059e-05,2.037406159308934e-14,1.6084868179603002,0.4579406998258727,0.4504138742170453,0.0,-1.3032200492152917,0.05217175412042691,-0.005049799059184106,-0.055868388338609375,0.05217175412042663,-0.00504979905918409,-0.055868388338611095,0.0,0.0,0.0,1.0,0.0,1.0,1.0,1.0,1.0,1.0,1.0,1.0,0.005201367812523659,0.0010910987660193018,-0.003601380200138926,6.822890654538136e-16,-1.2641419881638281e-15,-3.642093068016204e-15,-5.881360585910899e-14,-1.426883618181363e-13,2.727403950471006e-16,82.38662309328689,-80.03069737060687,-84.61945288123707,-0.6521469265053295,0.06312248823980139,0.6983548542326512
2.8899999999999033,0.0468687240092132,-0.18211239665132656,0.11997245063326907,0.6763496536679291,0.6763600282144355,-0.20625951949861393,-0.20626504510760482,214.38993925809189,-196.5490708103284,-208.18107697502253,2.121999487003979e-15,-3.8172261754099625e-16,1.5341675103446652e-16,-1.5779482968693116e-14,-9.055462722999525e-17,-6.654951794003519e-14,82.38662309328689,-80.03069737060687,-84.61945288123701,4.0,12.753000000008107,-3.037038216605059e-05,6.110561724354464e-15,1.6084868179603,0.4579406998258725,0.4504138742170453,0.0,-1.3032200492152917,0.05217175412042608,-0.005049799059184118,-0.055868388338613274,0.052171754120426114,-0.005049799059184105,-0.055868388338613656,0.0,0.0,0.0,1.0,0.0,1.0,1.0,1.0,1.0,1.0,1.0,1.0,0.005201367812524544,0.0010910987660215459,-0.003601380200138943,3.2599780872447646e-15,-6.842583917513515e-16,-1.8651768664193395e-16,2.404217366025894e-14,6.402971560788656e-14,-8.958690743706823e-17,82.38662309328687,-80.03069737060687,-84.61945288123708,-0.6521469265053296,0.06312248823980146,0.6983548542326509
2.899999999999902,0.046868724009213235,-0.18211239665132656,0.11997245063326907,0.6763496536679291,0.6763600282144355,-0.2062595194986141,-0.20626504510760466,215.21380548902474,-197.34937778403443,-209.02727150383495,4.0532052746002285e-15,-1.911071671976931e-15,-1.779923988146923e-15,2.0346254949153045e-14,2.381465943429099e-16,1.1425237827486335e-13,82.38662309328683,-80.03069737060687,-84.61945288123717,4.0,12.75299999999365,-3.0370382166022836e-05,1.8437453763583078e-14,1.6084868179602998,0.4579406998258724,0.4504138742170453,0.0,-1.3032200492152917,0.05217175412042673,-0.005049799059184127,-0.05586838833860997,0.05217175412042691,-0.005049799059184106,-0.055868388338609375,0.0,0.0,0.0,1.0,0.0,1.0,1.0,1.0,1.0,1.0,1.0,1.0,0.005201367812523782,0.0010910987660196956,-0.0036013802001389258,4.419578872726531e-15,-2.1053607012863334e-15,-1.5027161481144376e-15,-4.6871993590091655e-14,-1.0616304912659246e-13,2.3656448158726247e-16,82.38662309328684,-80.03069737060687,-84.61945288123705,-0.6521469265053296,0.06312248823980164,0.6983548542326503
2.909999999999901,0.04686872400921327,-0.18211239665132656,0.11997245063326907,0.6763496536679291,0.6763600282144355,-0.20625951949861399,-0.2062650451076048,216.0376717199576,-198.14968475774046,-209.87346603264737,3.743366628377272e-15,-1.4921494522786272e-15,-2.8830775184126333e-16,-6.3434199515027675e-15,-6.615938967130253e-19,-2.872864894170243e-14,82.38662309328684,-80.03069737060687,-84.61945288123701,4.0,12.753000000012058,-3.037038216605059e-05,5.001101998636082e-16,1.6084868179603,0.45794069982587243,0.4504138742170453,0.0,-1.3032200492152917,0.05217175412042625,-0.0050497990591841235,-0.055868388338612594,0.05217175412042608,-0.005049799059184118,-0.055868388338613274,0.0,0.0,0.0,1.0,0.0,1.0,1.0,1.0,1.0,1.0,1.0,1.0,0.005201367812524405,0.001091098766021144,-0.0036013802001389414,5.07563425792746e-15,-2.027832061660265e-15,-5.946963694826986e-16,1.0767413423601787e-14,2.737950063893566e-14,-2.4934627508537426e-19,82.38662309328684,-80.03069737060687,-84.61945288123704,-0.6521469265053296,0.06312248823980154,0.6983548542326509
2.9199999999999,0.04686872400921332,-0.18211239665132656,0.11997245063326907,0.6763496536679291,0.6763600282144355,-0.2062595194986142,-0.20626504510760452,216.86153795089044,-198.9499917314465,-210.7196605614598,5.279609748394906e-15,-2.146558869233306e-15,-1.2360868320729359e-15,8.006703649093817e-15,1.4725275993751672e-16,5.609706549271958e-14,82.38662309328681,-80.03069737060687,-84.61945288123708,4.0,12.752999999989726,-3.0370382165981202e-05,1.251242659188649e-14,1.6084868179602998,0.4579406998258723,0.4504138742170453,0.0,-1.3032200492152917,0.052171754120426524,-0.0050497990591841365,-0.055868388338611,0.05217175412042673,-0.005049799059184127,-0.05586838833860997,0.0,0.0,0.0,1.0,0.0,1.0,1.0,1.0,1.0,1.0,1.0,1.0,0.005201367812524029,0.0010910987660202919,-0.0036013802001389297,6.467548384743825e-15,-2.598974751768057e-15,-1.3152821120886163e-15,-2.4659468347979622e-14,-5.101861329313596e-14,1.4649926497961983e-16,82.38662309328683,-80.03069737060687,-84.61945288123702,-0.6521469265053297,0.06312248823980174,0.6983548542326501
2.929999999999899,0.04686872400921335,-0.18211239665132656,0.11997245063326907,0.6763496536679291,0.6763600282144355,-0.20625951949861399,-0.2062650451076048,217.6854041818233,-199.75029870515252,-211.5658550902722,5.162077099182785e-15,-1.6877617520924913e-15,-6.879084990149969e-16,-3.763689840365589e-15,5.755539758353235e-17,5.107757061161365e-15,82.38662309328681,-80.03069737060687,-84.61945288123704,4.0,12.753000000019473,-3.037038216605059e-05,5.936184627171246e-15,1.6084868179603,0.4579406998258722,0.4504138742170453,0.0,-1.3032200492152917,0.052171754120426295,-0.005049799059184123,-0.055868388338611984,0.05217175412042625,-0.0050497990591841235,-0.055868388338612594,0.0,0.0,0.0,1.0,0.0,1.0,1.0,1.0,1.0,1.0,1.0,1.0,0.005201367812524222,0.0010910987660208336,-0.003601380200138935,6.677531527796123e-15,-2.1457287497503682e-15,-8.455163448502225e-16,-5.9734591324494194e-15,-2.1383010128625142e-15,5.753959900616267e-17,82.38662309328681,-80.03069737060687,-84.61945288123704,-0.6521469265053296,0.06312248823980154,0.6983548542326509
2.939999999999898,0.0468687240092134,-0.18211239665132656,0.11997245063326907,0.6763496536679291,0.6763600282144355,-0.206259519498614,-0.2062650451076048,218.50927041275614,-200.55060567885855,-212.41204961908463,1.1316948256249137e-15,-1.576867466679326e-16,8.160477376710958e-16,-2.5778726207442007e-14,-1.1817894232106191e-16,-1.3158629102277088e-13,82.38662309328684,-80.03069737060687,-84.6194528812369,4.0,12.752999999972692,-3.037038216605059e-05,1.5003713848335094e-14,1.6084868179603,0.45794069982587227,0.4504138742170453,0.0,-1.3032200492152917,0.0521717541204259,-0.00504979905918413,-0.055868388338614426,0.052171754120426524,-0.0050497990591841365,-0.055868388338611,0.0,0.0,0.0,1.0,0.0,1.0,1.0,1.0,1.0,1.0,1.0,1.0,0.0052013678125248436,0.00109109876602219,-0.0036013802001389453,2.4639624551751017e-15,-6.350826472567498e-16,2.6481547354147e-16,5.203677526980335e-14,1.2357859508548016e-13,-1.1632922667307942e-16,82.38662309328681,-80.03069737060687,-84.61945288123702,-0.6521469265053296,0.0631224882398016,0.6983548542326508
2.9499999999998967,0.04686872400921342,-0.18211239665132656,0.11997245063326907,0.6763496536679291,0.6763600282144355,-0.2062595194986139,-0.20626504510760488,219.333136643689,-201.35091265256457,-213.25824414789705,1.8363170274827697e-15,-9.434024960011134e-16,-7.167290409569948e-16,7.32773183756161e-15,5.731590541380682e-17,3.594156066819493e-14,82.38662309328681,-80.03069737060687,-84.61945288123705,4.0,12.752999999993609,-3.037038216606447e-05,6.468714064495453e-15,1.6084868179603,0.45794069982587204,0.4504138742170453,0.0,-1.3032200492152917,0.05217175412042649,-0.005049799059184115,-0.05586838833861145,0.052171754120426295,-0.005049799059184123,-0.055868388338611984,0.0,0.0,0.0,1.0,0.0,1.0,1.0,1.0,1.0,1.0,1.0,1.0,0.005201367812524134,0.0010910987660204827,-0.0036013802001389353,2.1138727836390584e-15,-1.104384834571761e-15,-7.106836156938568e-16,-1.3975600205956754e-14,-3.3914216695585186e-14,5.680730515834195e-17,82.38662309328683,-80.03069737060687,-84.61945288123701,-0.6521469265053295,0.06312248823980145,0.6983548542326512
2.9599999999998956,0.04686872400921341,-0.18211239665132656,0.11997245063326907,0.6763496536679291,0.6763600282144355,-0.20625951949861365,-0.20626504510760515,220.15700287462184,-202.1512196262706,-214.10443867670946,-3.4563787410411226e-15,1.8714666791412064e-15,1.0330766179014821e-15,-2.3934661154041202e-14,-1.0441728056746559e-16,-1.1984566779066187e-13,82.38662309328687,-80.03069737060687,-84.6194528812369,4.0,12.753000000005533,-3.037038216611998e-05,1.8592857368859494e-14,1.6084868179602998,0.4579406998258722,0.4504138742170453,0.0,-1.3032200492152917,0.05217175412042592,-0.005049799059184096,-0.0558683883386143,0.0521717541204259,-0.00504979905918413,-0.055868388338614426,0.0,0.0,0.0,1.0,0.0,1.0,1.0,1.0,1.0,1.0,1.0,1.0,0.005201367812524791,0.0010910987660220721,-0.003601380200138951,-3.595156619119267e-15,2.05742903576592e-15,5.479570569557942e-16,4.7015451102106587e-14,1.1280691379740806e-13,-1.0272724342374098e-16,82.38662309328684,-80.03069737060687,-84.61945288123701,-0.6521469265053293,0.06312248823980117,0.6983548542326518
2.9699999999998945,0.04686872400921339,-0.18211239665132656,0.11997245063326907,0.6763496536679291,0.6763600282144355,-0.20625951949861374,-0.20626504510760507,220.9808691055547,-202.95152659997663,-214.95063320552188,-2.9786732303636725e-15,5.847357087547572e-16,-2.3466588266043274e-16,9.006217693061055e-15,1.3331546939777736e-17,1.9537898668815187e-14,82.38662309328686,-80.03069737060687,-84.61945288123704,4.0,12.752999999989612,-3.0370382166106102e-05,4.65783715807412e-16,1.6084868179602998,0.4579406998258725,0.4504138742170453,0.0,-1.3032200492152917,0.0521717541204265,-0.0050497990591841,-0.05586838833861176,0.05217175412042649,-0.005049799059184115,-0.05586838833861145,0.0,0.0,0.0,1.0,0.0,1.0,1.0,1.0,1.0,1.0,1.0,1.0,0.005201367812524248,0.0010910987660206197,-0.003601380200138939,-4.055589564250075e-15,7.92902525871974e-16,-1.693135769715328e-16,-3.4290839251080355e-15,-2.1238710737603385e-14,1.2996030829237493e-17,82.38662309328687,-80.03069737060687,-84.61945288123702,-0.6521469265053292,0.06312248823980125,0.6983548542326514
2.9799999999998934,0.04686872400921333,-0.18211239665132656,0.11997245063326907,0.6763496536679291,0.6763600282144355,-0.2062595194986135,-0.2062650451076053,221.80473533648754,-203.75183357368266,-215.7968277343343,-5.441659859711764e-15,2.4038400896147464e-15,5.84490092699291e-16,-1.0118579370396114e-14,-4.4877486996207675e-17,-5.421562068956746e-14,82.38662309328689,-80.03069737060687,-84.61945288123695,4.0,12.75300000000886,-3.0370382166147736e-05,1.2572537885828757e-14,1.6084868179602998,0.45794069982587216,0.4504138742170453,0.0,-1.3032200492152917,0.05217175412042616,-0.005049799059184082,-0.05586838833861315,0.05217175412042592,-0.005049799059184096,-0.0558683883386143,0.0,0.0,0.0,1.0,0.0,1.0,1.0,1.0,1.0,1.0,1.0,1.0,0.005201367812524513,0.0010910987660214034,-0.0036013802001389466,-6.65735407167631e-15,2.956176044365761e-15,4.541970138143422e-16,2.1857089540938326e-14,5.0635826045702593e-14,-4.4121283498315813e-17,82.38662309328687,-80.03069737060687,-84.61945288123701,-0.6521469265053292,0.06312248823980102,0.6983548542326521
2.9899999999998923,0.0468687240092133,-0.18211239665132656,0.11997245063326907,0.6763496536679291,0.6763600282144355,-0.20625951949861374,-0.20626504510760507,222.6286015674204,-204.5521405473887,-216.64302226314672,-4.440881360428969e-15,1.518163407104003e-15,1.1250902257597436e-16,1.15436675077126e-15,9.07628204100602e-18,-1.0418871195723777e-14,82.38662309328689,-80.03069737060687,-84.619452881237,4.0,12.752999999983201,-3.0370382166106102e-05,5.883672859255873e-15,1.6084868179602998,0.4579406998258724,0.4504138742170453,0.0,-1.3032200492152917,0.052171754120426364,-0.0050497990591841,-0.0558683883386123,0.0521717541204265,-0.0050497990591841,-0.05586838833861176,0.0,0.0,0.0,1.0,0.0,1.0,1.0,1.0,1.0,1.0,1.0,1.0,0.005201367812524358,0.0010910987660209326,-0.003601380200138942,-5.728740068994151e-15,1.9206192535306225e-15,6.824769248142203e-17,6.771921399973081e-15,8.00165721287305e-15,9.185179804914296e-18,82.38662309328689,-80.03069737060687,-84.61945288123701,-0.6521469265053292,0.06312248823980125,0.6983548542326514
2.999999999999891,0.04686872400921326,-0.18211239665132656,0.11997245063326907,0.6763496536679291,0.6763600282144355,-0.20625951949861368,-0.2062650451076051,223.45246779835324,-205.35244752109472,-217.48921679195914,1.8461802817546742e-16,-1.2854244061159908e-15,-1.185097994513191e-15,3.0926617270883656e-14,-4.8934372506818947e-17,1.1435506060744744e-13,82.38662309328686,-80.03069737060687,-84.61945288123711,4.0,12.753000000023558,-3.0370382166106102e-05,1.4854808056807048e-14,1.6084868179602998,0.45794069982587227,0.4504138742170453,0.0,-1.3032200492152917,0.052171754120426905,-0.005049799059184096,-0.05586838833861007,0.05217175412042616,-0.005049799059184082,-0.05586838833861315,0.0,0.0,0.0,1.0,0.0,1.0,1.0,1.0,1.0,1.0,1.0,1.0,0.005201367812523876,0.0010910987660196273,-0.0036013802001389358,-6.536003554165256e-16,-1.3714666905244402e-15,-8.484085085059053e-16,-3.814946079655739e-14,-1.1215236962828533e-13,-5.06420569352211e-17,82.38662309328689,-80.03069737060687,-84.619452881237,-0.6521469265053293,0.06312248823980118,0.6983548542326516
