time_s,x_m,y_m,z_m,qw,qx,qy,qz,wheel_x_rad,wheel_y_rad,wheel_z_rad,vx_world_m_s,vy_world_m_s,vz_world_m_s,wx_body_rad_s,wy_body_rad_s,wz_body_rad_s,wheel_x_relative_rad_s,wheel_y_relative_rad_s,wheel_z_relative_rad_s,active_contacts,normal_force_n,minimum_contact_distance_m,max_loaded_point_slip_m_s,potential_j,kinetic_j,motor_work_j,passive_work_j,constraint_work_j,command_x_nm,command_y_nm,command_z_nm,delayed_x_nm,delayed_y_nm,delayed_z_nm,applied_x_nm,applied_y_nm,applied_z_nm,saturated_x_bool,saturated_y_bool,saturated_z_bool,speed_cutoff_x_bool,speed_cutoff_y_bool,speed_cutoff_z_bool,speed_exceeded_x_bool,speed_exceeded_y_bool,speed_exceeded_z_bool,angular_momentum_x_world_nms,angular_momentum_y_world_nms,angular_momentum_z_world_nms,linear_momentum_x_world_kg_m_s,linear_momentum_y_world_kg_m_s,linear_momentum_z_world_kg_m_s,omega_world_x_rad_s,omega_world_y_rad_s,omega_world_z_rad_s,wheel_absolute_axial_x_rad_s,wheel_absolute_axial_y_rad_s,wheel_absolute_axial_z_rad_s,attitude_error_x_body_rad,attitude_error_y_body_rad,attitude_error_z_body_rad
0.0,0.0,0.0,0.12,1.0,0.0,0.0,0.0,0.0,0.0,0.0,0.0,0.0,0.0,0.0,0.0,0.0,0.0,0.0,0.0,0.0,0.0,0.0,0.0,1.60884,0.0,0.0,0.0,0.0,-0.054040868708483195,0.054040868708483195,-0.0,0.0,0.0,0.0,0.0,0.0,0.0,0.0,0.0,0.0,0.0,0.0,0.0,0.0,0.0,0.0,0.0,0.0,0.0,0.0,0.0,0.0,0.0,0.0,0.0,0.0,0.0,0.0,0.6755108588560399,-0.6755108588560399,0.0
0.01,3.345446292035624e-07,3.345446292035634e-07,0.11995374845253799,0.9999999999979953,-1.415827068991157e-06,1.4158270689911528e-06,1.2731785809098477e-23,2.8316541379845376e-06,-2.8316541379841357e-06,2.0535009863713823e-22,5.247205029303666e-05,5.247205029303674e-05,-0.0013185504946098428,-0.0004410639693830666,0.000441063969383066,6.899465436041082e-21,0.0004410639693831457,-0.0004410639693830605,2.9024378167409103e-20,4.0,13.340526219412677,-4.693114349287042e-05,6.301395657501345e-07,1.6082497095581543,1.1454541259991683e-06,0.0,0.0,-0.0006283838592319671,-0.05404903439226312,0.05404903439226312,3.515182200728334e-22,0.0,0.0,0.0,0.0,0.0,0.0,0.0,0.0,0.0,0.0,0.0,0.0,0.0,0.0,0.0,-4.753746748413512e-06,4.753746748413505e-06,1.2510719529054556e-22,7.174215715293408e-05,7.174215715293417e-05,-0.0017211726864859178,-0.00044106396938306644,0.00044106396938306585,6.897604279607512e-21,7.909254848281755e-17,5.5294310796760726e-18,3.592384360345019e-20,0.6755136905101778,-0.6755136905101778,-2.8415980278011742e-21
0.020000000000000004,8.06902861461577e-07,8.069028614615781e-07,0.11995371715771337,0.9999999999885205,-3.3881308344733936e-06,3.388130834473389e-06,2.228582668353114e-23,6.776261668974099e-06,-6.776261668972792e-06,6.027008648578731e-22,3.860372372818348e-05,3.860372372818347e-05,0.0006610520361306964,-0.0003204868692143722,0.0003204868692143723,1.4521412139730533e-21,0.00032048686921450325,-0.0003204868692144241,4.138995337429475e-20,4.0,12.814602262904529,-4.790913957700149e-05,2.1634151074458375e-07,1.6082486913066836,2.8391106671829215e-07,0.0,0.0,-0.00063213820715764,-0.05404717957306257,0.05404717957306256,2.7926063811002727e-22,-0.054040868708483195,0.054040868708483195,-0.0,-0.02,0.02,0.0,1.0,1.0,0.0,0.0,0.0,0.0,0.0,0.0,0.0,-3.454177892989184e-06,3.454177892989188e-06,-2.9805963129179806e-23,5.2748701052989576e-05,5.274870105298956e-05,0.0008542398223154647,-0.00032048686921437217,0.0003204868692143722,1.4488324914561618e-21,1.310258325448732e-16,-5.182486384480711e-17,4.284209458826781e-20,0.6755176351177089,-0.6755176351177088,-3.164026203231404e-21
0.030000000000000013,1.011950785646817e-06,1.011950785646818e-06,0.11996089234170312,0.9999999999821205,-4.228415812389467e-06,4.228415812389463e-06,4.289595767121839e-23,-0.022213765390597398,0.022213765390597336,9.584048512875815e-22,8.74292131387606e-06,8.742921313876054e-06,0.000662912609905532,-7.027512076542075e-05,7.027512076542079e-05,2.2029863439492813e-21,-4.44437416932368,4.444374169323668,4.8339651654229356e-20,4.0,12.722804789328453,-4.113728930463245e-05,4.403186264076552e-07,1.6083399326438355,0.0008891739511935606,0.0008888212154423399,0.0,-0.0005411290611722808,-0.05404281020718695,0.05404281020718695,2.8838915954454146e-22,-0.05404903439226312,0.05404903439226312,3.515182200728334e-22,-0.02,0.02,3.515182200728334e-22,1.0,1.0,0.0,0.0,0.0,0.0,0.0,0.0,0.0,-0.00020075741876467558,0.0002007574187646756,2.562704492461064e-20,1.1927989165244161e-05,1.19279891652445e-05,0.0008606619814361474,-7.027512076542075e-05,7.027512076542079e-05,2.202055765602606e-21,-4.4444444444444455,4.444444444444433,5.0542637998178635e-20,0.6755193156876647,-0.6755193156876647,-3.1091925669181798e-21
0.04000000000000002,1.0529615907538124e-06,1.0529615907538141e-06,0.11996624636465386,0.9999999999807194,-4.390963164758592e-06,4.390963164758588e-06,4.9421492409281816e-23,-0.08888010696255932,0.08888010696255907,1.8097790444479156e-21,1.2610180653887935e-06,1.2610180653888735e-06,0.00040907147338467635,-9.602774565586147e-06,9.602774565585472e-06,2.931042541461618e-22,-8.888879286114324,8.8888792861143,1.1842054164980099e-19,4.0,12.722542786396655,-3.586128841050196e-05,1.5394747220336323e-07,1.6084081614712218,0.0035556642666276263,0.0035554747552543056,0.0,-0.00047306465290890563,-0.05404174411253174,0.05404174411253174,2.512347289284601e-22,-0.05404717957306257,0.05404717957306256,2.7926063811002727e-22,-0.02,0.02,2.7926063811002727e-22,1.0,1.0,0.0,0.0,0.0,0.0,0.0,0.0,0.0,-0.00040010349781785797,0.00040010349781785797,-5.428449687274403e-23,1.7161443322311772e-06,1.7161443322312788e-06,0.0005316392696577458,-9.602774565586147e-06,9.602774565585472e-06,2.989332925026415e-22,-8.88888888888889,8.888888888888864,1.1871364590394714e-19,0.6755196407823695,-0.6755196407823695,-3.0744856544228644e-21
0.05000000000000003,1.0562085418314767e-06,1.056208541831479e-06,0.11996931369631351,0.9999999999806222,-4.402017191567663e-06,4.402017191567656e-06,5.87980260307632e-23,-0.19999119596561682,0.1999911959656163,3.3379506349081555e-21,-1.7223838376998913e-07,-1.7223838377000446e-07,0.00021958808804896203,1.6503963833521756e-06,-1.650396383352037e-06,-5.843818262830621e-22,-13.33333498372972,13.333334983729682,1.8987700969103492e-19,4.0,12.73418323648335,-3.2799262637064897e-05,3.646635026831548e-08,1.6084472756817667,0.008000031348174903,0.00799991828590319,0.0,-0.00043398922222287424,-0.05404154332409894,0.05404154332409894,3.662103294379071e-22,-0.05404281020718695,0.05404281020718695,2.8838915954454146e-22,-0.02,0.02,2.8838915954454146e-22,1.0,1.0,0.0,0.0,0.0,0.0,0.0,0.0,0.0,-0.0005999822121801245,0.0005999822121801246,-2.7414148189411783e-21,-2.3711283748463607e-07,-2.3711283748465563e-07,0.00028549092103826427,1.6503963833521754e-06,-1.6503963833520369e-06,-5.855789763039804e-22,-13.333333333333337,13.333333333333298,1.8929262786475186e-19,0.675519662890423,-0.675519662890423,-4.709115028887528e-21
0.06000000000000004,1.0537172063721843e-06,1.0537172063721866e-06,0.11997091089515617,0.9999999999807179,-4.391144601427432e-06,4.391144601427425e-06,6.625298811005287e-23,-0.3555467732663527,0.3555467732663517,5.5127231678555875e-21,-2.4661517402330853e-07,-2.46615174023289e-07,0.00011102483428837585,2.0816330301175007e-06,-2.0816330301176684e-06,1.2572753522154155e-21,-17.77777985941081,17.777779859410764,2.4586692658920554e-19,4.0,12.742894859634848,-3.1196844997041784e-05,4.45860091392737e-09,1.6084676481717606,0.01422223023828866,0.014222141372666815,0.0,-0.00041361257094350926,-0.054041533822224874,0.054041533822224874,3.9633272145228754e-22,-0.05404174411253174,0.05404174411253174,2.512347289284601e-22,-0.02,0.02,2.512347289284601e-22,1.0,1.0,0.0,0.0,0.0,0.0,0.0,0.0,0.0,-0.0007999775643513523,0.0007999775643513525,-1.7068306324822925e-20,-3.3725249796497126e-07,-3.372524979649465e-07,0.00014436559099587006,2.0816330301175007e-06,-2.0816330301176684e-06,1.258777848152964e-21,-17.77777777777778,17.777777777777732,2.4712420194142093e-19,0.6755196411452428,-0.6755196411452428,-4.671272063905126e-21
0.07000000000000005,1.0518250539007289e-06,1.051825053900731e-06,0.11997170662244958,0.9999999999807871,-4.3832443213841455e-06,4.383244321384139e-06,6.962886401904376e-23,-0.5555467890669128,0.5555467890669112,8.309974118834591e-21,-1.3076917005943374e-07,-1.3076917005946024e-07,5.449306645720757e-05,1.0811866277144814e-06,-1.0811866277142595e-06,2.3484440189803026e-21,-22.222223303408846,22.222223303408793,3.181265379140046e-19,4.0,12.747889956038462,-3.0397325602476988e-05,1.4753179610620224e-09,1.608477798562011,0.02222222415337342,0.022222142004634092,0.0,-0.00040345258552779796,-0.05404155056621531,0.05404155056621531,4.0704730967564747e-22,-0.05404154332409894,0.05404154332409894,3.662103294379071e-22,-0.02,0.02,3.662103294379071e-22,1.0,1.0,0.0,0.0,0.0,0.0,0.0,0.0,0.0,-0.0009999883470703283,0.0009999883470703285,2.439189652345542e-21,-1.7864926244603664e-07,-1.7864926244607023e-07,7.085828553206126e-05,1.0811866277144814e-06,-1.0811866277142595e-06,2.3465133921748198e-21,-22.222222222222218,22.222222222222165,3.2047498193298487e-19,0.6755196253446827,-0.6755196253446827,-4.559691466675025e-21
0.08000000000000006,1.050972101337186e-06,1.050972101337188e-06,0.11997209417112582,0.999999999980818,-4.379738069724334e-06,4.379738069724326e-06,9.575865233819875e-23,-0.7999912405238606,0.7999912405238584,1.1885056935115061e-20,-4.8448240166221284e-08,-4.8448240166193544e-08,2.632842388277509e-05,3.951647595206054e-07,-3.951647595208439e-07,7.534456786646114e-21,-26.666667061831422,26.666667061831355,4.031098900406551e-19,4.0,12.75049182404952,-3.0008093940214753e-05,1.462859819044452e-09,1.6084827420709713,0.03200000045074232,0.031999920063490256,0.0,-0.00039850232690189695,-0.05404156235360868,0.05404156235360868,5.617743017926905e-22,-0.054041533822224874,0.054041533822224874,3.9633272145228754e-22,-0.02,0.02,3.9633272145228754e-22,1.0,1.0,0.0,0.0,0.0,0.0,0.0,0.0,0.0,-0.0011999957409506992,0.001199995740950698,-9.69459609801544e-21,-6.614397490913131e-08,-6.61439749090961e-08,3.423327373914552e-05,3.951647595206055e-07,-3.95164759520844e-07,7.536551798683884e-21,-26.666666666666664,26.666666666666597,4.106443468273012e-19,0.6755196183321794,-0.6755196183321794,-5.326925995413255e-21
0.09000000000000007,1.0507065723658177e-06,1.0507065723658198e-06,0.11997228062692655,0.9999999999808276,-4.378663800605468e-06,4.378663800605461e-06,1.1419999393532479e-22,-1.0888801315612877,1.0888801315612848,1.6378296244597382e-20,-1.0414806709601842e-08,-1.0414806709605668e-08,1.2611070580337861e-05,8.242615796265885e-08,-8.242615796261744e-08,-1.8046413059357423e-21,-31.11111119353726,31.111111193537184,4.956210038829614e-19,4.0,12.751788231686184,-2.9821122494874674e-05,7.423161382240254e-10,1.6084851202790353,0.04355555565894778,0.04355547570537114,0.0,-0.00039612030801660503,-0.05404156781102045,0.05404156781102045,3.666215031545749e-22,-0.05404155056621531,0.05404155056621531,4.0704730967564747e-22,-0.02,0.02,4.0704730967564747e-22,1.0,1.0,0.0,0.0,0.0,0.0,0.0,0.0,0.0,-0.0013999991116184786,0.001399999111618479,1.2486128477051201e-20,-1.4198646435723318e-08,-1.419864643572822e-08,1.6395710584510596e-05,8.242615796265889e-08,-8.242615796261748e-08,-1.8050028943927483e-21,-31.1111111111111,31.111111111111025,4.938163625770256e-19,0.6755196161836412,-0.6755196161836412,-4.988813083267728e-21
0.10000000000000007,1.050682074859368e-06,1.0506820748593701e-06,0.11997236972729998,0.9999999999808282,-4.378575954262921e-06,4.378575954262914e-06,1.083595007332836e-22,-1.4222134650703138,1.42221346507031,2.1812058590022092e-20,2.8311459726029973e-09,2.831145972655636e-09,6.011396558407445e-06,-2.5220948876682764e-08,2.5220948876216694e-08,-3.967329221422534e-21,-35.555555530334594,35.55555553033451,6.018620198534385e-19,4.0,12.752419632024798,-2.9731979955538446e-05,2.7583664930404975e-10,1.6084862566036746,0.05688888891237538,0.05688880904591072,0.0,-0.00039498200233030944,-0.05404156973461296,0.05404156973461296,3.6623744040074525e-22,-0.05404156235360868,0.05404156235360868,5.617743017926905e-22,-0.02,0.02,5.617743017926905e-22,1.0,1.0,0.0,0.0,0.0,0.0,0.0,0.0,0.0,-0.001600000271829059,0.00160000027182906,-2.2221051945870145e-19,3.882253824385504e-09,3.882253821676829e-09,7.814411987213587e-06,-2.522094887668277e-08,2.52209488762167e-08,-3.963248172287431e-21,-35.55555555555554,35.55555555555546,5.97894690632016e-19,0.6755196160079485,-0.6755196160079485,-5.470617079829385e-21
0.11000000000000008,1.0507289195151099e-06,1.0507289195151124e-06,0.11997241214282411,0.9999999999808264,-4.378775699926408e-06,4.3787756999263995e-06,1.0883714933796282e-22,-1.7999912424486002,1.7999912424485953,2.8373756144857407e-20,5.543685382193031e-09,5.54368538223698e-09,2.8576448064165417e-06,-4.6581524461544845e-08,4.658152446117174e-08,5.749013895839294e-21,-39.99999995341846,39.99999995341836,6.989136405646533e-19,4.0,12.752723388435701,-2.9689660308473975e-05,6.435232235605669e-11,1.6084867974661496,0.07200000000530582,0.07199992014110819,0.0,-0.00039444014693851314,-0.054041570151062625,0.054041570151062625,5.706304169575074e-22,-0.05404156781102045,0.05404156781102045,3.666215031545749e-22,-0.02,0.02,3.666215031545749e-22,1.0,1.0,0.0,0.0,0.0,0.0,0.0,0.0,0.0,-0.0018000005020513707,0.0018000005020513713,1.1669740425182644e-20,7.579436663902685e-09,7.579436663958419e-09,3.7141929374285987e-06,-4.658152446154486e-08,4.6581524461171754e-08,5.7522805620960095e-21,-39.999999999999986,39.999999999999886,7.046626544604926e-19,0.6755196164074397,-0.6755196164074397,-5.839352085405001e-21
0.12000000000000009,1.0507817449181289e-06,1.050781744918132e-06,0.1199724322906886,0.9999999999808242,-4.3789964128786646e-06,4.378996412878653e-06,1.4456403278772805e-22,-2.2222134642293963,2.2222134642293905,3.575988206799812e-20,4.759266062687066e-09,4.759266062754043e-09,1.3563242805988921e-06,-3.960584867735313e-08,3.9605848676780756e-08,1.0434211469197148e-20,-44.444444404838585,44.44444440483847,7.749474744540663e-19,4.0,12.75286852641128,-2.9669618385186336e-05,1.011412595011874e-11,1.608487054342578,0.08888888889008363,0.0888888090123574,0.0,-0.0003941827814162462,-0.05404157006081454,0.05404157006081454,8.50306503717564e-22,-0.05404156973461296,0.05404156973461296,3.6623744040074525e-22,-0.02,0.02,3.6623744040074525e-22,1.0,1.0,0.0,0.0,0.0,0.0,0.0,0.0,0.0,-0.00200000042686818,0.002000000426868181,-1.2899507467409556e-20,6.503887117797367e-09,6.503887117882312e-09,1.762587865644459e-06,-3.960584867735312e-08,3.960584867678074e-08,1.0439223423582933e-20,-44.444444444444436,44.44444444444432,7.853816859232635e-19,0.6755196168488657,-0.6755196168488657,-8.281133715900191e-21
0.1300000000000001,1.0508220536883864e-06,1.05082205368839e-06,0.11997244184934512,0.9999999999808229,-4.3791637653661555e-06,4.379163765366142e-06,1.7900742849021692e-22,-2.6888801305613583,2.6888801305613512,4.3999566089529845e-20,3.2998706699104097e-09,3.2998706699044234e-09,6.431795564556239e-07,-2.734561066087887e-08,2.734561066094638e-08,4.454452485106235e-21,-48.88888886154328,48.888888861543144,8.75098669852781e-19,4.0,12.752937608656516,-2.9660140057202744e-05,2.6591356031323468e-11,1.6084871761915893,0.10755555555582405,0.10755547566563602,0.0,-0.0003940606935725774,-0.05404156986690665,0.05404156986690664,8.224241773383879e-22,-0.054041570151062625,0.054041570151062625,5.706304169575074e-22,-0.02,0.02,5.706304169575074e-22,1.0,1.0,0.0,0.0,0.0,0.0,0.0,0.0,0.0,-0.002200000294728467,0.002200000294728467,-3.755067207838867e-20,4.5085929179134806e-09,4.508592917905721e-09,8.356958898073711e-07,-2.734561066087887e-08,2.734561066094638e-08,4.453860473054166e-21,-48.88888888888889,48.88888888888876,8.795531223378873e-19,0.6755196171835707,-0.6755196171835706,-9.278050407580947e-21
0.1400000000000001,1.0508485643484248e-06,1.0508485643484282e-06,0.1199724463810183,0.9999999999808218,-4.379273478186615e-06,4.379273478186603e-06,2.4267257741400395e-22,-3.199991241453043,3.1999912414530356,5.3348011066838413e-20,2.064972318258541e-09,2.0649723182557935e-09,3.0484587915080163e-07,-1.7070992742724683e-08,1.707099274280434e-08,1.9707501195754254e-20,-53.33333331626235,53.33333331626219,1.0045564960185887e-18,4.0,12.75297041844378,-2.9655661045693837e-05,2.362629734901761e-11,1.608487233949576,0.1280000000000601,0.1279999201012992,0.0,-0.00039400281949755273,-0.05404156969951758,0.05404156969951759,1.04505771291298e-21,-0.05404157006081454,0.05404157006081454,8.50306503717564e-22,-0.02,0.02,8.50306503717564e-22,1.0,1.0,0.0,0.0,0.0,0.0,0.0,0.0,0.0,-0.0024000001839895838,0.002400000183989583,-4.128550433876577e-19,2.8210295646418264e-09,2.821029559086755e-09,3.960265046176831e-07,-1.7070992742724676e-08,1.7070992742804334e-08,1.970680310913931e-20,-53.33333333333334,53.33333333333319,1.0242639972143429e-18,0.6755196174029964,-0.6755196174029965,-8.629033642367545e-21
0.1500000000000001,1.0508646610380553e-06,1.050864661038059e-06,0.11997244852858042,0.9999999999808211,-4.379339962418888e-06,4.379339962418876e-06,2.5205351990775424e-22,-3.7555467968756306,3.7555467968756213,6.449739257674194e-20,1.2160389863659891e-09,1.2160389863231577e-09,1.4444510241195479e-07,-1.0037157556797971e-08,1.0037157557144108e-08,1.3627322343642904e-20,-57.77777776774063,57.77777776774047,1.2031301231205103e-18,4.0,12.752985981679522,-2.965354539567755e-05,1.658716698261273e-11,1.6084872613165648,0.15022222222223544,0.15022214231819855,0.0,-0.00039397539623204736,-0.05404156958354602,0.05404156958354602,9.195613434798937e-22,-0.05404156986690665,0.05404156986690664,8.224241773383879e-22,-0.02,0.02,8.224241773383879e-22,1.0,1.0,0.0,0.0,0.0,0.0,0.0,0.0,0.0,-0.0026000001081795563,0.002600000108179556,-2.0741869868427928e-20,1.6611465405241902e-09,1.6611465404699446e-09,1.87618037195808e-07,-1.0037157556797966e-08,1.0037157557144103e-08,1.362429040303992e-20,-57.777777777777786,57.77777777777762,1.2167574454641533e-18,0.6755196175359648,-0.6755196175359648,-8.428369266179018e-21
0.16000000000000011,1.0508739570087086e-06,1.050873957008712e-06,0.1199724495460787,0.9999999999808211,-4.379378306502804e-06,4.379378306502793e-06,2.8129748937659267e-22,-4.355546796798943,4.355546796798932,7.75873901195887e-20,6.878951968820344e-10,6.878951968499563e-10,6.84312093652226e-08,-5.671616388751965e-09,5.671616388972837e-09,-8.425845597365715e-23,-62.22222221655061,62.22222221655045,1.4195783792336536e-18,4.0,12.752993358821104,-2.9652546302480487e-05,1.0444418558844766e-11,1.608487274280683,0.17422222222222522,0.17422214231512803,0.0,-0.00039396240487848396,-0.05404156951110133,0.05404156951110133,6.197337949566713e-22,-0.05404156969951758,0.05404156969951759,1.04505771291298e-21,-0.02,0.02,1.04505771291298e-21,1.0,1.0,0.0,0.0,0.0,0.0,0.0,0.0,0.0,-0.00280000006112816,0.0028000000611281607,-5.684177125748004e-20,9.39635894352906e-10,9.39635894312677e-10,8.886982551924361e-08,-5.671616388751966e-09,5.6716163889728375e-09,-8.619314049269135e-23,-62.22222222222223,62.222222222222065,1.41949412077768e-18,0.675519617612653,-0.675519617612653,-7.765630589552465e-21
0.17000000000000012,1.0508791444403133e-06,1.0508791444403158e-06,0.1199724500280994,0.9999999999808211,-4.379399683137986e-06,4.379399683137977e-06,3.333426866944063e-22,-4.999991241200634,4.999991241200621,9.269606690744185e-20,3.7819605373184687e-10,3.7819605368829447e-10,3.24164748628262e-08,-3.115644270970933e-09,3.1156442714629384e-09,6.200846234013082e-21,-66.66666666355103,66.66666666355086,1.5798702302732537e-18,4.0,12.752996854253585,-2.9652074542543816e-05,6.172948650676381e-12,1.608487280421183,0.2000000000000007,0.19999992009119377,0.0,-0.0003939562512148251,-0.054041569468514086,0.054041569468514086,6.173241338306645e-22,-0.05404156958354602,0.05404156958354602,9.195613434798937e-22,-0.02,0.02,9.195613434798937e-22,1.0,1.0,0.0,0.0,0.0,0.0,0.0,0.0,0.0,-0.003000000033580131,0.0030000000335801305,-5.208705671369154e-19,5.165795868449639e-10,5.165795812376429e-10,4.209156657836755e-08,-3.1156442709709347e-09,3.11564427146294e-09,6.196536803163569e-21,-66.66666666666667,66.6666666666665,1.5860710765072669e-18,0.6755196176554061,-0.6755196176554061,-6.321361270230363e-21
0.18000000000000013,1.0508819679877714e-06,1.050881967987774e-06,0.1199724502564313,0.9999999999808211,-4.379411310165316e-06,4.3794113101653075e-06,6.023941112423771e-22,-5.688880130066268,5.688880130066254,1.0905086024133384e-19,2.0356451102815906e-10,2.0356451105595687e-10,1.535519972168293e-08,-1.6759531448252118e-09,1.6759531447573483e-09,8.404981303297845e-20,-71.11111110943516,71.11111110943497,1.6723384595440456e-18,4.0,12.752998510078879,-2.9651851791587247e-05,3.500152035749621e-12,1.6084872833294492,0.2275555555555558,0.227555475645818,0.0,-0.00039395333659137305,-0.05404156944445998,0.05404156944445998,2.07531519797829e-21,-0.05404156951110133,0.05404156951110133,6.197337949566713e-22,-0.02,0.02,6.197337949566713e-22,1.0,1.0,0.0,0.0,0.0,0.0,0.0,0.0,0.0,-0.0032000000180632733,0.003200000018063275,-1.5144971803962656e-19,2.7804125424145373e-10,2.780412542753694e-10,1.993494415352954e-08,-1.6759531448252122e-09,1.6759531447573503e-09,8.405040740166812e-20,-71.11111111111111,71.11111111111093,1.756388272577024e-18,0.6755196176786603,-0.6755196176786603,-7.030232042308476e-21
0.19000000000000014,1.0508834761733025e-06,1.0508834761733046e-06,0.11997245036458727,0.9999999999808211,-4.379417517211649e-06,4.379417517211642e-06,5.462150940460418e-22,-6.4222134633871875,6.422213463387171,1.2761931638468234e-19,1.0779237283973487e-10,1.0779237282901718e-10,7.273334516001504e-09,-8.870215616888335e-10,8.870215615831818e-10,-3.4099882199574406e-20,-75.55555555466853,75.55555555466832,1.957566834714116e-18,4.0,12.752999294361953,-2.965174661496983e-05,1.9274830220517376e-12,1.608487284706814,0.256888888888889,0.2568888089786541,0.0,-0.00039395195615952246,-0.05404156943125234,0.05404156943125234,-1.7129326285808324e-22,-0.054041569468514086,0.054041569468514086,6.173241338306645e-22,-0.02,0.02,6.173241338306645e-22,1.0,1.0,0.0,0.0,0.0,0.0,0.0,0.0,0.0,-0.0034000000095602426,0.003400000009560243,-6.85966723026243e-21,1.47226124193956e-10,1.4722612418191064e-10,9.441142410697838e-09,-8.870215616888346e-10,8.870215615831824e-10,-3.4098956823673515e-20,-75.55555555555556,75.55555555555534,1.9234669525145414e-18,0.6755196176910744,-0.6755196176910744,-5.5313077091782e-21
0.20000000000000015,1.0508842699963528e-06,1.0508842699963547e-06,0.11997245041581744,0.9999999999808211,-4.3794207827894476e-06,4.379420782789442e-06,5.574443137221658e-22,-7.199991241158434,7.199991241158415,1.4822402087187507e-19,5.63440421592304e-11,5.634404216833524e-11,3.44513318884125e-09,-4.634702728800134e-10,4.634702727137937e-10,-1.2271481920787429e-20,-79.99999999953653,79.9999999995363,2.23785425610344e-18,4.0,12.752999665812393,-2.9651696952279205e-05,1.0387126697133932e-12,1.6084872853591272,0.28800000000000003,0.28799992008950354,0.0,-0.00039395130236750053,-0.054041569424150906,0.054041569424150906,1.6708054521534224e-22,-0.05404156944445998,0.05404156944445998,2.07531519797829e-21,-0.02,0.02,2.07531519797829e-21,1.0,1.0,0.0,0.0,0.0,0.0,0.0,0.0,0.0,-0.003600000004995246,0.0036000000049952446,-3.5983114487639395e-19,7.69549510446174e-11,7.695494550569441e-11,4.471257560321803e-09,-4.6347027288001394e-10,4.63470272713794e-10,-1.2270026033658069e-20,-80.0,79.99999999999977,2.2255827741826526e-18,0.6755196176976055,-0.6755196176976055,-4.8495902473689494e-21
0.21000000000000016,1.115379373092239e-06,1.1153793730922408e-06,0.11997245054850589,0.9999999999783524,-4.652720099232974e-06,4.652720099232967e-06,5.8180562110088065e-22,-8.007990694559801,8.00799069455978,1.7170746478126046e-19,1.2215716550165685e-05,1.2215716550165695e-05,1.3858684162240954e-08,-0.00010289746602670052,0.00010289746602670048,4.4760513304672385e-20,-80.88878599142285,80.88878599142261,2.330274052228298e-18,4.0,12.752954449016274,-2.9782746750806055e-05,1.8480502853602078e-07,1.6084872012564067,0.2944355558853136,0.29443547564502426,0.0,-0.000394033776757597,-0.054043465298087554,0.054043465298087554,1.2935707028353425e-21,-0.05404156943125234,0.05404156943125234,-1.7129326285808324e-22,0.0,0.0,-1.7129326285808324e-22,1.0,1.0,0.0,1.0,1.0,0.0,1.0,1.0,0.0,-0.003641109019390611,0.003641109019390612,-3.6067869064980875e-20,1.6703595923260058e-05,1.670359592326007e-05,-1.628358486973057e-06,-0.00010289746602670057,0.00010289746602670053,4.475927252987771e-20,-80.88888888888887,80.88888888888863,2.37503456553297e-18,0.6755201642962384,-0.6755201642962384,-6.0985182918904956e-21
0.22000000000000017,1.2346484166206298e-06,1.2346484166206317e-06,0.11997245058798861,0.9999999999734605,-5.151659711457462e-06,5.151659711457456e-06,6.669568220064491e-22,-8.816878585569466,8.816878585569444,1.9547729473593998e-19,1.0434586568008106e-05,1.0434586568008106e-05,-3.197069242051879e-09,-8.680225239361831e-05,8.680225239361828e-05,1.0910839444794934e-20,-80.88880208663649,80.88880208663625,2.4556537527763865e-18,4.0,12.753056792803335,-3.0022195933829265e-05,2.7745850437452668e-08,1.6084870451312714,0.29443555579391634,0.29443547564502426,0.0,-0.00039418965064764674,-0.054043255414580105,0.05404325541458012,6.733047388631981e-22,-0.054041569424150906,0.054041569424150906,1.6708054521534224e-22,0.0,0.0,1.6708054521534224e-22,1.0,1.0,0.0,1.0,1.0,0.0,1.0,1.0,0.0,-0.0036409355466637825,0.0036409355466637816,4.012963133809109e-19,1.4259366247860661e-05,1.4259366247866213e-05,-1.3930065377725634e-06,-8.680225239361832e-05,8.68022523936183e-05,1.0909908865447536e-20,-80.88888888888889,80.88888888888864,2.4665645922211813e-18,0.6755211621754628,-0.6755211621754629,-5.961370360711117e-21
0.23000000000000018,1.3174765655042475e-06,1.3174765655042492e-06,0.11997245054283867,0.9999999999698046,-5.495022300361445e-06,5.495022300361438e-06,7.435825403296048e-22,-9.625766787733177,9.625766787733154,2.2014518975495844e-19,6.239763847411831e-06,6.239763847411859e-06,-4.0350620009232685e-09,-5.156709551952011e-05,5.156709551951986e-05,7.325016812450095e-20,-80.88883732179336,80.88883732179312,2.470029553242781e-18,4.0,12.753049651576053,-3.018705337165528e-05,7.423308126263936e-08,1.6084869367659422,0.2944355556403745,0.29443547564502426,0.0,-0.00039429819140662597,-0.05404267611977061,0.05404267611977061,1.8094471206332513e-21,-0.054043465298087554,0.054043465298087554,1.2935707028353425e-21,0.0,0.0,1.2935707028353425e-21,1.0,1.0,0.0,1.0,1.0,0.0,1.0,1.0,0.0,-0.003640555785395469,0.003640555785395467,2.5001553291310377e-21,8.524220698146853e-06,8.52422069814689e-06,-8.303281764072804e-07,-5.15670955195201e-05,5.156709551951985e-05,7.325223606718508e-20,-80.88888888888889,80.88888888888864,2.543279721367282e-18,0.6755218489006407,-0.6755218489006407,-6.136801179902931e-21
0.24000000000000019,1.36394310539978e-06,1.3639431053997813e-06,0.11997245052159079,0.9999999999676615,-5.6866870744961085e-06,5.686687074496102e-06,9.39888326072999e-22,-10.434655293292517,10.434655293292492,2.463422734462664e-19,3.302240841829208e-06,3.3022408418291505e-06,-2.178874482370206e-10,-2.71928700405866e-05,2.7192870040587006e-05,3.4720435682904884e-20,-80.88886169601885,80.88886169601861,2.710990023879433e-18,4.0,12.753029767088744,-3.0279072682409813e-05,5.5872925951536053e-08,1.6084868763268896,0.29443555557924705,0.29443547564502426,0.0,-0.0003943587565784554,-0.054042268050075844,0.05404226805007584,1.1317729408730332e-21,-0.054043255414580105,0.05404325541458012,6.733047388631981e-22,0.0,0.0,6.733047388631981e-22,1.0,1.0,0.0,1.0,1.0,0.0,1.0,1.0,0.0,-0.003640293082243187,0.003640293082243184,-4.204811753675559e-21,4.510451106289531e-06,4.510451106289459e-06,-4.353741226877853e-07,-2.7192870040586596e-05,2.7192870040587003e-05,3.471542089595006e-20,-80.88888888888889,80.88888888888864,2.745710459562338e-18,0.6755222322301889,-0.6755222322301888,-6.335063732259319e-21
0.25000000000000017,1.3878383786591777e-06,1.3878383786591792e-06,0.11997245053298215,0.9999999999665342,-5.784974419387649e-06,5.784974419387642e-06,1.1390061395535634e-21,-11.243543985606715,11.24354398560669,2.7413090865122503e-19,1.6502671125929517e-06,1.6502671125929985e-06,2.133791812788815e-09,-1.3561849377876783e-05,1.3561849377876524e-05,4.613728558378102e-20,-80.88887532703951,80.88887532703927,2.847751076989677e-18,4.0,12.753015648596032,-3.032623867545159e-05,3.259879274174883e-08,1.6084868456174464,0.2944355555614628,0.29443547564502426,0.0,-0.000394389530061557,-0.05404203841767909,0.0540420384176791,1.3557826638629573e-21,-0.05404267611977061,0.05404267611977061,1.8094471206332513e-21,0.0,0.0,1.8094471206332513e-21,1.0,1.0,0.0,1.0,1.0,0.0,1.0,1.0,0.0,-0.0036401461683607354,0.0036401461683607333,-9.746030719242213e-19,2.2538395308300905e-06,2.2538395308190465e-06,-2.1421817123187596e-07,-1.3561849377876787e-05,1.3561849377876528e-05,4.614010316156644e-20,-80.88888888888889,80.88888888888864,2.893888362573458e-18,0.6755224288048787,-0.6755224288048788,-6.566394041936236e-21
0.2600000000000002,1.3996021930606252e-06,1.3996021930606274e-06,0.11997245055800773,0.9999999999659731,-5.833284134500252e-06,5.833284134500245e-06,1.3750292926657405e-21,-12.052432777876172,12.052432777876147,3.0424325775993113e-19,7.99870059449519e-07,7.998700594495493e-07,2.6382025671407356e-09,-6.5655476097981645e-06,6.565547609798034e-06,1.0865821434927723e-20,-80.88888232334128,80.88888232334104,3.1683034523108185e-18,4.0,12.753007711315474,-3.0349402043744478e-05,1.7117607870637948e-08,1.6084868307710356,0.2944355555569419,0.29443547564502426,0.0,-0.00039440440700408847,-0.0540419202138017,0.05404192021380169,7.702599729180038e-22,-0.054042268050075844,0.05404226805007584,1.1317729408730332e-21,0.0,0.0,1.1317729408730332e-21,1.0,1.0,0.0,1.0,1.0,0.0,1.0,1.0,0.0,-0.003640070762866093,0.0036400707628660915,-2.414522499442399e-20,1.0923542325902535e-06,1.0923542325902908e-06,-1.0162032395941678e-07,-6.565547609798168e-06,6.5655476097980375e-06,1.0867256074823692e-20,-80.88888888888889,80.88888888888864,3.1791692737457463e-18,0.675522525424309,-0.6755225254243089,-7.183439838616309e-21
0.2700000000000002,1.4052561231518496e-06,1.405256123151852e-06,0.11997245058271727,0.999999999965702,-5.856480775901437e-06,5.85648077590143e-06,1.5040630176967305e-21,-12.861321620371779,12.861321620371749,3.3710666655747325e-19,3.8099659926717487e-07,3.8099659926721664e-07,2.221469030429286e-09,-3.1251246965143876e-06,3.125124696513994e-06,7.934936671829765e-20,-80.8888857637642,80.88888576376395,3.3809101259989064e-18,4.0,12.753003662062254,-3.036051159194253e-05,8.526400947693176e-09,1.6084868238041814,0.2944355555558699,0.29443547564502426,0.0,-0.00039441138820045903,-0.05404186199765188,0.05404186199765188,2.0161551999263093e-21,-0.05404203841767909,0.0540420384176791,1.3557826638629573e-21,0.0,0.0,1.3557826638629573e-21,1.0,1.0,0.0,1.0,1.0,0.0,1.0,1.0,0.0,-0.003640033682305512,0.003640033682305511,-7.641986829275811e-21,5.202959909481037e-07,5.202959909481568e-07,-4.7114671086154004e-08,-3.12512469651439e-06,3.1251246965139967e-06,7.935393558782614e-20,-80.88888888888889,80.88888888888864,3.460259492717204e-18,0.6755225718175918,-0.6755225718175918,-7.348332487461898e-21
0.2800000000000002,1.4079359283655123e-06,1.4079359283655148e-06,0.11997245060172834,0.9999999999655732,-5.867469090579263e-06,5.867469090579254e-06,1.701374713436952e-21,-13.67021048728404,13.670210487284006,3.731183822803101e-19,1.7961983870215443e-07,1.7961983870217367e-07,1.5783793156833139e-09,-1.4727060007314844e-06,1.4727060007312125e-06,4.69631839702897e-20,-80.8888874161829,80.88888741618265,3.740986806932821e-18,4.0,12.753001699420613,-3.036576691006765e-05,4.1259377507532e-09,1.6084868205971374,0.2944355555556255,0.29443547564502426,0.0,-0.0003944146019213411,-0.05404183401224571,0.05404183401224571,1.5436493657353873e-21,-0.0540419202138017,0.05404192021380169,7.702599729180038e-22,0.0,0.0,7.702599729180038e-22,1.0,1.0,0.0,1.0,1.0,0.0,1.0,1.0,0.0,-0.003640015872689339,0.0036400158726893395,1.1512523343608876e-20,2.4528716179522033e-07,2.452871617952457e-07,-2.1511679395522592e-08,-1.4727060007314856e-06,1.4727060007312137e-06,4.696635051460492e-20,-80.8888888888889,80.88888888888866,3.787949990903111e-18,0.6755225937942212,-0.6755225937942212,-8.728900678377161e-21
0.2900000000000002,1.409195563684715e-06,1.4091955636847176e-06,0.11997245061458184,0.9999999999655128,-5.8726323352985135e-06,5.8726323352985024e-06,2.0475400749014854e-21,-14.479099365846437,14.479099365846404,4.1123456081675837e-19,8.415702692124294e-08,8.415702692125231e-08,1.0169075727362042e-09,-6.898257338695598e-07,6.89825733869466e-07,2.1091293510468248e-20,-80.88888819906317,80.88888819906293,3.971002054955874e-18,4.0,12.753000776603653,-3.036823238498909e-05,1.963512865894471e-09,1.6084868191401935,0.2944355555555713,0.29443547564502426,0.0,-0.0003944160619447062,-0.05404182074652005,0.05404182074652005,1.2672013080425259e-21,-0.05404186199765188,0.05404186199765188,2.0161551999263093e-21,0.0,0.0,2.0161551999263093e-21,1.0,1.0,0.0,1.0,1.0,0.0,1.0,1.0,0.0,-0.0036400074348780943,0.0036400074348780934,2.1776315889971183e-19,1.1492261123365786e-07,1.1492261123922104e-07,-9.715361537889143e-09,-6.898257338695606e-07,6.898257338694668e-07,2.1092380797699813e-20,-80.88888888888891,80.88888888888867,3.992093348466342e-18,0.6755226041207105,-0.6755226041207105,-1.1094475310676219e-20
0.3000000000000002,1.409784669491561e-06,1.4097846694915637e-06,0.11997245062260731,0.9999999999654846,-5.8750465684053095e-06,5.8750465684052985e-06,2.216801855251292e-21,-15.28798824990686,15.287988249906826,4.523345743327919e-19,3.928055646936844e-08,3.9280556469414824e-08,6.148159315965032e-10,-3.2192687164814824e-07,3.219268716480107e-07,7.155719144274586e-20,-80.88888856696205,80.88888856696181,4.223961331456082e-18,4.0,12.753000351054773,-3.036938317785287e-05,9.252071322494527e-10,1.6084868184846575,0.29443555555555967,0.29443547564502426,0.0,-0.0003944167188874732,-0.05404181451061785,0.054041814510617854,2.2281690862208456e-21,-0.05404183401224571,0.05404183401224571,1.5436493657353873e-21,0.0,0.0,1.5436493657353873e-21,1.0,1.0,0.0,1.0,1.0,0.0,1.0,1.0,0.0,-0.0036400034696981204,0.0036400034696981195,-1.4904008318627309e-19,5.3640077857442735e-08,5.364007785749951e-08,-4.3516297431418655e-09,-3.2192687164814877e-07,3.2192687164801123e-07,7.155879974985824e-20,-80.88888888888893,80.88888888888869,4.295518522898828e-18,0.6755226089491769,-0.675522608949177,-1.175174550314275e-20
0.3100000000000002,1.4100593299650278e-06,1.4100593299650314e-06,0.11997245062735651,0.9999999999654711,-5.8761720160756975e-06,5.876172016075685e-06,2.6080195301572196e-21,-16.096877136544855,16.09687713654482,4.967145044548592e-19,1.8291500144595398e-08,1.829150014460568e-08,3.55610180354109e-10,-1.498946021961008e-07,1.498946021960527e-07,8.711071640344193e-20,-80.88888873899432,80.88888873899408,4.6716427109658044e-18,4.0,12.7530001573931,-3.0369918637113136e-05,4.333490148091841e-10,1.6084868181919194,0.29443555555555667,0.29443547564502426,0.0,-0.00039441701226304983,-0.05404181159410861,0.05404181159410861,2.6368120494072293e-21,-0.05404182074652005,0.05404182074652005,1.2672013080425259e-21,0.0,0.0,1.2672013080425259e-21,1.0,1.0,0.0,1.0,1.0,0.0,1.0,1.0,0.0,-0.003640001615550196,0.0036400016155501936,4.238061957475954e-19,2.4978078818519696e-08,2.497807882408335e-08,-1.9360485879548202e-09,-1.4989460219610093e-07,1.4989460219605284e-07,8.711127780793952e-20,-80.88888888888893,80.88888888888869,4.758753427369246e-18,0.6755226112000722,-0.6755226112000722,-1.3360239426815936e-20
0.32000000000000023,1.4101871410527144e-06,1.4101871410527184e-06,0.11997245063006132,0.9999999999654651,-5.876695691898745e-06,5.876695691898731e-06,2.726913806305578e-21,-16.905766024386395,16.905766024386356,5.455290281214891e-19,8.505364947089865e-09,8.505364947112988e-09,1.9914146636018983e-10,-6.969522140594641e-08,6.96952214057315e-08,3.977349727558105e-20,-80.88888881919371,80.88888881919347,5.022174440313137e-18,4.0,12.75300007009917,-3.037016729376396e-05,2.022278828707528e-10,1.6084868180620193,0.2944355555555563,0.29443547564502426,0.0,-0.0003944171424494553,-0.0540418102343079,0.054041810234307895,1.8264327831242366e-21,-0.05404181451061785,0.054041814510617854,2.2281690862208456e-21,0.0,0.0,2.2281690862208456e-21,1.0,1.0,0.0,1.0,1.0,0.0,1.0,1.0,0.0,-0.003640000751168673,0.0036400007511686746,-1.7626061378549188e-19,1.1614523095356091e-08,1.1614523095385618e-08,-8.562527518775676e-10,-6.96952214059465e-08,6.96952214057316e-08,3.9776021322060814e-20,-80.88888888888893,80.88888888888869,5.061947937588718e-18,0.6755226122474239,-0.6755226122474238,-1.3881372902047226e-20
0.33000000000000024,1.410246546571165e-06,1.4102465465711693e-06,0.1199724506315586,0.9999999999654622,-5.876939079793776e-06,5.876939079793763e-06,2.8334262249780646e-21,-17.71465491278851,17.71465491278847,5.986243890438678e-19,3.951368283974971e-09,3.951368284012366e-09,1.088269331031291e-10,-3.23773302731465e-08,3.237733027288457e-08,3.001129544788504e-20,-80.8888888565116,80.88888885651136,5.577808779015975e-18,4.0,12.753000031039711,-3.0370282621303146e-05,9.415877187925341e-11,1.6084868180047092,0.29443555555555617,0.29443547564502426,0.0,-0.00039441719988785983,-0.054041809601527914,0.054041809601527914,1.657785786215111e-21,-0.05404181159410861,0.05404181159410861,2.6368120494072293e-21,0.0,0.0,2.6368120494072293e-21,1.0,1.0,0.0,1.0,1.0,0.0,1.0,1.0,0.0,-0.003640000348959886,0.003640000348959889,-2.2839143421575044e-19,5.395791325244982e-09,5.3957913197409925e-09,-3.7656836388494443e-10,-3.237733027314654e-08,3.237733027288461e-08,3.001437323820317e-20,-80.88888888888893,80.88888888888869,5.60782007446386e-18,0.6755226127341996,-0.6755226127341996,-1.3969780851914755e-20
0.34000000000000025,1.410274137514005e-06,1.4102741375140086e-06,0.1199724506323696,0.9999999999654609,-5.877052117982223e-06,5.877052117982211e-06,2.8682548040767745e-21,-18.52354380145132,18.52354380145128,6.56442420670586e-19,1.8346834080670547e-09,1.8346834080560435e-09,5.83534800349832e-11,-1.503295676257169e-08,1.503295676270594e-08,1.0105834573322489e-20,-80.88888887385596,80.88888887385572,5.944497085599498e-18,4.0,12.753000013669364,-3.037033606800854e-05,4.377963214645136e-11,1.6084868179795662,0.2944355555555559,0.29443547564502426,0.0,-0.0003944172250877562,-0.0540418093074153,0.0540418093074153,1.2217031405468989e-21,-0.0540418102343079,0.054041810234307895,1.8264327831242366e-21,0.0,0.0,1.8264327831242366e-21,1.0,1.0,0.0,1.0,1.0,0.0,1.0,1.0,0.0,-0.00364000016202383,0.0036400001620238284,3.8761885142700983e-19,2.5053492551594857e-09,2.5053492606963987e-09,-1.6467061058402473e-10,-1.5032956762571708e-08,1.5032956762705956e-08,1.0104256244270673e-20,-80.88888888888891,80.88888888888867,5.954602920172821e-18,0.6755226129602759,-0.6755226129602759,-1.2997476477838675e-20
0.35000000000000026,1.4102869464875201e-06,1.4102869464875235e-06,0.1199724506328014,0.9999999999654602,-5.877104594439235e-06,5.877104594439224e-06,2.8941805338381853e-21,-19.332432690235258,19.332432690235212,7.177551083115488e-19,8.51597249149189e-10,8.51597249130862e-10,3.0819959916560165e-11,-6.977677362143726e-09,6.977677362274988e-09,-3.132825489862906e-20,-80.88888888191123,80.88888888191099,6.329758922838769e-18,4.0,12.753000005972533,-3.0370360824580334e-05,2.0339110673011706e-11,1.6084868179685996,0.29443555555555595,0.29443547564502426,0.0,-0.0003944172360796966,-0.05404180917081651,0.05404180917081652,4.25788130105126e-22,-0.054041809601527914,0.054041809601527914,1.657785786215111e-21,0.0,0.0,1.657785786215111e-21,1.0,1.0,0.0,1.0,1.0,0.0,1.0,1.0,0.0,-0.0036400000752047712,0.003640000075204772,1.476141829060303e-19,1.1628965359697154e-09,1.162896535946642e-09,-7.157820424331347e-11,-6.977677362143734e-09,6.977677362274996e-09,-3.13297979314749e-20,-80.8888888888889,80.88888888888866,6.2984306679401406e-18,0.675522613065229,-0.6755226130652291,-1.2371208978505613e-20
0.36000000000000026,1.4102928913243588e-06,1.4102928913243613e-06,0.1199724506330282,0.9999999999654602,-5.877128949234508e-06,5.8771289492345e-06,3.0227880309857337e-21,-20.141321579075434,20.141321579075385,7.820796731443447e-19,3.95187068086728e-10,3.9518706802928684e-10,1.6083981810944894e-11,-3.2379857107462547e-09,3.2379857112805943e-09,5.443563577645444e-20,-80.88888888565091,80.88888888565067,6.530510461621881e-18,4.0,12.753000002589905,-3.037037228803552e-05,9.444050578368048e-12,1.6084868179638463,0.2944355555555562,0.29443547564502426,0.0,-0.000394417240844024,-0.05404180910739882,0.05404180910739882,1.8528604280152773e-21,-0.0540418093074153,0.0540418093074153,1.2217031405468989e-21,0.0,0.0,1.2217031405468989e-21,1.0,1.0,0.0,1.0,1.0,0.0,1.0,1.0,0.0,-0.003640000034898723,0.003640000034898724,-4.150508364579154e-20,5.396464625735106e-10,5.396464625002909e-10,-3.0899193555182034e-11,-3.2379857107462592e-09,3.2379857112806005e-09,5.44293549530695e-20,-80.8888888888889,80.88888888888866,6.584946097398336e-18,0.6755226131139385,-0.6755226131139385,-1.091273730048872e-20
0.3700000000000003,1.4102956498460028e-06,1.4102956498460047e-06,0.11997245063314602,0.9999999999654602,-5.87714025024469e-06,5.877140250244685e-06,3.501138554150114e-21,-20.950210467941723,20.95021046794167,8.484315066531394e-19,1.8335980981486411e-10,1.8335980973944026e-10,8.310624632939166e-12,-1.5023583728738318e-09,1.502358373365954e-09,8.545065218624893e-20,-80.88888888738656,80.88888888738632,6.779617293385159e-18,4.0,12.753000001120826,-3.0370377594651776e-05,4.383522695127643e-12,1.6084868179618013,0.2944355555555564,0.29443547564502426,0.0,-0.0003944172428940143,-0.0540418090779657,0.0540418090779657,2.330962507034761e-21,-0.05404180917081651,0.05404180917081652,4.25788130105126e-22,0.0,0.0,4.25788130105126e-22,1.0,1.0,0.0,1.0,1.0,0.0,1.0,1.0,0.0,-0.0036400000161922958,0.0036400000161922936,-1.3639088498549752e-19,2.5038633589313204e-10,2.503863357986902e-10,-1.3234191270668563e-11,-1.5023583728738336e-09,1.502358373365958e-09,8.544486761519715e-20,-80.88888888888891,80.88888888888867,6.865067945571408e-18,0.6755226131365406,-0.6755226131365406,-9.910634596028504e-21
0.3800000000000003,1.4102969296944017e-06,1.4102969296944023e-06,0.11997245063320666,0.9999999999654602,-5.87714549345287e-06,5.877145493452869e-06,3.70434573805234e-21,-21.759099356820126,21.75909935682007,9.177889323442824e-19,8.506781894370517e-11,8.506781877089055e-11,4.2585003508741185e-12,-6.970002967231202e-10,6.970002981023565e-10,2.6305910071216408e-20,-80.8888888881919,80.88888888819166,7.108316676696336e-18,4.0,12.753000000481451,-3.0370380050742662e-05,2.0341584885881325e-12,1.6084868179609284,0.29443555555555584,0.29443547564502426,0.0,-0.0003944172437687162,-0.05404180906430816,0.054041809064308166,1.0744336236525845e-21,-0.05404180910739882,0.05404180910739882,1.8528604280152773e-21,0.0,0.0,1.8528604280152773e-21,1.0,1.0,0.0,1.0,1.0,0.0,1.0,1.0,0.0,-0.0036400000075122205,0.0036400000075122057,1.2643935498692892e-20,1.1616403712714746e-10,1.16164036908738e-10,-5.616085751282053e-12,-6.970002967231214e-10,6.970002981023583e-10,2.628969812243216e-20,-80.8888888888889,80.88888888888866,7.134622586767553e-18,0.6755226131470269,-0.675522613147027,-7.511590529633614e-21
0.3900000000000003,1.4102975234507292e-06,1.4102975234507283e-06,0.11997245063323762,0.9999999999654602,-5.877147925911287e-06,5.877147925911293e-06,4.060702407308226e-21,-22.56798824570415,22.567988245704093,9.909939056980438e-19,3.946414633596692e-11,3.946414626281595e-11,2.167111022682213e-12,-3.233473774929059e-10,3.233473781339254e-10,6.885990015435304e-20,-80.88888888856556,80.88888888856532,7.615085014628365e-18,4.0,12.75300000020838,-3.037038118736124e-05,9.438052023522675e-13,1.60848681796056,0.2944355555555558,0.29443547564502426,0.0,-0.0003944172441381979,-0.0540418090579716,0.05404180905797162,1.5324151380757769e-21,-0.0540418090779657,0.0540418090779657,2.330962507034761e-21,0.0,0.0,2.330962507034761e-21,1.0,1.0,0.0,1.0,1.0,0.0,1.0,1.0,0.0,-0.0036400000034850066,0.003640000003485023,4.259694563732443e-19,5.38901007809734e-11,5.389010623920981e-11,-2.356369196909277e-12,-3.2334737749290576e-10,3.233473781339269e-10,6.88523654156337e-20,-80.88888888888891,80.88888888888867,7.683944914782719e-18,0.6755226131518919,-0.675522613151892,-3.661711691217776e-21
0.4000000000000003,1.4102977988982968e-06,1.410297798898296e-06,0.11997245063325329,0.9999999999654591,-5.877149054342997e-06,5.877149054343002e-06,4.282831734796039e-21,-23.37687713459078,23.37687713459072,1.0695237348126058e-18,1.8307397711667095e-11,1.8307397818643413e-11,1.0865122544711506e-12,-1.5000048278868343e-10,1.5000048187517463e-10,1.7049875041580464e-20,-80.88888888873892,80.88888888873868,8.033097252403337e-18,4.0,12.753000000084123,-3.037038171305184e-05,4.3786551338676015e-13,1.608486817960405,0.29443555555555534,0.29443547564502426,0.0,-0.0003944172442930389,-0.0540418090550319,0.0540418090550319,6.399901195452305e-22,-0.05404180906430816,0.054041809064308166,1.0744336236525845e-21,0.0,0.0,1.0744336236525845e-21,1.0,1.0,0.0,1.0,1.0,0.0,1.0,1.0,0.0,-0.003640000001616693,0.0036400000016166933,-1.5059553936671098e-19,2.4999597015690586e-11,2.499959715142993e-11,-9.875742991312096e-13,-1.5000048278868322e-10,1.5000048187517483e-10,1.7060612695561284e-20,-80.88888888888891,80.88888888888867,8.050147127444917e-18,0.6755226131541486,-0.6755226131541486,-4.163654609959778e-21
0.4100000000000003,1.4102979266774743e-06,1.410297926677475e-06,0.11997245063326113,0.9999999999654591,-5.877149577818055e-06,5.877149577818052e-06,4.514367118972076e-21,-24.18576602347862,24.185766023478557,1.1511259229116054e-18,8.492687798015418e-12,8.492687949628073e-12,5.436992449170791e-13,-6.958424570742755e-11,6.958424438706998e-11,6.67896313080071e-20,-80.88888888881932,80.88888888881908,8.342087968991128e-18,4.0,12.753000000034628,-3.037038195646824e-05,2.0313073382590236e-13,1.608486817960341,0.29443555555555523,0.29443547564502426,0.0,-0.00039441724435753056,-0.05404180905366818,0.05404180905366818,2.041248645148124e-21,-0.0540418090579716,0.05404180905797162,1.5324151380757769e-21,0.0,0.0,1.5324151380757769e-21,1.0,1.0,0.0,1.0,1.0,0.0,1.0,1.0,0.0,-0.003640000000749974,0.003640000000749974,1.5007831834849991e-19,1.1597152320905423e-11,1.1597152513234686e-11,-4.065514255083028e-13,-6.958424570742676e-11,6.958424438707077e-11,6.680515117625684e-20,-80.88888888888891,80.88888888888867,8.408877600299135e-18,0.6755226131551957,-0.6755226131551957,-1.0487941020049957e-20
0.4200000000000003,1.4102979856030992e-06,1.4102979856031009e-06,0.11997245063326503,0.9999999999654591,-5.877149819228384e-06,5.877149819228377e-06,4.7876060525539375e-21,-24.994654912367025,24.994654912366958,1.236078192754877e-18,3.873604211197159e-12,3.873604241116861e-12,2.68154822218084e-13,-3.1749420530624764e-11,3.1749419926698144e-11,-5.350648201337846e-20,-80.88888888885715,80.88888888885691,8.734484947174927e-18,4.0,12.753000000005361,-3.037038206844811e-05,9.073017253175517e-14,1.6084868179603147,0.2944355555555551,0.29443547564502426,0.0,-0.00039441724438362015,-0.05404180905302577,0.05404180905302577,1.697476393024984e-22,-0.0540418090550319,0.0540418090550319,6.399901195452305e-22,0.0,0.0,6.399901195452305e-22,1.0,1.0,0.0,1.0,1.0,0.0,1.0,1.0,0.0,-0.0036400000003421937,0.003640000000342192,1.4433476917029674e-20,5.28967979170903e-12,5.289679832416732e-12,-1.5941664392362465e-13,-3.174942053062539e-11,3.174941992669752e-11,-5.349938327201812e-20,-80.8888888888889,80.88888888888866,8.680978465161549e-18,0.6755226131556785,-0.6755226131556785,-1.416080394429138e-20
0.4300000000000003,1.410298012588955e-06,1.4102980125889571e-06,0.11997245063326696,0.9999999999654591,-5.877149929873443e-06,5.87714992987343e-06,4.852957098525231e-21,-25.803543801255696,25.80354380125562,1.3239443989464073e-18,1.7943504467320541e-12,1.7943506199989907e-12,1.33790063115652e-13,-1.4722451151714232e-11,1.4722449946605925e-11,1.1910700178108572e-19,-80.88888888887418,80.88888888887394,8.814600854340024e-18,4.0,12.753000000072756,-3.037038211962939e-05,3.9428317867465785e-14,1.608486817960305,0.29443555555555523,0.29443547564502426,0.0,-0.0003944172443937528,-0.05404180905273698,0.05404180905273698,3.577147347451213e-21,-0.05404180905366818,0.05404180905366818,2.041248645148124e-21,0.0,0.0,2.041248645148124e-21,1.0,1.0,0.0,1.0,1.0,0.0,1.0,1.0,0.0,-0.0036400000001586773,0.003640000000158678,-2.3874645162673833e-20,2.4504329964807163e-12,2.4504332140793886e-12,-6.16333436476107e-14,-1.4722451151712833e-11,1.4722449946607324e-11,1.1912116696864686e-19,-80.8888888888889,80.88888888888866,8.933707856121109e-18,0.6755226131558997,-0.6755226131558997,-1.7915266442395877e-20
0.44000000000000034,1.4102980249118302e-06,1.4102980249118347e-06,0.11997245063326793,0.9999999999654591,-5.877149980499307e-06,5.877149980499284e-06,5.717542672552223e-21,-26.612432690144484,26.61243269014441,1.4135795848228662e-18,8.145726959512248e-13,8.145730342937157e-13,6.522742016025429e-14,-6.709283256503221e-12,6.70928061197413e-12,1.426555082247036e-19,-80.8888888888822,80.88888888888197,9.200684782740923e-18,4.0,12.753000000004736,-3.0370382142957952e-05,1.3521175454079586e-14,1.6084868179603011,0.29443555555555523,0.29443547564502426,0.0,-0.000394417244397533,-0.05404180905260085,0.05404180905260085,4.640924964083956e-21,-0.05404180905302577,0.05404180905302577,1.697476393024984e-22,0.0,0.0,1.697476393024984e-22,1.0,1.0,0.0,1.0,1.0,0.0,1.0,1.0,0.0,-0.003640000000072312,0.0036400000000723137,-8.840975870184755e-19,1.1126290145114433e-12,1.1126183396648942e-12,-2.256454557222531e-14,-6.7092832565015444e-12,6.709280611975807e-12,1.4268659279287413e-19,-80.88888888888891,80.88888888888867,9.343340290965626e-18,0.675522613156001,-0.675522613156001,-2.5914072700491143e-20
0.45000000000000034,1.4102980306011415e-06,1.4102980306011475e-06,0.1199724506332684,0.9999999999654591,-5.877150003945889e-06,5.877150003945859e-06,5.94935245623482e-21,-27.42132157903333,27.421321579033247,1.508209076326324e-18,3.3850352894931723e-13,3.3850349014505487e-13,2.7887740677014693e-14,-2.795802178479861e-12,2.7958021798017167e-12,-3.716486899935842e-20,-80.88888888888613,80.88888888888589,9.718636161639369e-18,4.0,12.75299999998852,-3.0370382153740993e-05,4.312931183981727e-15,1.6084868179603,0.29443555555555534,0.29443547564502426,0.0,-0.00039441724439903567,-0.054041809052534154,0.054041809052534154,1.830730089353777e-21,-0.05404180905273698,0.05404180905273698,3.577147347451213e-21,0.0,0.0,3.577147347451213e-21,1.0,1.0,0.0,1.0,1.0,0.0,1.0,1.0,0.0,-0.0036400000000301348,0.0036400000000301326,3.207495515626124e-21,4.624210893727892e-13,4.624210426117675e-13,-8.470474906728056e-15,-2.795802178480298e-12,2.7958021798012797e-12,-3.716488453187449e-20,-80.88888888888893,80.88888888888869,9.681471292640011e-18,0.6755226131560478,-0.6755226131560478,-3.1246221641777854e-20
0.46000000000000035,1.4102980338118549e-06,1.4102980338118608e-06,0.11997245063326868,0.9999999999654591,-5.877150017309031e-06,5.877150017309001e-06,6.240652124048391e-21,-28.230210467922188,28.230210467922106,1.6070314781720751e-18,3.0363909337280765e-13,3.0363908214808584e-13,2.4572593751446065e-14,-2.549454628377996e-12,2.5494542923748406e-12,1.5368276915676794e-19,-80.88888888888634,80.8888888888861,1.004584420751084e-17,4.0,12.75299999989299,-3.0370382159874976e-05,3.201674262228197e-15,1.608486817960299,0.2944355555555552,0.29443547564502426,0.0,-0.0003944172443998855,-0.05404180905253186,0.05404180905253186,5.352820341050622e-21,-0.05404180905260085,0.05404180905260085,4.640924964083956e-21,0.0,0.0,4.640924964083956e-21,1.0,1.0,0.0,1.0,1.0,0.0,1.0,1.0,0.0,-0.0036400000000274785,0.003640000000027477,5.413500036234916e-21,4.151269063663858e-13,4.151268956060744e-13,-8.858585617259928e-15,-2.549454628376189e-12,2.5494542923766468e-12,1.5368671861728083e-19,-80.88888888888889,80.88888888888864,1.0199526976667608e-17,0.6755226131560746,-0.6755226131560746,-3.2331631202859995e-20
0.47000000000000036,1.4102980363164296e-06,1.4102980363164362e-06,0.11997245063326888,0.9999999999654591,-5.877150027837505e-06,5.87715002783747e-06,7.089116502716928e-21,-29.039099356811054,29.03909935681097,1.7101560210658422e-18,1.0279522622376575e-13,1.0279553373664438e-13,7.563102250177172e-15,-8.146720929391784e-13,8.14669417541557e-13,-2.4201652143565757e-20,-80.88888888888808,80.88888888888783,1.0851294669843622e-17,4.0,12.753000000117476,-3.037038216474608e-05,7.137903963369498e-15,1.6084868179602985,0.294435555555555,0.29443547564502426,0.0,-0.0003944172444006399,-0.054041809052502325,0.05404180905250231,2.455032314167142e-21,-0.054041809052534154,0.054041809052534154,1.830730089353777e-21,0.0,0.0,1.830730089353777e-21,1.0,1.0,0.0,1.0,1.0,0.0,1.0,1.0,0.0,-0.003640000000008781,0.003640000000008778,-3.9113433504105507e-19,1.4015776658223437e-13,1.4015260579705137e-13,-3.2104068496894166e-15,-8.146720929394626e-13,8.146694175412727e-13,-2.4170204713870062e-20,-80.88888888888889,80.88888888888864,1.0827093017700056e-17,0.6755226131560957,-0.6755226131560956,-3.6133275659391566e-20
0.48000000000000037,1.4102980369522911e-06,1.4102980369522977e-06,0.11997245063326895,0.9999999999654591,-5.87715003052194e-06,5.877150030521907e-06,7.20934366756857e-21,-29.84798824569993,29.847988245699845,1.8205679730541323e-18,6.541375294955513e-14,6.541318830964605e-14,6.669551767455274e-15,-6.366498759713808e-13,6.366548945248129e-13,1.472171055375711e-19,-80.88888888888823,80.88888888888799,1.1125118471590873e-17,4.0,12.75299999991499,-3.0370382165953447e-05,1.552374296268778e-14,1.6084868179602982,0.29443555555555506,0.29443547564502426,0.0,-0.00039441724440081517,-0.05404180905249954,0.05404180905249954,5.4920653910317016e-21,-0.05404180905253186,0.05404180905253186,5.352820341050622e-21,0.0,0.0,5.352820341050622e-21,1.0,1.0,0.0,1.0,1.0,0.0,1.0,1.0,0.0,-0.0036400000000068617,0.0036400000000068613,-1.084580371026478e-18,9.013444765747153e-14,9.012262767780024e-14,-1.5120902965124274e-15,-6.366498759696507e-13,6.366548945265429e-13,1.471581159342775e-19,-80.88888888888887,80.88888888888863,1.1272335577128444e-17,0.675522613156101,-0.675522613156101,-3.552696864194278e-20
0.4900000000000004,1.4102980371786463e-06,1.4102980371786507e-06,0.11997245063326897,0.9999999999654591,-5.877150031595268e-06,5.877150031595242e-06,7.301727137846907e-21,-30.656877134588818,30.65687713458873,1.9379705826679742e-18,-1.2321557028800353e-14,-1.2321261894221081e-14,-2.3052097065512945e-15,1.2708382036697513e-13,-1.270865618804398e-13,-8.77356899961297e-20,-80.88888888888899,80.88888888888874,1.2511360869571327e-17,4.0,12.752999999985084,-3.0370382166453047e-05,4.139745576934526e-15,1.6084868179602985,0.294435555555555,0.29443547564502426,0.0,-0.0003944172444009431,-0.05404180905248596,0.05404180905248596,8.479903982978867e-22,-0.054041809052502325,0.05404180905250231,2.455032314167142e-21,0.0,0.0,2.455032314167142e-21,1.0,1.0,0.0,1.0,1.0,0.0,1.0,1.0,0.0,-0.003639999999998629,0.0036399999999986296,-7.522703834068847e-19,-1.7029345345297755e-14,-1.70345204035294e-14,-9.647411966023072e-16,1.2708382036594406e-13,-1.2708656188147088e-13,-8.770346541211147e-20,-80.88888888888886,80.88888888888862,1.2423625179575197e-17,0.6755226131561032,-0.6755226131561032,-3.0340410227852767e-20
0.5000000000000003,1.4102980371569938e-06,1.4102980371570027e-06,0.11997245063326897,0.9999999999654591,-5.877150031764829e-06,5.877150031764786e-06,7.374824107959551e-21,-31.465766023477713,31.465766023477617,2.0699355915524272e-18,7.991073351451357e-15,7.991645471629e-15,2.456813255694836e-15,-1.9490831362845756e-13,1.949041025208942e-13,1.1693361644530553e-19,-80.88888888888863,80.88888888888839,1.388164090731929e-17,4.0,12.752999999937007,-3.0370382166522436e-05,2.1771783431449126e-14,1.608486817960298,0.2944355555555547,0.29443547564502426,0.0,-0.0003944172444009867,-0.0540418090524918,0.0540418090524918,5.503773786727365e-21,-0.05404180905249954,0.05404180905249954,5.4920653910317016e-21,0.0,0.0,5.4920653910317016e-21,1.0,1.0,0.0,1.0,1.0,0.0,1.0,1.0,0.0,-0.0036400000000020973,0.0036400000000020977,-4.038176626229985e-19,1.1953414218368675e-14,1.1948583299025405e-14,7.678047224896231e-17,-1.949083136270828e-13,1.9490410252226895e-13,1.1698311505103046e-19,-80.88888888888883,80.88888888888859,1.3998574523764595e-17,0.6755226131561036,-0.6755226131561036,-4.2487108633898324e-20
0.5100000000000003,1.4102980371118224e-06,1.4102980371118357e-06,0.11997245063326897,0.9999999999654591,-5.8771500317987605e-06,5.877150031798703e-06,7.439215659576634e-21,-32.27465491236661,32.2746549123665,2.216194701707959e-18,-1.562372825845167e-14,-1.5623499764746944e-14,-2.241711481615873e-15,1.5150804313032846e-13,-1.5150990119621567e-13,-8.004310771093815e-20,-80.88888888888899,80.88888888888874,1.5146804739607485e-17,4.0,12.752999999987054,-3.037038216655019e-05,3.6141491390735475e-15,1.608486817960298,0.2944355555555547,0.29443547564502426,0.0,-0.0003944172444010167,-0.054041809052485575,0.054041809052485575,2.7484362282516325e-21,-0.05404180905248596,0.05404180905248596,8.479903982978867e-22,0.0,0.0,8.479903982978867e-22,1.0,1.0,0.0,1.0,1.0,0.0,1.0,1.0,0.0,-0.003639999999998364,0.0036399999999983637,-1.304274576949824e-19,-2.151485115213198e-14,-2.1514562074640107e-14,-5.007593820801966e-16,1.5150804312938774e-13,-1.515099011971564e-13,-8.002126743588618e-20,-80.88888888888883,80.88888888888859,1.5066761631896548e-17,0.6755226131561037,-0.6755226131561037,-5.236515208810648e-20
0.5200000000000004,1.4102980370181073e-06,1.4102980370181221e-06,0.11997245063326897,0.9999999999654591,-5.877150031657848e-06,5.877150031657782e-06,7.3512111139949e-21,-33.0835438012555,33.083543801255395,2.3686236459379663e-18,-3.1192557584971534e-15,-3.1191678688300784e-15,1.962847804320752e-15,-9.514333075691391e-14,9.514183590246911e-14,4.482158386119073e-20,-80.88888888888877,80.88888888888853,1.533898410639404e-17,4.0,12.752999999945999,-3.0370382166480803e-05,2.0555799831646804e-14,1.608486817960298,0.29443555555555495,0.29443547564502426,0.0,-0.00039441724440099016,-0.05404180905248999,0.05404180905248999,5.4519640373594034e-21,-0.0540418090524918,0.0540418090524918,5.503773786727365e-21,0.0,0.0,5.503773786727365e-21,1.0,1.0,0.0,1.0,1.0,0.0,1.0,1.0,0.0,-0.0036400000000010235,0.003640000000001024,-1.0604849133302077e-19,-3.2983946610435367e-15,-3.298277214431544e-15,1.0377894365298474e-15,-9.514333075638695e-14,9.514183590299606e-14,4.4839154822680083e-20,-80.88888888888887,80.88888888888863,1.538380569025523e-17,0.6755226131561034,-0.6755226131561034,-5.806469409822462e-20
0.5300000000000004,1.410298036955465e-06,1.4102980369554821e-06,0.11997245063326897,0.9999999999654591,-5.877150031736021e-06,5.877150031735943e-06,7.737687453582893e-21,-33.892432690144396,33.89243269014429,2.5257979582856585e-18,-1.455542377410361e-14,-1.4554913629031117e-14,-2.8510374749860856e-15,1.6842698174139763e-13,-1.6843105397385038e-13,6.190743194984322e-20,-80.88888888888906,80.88888888888881,1.6284709640419184e-17,4.0,12.752999999985478,-3.0370382166508558e-05,7.99629010193885e-15,1.608486817960298,0.2944355555555552,0.29443547564502426,0.0,-0.00039441724440095525,-0.054041809052485255,0.054041809052485255,6.4483437165489925e-21,-0.054041809052485575,0.054041809052485575,2.7484362282516325e-21,0.0,0.0,2.7484362282516325e-21,1.0,1.0,0.0,1.0,1.0,0.0,1.0,1.0,0.0,-0.0036399999999981846,0.003639999999998185,-1.755905996317907e-19,-2.0268333169456185e-14,-2.0267688610039985e-14,-1.021134684330327e-15,1.6842698174212556e-13,-1.684310539731224e-13,6.195529818349238e-20,-80.88888888888889,80.88888888888864,1.634661707236903e-17,0.6755226131561036,-0.6755226131561036,-6.667512426814768e-20
0.5400000000000004,1.410298036866447e-06,1.4102980368664664e-06,0.11997245063326897,0.9999999999654591,-5.877150031607701e-06,5.877150031607614e-06,7.609051058757601e-21,-34.70132157903329,34.701321579033184,2.692123488452335e-18,-6.929948053535478e-15,-6.929793363567833e-15,-1.600629297447656e-16,1.107028442132314e-15,-1.1083491062386058e-15,4.339821589418938e-20,-80.88888888888887,80.88888888888863,1.6908585801759147e-17,4.0,12.753000000016215,-3.0370382166453047e-05,9.612365068772461e-15,1.6084868179602985,0.294435555555555,0.29443547564502426,0.0,-0.00039441724440097145,-0.05404180905248823,0.05404180905248823,6.592455713314577e-21,-0.05404180905248999,0.05404180905248999,5.4519640373594034e-21,0.0,0.0,5.4519640373594034e-21,1.0,1.0,0.0,1.0,1.0,0.0,1.0,1.0,0.0,-0.003639999999999988,0.0036399999999999866,-2.880820424678129e-20,-9.018693796320268e-15,-9.018497401933482e-15,-1.8717124464379406e-16,1.1070284426425208e-15,-1.1083491057283988e-15,4.3413739370381054e-20,-80.88888888888887,80.88888888888863,1.6951984017653335e-17,0.6755226131561032,-0.6755226131561032,-7.26410978402396e-20
0.5500000000000004,1.4102980367746105e-06,1.4102980367746334e-06,0.11997245063326897,0.9999999999654591,-5.877150031065593e-06,5.877150031065493e-06,8.793461490029264e-21,-35.510210467922185,35.51021046792208,2.8645718514710235e-18,-6.747834231171361e-15,-6.74749935256578e-15,-1.7352490138972349e-15,5.515382399809543e-14,-5.515664708928974e-14,8.367836224682831e-20,-80.88888888888894,80.8888888888887,1.8049513097498836e-17,4.0,12.752999999977602,-3.037038216618937e-05,1.8367250086975734e-16,1.6084868179602985,0.294435555555555,0.29443547564502426,0.0,-0.00039441724440109836,-0.054041809052487184,0.054041809052487184,8.172508450558928e-21,-0.054041809052485255,0.054041809052485255,6.4483437165489925e-21,0.0,0.0,6.4483437165489925e-21,1.0,1.0,0.0,1.0,1.0,0.0,1.0,1.0,0.0,-0.003639999999999405,0.003639999999999404,-1.9770392968119108e-20,-9.215885085481495e-15,-9.215460676484384e-15,-1.3758564904878664e-15,5.51538239990792e-14,-5.5156647088305954e-14,8.371154569627757e-20,-80.88888888888889,80.88888888888864,1.8133191459745665e-17,0.6755226131561022,-0.6755226131561022,-8.332872412645024e-20
0.5600000000000004,1.4102980367441698e-06,1.410298036744194e-06,0.11997245063326897,0.9999999999654591,-5.877150031264762e-06,5.877150031264651e-06,8.345132639766132e-21,-36.31909935681108,36.31909935681097,3.0538210246198393e-18,-4.028663273879942e-15,-4.0286605741689636e-15,-1.6242720276402296e-15,3.020201609563097e-14,-3.020247033643351e-14,2.779347567860384e-19,-80.88888888888893,80.88888888888869,1.9184227497433106e-17,4.0,12.753000000026947,-3.0370382166286514e-05,5.725462978767446e-16,1.6084868179602985,0.29443555555555534,0.29443547564502426,0.0,-0.00039441724440120515,-0.05404180905248765,0.05404180905248765,1.225924826386568e-20,-0.05404180905248823,0.05404180905248823,6.592455713314577e-21,0.0,0.0,6.592455713314577e-21,1.0,1.0,0.0,1.0,1.0,0.0,1.0,1.0,0.0,-0.003639999999999676,0.003639999999999674,-1.888030327838058e-20,-5.481244206595041e-15,-5.481237433579955e-15,-1.6368134419801876e-15,3.020201609889793e-14,-3.020247033316655e-14,2.779400960303381e-19,-80.8888888888889,80.88888888888866,1.9462162254219145e-17,0.6755226131561024,-0.6755226131561024,-9.070528302146237e-20
0.5700000000000004,1.4102980366942292e-06,1.4102980366942527e-06,0.11997245063326897,0.9999999999654591,-5.877150030879686e-06,5.877150030879576e-06,1.021438540855091e-20,-37.127988245699974,37.12798824569987,3.2521936801563014e-18,-2.3892382761941773e-15,-2.389262125448919e-15,-7.889996097610481e-16,-2.8146942431003704e-14,2.8146710312760517e-14,-2.5658753242436363e-19,-80.88888888888887,80.88888888888863,2.1415886119453932e-17,4.0,12.752999999969965,-3.0370382166106102e-05,8.15509270572115e-15,1.6084868179602985,0.29443555555555523,0.29443547564502426,0.0,-0.00039441724440139874,-0.05404180905248865,0.05404180905248865,2.8263032168789966e-21,-0.054041809052487184,0.054041809052487184,8.172508450558928e-21,0.0,0.0,8.172508450558928e-21,1.0,1.0,0.0,1.0,1.0,0.0,1.0,1.0,0.0,-0.0036400000000003045,0.0036400000000003023,3.358971685914076e-20,-2.8806127667173135e-15,-2.880639685050426e-15,-1.4785275278208763e-15,-2.8146942434019693e-14,2.8146710309744525e-14,-2.565848040014386e-19,-80.8888888888889,80.88888888888866,2.115929858702957e-17,0.6755226131561017,-0.6755226131561017,-9.306098500646927e-20
0.5800000000000004,1.410298036676704e-06,1.4102980366767284e-06,0.11997245063326897,0.9999999999654591,-5.8771500309858045e-06,5.877150030985689e-06,9.49151659127007e-21,-37.93687713458887,37.93687713458876,3.473435074144734e-18,-3.4745639993181405e-15,-3.474227700971906e-15,-2.973764503278001e-15,1.0173174282873736e-13,-1.0173397382090356e-13,7.087311164757012e-19,-80.88888888888901,80.88888888888877,2.1945952275054938e-17,4.0,12.752999999997193,-3.0370382166147736e-05,1.2349321968128427e-14,1.6084868179602985,0.29443555555555534,0.29443547564502426,0.0,-0.00039441724440155156,-0.054041809052486324,0.054041809052486324,2.0389083047972514e-20,-0.05404180905248765,0.05404180905248765,1.225924826386568e-20,0.0,0.0,1.225924826386568e-20,1.0,1.0,0.0,1.0,1.0,0.0,1.0,1.0,0.0,-0.0036399999999989063,0.0036399999999989045,-8.450939718169453e-19,-5.3275080589617344e-15,-5.3381889705850866e-15,-2.2386144079277195e-15,1.0173174283706815e-13,-1.0173397381257277e-13,7.087573401291602e-19,-80.88888888888891,80.88888888888867,2.265468339153064e-17,0.675522613156102,-0.675522613156102,-9.539903689262366e-20
0.5900000000000004,1.4102980366539282e-06,1.4102980366539553e-06,0.11997245063326897,0.9999999999654591,-5.877150030998298e-06,5.877150030998174e-06,1.0393264783118055e-20,-38.74576602347776,38.74576602347766,3.705939244839286e-18,-1.0806621121806688e-15,-1.0804228663288088e-15,2.3113816293893156e-16,-1.0672914036659105e-13,1.0672761431302697e-13,-3.4805392044547877e-19,-80.8888888888888,80.88888888888856,2.4554881863855447e-17,4.0,12.752999999967521,-3.0370382166161614e-05,1.96386578818157e-14,1.6084868179602985,0.29443555555555534,0.29443547564502426,0.0,-0.0003944172444017304,-0.05404180905249008,0.05404180905249008,1.9896161538690868e-21,-0.05404180905248865,0.05404180905248865,2.8263032168789966e-21,0.0,0.0,2.8263032168789966e-21,1.0,1.0,0.0,1.0,1.0,0.0,1.0,1.0,0.0,-0.0036400000000011506,0.0036400000000011536,-3.7987708673342897e-19,-5.540059486436743e-16,-5.592577985721287e-16,-1.3944492846134902e-15,-1.0672914037068207e-13,1.0672761430893592e-13,-3.480359827059146e-19,-80.88888888888891,80.88888888888867,2.4206827943409967e-17,0.675522613156102,-0.675522613156102,-1.0318233402359631e-19
0.6000000000000004,1.4102980366270197e-06,1.4102980366270487e-06,0.11997245063326897,0.9999999999654591,-5.877150031063413e-06,5.877150031063281e-06,9.590292699415449e-21,-39.55465491236666,39.55465491236655,3.954338204493065e-18,-4.754987601030871e-15,-4.7548374264598126e-15,-2.8936097396038283e-15,1.0920571962563047e-13,-1.092073118740976e-13,2.0209559491154515e-19,-80.888888888889,80.88888888888876,2.503112032805533e-17,4.0,12.752999999991298,-3.037038216618937e-05,1.1806588976119706e-14,1.6084868179602985,0.2944355555555551,0.29443547564502426,0.0,-0.0003944172444018932,-0.05404180905248621,0.05404180905248621,1.218900756541521e-20,-0.054041809052486324,0.054041809052486324,2.0389083047972514e-20,0.0,0.0,2.0389083047972514e-20,1.0,1.0,0.0,1.0,1.0,0.0,1.0,1.0,0.0,-0.0036399999999988226,0.003639999999998822,-9.81892572487483e-19,-7.045926993443493e-15,-7.0568363011906755e-15,-2.01721599936932e-15,1.0920571962800606e-13,-1.0920731187172198e-13,2.0211431064990717e-19,-80.88888888888889,80.88888888888864,2.5233215922966877e-17,0.6755226131561022,-0.6755226131561022,-1.0689108571259246e-19
0.6100000000000004,1.410298036593881e-06,1.4102980365939125e-06,0.11997245063326897,0.9999999999654591,-5.8771500311068176e-06,5.877150031106677e-06,1.0017389615121364e-20,-40.36354380125555,40.363543801255446,4.220673156271412e-18,-2.7100364031232573e-15,-2.7097487524142805e-15,-1.2339938870549719e-15,-6.183387065579027e-15,6.181552815075262e-15,1.2830619553398846e-19,-80.88888888888889,80.88888888888864,2.787943093384504e-17,4.0,12.75300000001892,-3.0370382166217125e-05,4.881468118145974e-15,1.6084868179602985,0.2944355555555552,0.29443547564502426,0.0,-0.00039441724440205295,-0.054041809052488295,0.054041809052488295,1.1392055081282768e-20,-0.05404180905249008,0.05404180905249008,1.9896161538690868e-21,0.0,0.0,1.9896161538690868e-21,1.0,1.0,0.0,1.0,1.0,0.0,1.0,1.0,0.0,-0.003640000000000067,0.003640000000000067,-4.922827002033632e-20,-3.469045357251013e-15,-3.4686853836436073e-15,-1.7182169214933538e-15,-6.1833870640707505e-15,6.181552816583538e-15,1.2832775584706925e-19,-80.88888888888889,80.88888888888864,2.800773712937903e-17,0.6755226131561023,-0.6755226131561023,-1.135317945208872e-19
0.6200000000000004,1.4102980365666965e-06,1.4102980365667304e-06,0.11997245063326897,0.9999999999654591,-5.877150030775289e-06,5.877150030775141e-06,1.127339873485138e-20,-41.17243269014445,41.17243269014434,4.507014661499515e-18,-1.8000839301342783e-15,-1.799996602507332e-15,-1.0455176667598914e-15,-1.8651258218083486e-14,1.8650462545606618e-14,1.130308848772425e-19,-80.88888888888886,80.88888888888862,2.9305980043524733e-17,4.0,12.752999999968608,-3.037038216605059e-05,5.710471200493762e-15,1.6084868179602985,0.29443555555555506,0.29443547564502426,0.0,-0.0003944172444022522,-0.054041809052488475,0.05404180905248846,1.1719896288818342e-20,-0.05404180905248621,0.05404180905248621,1.218900756541521e-20,0.0,0.0,1.218900756541521e-20,1.0,1.0,0.0,1.0,1.0,0.0,1.0,1.0,0.0,-0.003640000000000199,0.0036400000000002012,-3.988123104121022e-19,-2.182983278318136e-15,-2.188423327935744e-15,-1.660775532408402e-15,-1.8651258216754833e-14,1.865046254693527e-14,1.130402374346637e-19,-80.88888888888887,80.88888888888863,2.9419010928401973e-17,0.6755226131561017,-0.6755226131561016,-1.2106675451284972e-19
0.6300000000000004,1.4102980365584689e-06,1.4102980365585036e-06,0.11997245063326897,0.9999999999654591,-5.877150030798143e-06,5.8771500307979885e-06,1.172679288570343e-20,-41.98132157903334,41.981321579033235,4.81076492720793e-18,-2.3182182706568383e-17,-2.296359115455695e-17,-3.2099645085299867e-15,8.307225028426005e-14,-8.30739538398593e-14,1.6735405125205026e-19,-80.88888888888899,80.88888888888874,3.1623533579491e-17,4.0,12.753000000032925,-3.037038216606447e-05,1.4063890341202417e-14,1.6084868179602985,0.2944355555555552,0.29443547564502426,0.0,-0.0003944172444024518,-0.05404180905248665,0.05404180905248665,1.3102161109496844e-20,-0.054041809052488295,0.054041809052488295,1.1392055081282768e-20,0.0,0.0,1.1392055081282768e-20,1.0,1.0,0.0,1.0,1.0,0.0,1.0,1.0,0.0,-0.0036399999999991053,0.003639999999999103,-5.00907511258828e-19,-6.924023986712087e-16,-6.976776658955836e-16,-2.8426070606566896e-15,8.307225028622729e-14,-8.307395383789205e-14,1.6737407533263812e-19,-80.8888888888889,80.88888888888866,3.1790887630743053e-17,0.6755226131561017,-0.6755226131561017,-1.2612235233699925e-19
0.6400000000000005,1.410298036566932e-06,1.4102980365669703e-06,0.11997245063326895,0.9999999999654591,-5.87715003057931e-06,5.8771500305791414e-06,1.2243998306376717e-20,-42.790210467922236,42.79021046792213,5.141849376554289e-18,1.786537750526479e-15,1.7870203863971854e-15,5.351035328350239e-16,-9.232339424756289e-14,9.231956544089817e-14,-4.2563444593874956e-20,-80.88888888888881,80.88888888888857,3.4734678482403634e-17,4.0,12.75300000000327,-3.0370382165981202e-05,1.3138973180635055e-14,1.6084868179602982,0.29443555555555523,0.29443547564502426,0.0,-0.0003944172444026796,-0.05404180905248975,0.05404180905248975,1.0146750596332379e-20,-0.054041809052488475,0.05404180905248846,1.1719896288818342e-20,0.0,0.0,1.1719896288818342e-20,1.0,1.0,0.0,1.0,1.0,0.0,1.0,1.0,0.0,-0.003640000000000995,0.003640000000000995,-3.927320217044752e-19,3.0655799411706866e-15,3.0606385521333554e-15,-7.936311423298119e-16,-9.232339424806293e-14,9.231956544039814e-14,-4.25184396456135e-20,-80.8888888888889,80.88888888888866,3.469211503780976e-17,0.6755226131561012,-0.6755226131561012,-1.3641115748777659e-19
0.6500000000000005,1.4102980365918786e-06,1.4102980365919186e-06,0.11997245063326895,0.9999999999654591,-5.87715003056704e-06,5.877150030566864e-06,1.2037810694947206e-20,-43.59909935681113,43.599099356811024,5.504276820981429e-18,3.202795246017846e-15,3.20267191432192e-15,-2.1893280236919664e-15,9.723151775524736e-14,-9.723079711080341e-14,-3.9929867116470725e-20,-80.88888888888903,80.88888888888879,3.7750810403024204e-17,4.0,12.753000000029859,-3.0370382165981202e-05,2.1028323705354648e-14,1.6084868179602982,0.29443555555555545,0.29443547564502426,0.0,-0.00039441724440278126,-0.054041809052486345,0.054041809052486345,1.0545288135772456e-20,-0.05404180905248665,0.05404180905248665,1.3102161109496844e-20,0.0,0.0,1.3102161109496844e-20,1.0,1.0,0.0,1.0,1.0,0.0,1.0,1.0,0.0,-0.0036399999999989544,0.003639999999998954,-2.0921113020115128e-21,3.393032923856953e-15,3.392879042451558e-15,-1.2980195152888109e-15,9.723151775477795e-14,-9.723079711127281e-14,-3.993833778195079e-20,-80.88888888888893,80.88888888888869,3.7710880535907734e-17,0.6755226131561012,-0.6755226131561012,-1.4080032179836162e-19
0.6600000000000005,1.410298036620282e-06,1.410298036620324e-06,0.11997245063326895,0.9999999999654591,-5.877150030589449e-06,5.877150030589266e-06,1.1935448273752282e-20,-44.407988245700025,44.40798824569992,5.896180751203197e-18,2.7795475700989646e-15,2.7799129285168213e-15,1.8621642692811378e-16,-6.009543147169045e-14,6.009293258824891e-14,8.362927166420214e-20,-80.88888888888887,80.88888888888863,4.0490896134915984e-17,4.0,12.753000000010443,-3.037038216599508e-05,6.266137869641237e-15,1.6084868179602982,0.2944355555555554,0.29443547564502426,0.0,-0.0003944172444028669,-0.05404180905248919,0.054041809052489176,1.3159381191224397e-20,-0.05404180905248975,0.05404180905248975,1.0146750596332379e-20,0.0,0.0,1.0146750596332379e-20,1.0,1.0,0.0,1.0,1.0,0.0,1.0,1.0,0.0,-0.0036400000000006497,0.0036400000000006492,-2.7072571620634675e-19,4.099301861988133e-15,4.09420896990562e-15,-7.222094577818405e-16,-6.009543147070727e-14,6.00929325892321e-14,8.365864427841443e-20,-80.88888888888893,80.88888888888869,4.0574525406580184e-17,0.6755226131561013,-0.6755226131561012,-1.4567567876585948e-19
0.6700000000000005,1.4102980366559683e-06,1.4102980366560098e-06,0.11997245063326895,0.9999999999654591,-5.87715003043882e-06,5.8771500304386415e-06,1.3480387014316e-20,-45.21687713458892,45.21687713458881,6.312123747956784e-18,3.996684673028847e-15,3.996364118403478e-15,-2.179221174960013e-15,7.845516509845117e-14,-7.845267478681737e-14,4.039300940227079e-19,-80.88888888888903,80.88888888888879,4.280122269865963e-17,4.0,12.752999999992182,-3.037038216592569e-05,1.8964638902678987e-14,1.6084868179602982,0.2944355555555555,0.29443547564502426,0.0,-0.0003944172444029914,-0.05404180905248665,0.05404180905248665,1.8897993665134933e-20,-0.054041809052486345,0.054041809052486345,1.0545288135772456e-20,0.0,0.0,1.0545288135772456e-20,1.0,1.0,0.0,1.0,1.0,0.0,1.0,1.0,0.0,-0.0036399999999991556,0.003639999999999158,3.705798021504905e-19,4.568087830579402e-15,4.5732343952761435e-15,-1.592216844868121e-15,7.845516510319892e-14,-7.845267478206963e-14,4.0390082209673964e-19,-80.88888888888894,80.8888888888887,4.320515279268234e-17,0.6755226131561008,-0.6755226131561008,-1.4534064965907741e-19
0.6800000000000005,1.410298036687369e-06,1.4102980366874136e-06,0.11997245063326895,0.9999999999654591,-5.8771500306171216e-06,5.87715003061693e-06,1.4157993115040767e-20,-46.025766023477814,46.02576602347771,6.754569341438971e-18,3.4368097465426127e-15,3.43696014967886e-15,-4.525731252746133e-16,-2.557412726466589e-14,2.5572896234697142e-14,1.993805124355767e-19,-80.88888888888893,80.88888888888869,4.535698291191494e-17,4.0,12.753000000018147,-3.0370382166008958e-05,5.210696428466535e-16,1.6084868179602982,0.2944355555555558,0.29443547564502426,0.0,-0.0003944172444030712,-0.054041809052488565,0.054041809052488565,1.6010306627101488e-20,-0.05404180905248919,0.054041809052489176,1.3159381191224397e-20,0.0,0.0,1.3159381191224397e-20,1.0,1.0,0.0,1.0,1.0,0.0,1.0,1.0,0.0,-0.0036400000000002793,0.0036400000000002797,-9.217218949968811e-19,4.6784728493604475e-15,4.6675607338803945e-15,-9.974356084630866e-16,-2.5574127262322227e-14,2.5572896237040807e-14,1.9939498230365632e-19,-80.88888888888896,80.88888888888872,4.555636342435052e-17,0.6755226131561013,-0.6755226131561013,-1.5526821754076385e-19
0.6900000000000005,1.4102980367294071e-06,1.410298036729449e-06,0.11997245063326895,0.9999999999654591,-5.8771500304018405e-06,5.877150030401662e-06,1.61833417926181e-20,-46.83465491236671,46.8346549123666,7.218671920109585e-18,3.7295356700525865e-15,3.7295746593375055e-15,-1.1054472938655888e-15,1.1675659499732159e-14,-1.16756799695868e-14,2.6449156222128004e-19,-80.88888888888899,80.88888888888874,4.8172049269251405e-17,4.0,12.752999999977703,-3.0370382165897936e-05,7.255631793748916e-15,1.6084868179602982,0.29443555555555573,0.29443547564502426,0.0,-0.000394417244403228,-0.05404180905248786,0.05404180905248785,1.6838427970284007e-20,-0.05404180905248665,0.05404180905248665,1.8897993665134933e-20,0.0,0.0,1.8897993665134933e-20,1.0,1.0,0.0,1.0,1.0,0.0,1.0,1.0,0.0,-0.0036399999999998773,0.003639999999999878,3.786414900078518e-19,4.753963215876772e-15,4.759561279323703e-15,-1.2492965181616948e-15,1.1675659502841074e-14,-1.1675679966477885e-14,2.6449180279355475e-19,-80.88888888888897,80.88888888888873,4.8436540831472686e-17,0.6755226131561008,-0.6755226131561007,-1.509697481287621e-19
0.7000000000000005,1.4102980367595492e-06,1.4102980367595956e-06,0.11997245063326895,0.9999999999654591,-5.877150030628091e-06,5.877150030627893e-06,1.658250880738387e-20,-47.6435438012556,47.6435438012555,7.721714620210873e-18,3.762070885385831e-15,3.761966659453757e-15,-9.954548264465038e-16,1.0984455301501767e-14,-1.0983568674408428e-14,3.552787381090652e-19,-80.88888888888897,80.88888888888873,5.1852653818723464e-17,4.0,12.753000000021528,-3.0370382166008958e-05,7.184192935145984e-15,1.6084868179602982,0.2944355555555556,0.29443547564502426,0.0,-0.0003944172444032906,-0.05404180905248791,0.05404180905248791,1.9495462008114798e-20,-0.054041809052488565,0.054041809052488565,1.6010306627101488e-20,0.0,0.0,1.6010306627101488e-20,1.0,1.0,0.0,1.0,1.0,0.0,1.0,1.0,0.0,-0.0036399999999998838,0.0036399999999998838,-3.8283343497834154e-19,4.8096443574940695e-15,4.803961336433549e-15,-1.1172027038336928e-15,1.0984455305677759e-14,-1.0983568670232435e-14,3.552683163790857e-19,-80.88888888888896,80.88888888888872,5.2207932556832527e-17,0.6755226131561013,-0.6755226131561013,-1.637555590268953e-19
0.7100000000000005,1.410298036800839e-06,1.4102980368008812e-06,0.11997245063326895,0.9999999999654591,-5.877150030428022e-06,5.8771500304278436e-06,1.887254559438161e-20,-48.4524326901445,48.45243269014439,8.25821575694863e-18,2.9255730639996997e-15,2.925814242195182e-15,1.315718433281604e-16,-4.946356003012113e-14,4.946121813741326e-14,-4.3068836195448817e-20,-80.8888888888889,80.88888888888866,5.626905954562722e-17,4.0,12.75299999996752,-3.0370382165911813e-05,4.2556252541419364e-15,1.6084868179602982,0.2944355555555555,0.29443547564502426,0.0,-0.0003944172444034273,-0.054041809052488954,0.054041809052488954,1.1695169738068512e-20,-0.05404180905248786,0.05404180905248785,1.6838427970284007e-20,0.0,0.0,1.6838427970284007e-20,1.0,1.0,0.0,1.0,1.0,0.0,1.0,1.0,0.0,-0.0036400000000005356,0.0036400000000005347,-4.486398022071613e-19,4.206132975987113e-15,4.2008900324596765e-15,-6.379875070319668e-16,-4.946356003062721e-14,4.946121813690717e-14,-4.3041308879918294e-20,-80.88888888888894,80.8888888888887,5.622599070943177e-17,0.6755226131561008,-0.6755226131561008,-1.5588010986983237e-19
0.7200000000000005,1.410298036832215e-06,1.4102980368322596e-06,0.11997245063326895,0.9999999999654591,-5.877150030605605e-06,5.877150030605416e-06,1.9922219191173477e-20,-49.26132157903339,49.261321579033286,8.838178436379342e-18,4.249823225637103e-15,4.249606252246534e-15,-1.6038115330240512e-15,4.530625525729181e-14,-4.53033415445599e-14,8.95058764351457e-19,-80.88888888888897,80.88888888888873,5.919058550269979e-17,4.0,12.753000000026583,-3.037038216599508e-05,1.369775279815631e-14,1.6084868179602982,0.29443555555555534,0.29443547564502426,0.0,-0.0003944172444034972,-0.05404180905248729,0.05404180905248729,2.92438301547099e-20,-0.05404180905248791,0.05404180905248791,1.9495462008114798e-20,0.0,0.0,1.9495462008114798e-20,1.0,1.0,0.0,1.0,1.0,0.0,1.0,1.0,0.0,-0.0036399999999995125,0.0036399999999995125,-2.070288074411402e-19,5.1648012643855e-15,5.164517684613863e-15,-1.3645038770422864e-15,4.53062552678124e-14,-4.5303341534039305e-14,8.950245155740678e-19,-80.88888888888893,80.88888888888869,6.008564426705124e-17,0.6755226131561013,-0.6755226131561013,-1.6415965495479592e-19
0.7300000000000005,1.4102980368699386e-06,1.4102980368699824e-06,0.11997245063326895,0.9999999999654591,-5.877150030514156e-06,5.877150030513974e-06,2.2676422127489754e-20,-50.07021046792229,50.07021046792218,9.455250931783979e-18,2.108692173017509e-15,2.109248088507291e-15,7.481778752361839e-16,-9.142014530714685e-14,9.141477148957714e-14,-5.572427260509739e-19,-80.88888888888883,80.88888888888859,6.520548139799044e-17,4.0,12.753000000002551,-3.0370382165953447e-05,1.2529924492252536e-14,1.6084868179602982,0.29443555555555534,0.29443547564502426,0.0,-0.0003944172444036171,-0.054041809052489724,0.054041809052489724,3.145234139468746e-21,-0.054041809052488954,0.054041809052488954,1.1695169738068512e-20,0.0,0.0,1.1695169738068512e-20,1.0,1.0,0.0,1.0,1.0,0.0,1.0,1.0,0.0,-0.003640000000000987,0.003640000000000985,4.506417079656004e-19,3.472682488109687e-15,3.47894383558006e-15,-5.037380444390485e-16,-9.142014531369647e-14,9.141477148302751e-14,-5.571795605098311e-19,-80.88888888888891,80.88888888888867,6.464823867193947e-17,0.675522613156101,-0.675522613156101,-1.6469504010482846e-19
0.7400000000000005,1.4102980369037515e-06,1.410298036903796e-06,0.11997245063326895,0.9999999999654591,-5.877150030544411e-06,5.877150030544227e-06,2.3994672269528077e-20,-50.87909935681118,50.879099356811075,1.0118563966805989e-17,4.653888195922932e-15,4.653534586522e-15,-2.2696352254642253e-15,7.931830002803286e-14,-7.931323742679277e-14,1.0845409538194581e-18,-80.88888888888897,80.88888888888873,6.74571256064114e-17,4.0,12.753000000032012,-3.0370382165967325e-05,2.0040313010175785e-14,1.6084868179602982,0.29443555555555523,0.29443547564502426,0.0,-0.0003944172444037236,-0.054041809052486664,0.054041809052486664,3.3067057034795496e-20,-0.05404180905248729,0.05404180905248729,2.92438301547099e-20,0.0,0.0,2.92438301547099e-20,1.0,1.0,0.0,1.0,1.0,0.0,1.0,1.0,0.0,-0.0036399999999991465,0.003639999999999145,-2.0774418050023637e-19,5.422012225292487e-15,5.415996233041222e-15,-1.6861210232127608e-15,7.931830004078052e-14,-7.93132374140451e-14,1.0844814463355796e-18,-80.88888888888889,80.88888888888864,6.854166656023085e-17,0.6755226131561012,-0.6755226131561012,-1.6931649832556562e-19
0.7500000000000006,1.4102980369428673e-06,1.4102980369429117e-06,0.11997245063326895,0.9999999999654591,-5.877150030522821e-06,5.87715003052264e-06,2.5896537456565528e-20,-51.687988245700076,51.68798824569997,1.0828387824166234e-17,2.8474516012442915e-15,2.8479346767377585e-15,8.444769978722519e-16,-9.349290789840285e-14,9.348765966525618e-14,-5.338881140012702e-19,-80.8888888888888,80.88888888888856,7.472794528199351e-17,4.0,12.753000000008846,-3.0370382165953447e-05,1.1836946283587944e-14,1.6084868179602982,0.2944355555555551,0.29443547564502426,0.0,-0.0003944172444038321,-0.054041809052489766,0.054041809052489766,4.017929433678379e-21,-0.054041809052489724,0.054041809052489724,3.145234139468746e-21,0.0,0.0,3.145234139468746e-21,1.0,1.0,0.0,1.0,1.0,0.0,1.0,1.0,0.0,-0.003640000000001008,0.003640000000001006,-9.146557765519864e-19,4.4534924182533185e-15,4.443011922496342e-15,-3.9225828425003255e-16,-9.349290790467797e-14,9.348765965898107e-14,-5.338264246203458e-19,-80.8888888888889,80.88888888888866,7.419405716799225e-17,0.675522613156101,-0.675522613156101,-1.703489435712655e-19
0.7600000000000006,1.4102980369806426e-06,1.4102980369806877e-06,0.11997245063326895,0.9999999999654591,-5.8771500304997906e-06,5.8771500304996135e-06,2.7412584158816736e-20,-52.49687713458897,52.496877134588864,1.158042220977673e-17,3.0796218887011648e-15,3.079647321844783e-15,-8.269158804505747e-16,3.414346470291268e-15,-3.4140959944387786e-15,2.8832530017761634e-19,-80.88888888888889,80.88888888888864,7.700874591516508e-17,4.0,12.75299999998085,-3.0370382165953447e-05,4.9346560023789666e-15,1.6084868179602982,0.29443555555555506,0.29443547564502426,0.0,-0.000394417244403951,-0.05404180905248802,0.05404180905248802,1.8786778637811452e-20,-0.054041809052486664,0.054041809052486664,3.3067057034795496e-20,0.0,0.0,3.3067057034795496e-20,1.0,1.0,0.0,1.0,1.0,0.0,1.0,1.0,0.0,-0.0036399999999999627,0.0036399999999999623,-5.108076807906119e-19,3.979096301411413e-15,3.973573700038289e-15,-1.0095268986034026e-15,3.4143464736803124e-15,-3.4140959910497336e-15,2.8832235596945336e-19,-80.88888888888889,80.88888888888864,7.72970712153427e-17,0.675522613156101,-0.675522613156101,-1.6996154043267948e-19
0.7700000000000006,1.4102980369956427e-06,1.4102980369956912e-06,0.11997245063326895,0.9999999999654591,-5.877150030777691e-06,5.877150030777497e-06,2.6164668259158168e-20,-53.305766023477865,53.30576602347776,1.2380776091010785e-17,2.1173885733359655e-15,2.117443661213272e-15,-9.953956296788663e-16,1.4939825641217756e-14,-1.493908669044278e-14,3.126813680207675e-19,-80.88888888888891,80.88888888888867,8.221135397379954e-17,4.0,12.753000000032525,-3.0370382166078347e-05,5.529550410467687e-15,1.6084868179602982,0.2944355555555552,0.29443547564502426,0.0,-0.0003944172444039813,-0.05404180905248787,0.05404180905248786,2.0003260422143363e-20,-0.054041809052489766,0.054041809052489766,4.017929433678379e-21,0.0,0.0,4.017929433678379e-21,1.0,1.0,0.0,1.0,1.0,0.0,1.0,1.0,0.0,-0.0036399999999998395,0.003639999999999838,-2.2742346694088587e-20,2.6267462764332796e-15,2.6268064672062744e-15,-1.0560745771392641e-15,1.4939825644893055e-14,-1.493908668676748e-14,3.1267268212843263e-19,-80.8888888888889,80.88888888888866,8.25240353418203e-17,0.6755226131561017,-0.6755226131561016,-1.7968744747211934e-19
0.7800000000000006,1.4102980370050325e-06,1.4102980370050837e-06,0.11997245063326895,0.9999999999654591,-5.877150030759874e-06,5.87715003075967e-06,2.731519470394544e-20,-54.11465491236676,54.11465491236665,1.3215598361452377e-17,-1.4274854873647822e-15,-1.426716354113471e-15,1.3198312424993156e-15,-6.851208148465139e-14,6.850250438762813e-14,-3.472406778122381e-19,-80.88888888888884,80.8888888888886,8.457017229030363e-17,4.0,12.752999999966317,-3.0370382166078347e-05,1.364310072584233e-14,1.6084868179602982,0.29443555555555534,0.29443547564502426,0.0,-0.0003944172444040402,-0.05404180905248936,0.05404180905248936,8.785562894720185e-21,-0.05404180905248802,0.05404180905248802,1.8786778637811452e-20,0.0,0.0,1.8786778637811452e-20,1.0,1.0,0.0,1.0,1.0,0.0,1.0,1.0,0.0,-0.003640000000000739,0.00364000000000074,3.0866702018788466e-21,-1.3092980308559099e-15,-1.308298456911671e-15,6.246853293190647e-16,-6.851208148873229e-14,6.850250438354722e-14,-3.4712810569216414e-19,-80.88888888888891,80.88888888888867,8.422293161249139e-17,0.6755226131561016,-0.6755226131561016,-1.8794868869175586e-19
0.7900000000000006,1.4102980369882892e-06,1.410298036988346e-06,0.11997245063326895,0.9999999999654591,-5.877150030938651e-06,5.8771500309384156e-06,2.657591319187125e-20,-54.923543801255654,54.92354380125555,1.4067608002003688e-17,-2.9196086746147125e-16,-2.921923726941229e-16,-1.9014812265015672e-15,7.68274425832538e-14,-7.682212961941295e-14,6.475896280849186e-19,-80.88888888888899,80.88888888888874,8.55627522334435e-17,4.0,12.752999999996685,-3.0370382166161614e-05,1.2623196494266748e-14,1.6084868179602982,0.2944355555555551,0.29443547564502426,0.0,-0.0003944172444040127,-0.05404180905248677,0.05404180905248677,2.832928856804609e-20,-0.05404180905248787,0.05404180905248786,2.0003260422143363e-20,0.0,0.0,2.0003260422143363e-20,1.0,1.0,0.0,1.0,1.0,0.0,1.0,1.0,0.0,-0.003639999999999173,0.0036399999999991704,-3.48253733779747e-19,-9.982296065857342e-16,-1.0041010051749635e-15,-1.2367431718449454e-15,7.682744259086539e-14,-7.682212961180135e-14,6.475271778242803e-19,-80.88888888888891,80.88888888888867,8.621034186152841e-17,0.6755226131561018,-0.6755226131561018,-2.0840844078146948e-19
0.8000000000000006,1.4102980369659186e-06,1.4102980369659785e-06,0.11997245063326895,0.9999999999654591,-5.877150030955889e-06,5.8771500309556374e-06,2.5450825578578434e-20,-55.73243269014455,55.73243269014444,1.4944982797728245e-17,-4.1821583105575026e-15,-4.181288050851482e-15,2.273852753314496e-15,-8.372279262805664e-14,8.371057788475344e-14,-1.0976652362109688e-18,-80.88888888888884,80.8888888888886,8.991220691146815e-17,4.0,12.752999999954303,-3.0370382166161614e-05,2.0119597667820127e-14,1.6084868179602982,0.29443555555555534,0.29443547564502426,0.0,-0.00039441724440399426,-0.054041809052489655,0.054041809052489655,-2.4164614224291304e-21,-0.05404180905248936,0.05404180905248936,8.785562894720185e-21,0.0,0.0,8.785562894720185e-21,1.0,1.0,0.0,1.0,1.0,0.0,1.0,1.0,0.0,-0.0036400000000009042,0.003640000000000902,3.320988499588865e-20,-4.76524668700854e-15,-4.764104862508398e-15,1.613043864449202e-15,-8.372279264095808e-14,8.371057787185201e-14,-1.0975216603013934e-18,-80.88888888888893,80.88888888888869,8.881454167525718e-17,0.6755226131561018,-0.6755226131561018,-2.1676891036710384e-19
0.8100000000000006,1.4102980369391384e-06,1.4102980369392024e-06,0.11997245063326895,0.9999999999654591,-5.877150030937583e-06,5.877150030937311e-06,2.4389023262173632e-20,-56.54132157903344,56.54132157903334,1.5845983027728224e-17,-1.9708206208556863e-15,-1.970773220536418e-15,-1.1759662717602115e-15,5.160057216002888e-14,-5.159937073141442e-14,2.052613480045278e-19,-80.88888888888899,80.88888888888874,9.093799278818414e-17,4.0,12.752999999990339,-3.0370382166161614e-05,5.968775545209002e-15,1.6084868179602982,0.29443555555555534,0.29443547564502426,0.0,-0.0003944172444039812,-0.05404180905248722,0.05404180905248722,2.1998385014755265e-20,-0.05404180905248677,0.05404180905248677,2.832928856804609e-20,0.0,0.0,2.832928856804609e-20,1.0,1.0,0.0,1.0,1.0,0.0,1.0,1.0,0.0,-0.0036399999999994458,0.003639999999999444,-4.062794165884783e-19,-2.9665126858803972e-15,-2.9720166134000342e-15,-7.16237221786391e-16,5.16005721624415e-14,-5.15993707290018e-14,2.0524722602375944e-19,-80.88888888888893,80.88888888888869,9.114325413618866e-17,0.6755226131561018,-0.6755226131561018,-2.2879600938342205e-19
0.8200000000000006,1.4102980369007841e-06,1.4102980369008502e-06,0.11997245063326895,0.9999999999654591,-5.877150031076428e-06,5.877150031076131e-06,2.037490990844853e-20,-57.35021046792234,57.35021046792223,1.6781850914788132e-17,-5.406205148642167e-15,-5.4058495503828935e-15,2.4917023877521134e-15,-9.243425405148183e-14,9.242413441747814e-14,-1.6308009803756582e-18,-80.88888888888886,80.88888888888862,9.597173887473756e-17,4.0,12.753000000003018,-3.0370382166231003e-05,2.332950779194619e-14,1.6084868179602982,0.29443555555555545,0.29443547564502426,0.0,-0.00039441724440392076,-0.05404180905248984,0.05404180905248984,-1.0331993323114142e-20,-0.054041809052489655,0.054041809052489655,-2.4164614224291304e-21,0.0,0.0,-2.4164614224291304e-21,1.0,1.0,0.0,1.0,1.0,0.0,1.0,1.0,0.0,-0.003640000000000999,0.0036400000000009975,3.4345512442534795e-19,-6.2976221825484826e-15,-6.29156337688434e-15,1.7638589818094507e-15,-9.243425407065005e-14,9.24241343983099e-14,-1.6306820309358012e-18,-80.88888888888896,80.88888888888872,9.434093789436191e-17,0.6755226131561022,-0.6755226131561022,-2.377803040455963e-19
0.8300000000000006,1.410298036868147e-06,1.4102980368682144e-06,0.11997245063326895,0.9999999999654591,-5.877150030944838e-06,5.8771500309445345e-06,1.9392288144610946e-20,-58.15909935681123,58.159099356811126,1.7732971948704317e-17,-2.926018954443655e-15,-2.925949027683706e-15,-7.069371741827247e-16,4.1697635861652835e-14,-4.169765419318015e-14,5.81552876352e-20,-80.888888888889,80.88888888888876,9.626964500355065e-17,4.0,12.752999999981181,-3.0370382166161614e-05,2.9376296634221997e-15,1.6084868179602982,0.2944355555555557,0.29443547564502426,0.0,-0.0003944172444039075,-0.0540418090524874,0.0540418090524874,2.0289754462414456e-20,-0.05404180905248722,0.05404180905248722,2.1998385014755265e-20,0.0,0.0,2.1998385014755265e-20,1.0,1.0,0.0,1.0,1.0,0.0,1.0,1.0,0.0,-0.0036399999999995537,0.003639999999999553,-1.0035315123072475e-18,-4.1279069148234815e-15,-4.1389251333114035e-15,-2.4471599775481784e-16,4.169763586233641e-14,-4.1697654192496564e-14,5.815550310146302e-20,-80.88888888888896,80.88888888888872,9.632780029118585e-17,0.6755226131561018,-0.6755226131561018,-2.4053699106226067e-19
0.8400000000000006,1.4102980368325929e-06,1.4102980368326621e-06,0.11997245063326895,0.9999999999654591,-5.8771500310170465e-06,5.877150031016723e-06,1.6964740853995096e-20,-58.96798824570013,58.96798824570002,1.8721236357474892e-17,-1.7428788526587088e-15,-1.7428219383182793e-15,-9.224446011728017e-16,4.327884637171098e-14,-4.3278183365677696e-14,2.2065397065057064e-19,-80.888888888889,80.88888888888876,9.935698410368615e-17,4.0,12.753000000030694,-3.0370382166203247e-05,4.879088107606531e-15,1.6084868179602982,0.2944355555555556,0.29443547564502426,0.0,-0.00039441724440388053,-0.05404180905248739,0.05404180905248739,2.3978291378258354e-20,-0.05404180905248984,0.05404180905248984,-1.0331993323114142e-20,0.0,0.0,-1.0331993323114142e-20,1.0,1.0,0.0,1.0,1.0,0.0,1.0,1.0,0.0,-0.003639999999999536,0.0036399999999995364,-1.0656734554397917e-18,-2.6042095483603836e-15,-2.6152488017596827e-15,-5.039783306241101e-16,4.3278846374304565e-14,-4.3278183363084104e-14,2.2064617744825436e-19,-80.88888888888896,80.88888888888872,9.957763807433672e-17,0.6755226131561021,-0.6755226131561021,-2.5008149883185103e-19
0.8500000000000006,1.4102980368205303e-06,1.4102980368205997e-06,0.11997245063326895,0.9999999999654591,-5.8771500308173415e-06,5.877150030817023e-06,1.7887222762711547e-20,-59.77687713458902,59.776877134588915,1.9720584912301648e-17,-2.5465445640982682e-15,-2.546411028601367e-15,1.1376722828580596e-15,-5.4542959070849394e-14,5.4537617350446914e-14,-8.874088435402815e-19,-80.88888888888889,80.88888888888864,1.0149848113740274e-16,4.0,12.753000000002798,-3.0370382166106102e-05,1.2856145398276285e-14,1.6084868179602982,0.29443555555555545,0.29443547564502426,0.0,-0.0003944172444039302,-0.05404180905248912,0.05404180905248912,3.870279737869379e-21,-0.0540418090524874,0.0540418090524874,2.0289754462414456e-20,0.0,0.0,2.0289754462414456e-20,1.0,1.0,0.0,1.0,1.0,0.0,1.0,1.0,0.0,-0.0036400000000005885,0.0036400000000005885,-8.319182230537525e-19,-2.8693577014579323e-15,-2.880257095180396e-15,6.0194878441154e-16,-5.454295908127989e-14,5.453761734001641e-14,-8.873460552332545e-19,-80.88888888888894,80.8888888888887,1.0061107229386246e-16,0.6755226131561017,-0.6755226131561017,-2.4804548651993053e-19
0.8600000000000007,1.4102980368202885e-06,1.4102980368203598e-06,0.11997245063326895,0.9999999999654591,-5.877150030711971e-06,5.877150030711652e-06,2.0123237657805523e-20,-60.585766023477916,60.58576602347781,2.0754333721904325e-17,2.4981919945201715e-15,2.498383142957482e-15,-2.4048892143358336e-15,9.669134687464081e-14,-9.66858215820591e-14,1.7818158804899894e-18,-80.88888888888903,80.88888888888879,1.0525128078313281e-16,4.0,12.753000000035772,-3.037038216605059e-05,1.9940127873792943e-14,1.6084868179602982,0.29443555555555534,0.29443547564502426,0.0,-0.0003944172444039779,-0.054041809052486386,0.05404180905248638,5.2269466965882783e-20,-0.05404180905248739,0.05404180905248739,2.3978291378258354e-20,0.0,0.0,2.3978291378258354e-20,1.0,1.0,0.0,1.0,1.0,0.0,1.0,1.0,0.0,-0.00363999999999896,0.0036399999999989587,-8.171484626085717e-19,2.479704049714292e-15,2.4687871927596257e-15,-1.5906480782694142e-15,9.669134689558442e-14,-9.668582156111547e-14,1.7817509342969385e-18,-80.88888888888893,80.88888888888869,1.070330966636228e-16,0.6755226131561016,-0.6755226131561015,-2.5245976396328716e-19
0.8700000000000007,1.410298036840765e-06,1.4102980368408396e-06,0.11997245063326895,0.9999999999654591,-5.877150030613385e-06,5.877150030613067e-06,2.3173013783288503e-20,-61.39465491236681,61.394654912366704,2.1846687907164592e-17,1.0585840758645058e-15,1.0590332319432214e-15,7.792511153814308e-16,-7.848358832047724e-14,7.847622203283482e-14,-9.19098131647404e-19,-80.88888888888886,80.88888888888862,1.1318355969457214e-16,4.0,12.753000000010164,-3.0370382166008958e-05,1.1819727736678705e-14,1.6084868179602982,0.29443555555555545,0.29443547564502426,0.0,-0.00039441724440408225,-0.05404180905248952,0.05404180905248952,4.1211906218511566e-21,-0.05404180905248912,0.05404180905248912,3.870279737869379e-21,0.0,0.0,3.870279737869379e-21,1.0,1.0,0.0,1.0,1.0,0.0,1.0,1.0,0.0,-0.0036400000000008474,0.0036400000000008457,1.3654112778868337e-19,2.003574613285808e-15,2.0041723386131497e-15,-2.308570968347466e-16,-7.848358833128007e-14,7.847622202203197e-14,-9.190115459651847e-19,-80.88888888888894,80.8888888888887,1.1226446156292474e-16,0.6755226131561013,-0.6755226131561013,-2.583119623938053e-19
0.8800000000000007,1.410298036869197e-06,1.4102980368692755e-06,0.11997245063326895,0.9999999999654591,-5.877150030552902e-06,5.8771500305525785e-06,2.614300186961312e-20,-62.203543801255705,62.2035438012556,2.297841627231588e-17,2.4315637777898142e-15,2.4318324545795686e-15,-8.083276087234963e-16,8.69111341429339e-15,-8.691607250396895e-15,5.244685782537007e-19,-80.88888888888894,80.8888888888887,1.157287137576244e-16,4.0,12.752999999979979,-3.0370382165967325e-05,4.913832912096704e-15,1.6084868179602982,0.2944355555555554,0.29443547564502426,0.0,-0.0003944172444041872,-0.054041809052487934,0.054041809052487934,3.075683055244192e-20,-0.054041809052486386,0.05404180905248638,5.2269466965882783e-20,0.0,0.0,5.2269466965882783e-20,1.0,1.0,0.0,1.0,1.0,0.0,1.0,1.0,0.0,-0.0036399999999999094,0.003639999999999907,-3.0965127668176454e-19,3.103695748484242e-15,3.098470979463102e-15,-9.280165408840098e-16,8.691113420458185e-15,-8.691607244232098e-15,5.244743828789852e-19,-80.88888888888893,80.88888888888869,1.1625318233587811e-16,0.6755226131561012,-0.6755226131561012,-2.6645495179844136e-19
0.8900000000000007,1.410298036876442e-06,1.410298036876523e-06,0.11997245063326895,0.9999999999654591,-5.877150030797244e-06,5.8771500307969e-06,2.3652097982617305e-20,-63.0124326901446,63.01243269014449,2.4184651418866524e-17,1.8192685002362157e-15,1.819585082224836e-15,-9.504700899918134e-16,1.703330816691012e-14,-1.7033952226313894e-14,5.413839699831776e-19,-80.88888888888897,80.88888888888873,1.2386824272818556e-16,4.0,12.753000000032719,-3.0370382166092225e-05,5.463521003398174e-15,1.6084868179602982,0.2944355555555555,0.29443547564502426,0.0,-0.00039441724440420937,-0.05404180905248784,0.05404180905248784,3.183282134678243e-20,-0.05404180905248952,0.05404180905248952,4.1211906218511566e-21,0.0,0.0,4.1211906218511566e-21,1.0,1.0,0.0,1.0,1.0,0.0,1.0,1.0,0.0,-0.003639999999999819,0.003639999999999816,2.665387859587384e-20,2.2300390631513084e-15,2.230424050142954e-15,-9.566960535265747e-16,1.703330817327375e-14,-1.7033952219950257e-14,5.413915403758788e-19,-80.88888888888896,80.88888888888872,1.2440962669816874e-16,0.6755226131561017,-0.6755226131561017,-2.7609887358856543e-19
0.9000000000000007,1.410298036884057e-06,1.4102980368841397e-06,0.11997245063326895,0.9999999999654591,-5.877150030772477e-06,5.8771500307721294e-06,2.5748101504848777e-20,-63.821321579033494,63.82132157903339,2.5441521211245375e-17,-1.7604553085725488e-15,-1.7604907011796285e-15,9.694262509719734e-16,-6.492790356323627e-14,6.492430163050245e-14,-6.085216001449241e-19,-80.8888888888889,80.88888888888866,1.272807635565832e-16,4.0,12.752999999970527,-3.0370382166078347e-05,1.3506874517120478e-14,1.6084868179602982,0.2944355555555556,0.29443547564502426,0.0,-0.00039441724440427925,-0.054041809052489294,0.054041809052489294,1.158254365832245e-20,-0.054041809052487934,0.054041809052487934,3.075683055244192e-20,0.0,0.0,3.075683055244192e-20,1.0,1.0,0.0,1.0,1.0,0.0,1.0,1.0,0.0,-0.0036400000000007017,0.0036400000000007034,5.444735214157476e-19,-1.7763449578493576e-15,-1.7708073472639379e-15,2.225871667797841e-16,-6.492790357038877e-14,6.492430162334994e-14,-6.084792618627402e-19,-80.88888888888897,80.88888888888873,1.2667224195643826e-16,0.6755226131561016,-0.6755226131561016,-2.8169915576163856e-19
0.9100000000000007,1.4102980368653229e-06,1.4102980368654057e-06,0.11997245063326895,0.9999999999654591,-5.8771500309407635e-06,5.877150030940403e-06,2.3034979478627568e-20,-64.63021046792237,64.63021046792225,2.6724793321942523e-17,-1.322195869075545e-16,-1.3196675174322455e-16,-1.670836861348209e-15,7.462269210429417e-14,-7.462117010284652e-14,3.6956232559434213e-19,-80.88888888888904,80.8888888888888,1.2907759990228179e-16,4.0,12.752999999997181,-3.0370382166161614e-05,1.2475648887894417e-14,1.6084868179602982,0.29443555555555556,0.29443547564502426,0.0,-0.0003944172444042744,-0.0540418090524868,0.0540418090524868,2.954935964071693e-20,-0.05404180905248784,0.05404180905248784,3.183282134678243e-20,0.0,0.0,3.183282134678243e-20,1.0,1.0,0.0,1.0,1.0,0.0,1.0,1.0,0.0,-0.0036399999999992,0.0036399999999991977,-1.0736589478750954e-18,-7.667280364081467e-16,-7.77539167106683e-16,-9.830347844645497e-16,7.462269210863801e-14,-7.462117009850267e-14,3.695444354816261e-19,-80.88888888888897,80.88888888888873,1.2944716222787613e-16,0.6755226131561018,-0.6755226131561018,-2.8621547225023465e-19
0.9200000000000007,1.410298036842578e-06,1.4102980368426618e-06,0.11997245063326895,0.9999999999654591,-5.877150030954928e-06,5.877150030954556e-06,2.2034231909216788e-20,-65.43909935681123,65.43909935681111,2.8039436729099046e-17,-4.416767250184362e-15,-4.4167905398409006e-15,1.9117129587716492e-15,-8.028806135060635e-14,8.02822605722642e-14,-7.698865003862371e-19,-80.8888888888889,80.88888888888866,1.3385108152902308e-16,4.0,12.752999999960593,-3.0370382166161614e-05,1.9869708411292774e-14,1.6084868179602982,0.2944355555555557,0.29443547564502426,0.0,-0.00039441724440426347,-0.05404180905248959,0.05404180905248959,9.470695234467605e-21,-0.054041809052489294,0.054041809052489294,1.158254365832245e-20,0.0,0.0,1.158254365832245e-20,1.0,1.0,0.0,1.0,1.0,0.0,1.0,1.0,0.0,-0.0036400000000008687,0.0036400000000008682,5.4956264075044825e-19,-5.107510529592831e-15,-5.1019409985574125e-15,1.2035885055684782e-15,-8.028806135965541e-14,8.028226056321512e-14,-7.6981831619070265e-19,-80.88888888888899,80.88888888888874,1.3308119502863685e-16,0.6755226131561018,-0.6755226131561018,-2.9160815301774843e-19
0.9300000000000007,1.4102980368082652e-06,1.4102980368083504e-06,0.11997245063326895,0.9999999999654591,-5.87715003099561e-06,5.877150030995224e-06,2.1089807129432768e-20,-66.24798824570009,66.24798824569997,2.938679926097714e-17,-1.9029815282622902e-15,-1.9027153439199894e-15,-1.5122462461492368e-15,8.486712626795721e-14,-8.486541452845232e-14,5.276597229294602e-19,-80.88888888888907,80.88888888888883,1.355531312293829e-16,4.0,12.752999999990651,-3.037038216618937e-05,1.1709765676023828e-14,1.6084868179602982,0.2944355555555558,0.29443547564502426,0.0,-0.0003944172444042198,-0.05404180905248663,0.05404180905248663,3.3463038680472614e-20,-0.0540418090524868,0.0540418090524868,2.954935964071693e-20,0.0,0.0,2.954935964071693e-20,1.0,1.0,0.0,1.0,1.0,0.0,1.0,1.0,0.0,-0.0036399999999990897,0.0036399999999990884,1.1861457882140187e-19,-3.1567822980004466e-15,-3.1564764228988215e-15,-6.087430366725438e-16,8.486712627415936e-14,-8.486541452225015e-14,5.276396025568544e-19,-80.88888888888899,80.88888888888874,1.3608079095231236e-16,0.675522613156102,-0.675522613156102,-2.995645458467791e-19
0.9400000000000007,1.4102980367739964e-06,1.4102980367740824e-06,0.11997245063326895,0.9999999999654591,-5.877150031030765e-06,5.877150031030369e-06,2.0126831389050736e-20,-67.05687713458894,67.05687713458883,3.077428916836108e-17,-2.902443941387448e-15,-2.902359755869279e-15,1.9198453034894835e-16,-4.5670540368671415e-15,4.564914532391846e-15,-1.5195995593791796e-19,-80.88888888888899,80.88888888888874,1.409328758456273e-16,4.0,12.753000000019423,-3.0370382166203247e-05,4.879426124614264e-15,1.6084868179602982,0.2944355555555558,0.29443547564502426,0.0,-0.0003944172444041855,-0.05404180905248826,0.05404180905248825,2.1656027119534364e-20,-0.05404180905248959,0.05404180905248959,9.470695234467605e-21,0.0,0.0,9.470695234467605e-21,1.0,1.0,0.0,1.0,1.0,0.0,1.0,1.0,0.0,-0.0036400000000000538,0.003640000000000053,-4.0757683178704083e-20,-3.7350718236005724e-15,-3.7349537178686065e-15,1.612220885565214e-16,-4.567054038653177e-15,4.564914530605811e-15,-1.5193480753934034e-19,-80.88888888888899,80.88888888888874,1.4078091588968938e-16,0.6755226131561022,-0.6755226131561021,-3.048913290802111e-19
0.9500000000000007,1.4102980367623832e-06,1.410298036762471e-06,0.11997245063326895,0.9999999999654591,-5.8771500307699365e-06,5.877150030769543e-06,2.2000744484040863e-20,-67.8657660234778,67.86576602347769,3.219721592156087e-17,-1.9624149754764654e-15,-1.962314186282505e-15,3.042472232638993e-16,-1.5711002617562243e-14,1.5708769655629863e-14,-2.9614444055052783e-20,-80.88888888888896,80.88888888888872,1.4450913492190407e-16,4.0,12.752999999965532,-3.0370382166078347e-05,5.440983993973014e-15,1.6084868179602982,0.29443555555555556,0.29443547564502426,0.0,-0.0003944172444042488,-0.05404180905248841,0.05404180905248841,2.4016160151070395e-20,-0.05404180905248663,0.05404180905248663,3.3463038680472614e-20,0.0,0.0,3.3463038680472614e-20,1.0,1.0,0.0,1.0,1.0,0.0,1.0,1.0,0.0,-0.0036400000000001726,0.003640000000000171,1.7354101800274465e-20,-2.4290693404377996e-15,-2.4289305289369114e-15,1.3482884661831183e-16,-1.571100261791018e-14,1.5708769655281918e-14,-2.958819714639522e-20,-80.88888888888897,80.88888888888873,1.4447952047784901e-16,0.6755226131561016,-0.6755226131561016,-3.068652518007668e-19
0.9600000000000007,1.4102980367545312e-06,1.410298036754621e-06,0.11997245063326895,0.9999999999654591,-5.877150030793462e-06,5.877150030793058e-06,2.2551496539693852e-20,-68.67465491236666,68.67465491236655,3.367212100186104e-17,1.731417666757469e-15,1.7317946712943421e-15,-2.008793041203617e-15,6.470292663592262e-14,-6.470251849312954e-14,6.648642832805897e-19,-80.88888888888903,80.88888888888879,1.506010415893787e-16,4.0,12.753000000035446,-3.0370382166092225e-05,1.3428145703146621e-14,1.6084868179602982,0.29443555555555573,0.29443547564502426,0.0,-0.00039441724440427887,-0.054041809052486976,0.054041809052486976,3.7126356774274966e-20,-0.05404180905248826,0.05404180905248825,2.1656027119534364e-20,0.0,0.0,2.1656027119534364e-20,1.0,1.0,0.0,1.0,1.0,0.0,1.0,1.0,0.0,-0.003639999999999307,0.003639999999999307,-8.212664353951076e-19,1.7432740186017291e-15,1.7326209211698464e-15,-1.587935282970438e-15,6.470292664373759e-14,-6.470251848531456e-14,6.648594857559242e-19,-80.88888888888896,80.88888888888872,1.5126590587265927e-16,0.6755226131561017,-0.6755226131561017,-3.144849959403044e-19
0.9700000000000008,1.4102980367790233e-06,1.4102980367791178e-06,0.11997245063326895,0.9999999999654591,-5.877150030538226e-06,5.87715003053782e-06,2.5142904106645743e-20,-69.48354380125552,69.48354380125541,3.521475872211472e-17,9.19612496576806e-16,9.199713025354463e-16,7.108020978219529e-16,-6.600573482914923e-14,6.599982191310851e-14,-4.926140654914428e-19,-80.8888888888889,80.88888888888866,1.5855638098950496e-16,4.0,12.752999999958384,-3.0370382165967325e-05,9.899106648665682e-15,1.6084868179602982,0.2944355555555557,0.29443547564502426,0.0,-0.0003944172444044362,-0.05404180905248928,0.05404180905248928,1.685062695863244e-20,-0.05404180905248841,0.05404180905248841,2.4016160151070395e-20,0.0,0.0,2.4016160151070395e-20,1.0,1.0,0.0,1.0,1.0,0.0,1.0,1.0,0.0,-0.0036400000000007147,0.0036400000000007143,3.710878863193439e-20,1.725896276456298e-15,1.7263741805360913e-15,-1.2851298565186924e-16,-6.600573483493915e-14,6.599982190731859e-14,-4.925445632340589e-19,-80.88888888888897,80.88888888888873,1.5806376692401352e-16,0.6755226131561012,-0.6755226131561012,-3.214710017184801e-19
0.9800000000000008,1.4102980368020152e-06,1.410298036802113e-06,0.11997245063326895,0.9999999999654591,-5.877150030586636e-06,5.8771500305862176e-06,2.6589914318361823e-20,-70.29243269014438,70.29243269014427,3.682033098643324e-17,3.616730138779332e-15,3.617074492903749e-15,-1.8971353998270994e-15,5.709315072652791e-14,-5.709153909074616e-14,1.0662951217409704e-18,-80.88888888888901,80.88888888888877,1.626373519058708e-16,4.0,12.752999999991058,-3.037038216599508e-05,1.480303330490038e-14,1.6084868179602982,0.29443555555555556,0.29443547564502426,0.0,-0.00039441724440451376,-0.054041809052487066,0.054041809052487066,4.5738575453056517e-20,-0.054041809052486976,0.054041809052486976,3.7126356774274966e-20,0.0,0.0,3.7126356774274966e-20,1.0,1.0,0.0,1.0,1.0,0.0,1.0,1.0,0.0,-0.003639999999999387,0.0036399999999993876,-6.57369342724223e-20,4.244171648090659e-15,4.244571849375627e-15,-1.5650333809471341e-15,5.709315073906134e-14,-5.709153907821273e-14,1.0662761779431275e-18,-80.88888888888896,80.88888888888872,1.6370364702761176e-16,0.6755226131561012,-0.6755226131561012,-3.3181579077148814e-19
0.9900000000000008,1.4102980368126738e-06,1.410298036812773e-06,0.11997245063326895,0.9999999999654591,-5.8771500307893945e-06,5.877150030788963e-06,2.4588111545140246e-20,-71.10132157903324,71.10132157903313,3.849799749989657e-17,7.970243342644321e-16,7.971356997480633e-16,1.9964192832129004e-16,-3.5501732314712806e-14,3.549927798285288e-14,-3.3663021458680596e-19,-80.88888888888894,80.8888888888887,1.714454345381574e-16,4.0,12.753000000022784,-3.0370382166092225e-05,4.896773388413148e-15,1.6084868179602982,0.2944355555555557,0.29443547564502426,0.0,-0.00039441724440454206,-0.05404180905248878,0.05404180905248878,2.0854581720876566e-20,-0.05404180905248928,0.05404180905248928,1.685062695863244e-20,0.0,0.0,1.685062695863244e-20,1.0,1.0,0.0,1.0,1.0,0.0,1.0,1.0,0.0,-0.0036400000000003864,0.003640000000000384,4.210365420243953e-20,1.3236868271376926e-15,1.32384014465947e-15,-3.133076072040937e-16,-3.5501732318669486e-14,3.54992779788962e-14,-3.366013655871952e-19,-80.88888888888897,80.88888888888873,1.7110880432357059e-16,0.6755226131561017,-0.6755226131561017,-3.364240697929884e-19
1.0000000000000007,1.4102980368252849e-06,1.4102980368253861e-06,0.11997245063326895,0.9999999999654591,-5.877150030723319e-06,5.877150030722886e-06,2.6597443475052498e-20,-71.9102104679221,71.91021046792198,4.0235290795965336e-17,-6.891026531922254e-16,-6.888759794835827e-16,3.1838380273183583e-16,-3.4957570282755843e-14,3.495333128337313e-14,-2.673169409994961e-19,-80.88888888888896,80.88888888888872,1.7646908437781246e-16,4.0,12.752999999976108,-3.037038216605059e-05,6.9059035324825135e-15,1.6084868179602982,0.2944355555555558,0.29443547564502426,0.0,-0.00039441724440462733,-0.05404180905248876,0.05404180905248876,2.250338612343486e-20,-0.054041809052487066,0.054041809052487066,4.5738575453056517e-20,0.0,0.0,4.5738575453056517e-20,1.0,1.0,0.0,1.0,1.0,0.0,1.0,1.0,0.0,-0.003640000000000381,0.003640000000000378,-9.10654768055209e-19,-6.083621187865562e-16,-6.191584801785475e-16,-1.4938475210601738e-16,-3.495757028589767e-14,3.49533312802313e-14,-2.6726711449188985e-19,-80.88888888888899,80.88888888888874,1.7620176743681297e-16,0.6755226131561016,-0.6755226131561016,-3.4143863826782238e-19
1.0100000000000007,1.4102980368047983e-06,1.4102980368049015e-06,0.11997245063326895,0.9999999999654591,-5.8771500310032746e-06,5.877150031002813e-06,2.3257126645764995e-20,-72.71909935681096,72.71909935681084,4.2023018090021657e-17,-8.629933505621667e-16,-8.62797982480649e-16,-8.267337164503139e-16,3.196787946524165e-14,-3.196786044386914e-14,2.337772162181371e-19,-80.88888888888903,80.88888888888879,1.7997652149594595e-16,4.0,12.753000000031891,-3.037038216618937e-05,4.204249702407056e-15,1.6084868179602982,0.294435555555556,0.29443547564502426,0.0,-0.0003944172444045982,-0.05404180905248758,0.05404180905248758,3.262043718882812e-20,-0.05404180905248878,0.05404180905248878,2.0854581720876566e-20,0.0,0.0,2.0854581720876566e-20,1.0,1.0,0.0,1.0,1.0,0.0,1.0,1.0,0.0,-0.003639999999999659,0.003639999999999661,-4.358959237541679e-19,-1.3745986902735144e-15,-1.379915401513575e-15,-5.541297080563229e-16,3.196787946798953e-14,-3.196786044112125e-14,2.3377699260294703e-19,-80.888888888889,80.88888888888876,1.8021029871216408e-16,0.675522613156102,-0.675522613156102,-3.5515559121127064e-19
1.0200000000000007,1.4102980367892788e-06,1.4102980367893855e-06,0.11997245063326895,0.9999999999654591,-5.877150030891588e-06,5.877150030891117e-06,2.396944295695473e-20,-73.52798824569982,73.5279882456997,4.384652905901311e-17,-3.5365124539095208e-15,-3.5360350984823605e-15,1.240381285667385e-15,-4.977108928906332e-14,4.9762758813801806e-14,-6.194463976068416e-19,-80.88888888888896,80.88888888888872,1.8542594421188225e-16,4.0,12.752999999966672,-3.0370382166133858e-05,1.3445909043302636e-14,1.6084868179602982,0.2944355555555559,0.29443547564502426,0.0,-0.00039441724440462175,-0.05404180905248904,0.05404180905248904,1.784191492909862e-20,-0.05404180905248876,0.05404180905248876,2.250338612343486e-20,0.0,0.0,2.250338612343486e-20,1.0,1.0,0.0,1.0,1.0,0.0,1.0,1.0,0.0,-0.0036400000000005412,0.003640000000000541,-7.962404475211683e-20,-4.200988988071458e-15,-4.20034939593797e-15,8.204007725620619e-16,-4.97710892963439e-14,4.976275880652122e-14,-6.193484786154258e-19,-80.88888888888901,80.88888888888877,1.848064978142754e-16,0.6755226131561017,-0.6755226131561017,-3.6239937607527207e-19
1.0300000000000007,1.4102980367508716e-06,1.4102980367509836e-06,0.11997245063326895,0.9999999999654591,-5.877150031087473e-06,5.877150031086962e-06,2.126471093243186e-20,-74.33687713458868,74.33687713458856,4.5720577620116215e-17,-2.0406472010840016e-15,-2.0401553855017018e-15,-1.3235573849923295e-15,7.484452758973966e-14,-7.484464884129948e-14,5.923728113938984e-19,-80.88888888888908,80.88888888888884,1.8802736870209975e-16,4.0,12.753000000039084,-3.0370382166231003e-05,9.814675933668682e-15,1.6084868179602982,0.294435555555556,0.29443547564502426,0.0,-0.00039441724440454363,-0.05404180905248684,0.05404180905248683,4.1432524691881195e-20,-0.05404180905248758,0.05404180905248758,3.262043718882812e-20,0.0,0.0,3.262043718882812e-20,1.0,1.0,0.0,1.0,1.0,0.0,1.0,1.0,0.0,-0.0036399999999991986,0.0036399999999991994,-5.640356227818535e-19,-3.247366947156096e-15,-3.252326882511978e-15,-5.122094766282132e-16,7.484452759670259e-14,-7.484464883433654e-14,5.923742365393473e-19,-80.88888888888901,80.88888888888877,1.8861974151349364e-16,0.6755226131561023,-0.6755226131561022,-3.8462267608488775e-19
1.0400000000000007,1.4102980367199671e-06,1.4102980367200821e-06,0.11997245063326895,0.9999999999654591,-5.877150031006211e-06,5.877150031005689e-06,2.0713322123001925e-20,-75.14576602347753,75.14576602347742,4.76403333625699e-17,-4.10952060893607e-15,-4.10946406242981e-15,1.3095215456963511e-15,-5.2454064819341506e-14,5.2448517353547826e-14,-8.990973847088985e-19,-80.88888888888897,80.88888888888873,1.9617269287870616e-16,4.0,12.753000000009173,-3.037038216618937e-05,1.4712109869116058e-14,1.6084868179602982,0.29443555555555606,0.29443547564502426,0.0,-0.00039441724440452986,-0.0540418090524891,0.0540418090524891,1.5152452246226975e-20,-0.05404180905248904,0.05404180905248904,1.784191492909862e-20,0.0,0.0,1.784191492909862e-20,1.0,1.0,0.0,1.0,1.0,0.0,1.0,1.0,0.0,-0.0036400000000005707,0.0036400000000005725,4.528895161437315e-19,-4.9281750884888506e-15,-4.9225118020650375e-15,8.631478630094797e-16,-5.2454064829909384e-14,5.244851734297995e-14,-8.990321780072103e-19,-80.88888888888903,80.88888888888879,1.9527359549399726e-16,0.675522613156102,-0.675522613156102,-3.917025646373393e-19
1.0500000000000007,1.4102980367041069e-06,1.4102980367042223e-06,0.11997245063326895,0.9999999999654591,-5.877150030782838e-06,5.877150030782322e-06,2.2756347301544212e-20,-75.9546549123664,75.95465491236628,4.961475609643879e-17,-1.1436040153955652e-15,-1.1435284064738436e-15,-8.768381927875456e-16,3.8149705087170616e-14,-3.8148905958404395e-14,3.2442815037186085e-19,-80.88888888888904,80.8888888888888,1.9995964884835312e-16,4.0,12.75299999997617,-3.0370382166078347e-05,4.856237927158195e-15,1.6084868179602982,0.2944355555555559,0.29443547564502426,0.0,-0.00039441724440458217,-0.054041809052487455,0.054041809052487455,3.7098759262567505e-20,-0.05404180905248684,0.05404180905248683,4.1432524691881195e-20,0.0,0.0,4.1432524691881195e-20,1.0,1.0,0.0,1.0,1.0,0.0,1.0,1.0,0.0,-0.003639999999999592,0.0036399999999995936,4.930876432343332e-20,-1.794085899211803e-15,-1.7940015838348087e-15,-5.315278577683411e-16,3.814970509098398e-14,-3.814890595459103e-14,3.2441875712777036e-19,-80.888888888889,80.88888888888876,2.0028407699872497e-16,0.6755226131561017,-0.6755226131561017,-3.907381569484251e-19
1.0600000000000007,1.4102980366906926e-06,1.4102980366908095e-06,0.11997245063326895,0.9999999999654591,-5.877150030845155e-06,5.877150030844624e-06,2.1165791139059152e-20,-76.76354380125525,76.76354380125514,5.165334051366377e-17,6.71328429965415e-16,6.716149438982084e-16,-1.2469407888584137e-15,3.489467013808806e-14,-3.4894483565143516e-14,4.1400059742702086e-19,-80.88888888888903,80.88888888888879,2.0754314542045817e-16,4.0,12.75300000002873,-3.037038216611998e-05,6.8708009293874016e-15,1.6084868179602982,0.29443555555555584,0.29443547564502426,0.0,-0.0003944172444045875,-0.05404180905248751,0.05404180905248751,3.925630606618342e-20,-0.0540418090524891,0.0540418090524891,1.5152452246226975e-20,0.0,0.0,1.5152452246226975e-20,1.0,1.0,0.0,1.0,1.0,0.0,1.0,1.0,0.0,-0.0036399999999996288,0.0036399999999996266,-3.8719715452133034e-19,5.930550408727365e-16,5.878461435024496e-16,-1.0552147431448563e-15,3.4894670142954333e-14,-3.489448356027724e-14,4.139984043354846e-19,-80.888888888889,80.88888888888876,2.079571460178852e-16,0.6755226131561017,-0.6755226131561017,-3.9755369140621313e-19
1.0700000000000007,1.410298036710694e-06,1.4102980367108145e-06,0.11997245063326895,0.9999999999654591,-5.877150030564945e-06,5.877150030564423e-06,2.5260067759994697e-20,-77.57243269014411,77.572432690144,5.3770989303951073e-17,7.152779957312122e-16,7.155019206900119e-16,2.0341019032016095e-16,-3.05844253544766e-14,3.058073710400931e-14,-2.088576088211257e-19,-80.88888888888896,80.88888888888872,2.1718192838094317e-16,4.0,12.75299999996222,-3.0370382165981202e-05,4.17778720632706e-15,1.6084868179602982,0.2944355555555558,0.29443547564502426,0.0,-0.000394417244404741,-0.05404180905248864,0.05404180905248864,2.81844736692442e-20,-0.054041809052487455,0.054041809052487455,3.7098759262567505e-20,0.0,0.0,3.7098759262567505e-20,1.0,1.0,0.0,1.0,1.0,0.0,1.0,1.0,0.0,-0.0036400000000003335,0.003640000000000334,6.56408833999979e-20,1.175141175428698e-15,1.1754394452602183e-15,-2.314459823735196e-16,-3.058442535693131e-14,3.058073710155459e-14,-2.0881425598960948e-19,-80.88888888888899,80.88888888888874,2.1697307077212203e-16,0.6755226131561012,-0.6755226131561012,-3.992988828503057e-19
1.0800000000000007,1.4102980367257655e-06,1.4102980367258873e-06,0.11997245063326895,0.9999999999654591,-5.877150030674688e-06,5.877150030674157e-06,2.4591989886358333e-20,-78.38132157903297,78.38132157903286,5.598371771780457e-17,3.690491297981708e-15,3.690561217653208e-15,-1.880637670880713e-15,4.7969049144073823e-14,-4.796448118241788e-14,6.904292105246941e-19,-80.88888888888903,80.88888888888879,2.245740091358653e-16,4.0,12.753000000034092,-3.0370382166036713e-05,1.3358605024651078e-14,1.6084868179602982,0.2944355555555558,0.29443547564502426,0.0,-0.00039441724440478573,-0.05404180905248726,0.05404180905248726,4.469052644985168e-20,-0.05404180905248751,0.05404180905248751,3.925630606618342e-20,0.0,0.0,3.925630606618342e-20,1.0,1.0,0.0,1.0,1.0,0.0,1.0,1.0,0.0,-0.003639999999999486,0.0036399999999994865,-3.9947130904808943e-19,4.411251702167975e-15,4.405748070067009e-15,-1.6690121280517166e-15,4.796904915218902e-14,-4.7964481174302685e-14,6.903755172373818e-19,-80.88888888888899,80.88888888888874,2.2526443834639e-16,0.6755226131561015,-0.6755226131561015,-4.032850082550898e-19
1.0900000000000007,1.4102980367651246e-06,1.4102980367652478e-06,0.11997245063326895,0.9999999999654591,-5.877150030484802e-06,5.8771500304842915e-06,2.7937108474764593e-20,-79.19021046792183,79.19021046792172,5.827544492262575e-17,1.765821804940356e-15,1.7660900316066001e-15,6.663277720901922e-16,-7.205228951512538e-14,7.204650991408847e-14,-4.2188464302073254e-19,-80.8888888888889,80.88888888888866,2.3537298216272264e-16,4.0,12.75299999996013,-3.037038216593957e-05,9.728489959521369e-15,1.6084868179602982,0.2944355555555556,0.29443547564502426,0.0,-0.0003944172444049537,-0.05404180905248938,0.05404180905248938,2.4100643283841333e-20,-0.05404180905248864,0.05404180905248864,2.81844736692442e-20,0.0,0.0,2.81844736692442e-20,1.0,1.0,0.0,1.0,1.0,0.0,1.0,1.0,0.0,-0.0036400000000007798,0.00364000000000078,8.356778572109466e-20,2.8729870320008446e-15,2.873355253789732e-15,-2.884581836001476e-16,-7.205228952008393e-14,7.20465099091299e-14,-4.218167077976988e-19,-80.88888888888897,80.88888888888873,2.349510975197019e-16,0.675522613156101,-0.675522613156101,-3.961820857276815e-19
1.1000000000000008,1.4102980367946577e-06,1.4102980367947826e-06,0.11997245063326895,0.9999999999654591,-5.877150030560888e-06,5.877150030560374e-06,2.903217963374053e-20,-79.99909935681069,79.99909935681058,6.065820422809191e-17,4.153638602278299e-15,4.1536910146276266e-15,-2.0212982315547335e-15,5.1348085730423277e-14,-5.1342722286050854e-14,9.11108812677879e-19,-80.88888888888901,80.88888888888877,2.409550091244838e-16,4.0,12.752999999990683,-3.0370382165981202e-05,1.4586927502501426e-14,1.6084868179602982,0.2944355555555557,0.29443547564502426,0.0,-0.0003944172444050529,-0.05404180905248717,0.05404180905248717,4.849246030620677e-20,-0.05404180905248726,0.05404180905248726,4.469052644985168e-20,0.0,0.0,4.469052644985168e-20,1.0,1.0,0.0,1.0,1.0,0.0,1.0,1.0,0.0,-0.00363999999999945,0.00363999999999945,4.727491387164686e-20,4.989962928106535e-15,4.98998292574009e-15,-1.807084764007206e-15,5.134808574113235e-14,-5.134272227534177e-14,9.11045769017537e-19,-80.88888888888896,80.88888888888872,2.4186611793716165e-16,0.6755226131561012,-0.6755226131561012,-4.011562709750619e-19
1.1100000000000008,1.4102980368085763e-06,1.4102980368087034e-06,0.11997245063326895,0.9999999999654591,-5.8771500307745265e-06,5.877150030773988e-06,2.7034412083283408e-20,-80.80798824569955,80.80798824569943,6.312410379034266e-17,1.0006254453046948e-15,1.0008248736964804e-15,2.847090319420207e-16,-3.6736461627847215e-14,3.6732329238499506e-14,-3.2738250427898354e-19,-80.88888888888894,80.8888888888887,2.5110549519063817e-16,4.0,12.753000000020197,-3.0370382166078347e-05,4.818152219392359e-15,1.6084868179602982,0.29443555555555584,0.29443547564502426,0.0,-0.0003944172444050821,-0.0540418090524888,0.05404180905248879,2.722877529975581e-20,-0.05404180905248938,0.05404180905248938,2.4100643283841333e-20,0.0,0.0,2.4100643283841333e-20,1.0,1.0,0.0,1.0,1.0,0.0,1.0,1.0,0.0,-0.0036400000000004003,0.0036400000000004003,-8.389431136627823e-19,1.5945256815384354e-15,1.5836959563187794e-15,-2.141829101544304e-16,-3.673646163169508e-14,3.673232923465164e-14,-3.2733393088942826e-19,-80.88888888888899,80.88888888888874,2.5077811268635917e-16,0.6755226131561017,-0.6755226131561016,-4.140207547097189e-19
1.1200000000000008,1.4102980368224132e-06,1.4102980368225411e-06,0.11997245063326895,0.9999999999654591,-5.877150030715294e-06,5.877150030714759e-06,2.858918083337048e-20,-81.6168771345884,81.6168771345883,6.566821194833026e-17,-7.306410295246579e-16,-7.304399764831193e-16,2.8675568066059295e-16,-3.3898639598027026e-14,3.389350021467698e-14,-4.009986050795757e-19,-80.88888888888896,80.88888888888872,2.5794797955575757e-16,4.0,12.752999999977353,-3.037038216605059e-05,6.784901840267896e-15,1.6084868179602982,0.2944355555555558,0.29443547564502426,0.0,-0.00039441724440516265,-0.05404180905248874,0.05404180905248873,2.5943345826020978e-20,-0.05404180905248717,0.05404180905248717,4.849246030620677e-20,0.0,0.0,4.849246030620677e-20,1.0,1.0,0.0,1.0,1.0,0.0,1.0,1.0,0.0,-0.003640000000000369,0.0036400000000003695,-3.7614084201322684e-21,-6.666866614673758e-16,-6.664043133740332e-16,-1.7307325690164178e-16,-3.389863960274012e-14,3.389350020996388e-14,-4.009381951701835e-19,-80.88888888888899,80.88888888888874,2.57546980950678e-16,0.6755226131561016,-0.6755226131561015,-4.1451650896816677e-19
1.1300000000000008,1.4102980367966859e-06,1.4102980367968167e-06,0.11997245063326895,0.9999999999654591,-5.877150031047068e-06,5.877150031046483e-06,2.3856686808143576e-20,-82.42576602347727,82.42576602347715,6.827878090105707e-17,-1.809584196550098e-15,-1.809268157018497e-15,-2.6833332343030343e-16,7.537642278564447e-15,-7.541018884311915e-15,-3.2734904419406284e-20,-80.888888888889,80.88888888888876,2.628589473631121e-16,4.0,12.753000000026592,-3.0370382166217125e-05,1.2796101215519758e-15,1.6084868179602982,0.29443555555555584,0.29443547564502426,0.0,-0.0003944172444051241,-0.05404180905248804,0.05404180905248804,3.4531125041989435e-20,-0.0540418090524888,0.05404180905248879,2.722877529975581e-20,0.0,0.0,2.722877529975581e-20,1.0,1.0,0.0,1.0,1.0,0.0,1.0,1.0,0.0,-0.0036399999999999224,0.0036399999999999232,-2.9880951656643885e-19,-2.4094641983704515e-15,-2.409057947710778e-15,-2.341029715060875e-16,7.537642278179903e-15,-7.541018884696458e-15,-3.2695214777728926e-20,-80.88888888888899,80.88888888888874,2.628262124586927e-16,0.6755226131561022,-0.6755226131561022,-4.3900441651923435e-19
1.1400000000000008,1.4102980367790066e-06,1.41029803677914e-06,0.11997245063326895,0.9999999999654591,-5.877150030899949e-06,5.877150030899359e-06,2.489275917489353e-20,-83.23465491236612,83.23465491236601,7.094128721284386e-17,-3.798147961681554e-15,-3.797939674274638e-15,1.2572953925822277e-15,-5.41464833323597e-14,5.413813614177669e-14,-9.253919163534362e-19,-80.88888888888894,80.8888888888887,2.7169933846938894e-16,4.0,12.752999999961467,-3.0370382166133858e-05,1.4558602052191523e-14,1.6084868179602982,0.2944355555555559,0.29443547564502426,0.0,-0.00039441724440515376,-0.05404180905248912,0.05404180905248911,1.890522024018085e-20,-0.05404180905248874,0.05404180905248873,2.5943345826020978e-20,0.0,0.0,2.5943345826020978e-20,1.0,1.0,0.0,1.0,1.0,0.0,1.0,1.0,0.0,-0.0036400000000005885,0.0036400000000005855,-6.577564195047625e-19,-4.5021534044986775e-15,-4.5073877042357355e-15,7.723920858173399e-16,-5.414648334323645e-14,5.4138136130899935e-14,-9.252938008428622e-19,-80.888888888889,80.88888888888876,2.707739465530355e-16,0.6755226131561018,-0.6755226131561017,-4.445284341817837e-19
1.1500000000000008,1.4102980367614699e-06,1.4102980367616066e-06,0.11997245063326895,0.9999999999654591,-5.8771500308243355e-06,5.877150030823732e-06,2.5160062002704654e-20,-84.04354380125498,84.04354380125487,7.368021343400546e-17,3.6352975891295456e-16,3.6393670734105937e-16,-1.8634333260463366e-15,8.606990184054828e-14,-8.60663296863572e-14,1.059432139287028e-18,-80.88888888888907,80.88888888888883,2.7568505595697624e-16,4.0,12.752999999990706,-3.0370382166106102e-05,1.5119143221942926e-14,1.6084868179602982,0.2944355555555558,0.29443547564502426,0.0,-0.0003944172444051662,-0.054041809052486595,0.054041809052486595,5.536735017301357e-20,-0.05404180905248804,0.05404180905248804,3.4531125041989435e-20,0.0,0.0,3.4531125041989435e-20,1.0,1.0,0.0,1.0,1.0,0.0,1.0,1.0,0.0,-0.0036399999999990767,0.0036399999999990763,-5.266138987843213e-19,-2.1342900518304147e-16,-2.185203966873125e-16,-1.0394575195147438e-15,8.60699018530009e-14,-8.606632967390455e-14,1.0593901509685296e-18,-80.88888888888899,80.88888888888874,2.7674448809626324e-16,0.6755226131561017,-0.6755226131561017,-4.537196458230884e-19
1.1600000000000008,1.410298036749028e-06,1.410298036749167e-06,0.11997245063326895,0.9999999999654591,-5.877150030851968e-06,5.87715003085135e-06,2.4810420235085572e-20,-84.85243269014384,84.85243269014373,7.64774801804069e-17,-3.3903361058035595e-16,-3.388484234611878e-16,-4.2296758264996294e-16,4.380671368823531e-15,-4.381955163118984e-15,2.1532004934314842e-19,-80.88888888888897,80.88888888888873,2.8393640948688586e-16,4.0,12.753000000018844,-3.037038216611998e-05,2.641497288558671e-16,1.6084868179602982,0.2944355555555558,0.29443547564502426,0.0,-0.00039441724440517924,-0.054041809052488066,0.054041809052488066,4.096627349725814e-20,-0.05404180905248912,0.05404180905248911,1.890522024018085e-20,0.0,0.0,1.890522024018085e-20,1.0,1.0,0.0,1.0,1.0,0.0,1.0,1.0,0.0,-0.003639999999999957,0.003639999999999957,-8.112331220071133e-19,-4.752023056108771e-16,-4.860719249468405e-16,-4.763657471728781e-16,4.3806713713545554e-15,-4.3819551605879585e-15,2.1533513941677017e-19,-80.88888888888897,80.88888888888873,2.84151729536229e-16,0.6755226131561017,-0.6755226131561017,-4.6363140761351835e-19
1.1700000000000008,1.4102980367686322e-06,1.410298036768773e-06,0.11997245063326895,0.9999999999654591,-5.877150030511226e-06,5.877150030510632e-06,3.1001032833575045e-20,-85.6613215790327,85.66132157903259,7.936143609474095e-17,2.668862479952341e-15,2.669023742379687e-15,-1.7495982518678055e-15,5.105492876955196e-14,-5.105079546224426e-14,1.045695717013495e-18,-80.88888888888901,80.88888888888877,2.938024651277577e-16,4.0,12.7529999999827,-3.0370382165953447e-05,1.2437596478253248e-14,1.6084868179602982,0.2944355555555558,0.29443547564502426,0.0,-0.0003944172444053263,-0.054041809052487164,0.054041809052487164,5.550163657322527e-20,-0.054041809052486595,0.054041809052486595,5.536735017301357e-20,0.0,0.0,5.536735017301357e-20,1.0,1.0,0.0,1.0,1.0,0.0,1.0,1.0,0.0,-0.003639999999999454,0.0036399999999994523,-9.423831541886794e-19,3.0717893082962232e-15,3.0608473244809987e-15,-1.458254805261456e-15,5.105492878184309e-14,-5.1050795449953124e-14,1.045647132734741e-18,-80.88888888888896,80.88888888888872,2.948481608447712e-16,0.675522613156101,-0.675522613156101,-4.584889208372795e-19
1.1800000000000008,1.4102980367864751e-06,1.4102980367866174e-06,0.11997245063326895,0.9999999999654591,-5.877150030679879e-06,5.877150030679269e-06,2.995660800056517e-20,-86.47021046792156,86.47021046792145,8.235658221985255e-17,2.8829655818913307e-15,2.8832616380755304e-15,-1.062897453734946e-15,1.0466937459674066e-14,-1.0466821092618595e-14,3.84704229375854e-19,-80.88888888888897,80.88888888888873,3.027539993636695e-16,4.0,12.753000000032774,-3.0370382166036713e-05,5.853488076280216e-15,1.6084868179602982,0.2944355555555558,0.29443547564502426,0.0,-0.0003944172444053738,-0.054041809052487934,0.054041809052487934,4.431359372453546e-20,-0.054041809052488066,0.054041809052488066,4.096627349725814e-20,0.0,0.0,4.096627349725814e-20,1.0,1.0,0.0,1.0,1.0,0.0,1.0,1.0,0.0,-0.003639999999999892,0.003639999999999891,-1.9411656301594095e-19,3.670034331463529e-15,3.670388454372975e-15,-1.2246963818462631e-15,1.0466937464195987e-14,-1.0466821088096674e-14,3.8470286150942745e-19,-80.88888888888896,80.88888888888872,3.0313870359304534e-16,0.6755226131561015,-0.6755226131561015,-4.673614699471262e-19
1.1900000000000008,1.4102980368123126e-06,1.4102980368124585e-06,0.11997245063326895,0.9999999999654591,-5.877150030631165e-06,5.877150030630555e-06,3.190975321186603e-20,-87.27909935681042,87.2790993568103,8.542908560546366e-17,2.0296772752580792e-16,2.0318106792745097e-16,1.3270220094284295e-15,-8.917624462783617e-14,8.91680746702294e-14,-9.424387448982103e-19,-80.88888888888889,80.88888888888864,3.139152534506425e-16,4.0,12.752999999956046,-3.0370382166008958e-05,1.4844267529218725e-14,1.6084868179602982,0.2944355555555557,0.29443547564502426,0.0,-0.00039441724440548775,-0.05404180905248971,0.05404180905248971,2.0743206457153265e-20,-0.054041809052487164,0.054041809052487164,5.550163657322527e-20,0.0,0.0,5.550163657322527e-20,1.0,1.0,0.0,1.0,1.0,0.0,1.0,1.0,0.0,-0.003640000000000964,0.003640000000000963,-5.2608562828919e-19,9.846529757165145e-16,9.794233246296158e-16,2.939732640137124e-16,-8.91762446389133e-14,8.916807465915225e-14,-9.423427126349138e-19,-80.88888888888897,80.88888888888873,3.129728147057443e-16,0.6755226131561013,-0.6755226131561013,-4.713387983165131e-19
1.2000000000000008,1.4102980368238701e-06,1.410298036824019e-06,0.11997245063326895,0.9999999999654591,-5.87715003071547e-06,5.877150030714846e-06,3.2137053059574976e-20,-88.08798824569928,88.08798824569917,8.861681286359401e-17,1.2855755553936328e-15,1.2859018227265026e-15,-1.0710672844577177e-15,2.694837605398231e-14,-2.6948011137788087e-14,5.17831897014093e-19,-80.88888888888901,80.88888888888877,3.2289170322522305e-16,4.0,12.752999999987413,-3.037038216605059e-05,6.3911321187247714e-15,1.6084868179602982,0.2944355555555557,0.29443547564502426,0.0,-0.0003944172444055437,-0.05404180905248764,0.054041809052487635,4.7726251631356455e-20,-0.054041809052487934,0.054041809052487934,4.431359372453546e-20,0.0,0.0,4.431359372453546e-20,1.0,1.0,0.0,1.0,1.0,0.0,1.0,1.0,0.0,-0.003639999999999712,0.003639999999999711,1.0474800594944234e-20,1.4603359044509121e-15,1.4607244899559845e-15,-9.672265701102518e-16,2.6948376060069038e-14,-2.694801113170136e-14,5.17827607608137e-19,-80.88888888888899,80.88888888888874,3.2340953512223715e-16,0.6755226131561016,-0.6755226131561015,-4.800659685637848e-19
1.2100000000000009,1.4102980368108898e-06,1.410298036811042e-06,0.11997245063326895,0.9999999999654591,-5.877150030947013e-06,5.877150030946358e-06,2.8170427392377965e-20,-88.89687713458814,88.89687713458802,9.188272699146029e-17,-2.9838551104842865e-15,-2.9835591140931264e-15,1.9423824181994248e-15,-8.342156779382188e-14,8.341195300832687e-14,-1.4908035623412023e-18,-80.88888888888891,80.88888888888867,3.298888946133024e-16,4.0,12.753000000009912,-3.0370382166161614e-05,1.8374520731372738e-14,1.6084868179602982,0.29443555555555595,0.29443547564502426,0.0,-0.0003944172444055043,-0.05404180905248965,0.05404180905248965,1.2736426577889447e-20,-0.05404180905248971,0.05404180905248971,2.0743206457153265e-20,0.0,0.0,2.0743206457153265e-20,1.0,1.0,0.0,1.0,1.0,0.0,1.0,1.0,0.0,-0.0036400000000009042,0.003640000000000903,-7.492892059989954e-20,-3.207547458665776e-15,-3.2071152981983857e-15,1.1873642858747478e-15,-8.342156781134457e-14,8.341195299080417e-14,-1.4906905470616013e-18,-80.888888888889,80.88888888888876,3.283980910509612e-16,0.6755226131561018,-0.6755226131561018,-4.946361337503886e-19
1.2200000000000009,1.410298036798729e-06,1.4102980367988827e-06,0.11997245063326895,0.9999999999654591,-5.877150030850696e-06,5.877150030850037e-06,2.917576256344065e-20,-89.705766023477,89.70576602347688,9.520110331344733e-17,-1.8476471911688758e-15,-1.8476193559285535e-15,-2.3104912664945943e-16,1.2665313378580525e-14,-1.2665933650241928e-14,1.367188360075958e-19,-80.88888888888901,80.88888888888877,3.3566848359265584e-16,4.0,12.752999999979838,-3.037038216611998e-05,4.637924470125576e-16,1.6084868179602982,0.2944355555555559,0.29443547564502426,0.0,-0.00039441724440554175,-0.05404180905248791,0.05404180905248791,4.235602885160043e-20,-0.05404180905248764,0.054041809052487635,4.7726251631356455e-20,0.0,0.0,4.7726251631356455e-20,1.0,1.0,0.0,1.0,1.0,0.0,1.0,1.0,0.0,-0.0036399999999998677,0.003639999999999868,-4.423428820762991e-20,-2.5016897294313144e-15,-2.5016513532849427e-15,-9.872043385825542e-17,1.2665313380187601e-14,-1.266593364863485e-14,1.3672612684795058e-19,-80.888888888889,80.88888888888876,3.3580520242866346e-16,0.6755226131561017,-0.6755226131561017,-4.986886225432963e-19
1.2300000000000009,1.4102980367608862e-06,1.4102980367610398e-06,0.11997245063326895,0.9999999999654591,-5.877150031116083e-06,5.877150031115399e-06,2.4715053942199312e-20,-90.51465491236586,90.51465491236574,9.86056262788647e-17,-4.02487178754248e-15,-4.024820905892297e-15,1.3830092764406202e-15,-3.956373170130326e-14,3.95586355038177e-14,-7.424165121310229e-19,-80.88888888888897,80.88888888888873,3.4342799358294343e-16,4.0,12.753000000017273,-3.037038216624488e-05,1.240510309980521e-14,1.6084868179602982,0.294435555555556,0.29443547564502426,0.0,-0.00039441724440542254,-0.0540418090524889,0.0540418090524889,2.730372239118477e-20,-0.05404180905248965,0.05404180905248965,1.2736426577889447e-20,0.0,0.0,1.2736426577889447e-20,1.0,1.0,0.0,1.0,1.0,0.0,1.0,1.0,0.0,-0.0036400000000004315,0.0036400000000004307,-4.6375618799876665e-19,-4.9130611694689e-15,-4.918510293592666e-15,1.1660313959802664e-15,-3.956373171002949e-14,3.955863549509146e-14,-7.423566097940824e-19,-80.88888888888901,80.88888888888877,3.426855770708124e-16,0.6755226131561023,-0.6755226131561023,-5.083402451192898e-19
1.2400000000000009,1.4102980367346081e-06,1.4102980367347642e-06,0.11997245063326895,0.9999999999654591,-5.877150030913546e-06,5.877150030912856e-06,2.669931812463709e-20,-91.32354380125471,91.3235438012546,1.0205741654104176e-16,-3.476680528171443e-15,-3.4764750100823407e-15,4.402516846667756e-16,-5.35812442436717e-15,5.354497287616153e-15,-3.5021521623846863e-19,-80.88888888888901,80.88888888888877,3.5035605907742116e-16,4.0,12.752999999967516,-3.0370382166147736e-05,5.825574612244317e-15,1.6084868179602982,0.2944355555555561,0.29443547564502426,0.0,-0.00039441724440543994,-0.054041809052488246,0.054041809052488246,3.4905474793153596e-20,-0.05404180905248791,0.05404180905248791,4.235602885160043e-20,0.0,0.0,4.235602885160043e-20,1.0,1.0,0.0,1.0,1.0,0.0,1.0,1.0,0.0,-0.003640000000000063,0.003640000000000064,7.294479064468678e-20,-4.473350309879462e-15,-4.473074724690118e-15,4.78724730655367e-16,-5.358124428483454e-15,5.3544972834998684e-15,-3.5017258173635375e-19,-80.88888888888901,80.88888888888877,3.500058438611827e-16,0.6755226131561018,-0.6755226131561018,-5.151168585680754e-19
1.2500000000000009,1.4102980367043083e-06,1.410298036704467e-06,0.11997245063326895,0.9999999999654591,-5.877150030942929e-06,5.877150030942219e-06,2.4509121951402302e-20,-92.13243269014357,92.13243269014346,1.05606841083398e-16,-4.703627170838796e-16,-4.697479900785968e-16,-2.265812371110834e-15,9.077532198378232e-14,-9.077506117854855e-14,8.847665695892685e-19,-80.8888888888891,80.88888888888886,3.5751316770215274e-16,4.0,12.753000000049198,-3.0370382166161614e-05,1.4738714946410643e-14,1.6084868179602982,0.2944355555555559,0.29443547564502426,0.0,-0.0003944172444054086,-0.05404180905248652,0.05404180905248652,5.792127837218694e-20,-0.0540418090524889,0.0540418090524889,2.730372239118477e-20,0.0,0.0,2.730372239118477e-20,1.0,1.0,0.0,1.0,1.0,0.0,1.0,1.0,0.0,-0.0036399999999990273,0.003639999999999026,-4.267098098314016e-19,-1.3405872916797807e-15,-1.3454028836502892e-15,-1.4931758140778369e-15,9.077532199418211e-14,-9.077506116814875e-14,8.847635038841795e-19,-80.88888888888901,80.88888888888877,3.58397934271742e-16,0.6755226131561018,-0.6755226131561018,-5.2494350149475125e-19
1.260000000000001,1.410298036690794e-06,1.410298036690957e-06,0.11997245063326895,0.9999999999654591,-5.877150030850825e-06,5.8771500308501e-06,2.5537876618376022e-20,-92.94132157903243,92.94132157903232,1.0922238234011475e-16,-1.4492390280259052e-15,-1.4490913330868948e-15,4.757046729399277e-16,-2.5341301272611836e-14,2.5337762875342702e-14,-2.365770900825976e-19,-80.88888888888897,80.88888888888873,3.665356484394739e-16,4.0,12.753000000013762,-3.037038216611998e-05,6.349247171090353e-15,1.6084868179602982,0.2944355555555559,0.29443547564502426,0.0,-0.0003944172444054421,-0.0540418090524886,0.0540418090524886,3.868285236113784e-20,-0.054041809052488246,0.054041809052488246,3.4905474793153596e-20,0.0,0.0,3.4905474793153596e-20,1.0,1.0,0.0,1.0,1.0,0.0,1.0,1.0,0.0,-0.0036400000000002776,0.003640000000000276,-3.2216816989190876e-19,-1.675164942064286e-15,-1.6805105472030651e-15,2.2351015800971363e-16,-2.5341301275392388e-14,2.5337762872562147e-14,-2.3653549866671053e-19,-80.888888888889,80.88888888888876,3.662990713493913e-16,0.6755226131561017,-0.6755226131561017,-5.367654997828074e-19
1.270000000000001,1.4102980367022707e-06,1.4102980367024348e-06,0.11997245063326895,0.9999999999654591,-5.8771500306149955e-06,5.877150030614284e-06,2.830535626247097e-20,-93.75021046792129,93.75021046792118,1.1294615259246019e-16,2.8607589473980525e-15,2.8608410990789094e-15,-2.8863785657668758e-15,8.370481553020506e-14,-8.369894586864033e-14,9.890309974447368e-19,-80.88888888888907,80.88888888888883,3.783048892967034e-16,4.0,12.752999999989335,-3.0370382166008958e-05,1.8248999676328677e-14,1.6084868179602982,0.2944355555555558,0.29443547564502426,0.0,-0.0003944172444055827,-0.0540418090524866,0.0540418090524866,6.040343436609532e-20,-0.05404180905248652,0.05404180905248652,5.792127837218694e-20,0.0,0.0,5.792127837218694e-20,1.0,1.0,0.0,1.0,1.0,0.0,1.0,1.0,0.0,-0.003639999999999102,0.0036399999999991006,-3.060246097409009e-19,3.0519849455530383e-15,3.0464854562059253e-15,-2.4144979087629885e-15,8.370481554183e-14,-8.369894585701538e-14,9.889620035449204e-19,-80.88888888888899,80.88888888888874,3.792939202941481e-16,0.6755226131561013,-0.6755226131561013,-5.325109551511257e-19
1.280000000000001,1.4102980367133937e-06,1.4102980367135608e-06,0.11997245063326895,0.9999999999654591,-5.877150030706731e-06,5.877150030706007e-06,2.8863275090765783e-20,-94.55909935681015,94.55909935681004,1.1678981146189911e-16,1.8372826526230955e-15,1.837503523339959e-15,-3.090818072842846e-16,-1.263348924034729e-14,1.2631813705362847e-14,2.1286618865657005e-19,-80.88888888888897,80.88888888888873,3.896574517709209e-16,4.0,12.753000000020398,-3.037038216605059e-05,4.549163961301159e-16,1.6084868179602982,0.2944355555555558,0.29443547564502426,0.0,-0.0003944172444056274,-0.05404180905248835,0.05404180905248835,4.7217450580965666e-20,-0.0540418090524886,0.0540418090524886,3.868285236113784e-20,0.0,0.0,3.868285236113784e-20,1.0,1.0,0.0,1.0,1.0,0.0,1.0,1.0,0.0,-0.0036400000000001397,0.0036400000000001414,-2.1235500986029015e-20,2.4889791785511104e-15,2.4892576481794595e-15,-6.064458897303661e-16,-1.263348923784508e-14,1.2631813707865056e-14,2.1288588336811123e-19,-80.88888888888899,80.88888888888874,3.898703179595775e-16,0.6755226131561015,-0.6755226131561015,-5.423232398143426e-19
1.290000000000001,1.4102980367522819e-06,1.4102980367524492e-06,0.11997245063326895,0.9999999999654591,-5.877150030448889e-06,5.877150030448186e-06,3.3039630965262754e-20,-95.36798824569901,95.3679882456989,1.207358394997663e-16,4.064856887451998e-15,4.064915434183407e-15,-1.9920811558083426e-15,3.872727417240785e-14,-3.872402888771044e-14,6.899889156179697e-19,-80.88888888888901,80.88888888888877,4.0058008735009644e-16,4.0,12.752999999984967,-3.037038216592569e-05,1.231994083392753e-14,1.6084868179602982,0.2944355555555556,0.29443547564502426,0.0,-0.00039441724440581903,-0.05404180905248737,0.05404180905248737,5.527492301895817e-20,-0.0540418090524866,0.0540418090524866,6.040343436609532e-20,0.0,0.0,6.040343436609532e-20,1.0,1.0,0.0,1.0,1.0,0.0,1.0,1.0,0.0,-0.003639999999999584,0.0036399999999995845,4.0224291843354267e-19,4.97327108174465e-15,4.9788664805220826e-15,-1.9692373833772955e-15,3.872727418051796e-14,-3.8724028879600324e-14,6.899507694725777e-19,-80.88888888888897,80.88888888888873,4.012700762657144e-16,0.6755226131561008,-0.6755226131561008,-5.35689031722934e-19
1.300000000000001,1.410298036776934e-06,1.4102980367771035e-06,0.11997245063326895,0.9999999999654591,-5.877150030643704e-06,5.877150030642982e-06,3.246100269234775e-20,-96.17687713458787,96.17687713458776,1.2480842864491797e-16,3.3999404236193555e-15,3.400118822798034e-15,-1.1155946071987719e-15,5.6522337100049304e-15,-5.651238300451521e-15,2.500937435242103e-19,-80.88888888888897,80.88888888888873,4.120080227753217e-16,4.0,12.75300000003307,-3.0370382166022836e-05,5.767431757104685e-15,1.6084868179602982,0.2944355555555556,0.29443547564502426,0.0,-0.0003944172444058888,-0.054041809052488,0.054041809052488,4.831093701676956e-20,-0.05404180905248835,0.05404180905248835,4.7217450580965666e-20,0.0,0.0,4.7217450580965666e-20,1.0,1.0,0.0,1.0,1.0,0.0,1.0,1.0,0.0,-0.0036399999999999428,0.0036399999999999415,6.390754079151583e-20,4.373337117847854e-15,4.3735432660631595e-15,-1.3603797679584537e-15,5.6522337129445386e-15,-5.651238297511913e-15,2.5008204314709036e-19,-80.88888888888897,80.88888888888873,4.1225811651884593e-16,0.6755226131561013,-0.6755226131561013,-5.476156204166722e-19
1.310000000000001,1.4102980368065839e-06,1.4102980368067554e-06,0.11997245063326895,0.9999999999654591,-5.877150030612978e-06,5.87715003061226e-06,3.434267618234353e-20,-96.98576602347673,96.98576602347661,1.289800169791795e-16,2.0895888660612978e-16,2.0936072602508982e-16,1.548451804518275e-15,-8.770832897881086e-14,8.769935619083867e-14,-2.0270362929327143e-19,-80.88888888888889,80.88888888888864,4.2347690636475135e-16,4.0,12.75299999995362,-3.0370382166008958e-05,1.4586505459873052e-14,1.6084868179602982,0.2944355555555558,0.29443547564502426,0.0,-0.0003944172444060027,-0.05404180905248969,0.05404180905248968,4.025021068586518e-20,-0.05404180905248737,0.05404180905248737,5.527492301895817e-20,0.0,0.0,5.527492301895817e-20,1.0,1.0,0.0,1.0,1.0,0.0,1.0,1.0,0.0,-0.0036400000000009485,0.0036400000000009498,-3.808848845917354e-19,9.745418329650115e-16,9.695445881649249e-16,6.04159696234682e-16,-8.770832898119287e-14,8.769935618845663e-14,-2.0259816042318384e-19,-80.88888888888897,80.88888888888873,4.2327420273545807e-16,0.6755226131561013,-0.6755226131561013,-5.487359501643007e-19
1.320000000000001,1.4102980368196182e-06,1.4102980368197925e-06,0.11997245063326895,0.9999999999654591,-5.877150030703009e-06,5.8771500307022755e-06,3.453900232547074e-20,-97.79465491236559,97.79465491236547,1.3327195539692058e-16,1.534193250746039e-15,1.534332969070113e-15,-1.1267120723470025e-15,2.421936975971801e-14,-2.421807539160194e-14,1.515827413939611e-19,-80.88888888888901,80.88888888888877,4.342337688579882e-16,4.0,12.752999999991408,-3.037038216605059e-05,6.279405735705736e-15,1.6084868179602982,0.2944355555555558,0.29443547564502426,0.0,-0.00039441724440604715,-0.054041809052487684,0.054041809052487684,4.749851818664906e-20,-0.054041809052488,0.054041809052488,4.831093701676956e-20,0.0,0.0,4.831093701676956e-20,1.0,1.0,0.0,1.0,1.0,0.0,1.0,1.0,0.0,-0.0036399999999997415,0.0036399999999997437,-3.8455724045650327e-19,1.8082720337687e-15,1.802878145197462e-15,-1.0894986164711908e-15,2.421936976149967e-14,-2.421807538982028e-14,1.5156752698182774e-19,-80.88888888888899,80.88888888888874,4.343853515993822e-16,0.6755226131561015,-0.6755226131561015,-5.596253605194719e-19
1.330000000000001,1.4102980368066286e-06,1.4102980368068041e-06,0.11997245063326895,0.9999999999654591,-5.877150030944926e-06,5.877150030944171e-06,3.28203437957055e-20,-98.60354380125445,98.60354380125433,1.3765682117133098e-16,-3.779229816511199e-15,-3.779094469672484e-15,2.2242134090322997e-15,-1.06630902177294e-13,1.0662153767742126e-13,-7.607723777606751e-19,-80.88888888888889,80.88888888888864,4.427454613841995e-16,4.0,12.753000000002865,-3.0370382166161614e-05,2.3437747509071317e-14,1.6084868179602982,0.2944355555555557,0.29443547564502426,0.0,-0.0003944172444060341,-0.05404180905249007,0.05404180905249007,3.195671609494591e-20,-0.05404180905248969,0.05404180905248968,4.025021068586518e-20,0.0,0.0,4.025021068586518e-20,1.0,1.0,0.0,1.0,1.0,0.0,1.0,1.0,0.0,-0.0036400000000011536,0.0036400000000011527,-1.0678113665075862e-19,-4.059589381990838e-15,-4.059351947238819e-15,1.1865115639206416e-15,-1.066309021862357e-13,1.0662153766847956e-13,-7.60662304514295e-19,-80.888888888889,80.88888888888876,4.4198468900643884e-16,0.6755226131561018,-0.6755226131561018,-5.706327361829757e-19
1.340000000000001,1.4102980367890414e-06,1.4102980367892193e-06,0.11997245063326895,0.9999999999654591,-5.8771500308756775e-06,5.877150030874909e-06,3.203763583181983e-20,-99.4124326901433,99.41243269014319,1.421287925755586e-16,-1.7150629361562042e-15,-1.7148348913902104e-15,-7.561831264374473e-16,3.179482629904229e-14,-3.179553717133754e-14,1.1477016749508573e-19,-80.88888888888903,80.88888888888879,4.521250140397464e-16,4.0,12.752999999982631,-3.0370382166133858e-05,2.969961299819542e-15,1.6084868179602982,0.29443555555555584,0.29443547564502426,0.0,-0.0003944172444060593,-0.05404180905248757,0.05404180905248757,4.82991909920969e-20,-0.054041809052487684,0.054041809052487684,4.749851818664906e-20,0.0,0.0,4.749851818664906e-20,1.0,1.0,0.0,1.0,1.0,0.0,1.0,1.0,0.0,-0.003639999999999662,0.0036399999999996596,-3.196768130540835e-19,-2.478970230906353e-15,-2.4842421940288325e-15,-4.76524091519436e-16,3.179482630039138e-14,-3.1795537169988446e-14,1.1477852328554108e-19,-80.888888888889,80.88888888888876,4.522397842072415e-16,0.6755226131561017,-0.6755226131561017,-5.779165997148169e-19
1.350000000000001,1.4102980367616335e-06,1.410298036761813e-06,0.11997245063326895,0.9999999999654591,-5.877150030982485e-06,5.8771500309817015e-06,3.210895817410082e-20,-100.22132157903216,100.22132157903205,1.4670251495473276e-16,-1.1370434992945369e-15,-1.1366984210971756e-15,-7.901058278464335e-16,3.839240183649618e-14,-3.839388782652153e-14,-3.5385152874304673e-20,-80.88888888888903,80.88888888888879,4.621337233765885e-16,4.0,12.753000000026551,-3.037038216617549e-05,4.907083078851211e-15,1.6084868179602982,0.2944355555555559,0.29443547564502426,0.0,-0.00039441724440603994,-0.05404180905248746,0.05404180905248746,4.6436347689580966e-20,-0.05404180905249007,0.05404180905249007,3.195671609494591e-20,0.0,0.0,3.195671609494591e-20,1.0,1.0,0.0,1.0,1.0,0.0,1.0,1.0,0.0,-0.0036399999999995906,0.0036399999999995915,5.441153410918835e-20,-1.7881730747243963e-15,-1.7877472112494374e-15,-4.2501998022829975e-16,3.8392401836080356e-14,-3.839388782693735e-14,-3.5367686096709076e-20,-80.88888888888899,80.88888888888874,4.620983382237143e-16,0.675522613156102,-0.675522613156102,-5.884160055164806e-19
1.360000000000001,1.4102980367541246e-06,1.410298036754307e-06,0.11997245063326895,0.9999999999654591,-5.877150030800917e-06,5.87715003080013e-06,3.249474862078866e-20,-101.03021046792102,101.03021046792091,1.5136583802562346e-16,-2.262218539283816e-15,-2.262363213260283e-15,1.0240227000961932e-15,-5.719977578763878e-14,5.719707426097203e-14,2.775625555221384e-19,-80.88888888888891,80.88888888888867,4.703834818276736e-16,4.0,12.753000000002656,-3.0370382166092225e-05,1.2905256904364685e-14,1.6084868179602982,0.2944355555555557,0.29443547564502426,0.0,-0.00039441724440608504,-0.05404180905248917,0.05404180905248917,5.233671487541342e-20,-0.05404180905248757,0.05404180905248757,4.82991909920969e-20,0.0,0.0,4.82991909920969e-20,1.0,1.0,0.0,1.0,1.0,0.0,1.0,1.0,0.0,-0.0036400000000006193,0.0036400000000006184,-1.0672364004031278e-19,-2.484686772854373e-15,-2.484838701575257e-15,4.1587147710650013e-16,-5.719977578437604e-14,5.719707426423476e-14,2.775943100387637e-19,-80.88888888888897,80.88888888888873,4.706610443831957e-16,0.6755226131561017,-0.6755226131561017,-5.917573609501866e-19
1.370000000000001,1.4102980367556067e-06,1.4102980367557924e-06,0.11997245063326895,0.9999999999654591,-5.8771500307021476e-06,5.877150030701352e-06,3.3257052450972885e-20,-101.83909935680988,101.83909935680977,1.5612556405249448e-16,2.558648150340602e-15,2.5593841985366534e-15,-2.594742108231806e-15,9.670718248369264e-14,-9.670786535195454e-14,2.733908596529257e-20,-80.88888888888906,80.88888888888881,4.815617235465318e-16,4.0,12.75300000003959,-3.037038216605059e-05,2.0029115427025364e-14,1.6084868179602982,0.2944355555555557,0.29443547564502426,0.0,-0.0003944172444061542,-0.05404180905248638,0.05404180905248638,4.835575487816302e-20,-0.05404180905248746,0.05404180905248746,4.6436347689580966e-20,0.0,0.0,4.6436347689580966e-20,1.0,1.0,0.0,1.0,1.0,0.0,1.0,1.0,0.0,-0.003639999999998961,0.00363999999999896,-8.222992041459154e-20,2.5520752533219456e-15,2.552963976446814e-15,-1.8216907184855232e-15,9.670718248401404e-14,-9.670786535163314e-14,2.7347112600121776e-20,-80.88888888888896,80.88888888888872,4.8158906263249715e-16,0.6755226131561015,-0.6755226131561015,-5.982956416348469e-19
1.380000000000001,1.410298036777295e-06,1.4102980367774856e-06,0.11997245063326895,0.9999999999654591,-5.877150030607921e-06,5.877150030607112e-06,3.3491960950504727e-20,-102.64798824569874,102.64798824569863,1.6099358462366468e-16,1.2456876515518211e-15,1.245803406027079e-15,1.054757720067781e-15,-8.037626941614224e-14,8.037153137054636e-14,9.241722301725484e-20,-80.88888888888889,80.88888888888864,4.92015196392097e-16,4.0,12.753000000009948,-3.037038216599508e-05,1.1876747596815314e-14,1.6084868179602982,0.29443555555555556,0.29443547564502426,0.0,-0.0003944172444062537,-0.05404180905248956,0.05404180905248955,5.034785649138756e-20,-0.05404180905248917,0.05404180905248917,5.233671487541342e-20,0.0,0.0,5.233671487541342e-20,1.0,1.0,0.0,1.0,1.0,0.0,1.0,1.0,0.0,-0.0036400000000008695,0.003640000000000867,-4.2143740736417437e-19,2.259914477382732e-15,2.2545401161952396e-15,8.330204236508055e-17,-8.03762694150556e-14,8.037153137163298e-14,9.247291541399208e-20,-80.88888888888897,80.88888888888873,4.921076136151142e-16,0.6755226131561013,-0.6755226131561013,-6.085543309634622e-19
1.390000000000001,1.410298036805541e-06,1.4102980368057354e-06,0.11997245063326895,0.9999999999654591,-5.877150030545547e-06,5.877150030544733e-06,3.321543926179331e-20,-103.4568771345876,103.45687713458749,1.659715632431236e-16,2.458252739952528e-15,2.4586079422412105e-15,-9.756544478226167e-16,8.588380954333056e-15,-8.589870746999223e-15,-2.241309818600936e-20,-80.88888888888897,80.88888888888873,5.033642276219082e-16,4.0,12.752999999979092,-3.0370382165967325e-05,4.934218338155256e-15,1.6084868179602982,0.29443555555555556,0.29443547564502426,0.0,-0.0003944172444063696,-0.05404180905248794,0.05404180905248794,4.8457043850824807e-20,-0.05404180905248638,0.05404180905248638,4.835575487816302e-20,0.0,0.0,4.835575487816302e-20,1.0,1.0,0.0,1.0,1.0,0.0,1.0,1.0,0.0,-0.0036399999999999115,0.003639999999999908,8.969589346732864e-20,3.1309852998806734e-15,3.1314235161233384e-15,-1.1398316587357878e-15,8.588380954069709e-15,-8.589870747262568e-15,-2.2395586712872376e-20,-80.88888888888896,80.88888888888872,5.033418145237222e-16,0.6755226131561012,-0.6755226131561012,-6.107559952271621e-19
1.400000000000001,1.4102980368147402e-06,1.410298036814937e-06,0.11997245063326895,0.9999999999654591,-5.877150030799486e-06,5.877150030798651e-06,3.3696923255228977e-20,-104.26576602347646,104.26576602347635,1.7105914194748127e-16,1.7663474835649392e-15,1.7667937799130912e-15,-1.0029637940571924e-15,1.7797100939202877e-14,-1.779934719978132e-14,-1.1716265960477397e-19,-80.888888888889,80.88888888888876,5.143974488716712e-16,4.0,12.753000000033149,-3.0370382166092225e-05,5.518455718766378e-15,1.6084868179602982,0.29443555555555584,0.29443547564502426,0.0,-0.00039441724440639534,-0.05404180905248782,0.05404180905248782,4.80214317609754e-20,-0.05404180905248956,0.05404180905248955,5.034785649138756e-20,0.0,0.0,5.034785649138756e-20,1.0,1.0,0.0,1.0,1.0,0.0,1.0,1.0,0.0,-0.003639999999999813,0.0036399999999998114,-3.7239907632419044e-19,2.16041060787486e-15,2.15541302745565e-15,-1.0144389842022387e-15,1.7797100937825866e-14,-1.7799347201158327e-14,-1.1713625636770197e-19,-80.88888888888899,80.88888888888874,5.142802862120664e-16,0.6755226131561017,-0.6755226131561017,-6.266294954232666e-19
1.410000000000001,1.410298036822004e-06,1.4102980368222042e-06,0.11997245063326895,0.9999999999654591,-5.8771500307729434e-06,5.877150030772096e-06,3.3274327651737094e-20,-105.07465491236532,105.0746549123652,1.7625808343471799e-16,-1.5817194296244946e-15,-1.581715864966732e-15,1.065084450643893e-15,-6.718561410650705e-14,6.718133178027837e-14,1.2225843188047492e-19,-80.88888888888893,80.88888888888869,5.25276230789957e-16,4.0,12.752999999968463,-3.0370382166078347e-05,1.36371252430354e-14,1.6084868179602982,0.29443555555555584,0.29443547564502426,0.0,-0.0003944172444064669,-0.054041809052489335,0.054041809052489335,5.291008621669016e-20,-0.05404180905248794,0.05404180905248794,4.8457043850824807e-20,0.0,0.0,4.8457043850824807e-20,1.0,1.0,0.0,1.0,1.0,0.0,1.0,1.0,0.0,-0.0036400000000007286,0.0036400000000007273,-5.608834034109128e-20,-1.5216014623949749e-15,-1.5215628591451332e-15,3.1670853163170986e-16,-6.718561410506968e-14,6.718133178171572e-14,1.2230876761092102e-19,-80.888888888889,80.88888888888876,5.253984892218375e-16,0.6755226131561016,-0.6755226131561016,-6.338679305355201e-19
1.420000000000001,1.4102980368043846e-06,1.4102980368045849e-06,0.11997245063326895,0.9999999999654591,-5.877150030947978e-06,5.877150030947118e-06,3.361647678369072e-20,-105.88354380125418,105.88354380125406,1.815674606297085e-16,-2.987769041107142e-16,-2.985270951062895e-16,-1.747107714979013e-15,7.681304885416006e-14,-7.681101469919182e-14,-1.8435230875624045e-19,-80.88888888888907,80.88888888888883,5.368097731343897e-16,4.0,12.752999999997078,-3.0370382166161614e-05,1.2611733243470238e-14,1.6084868179602982,0.2944355555555558,0.29443547564502426,0.0,-0.00039441724440645454,-0.05404180905248677,0.05404180905248677,4.8100157348463254e-20,-0.05404180905248782,0.05404180905248782,4.80214317609754e-20,0.0,0.0,4.80214317609754e-20,1.0,1.0,0.0,1.0,1.0,0.0,1.0,1.0,0.0,-0.003639999999999176,0.0036399999999991743,-1.7334256408294936e-20,-1.006319934950802e-15,-1.0060363461104422e-15,-1.033625620830072e-15,7.681304885199299e-14,-7.681101470135889e-14,-1.8437621879850583e-19,-80.888888888889,80.88888888888876,5.366254208256335e-16,0.6755226131561018,-0.6755226131561018,-6.427312363259448e-19
1.430000000000001,1.4102980367802102e-06,1.4102980367804142e-06,0.11997245063326895,0.9999999999654591,-5.877150030957386e-06,5.877150030956507e-06,3.496647938209899e-20,-106.69243269014304,106.69243269014292,1.8698734648674425e-16,-4.536047565536545e-15,-4.535645732251171e-15,1.6716752587339402e-15,-8.057636205892687e-14,8.056704732329984e-14,7.243105590733607e-19,-80.88888888888893,80.88888888888869,5.471673982727597e-16,4.0,12.752999999963698,-3.0370382166161614e-05,2.008671871010696e-14,1.6084868179602982,0.294435555555556,0.29443547564502426,0.0,-0.0003944172444064623,-0.0540418090524896,0.0540418090524896,6.567447347652681e-20,-0.054041809052489335,0.054041809052489335,5.291008621669016e-20,0.0,0.0,5.291008621669016e-20,1.0,1.0,0.0,1.0,1.0,0.0,1.0,1.0,0.0,-0.003640000000000874,0.0036400000000008734,-3.7230123868302996e-19,-5.253919615558625e-15,-5.258914131524418e-15,8.840358304058047e-16,-8.057636205041245e-14,8.056704733181423e-14,7.244200471706997e-19,-80.88888888888901,80.88888888888877,5.478917088318331e-16,0.6755226131561018,-0.6755226131561018,-6.579610426650789e-19
1.440000000000001,1.4102980367455287e-06,1.410298036745737e-06,0.11997245063326895,0.9999999999654591,-5.87715003099862e-06,5.877150030997715e-06,3.721524933441729e-20,-107.5013215790319,107.50132157903178,1.925197576663282e-16,-1.8629797296303522e-15,-1.8625554205486595e-15,-1.4029501416127147e-15,8.526394713003118e-14,-8.526350324078721e-14,-3.013529241580313e-20,-80.8888888888891,80.88888888888886,5.595304739201551e-16,4.0,12.752999999991465,-3.037038216618937e-05,1.1833891934607246e-14,1.6084868179602982,0.29443555555555595,0.29443547564502426,0.0,-0.00039441724440642873,-0.05404180905248662,0.05404180905248662,5.38731876446791e-20,-0.05404180905248677,0.05404180905248677,4.8100157348463254e-20,0.0,0.0,4.8100157348463254e-20,1.0,1.0,0.0,1.0,1.0,0.0,1.0,1.0,0.0,-0.0036399999999990862,0.0036399999999990854,-7.6435848598446e-19,-3.095311401334179e-15,-3.1059080063538624e-15,-4.496594410716438e-16,8.526394712967693e-14,-8.526350324114145e-14,-3.014051001885289e-20,-80.88888888888901,80.88888888888877,5.595003386277392e-16,0.675522613156102,-0.675522613156102,-6.801952863520445e-19
1.450000000000001,1.410298036711042e-06,1.4102980367112518e-06,0.11997245063326895,0.9999999999654591,-5.8771500310347274e-06,5.877150031033809e-06,3.654366117421021e-20,-108.31021046792075,108.31021046792064,1.9817237436142086e-16,-2.920985735978006e-15,-2.920835953450497e-15,1.439401861220078e-16,-4.721430894344315e-15,4.719001004610322e-15,-3.0586920043451394e-20,-80.88888888888901,80.88888888888877,5.71165891154707e-16,4.0,12.753000000017849,-3.0370382166203247e-05,4.931756406037589e-15,1.6084868179602982,0.2944355555555561,0.29443547564502426,0.0,-0.00039441724440640146,-0.05404180905248826,0.05404180905248826,5.444482063766082e-20,-0.0540418090524896,0.0540418090524896,6.567447347652681e-20,0.0,0.0,6.567447347652681e-20,1.0,1.0,0.0,1.0,1.0,0.0,1.0,1.0,0.0,-0.0036400000000000573,0.003640000000000055,-2.8303506819477053e-19,-3.750538061167728e-15,-3.755890153316145e-15,1.0837328090072254e-16,-4.721430894703675e-15,4.719001004250961e-15,-3.055835838618394e-20,-80.88888888888901,80.88888888888877,5.711353042346635e-16,0.6755226131561022,-0.6755226131561022,-6.874423149805368e-19
1.460000000000001,1.410298036699559e-06,1.4102980366997724e-06,0.11997245063326895,0.9999999999654591,-5.877150030772237e-06,5.8771500307713154e-06,3.715676225489822e-20,-109.11909935680961,109.1190993568095,2.0394894084949774e-16,-1.99998664424069e-15,-1.9997400875828344e-15,2.837832269268585e-16,-1.571149603856895e-14,1.5708220343768233e-14,-1.2684242869447757e-19,-80.88888888888899,80.88888888888874,5.849024695194473e-16,4.0,12.752999999967782,-3.0370382166078347e-05,5.494010542359864e-15,1.6084868179602982,0.294435555555556,0.29443547564502426,0.0,-0.00039441724440645513,-0.05404180905248841,0.05404180905248841,5.2971029779720453e-20,-0.05404180905248662,0.05404180905248662,5.38731876446791e-20,0.0,0.0,5.38731876446791e-20,1.0,1.0,0.0,1.0,1.0,0.0,1.0,1.0,0.0,-0.0036400000000001748,0.003640000000000175,-1.514453818123508e-19,-2.4741598393207702e-15,-2.473837857483253e-15,1.178695657759484e-16,-1.5711496040059665e-14,1.5708220342277513e-14,-1.2680392517738517e-19,-80.888888888889,80.88888888888876,5.847756270907528e-16,0.6755226131561016,-0.6755226131561016,-6.906774187027632e-19
1.470000000000001,1.4102980366915714e-06,1.410298036691787e-06,0.11997245063326895,0.9999999999654591,-5.877150030795794e-06,5.877150030794861e-06,3.629378304887267e-20,-109.92798824569847,109.92798824569836,2.098619379571761e-16,1.7852182166033272e-15,1.7854593576762076e-15,-1.917303744005988e-15,6.503485595063623e-14,-6.503337099152903e-14,-5.136126482232846e-20,-80.88888888888906,80.88888888888881,5.971964676373074e-16,4.0,12.753000000033516,-3.0370382166092225e-05,1.3560368204271635e-14,1.6084868179602982,0.2944355555555558,0.29443547564502426,0.0,-0.00039441724440648636,-0.05404180905248697,0.05404180905248697,5.484290701251926e-20,-0.05404180905248826,0.05404180905248826,5.444482063766082e-20,0.0,0.0,5.444482063766082e-20,1.0,1.0,0.0,1.0,1.0,0.0,1.0,1.0,0.0,-0.003639999999999303,0.003639999999999302,1.8253596724508065e-20,1.805187817913124e-15,1.805465164452842e-15,-1.459541418113127e-15,6.50348559500324e-14,-6.503337099213284e-14,-5.13787194700355e-20,-80.88888888888899,80.88888888888874,5.971451063724851e-16,0.6755226131561017,-0.6755226131561017,-6.970926222415146e-19
1.480000000000001,1.4102980367099199e-06,1.4102980367101371e-06,0.11997245063326895,0.9999999999654591,-5.877150030624816e-06,5.877150030623886e-06,3.6421359947041417e-20,-110.73687713458733,110.73687713458722,2.158947869374114e-16,-6.101871992215576e-17,-6.097543293336949e-17,1.1351083783891114e-15,-7.326038502471669e-14,7.325664519405294e-14,4.0796976296675345e-20,-80.88888888888891,80.88888888888867,6.095778232155719e-16,4.0,12.753000000003079,-3.0370382166008958e-05,1.2517364203131566e-14,1.6084868179602982,0.29443555555555584,0.29443547564502426,0.0,-0.00039441724440659835,-0.054041809052489426,0.054041809052489426,5.638306386911317e-20,-0.05404180905248841,0.05404180905248841,5.2971029779720453e-20,0.0,0.0,5.2971029779720453e-20,1.0,1.0,0.0,1.0,1.0,0.0,1.0,1.0,0.0,-0.003640000000000794,0.0036400000000007928,-8.8343371156038e-20,5.072727375216499e-16,5.073545917226557e-16,3.0491586765554186e-16,-7.326038502423688e-14,7.325664519453273e-14,4.084093538270075e-20,-80.88888888888899,80.88888888888874,6.096186201918686e-16,0.6755226131561013,-0.6755226131561013,-6.956089786971627e-19
1.490000000000001,1.4102980367330428e-06,1.4102980367332622e-06,0.11997245063326895,0.9999999999654591,-5.877150030612144e-06,5.877150030611208e-06,3.6028434288202537e-20,-111.54576602347619,111.54576602347608,2.2205420817504727e-16,4.6855864575330784e-15,4.686002596506979e-15,-2.4635198079222945e-15,7.832893407518683e-14,-7.832752934849351e-14,-1.9798096359403139e-19,-80.88888888888906,80.88888888888881,6.223064243116024e-16,4.0,12.753000000036604,-3.037038216599508e-05,1.9918086271712668e-14,1.6084868179602982,0.2944355555555558,0.29443547564502426,0.0,-0.00039441724440667913,-0.0540418090524867,0.0540418090524867,5.232795928809723e-20,-0.05404180905248697,0.05404180905248697,5.484290701251926e-20,0.0,0.0,5.484290701251926e-20,1.0,1.0,0.0,1.0,1.0,0.0,1.0,1.0,0.0,-0.0036399999999991595,0.0036399999999991587,-1.5583257495998191e-19,5.473486690100702e-15,5.4684238487596195e-15,-1.960456515995923e-15,7.83289340728596e-14,-7.832752935082073e-14,-1.9799747514558763e-19,-80.88888888888897,80.88888888888873,6.221084433480084e-16,0.6755226131561013,-0.6755226131561013,-6.986452079098724e-19
1.500000000000001,1.4102980367673675e-06,1.4102980367675895e-06,0.11997245063326895,0.9999999999654591,-5.877150030570679e-06,5.8771500305697385e-06,3.5879125575743373e-20,-112.35465491236505,112.35465491236494,2.2833700685668977e-16,1.565349556562102e-15,1.5653531471972966e-15,7.812219068639702e-16,-8.210375481234809e-14,8.210039898238991e-14,1.8914804684422738e-19,-80.88888888888889,80.88888888888864,6.341881051031272e-16,4.0,12.753000000008962,-3.0370382165981202e-05,1.1718007765796954e-14,1.6084868179602982,0.2944355555555557,0.29443547564502426,0.0,-0.0003944172444068044,-0.05404180905248957,0.05404180905248957,5.948465518989761e-20,-0.054041809052489426,0.054041809052489426,5.638306386911317e-20,0.0,0.0,5.638306386911317e-20,1.0,1.0,0.0,1.0,1.0,0.0,1.0,1.0,0.0,-0.003640000000000889,0.0036400000000008856,-8.599190281096067e-19,2.696197241935305e-15,2.685126146840612e-15,-2.9530328889895497e-16,-8.210375481012455e-14,8.210039898461343e-14,1.8918749225022087e-19,-80.88888888888897,80.88888888888873,6.343772531499715e-16,0.6755226131561012,-0.6755226131561012,-7.00999879333769e-19
1.5100000000000011,1.41029803680104e-06,1.410298036801263e-06,0.11997245063326895,0.9999999999654591,-5.877150030533115e-06,5.877150030532179e-06,3.5937228732966584e-20,-113.16354380125391,113.1635438012538,2.3474299675236536e-16,2.8567038743717217e-15,2.856852495412765e-15,-8.288366880289196e-16,4.984354576197561e-15,-4.98420478624421e-15,-4.817089834580013e-20,-80.88888888888897,80.88888888888873,6.467929251718374e-16,4.0,12.752999999981125,-3.0370382165967325e-05,4.88586761281174e-15,1.6084868179602982,0.2944355555555557,0.29443547564502426,0.0,-0.00039441724440692063,-0.054041809052488,0.054041809052488,5.503890257289371e-20,-0.0540418090524867,0.0540418090524867,5.232795928809723e-20,0.0,0.0,5.232795928809723e-20,1.0,1.0,0.0,1.0,1.0,0.0,1.0,1.0,0.0,-0.0036399999999999497,0.003639999999999949,-5.660961474132631e-21,3.671278334814618e-15,3.671455358013421e-15,-9.89435031168069e-16,4.9843545756313354e-15,-4.984204786810436e-15,-4.817265901519308e-20,-80.88888888888897,80.88888888888873,6.467447542734916e-16,0.6755226131561012,-0.6755226131561012,-6.988247342889763e-19
1.5200000000000011,1.4102980368104796e-06,1.4102980368107045e-06,0.11997245063326895,0.9999999999654591,-5.877150030784686e-06,5.877150030783733e-06,3.6047070796972616e-20,-113.97243269014277,113.97243269014265,2.4127033630202795e-16,1.882714625720577e-15,1.883067769715673e-15,-9.868815130299241e-16,1.6276323570888218e-14,-1.627759830319388e-14,5.893529320262473e-20,-80.888888888889,80.88888888888876,6.586995151126633e-16,4.0,12.753000000032088,-3.0370382166078347e-05,5.424817527586554e-15,1.6084868179602982,0.29443555555555573,0.29443547564502426,0.0,-0.0003944172444069445,-0.05404180905248785,0.05404180905248785,5.786296844044107e-20,-0.05404180905248957,0.05404180905248957,5.948465518989761e-20,0.0,0.0,5.948465518989761e-20,1.0,1.0,0.0,1.0,1.0,0.0,1.0,1.0,0.0,-0.0036399999999998283,0.0036399999999998274,-8.471429266930988e-19,2.3233273936993e-15,2.3126591409799997e-15,-1.01895322166688e-15,1.627632357158105e-14,-1.627759830250105e-14,5.895027678053145e-20,-80.88888888888899,80.88888888888874,6.587584504058658e-16,0.6755226131561017,-0.6755226131561017,-7.100266645349229e-19
1.5300000000000011,1.410298036818262e-06,1.410298036818488e-06,0.11997245063326895,0.9999999999654591,-5.877150030761003e-06,5.8771500307600465e-06,3.6354615533501156e-20,-114.78132157903163,114.78132157903151,2.479215313159254e-16,-1.7534917921826309e-15,-1.7537498623050014e-15,1.0176843154216728e-15,-6.435864198217006e-14,6.435689122392326e-14,5.75424137289924e-20,-80.88888888888893,80.88888888888869,6.717174260542425e-16,4.0,12.752999999971069,-3.0370382166078347e-05,1.3400744192696156e-14,1.6084868179602982,0.2944355555555559,0.29443547564502426,0.0,-0.0003944172444070162,-0.05404180905248929,0.05404180905248929,5.808189685125553e-20,-0.054041809052488,0.054041809052488,5.503890257289371e-20,0.0,0.0,5.503890257289371e-20,1.0,1.0,0.0,1.0,1.0,0.0,1.0,1.0,0.0,-0.0036400000000007,0.0036400000000006965,-3.5930848130431604e-19,-1.761425627633675e-15,-1.7672724483303246e-15,3.03426720176351e-16,-6.435864198149356e-14,6.435689122459974e-14,5.756299265868652e-20,-80.888888888889,80.88888888888876,6.717749684679714e-16,0.6755226131561016,-0.6755226131561016,-7.130766675516709e-19
1.5400000000000011,1.4102980367936167e-06,1.4102980367938411e-06,0.11997245063326895,0.9999999999654591,-5.877150031014912e-06,5.877150031013945e-06,3.6652289639885874e-20,-115.59021046792049,115.59021046792037,2.547031081383536e-16,-8.92921070038612e-16,-8.92408820257939e-16,-1.4524795219125147e-15,6.564079631094544e-14,-6.564257872536722e-14,6.915926489090316e-20,-80.88888888888906,80.88888888888881,6.843942209442282e-16,4.0,12.753000000037684,-3.037038216618937e-05,9.876197116556417e-15,1.6084868179602982,0.2944355555555559,0.29443547564502426,0.0,-0.0003944172444069839,-0.054041809052486976,0.054041809052486976,5.889672012721928e-20,-0.05404180905248785,0.05404180905248785,5.786296844044107e-20,0.0,0.0,5.786296844044107e-20,1.0,1.0,0.0,1.0,1.0,0.0,1.0,1.0,0.0,-0.0036399999999992974,0.003639999999999297,-3.4501706984859715e-20,-1.6799065306997032e-15,-1.6792774664289849e-15,-8.483145873283193e-16,6.564079631175847e-14,-6.564257872455418e-14,6.918021591542274e-20,-80.88888888888899,80.88888888888874,6.844633802091191e-16,0.675522613156102,-0.675522613156102,-7.206481669897878e-19
1.5500000000000012,1.4102980367707332e-06,1.4102980367709583e-06,0.11997245063326895,0.9999999999654591,-5.877150030966846e-06,5.877150030965873e-06,3.6133012611109564e-20,-116.39909935680934,116.39909935680923,2.6161261955395546e-16,-3.6266698830666694e-15,-3.627112048309712e-15,1.349691027765346e-15,-5.6809172513927586e-14,5.680852763340904e-14,-2.663355173265457e-19,-80.88888888888894,80.8888888888887,6.975418307272101e-16,4.0,12.753000000009074,-3.037038216617549e-05,1.476898661115701e-14,1.6084868179602982,0.2944355555555559,0.29443547564502426,0.0,-0.00039441724440698775,-0.054041809052489176,0.05404180905248917,5.31322162349344e-20,-0.05404180905248929,0.05404180905248929,5.808189685125553e-20,0.0,0.0,5.808189685125553e-20,1.0,1.0,0.0,1.0,1.0,0.0,1.0,1.0,0.0,-0.0036400000000006176,0.0036400000000006167,-8.180257616152842e-19,-4.25281233650559e-15,-4.264440089298181e-15,8.462712074100971e-16,-5.680917251705812e-14,5.68085276302785e-14,-2.663279371707395e-19,-80.888888888889,80.88888888888876,6.972754952098835e-16,0.675522613156102,-0.6755226131561018,-7.240781943351528e-19
1.5600000000000012,1.410298036760257e-06,1.4102980367604841e-06,0.11997245063326895,0.9999999999654591,-5.877150030765268e-06,5.877150030764289e-06,3.5760637216550273e-20,-117.2079882456982,117.20798824569809,2.686506435206964e-16,-7.771961664866603e-16,-7.769474604437135e-16,-8.780231456611459e-16,3.526685186433784e-14,-3.526803108965153e-14,-2.2021077368485062e-20,-80.88888888888901,80.88888888888877,7.102259936078932e-16,4.0,12.752999999981903,-3.0370382166078347e-05,4.885521116785428e-15,1.6084868179602982,0.29443555555555573,0.29443547564502426,0.0,-0.0003944172444070302,-0.0540418090524875,0.0540418090524875,5.772896751377942e-20,-0.054041809052486976,0.054041809052486976,5.889672012721928e-20,0.0,0.0,5.889672012721928e-20,1.0,1.0,0.0,1.0,1.0,0.0,1.0,1.0,0.0,-0.0036399999999996227,0.0036399999999996227,5.120130127516302e-20,-1.2980430480105625e-15,-1.2977351347921625e-15,-5.716896537798978e-16,3.526685186407908e-14,-3.526803108991029e-14,-2.200721639719678e-20,-80.88888888888899,80.88888888888874,7.102039725305246e-16,0.6755226131561016,-0.6755226131561016,-7.265668363301519e-19
1.5700000000000012,1.410298036747722e-06,1.4102980367479501e-06,0.11997245063326895,0.9999999999654591,-5.8771500308313735e-06,5.8771500308303875e-06,3.6221513980359367e-20,-118.01687713458706,118.01687713458695,2.758170388115459e-16,7.065460206974993e-16,7.071182866325839e-16,-1.1120742730476737e-15,3.4694688663088555e-14,-3.469697613677023e-14,5.295994248839097e-19,-80.888888888889,80.88888888888876,7.22756817715298e-16,4.0,12.753000000022427,-3.0370382166106102e-05,6.887103623197485e-15,1.6084868179602982,0.2944355555555556,0.29443547564502426,0.0,-0.0003944172444070515,-0.05404180905248752,0.05404180905248752,6.816715207990541e-20,-0.054041809052489176,0.05404180905248917,5.31322162349344e-20,0.0,0.0,5.31322162349344e-20,1.0,1.0,0.0,1.0,1.0,0.0,1.0,1.0,0.0,-0.0036399999999996283,0.0036399999999996283,1.1071986366330233e-19,6.368960742863004e-16,6.376011260315808e-16,-8.846571526381697e-16,3.4694688669313784e-14,-3.4696976130545e-14,5.296263124628434e-19,-80.88888888888897,80.88888888888873,7.232864171401819e-16,0.6755226131561017,-0.6755226131561017,-7.329295303999379e-19
1.5800000000000012,1.4102980367684464e-06,1.4102980367686823e-06,0.11997245063326895,0.9999999999654591,-5.877150030553411e-06,5.877150030552411e-06,3.9275422128283906e-20,-118.82576602347592,118.82576602347581,2.8310863920468397e-16,8.735979533416564e-16,8.737132146743732e-16,3.58829213967155e-18,-3.198540383135002e-14,3.198365967459671e-14,-1.930775983746658e-19,-80.88888888888893,80.88888888888869,7.362963750514457e-16,4.0,12.752999999969555,-3.0370382165967325e-05,4.191860188127491e-15,1.6084868179602982,0.29443555555555556,0.29443547564502426,0.0,-0.0003944172444071757,-0.05404180905248867,0.05404180905248867,5.637346576915232e-20,-0.0540418090524875,0.0540418090524875,5.772896751377942e-20,0.0,0.0,5.772896751377942e-20,1.0,1.0,0.0,1.0,1.0,0.0,1.0,1.0,0.0,-0.0036400000000003474,0.003640000000000348,-7.668657684062747e-19,1.3985526085630855e-15,1.3876028927948154e-15,-5.178637155127213e-16,-3.198540383361938e-14,3.1983659672327334e-14,-1.9305709700622215e-19,-80.88888888888896,80.88888888888872,7.36103297453071e-16,0.6755226131561012,-0.6755226131561012,-7.481107817487038e-19
1.5900000000000012,1.4102980367840763e-06,1.4102980367843128e-06,0.11997245063326895,0.9999999999654591,-5.877150030665451e-06,5.877150030664443e-06,3.910839073081626e-20,-119.63465491236478,119.63465491236467,2.905336600629044e-16,3.557567238868876e-15,3.55817275578791e-15,-1.4774184655779656e-15,4.936210352195978e-14,-4.936407958895792e-14,7.012481533287952e-19,-80.888888888889,80.88888888888876,7.481775554459702e-16,4.0,12.753000000023784,-3.0370382166022836e-05,1.3407939832035215e-14,1.6084868179602982,0.2944355555555557,0.29443547564502426,0.0,-0.00039441724440722963,-0.054041809052487226,0.054041809052487226,7.288092104580798e-20,-0.05404180905248752,0.05404180905248752,6.816715207990541e-20,0.0,0.0,6.816715207990541e-20,1.0,1.0,0.0,1.0,1.0,0.0,1.0,1.0,0.0,-0.0036399999999994713,0.0036399999999994713,6.568776487819674e-21,4.223892870592328e-15,4.224635395298274e-15,-1.1255506673970004e-15,4.9362103530202594e-14,-4.93640795807151e-14,7.012713805164443e-19,-80.88888888888896,80.88888888888872,7.488788035992989e-16,0.6755226131561014,-0.6755226131561014,-7.532306785736207e-19
1.6000000000000012,1.4102980368226945e-06,1.410298036822937e-06,0.11997245063326895,0.9999999999654591,-5.87715003047148e-06,5.877150030470462e-06,4.234902892834937e-20,-120.44354380125364,120.44354380125353,2.980865357924994e-16,2.048900753853754e-15,2.048803384528821e-15,6.053154460328776e-16,-7.474534228998695e-14,7.474343508148746e-14,-3.880030084510828e-19,-80.88888888888887,80.88888888888863,7.641301453605176e-16,4.0,12.752999999968493,-3.037038216593957e-05,9.78572205447095e-15,1.6084868179602982,0.29443555555555545,0.29443547564502426,0.0,-0.00039441724440734055,-0.054041809052489426,0.054041809052489426,5.425802559597446e-20,-0.05404180905248867,0.05404180905248867,5.637346576915232e-20,0.0,0.0,5.637346576915232e-20,1.0,1.0,0.0,1.0,1.0,0.0,1.0,1.0,0.0,-0.0036400000000008084,0.0036400000000008054,-1.2897802041940376e-19,3.2620126938546637e-15,3.2563599892632137e-15,-4.1663451546092157e-16,-7.474534229454751e-14,7.474343507692689e-14,-3.8798059049664616e-19,-80.88888888888894,80.8888888888887,7.637421423520666e-16,0.675522613156101,-0.675522613156101,-7.655259968511743e-19
1.6100000000000012,1.4102980368537035e-06,1.4102980368539498e-06,0.11997245063326895,0.9999999999654591,-5.877150030553347e-06,5.877150030552315e-06,4.3517891871110406e-20,-121.2524326901425,121.25243269014238,3.057876943075197e-16,4.10675155607151e-15,4.107535985528256e-15,-1.5692849361521278e-15,5.2220450614296146e-14,-5.2223609841745867e-14,9.029885886095041e-19,-80.88888888888899,80.88888888888874,7.759539984046939e-16,4.0,12.752999999992776,-3.0370382165967325e-05,1.4669886779276476e-14,1.6084868179602982,0.29443555555555545,0.29443547564502426,0.0,-0.00039441724440741714,-0.05404180905248716,0.05404180905248716,7.845146151011785e-20,-0.054041809052487226,0.054041809052487226,7.288092104580798e-20,0.0,0.0,7.288092104580798e-20,1.0,1.0,0.0,1.0,1.0,0.0,1.0,1.0,0.0,-0.0036399999999994393,0.003639999999999438,-9.134873023658355e-19,4.932202610484666e-15,4.916515846588222e-15,-1.2155010171051593e-15,5.222045062491036e-14,-5.222360983113165e-14,9.030257229922556e-19,-80.88888888888893,80.88888888888869,7.768569869933034e-16,0.6755226131561012,-0.6755226131561012,-7.774708364393347e-19
1.6200000000000012,1.4102980368694087e-06,1.410298036869654e-06,0.11997245063326895,0.9999999999654591,-5.877150030775562e-06,5.877150030774527e-06,4.238778605643843e-20,-122.06132157903136,122.06132157903124,3.1363357932162673e-16,1.1234627794477516e-15,1.1234539622599134e-15,6.934518029289385e-17,-3.7894378675503156e-14,3.7893189262262466e-14,-3.202588984888943e-19,-80.88888888888891,80.88888888888867,7.924641918166367e-16,4.0,12.753000000013314,-3.0370382166078347e-05,4.841315729105809e-15,1.6084868179602982,0.2944355555555557,0.29443547564502426,0.0,-0.0003944172444074803,-0.05404180905248882,0.05404180905248881,5.637083802374757e-20,-0.054041809052489426,0.054041809052489426,5.425802559597446e-20,0.0,0.0,5.425802559597446e-20,1.0,1.0,0.0,1.0,1.0,0.0,1.0,1.0,0.0,-0.003640000000000412,0.0036400000000004124,-3.739950975282516e-19,1.7623195313319533e-15,1.7567673008718891e-15,-5.121456313676653e-16,-3.789437867926749e-14,3.789318925849813e-14,-3.202449177245968e-19,-80.88888888888896,80.88888888888872,7.921439329181478e-16,0.6755226131561017,-0.6755226131561016,-7.766937274568459e-19
1.6300000000000012,1.4102980368828332e-06,1.410298036883083e-06,0.11997245063326895,0.9999999999654591,-5.87715003071368e-06,5.87715003071263e-06,4.335718236379528e-20,-122.87021046792022,122.8702104679201,3.216253119326365e-16,-6.600950891914642e-16,-6.602453506901265e-16,5.724639273008403e-17,-3.4863033876069856e-14,3.4862731420351586e-14,-2.855734366628493e-20,-80.88888888888893,80.88888888888869,8.055835402647285e-16,4.0,12.752999999984905,-3.037038216605059e-05,6.849439457728911e-15,1.6084868179602982,0.2944355555555555,0.29443547564502426,0.0,-0.00039441724440754394,-0.05404180905248875,0.054041809052488746,6.266695958419169e-20,-0.05404180905248716,0.05404180905248716,7.845146151011785e-20,0.0,0.0,7.845146151011785e-20,1.0,1.0,0.0,1.0,1.0,0.0,1.0,1.0,0.0,-0.003640000000000378,0.0036400000000003773,-3.1763018612396345e-19,-5.742777635553271e-16,-5.800069085709911e-16,-4.921470369300242e-16,-3.48630338764055e-14,3.4862731420015935e-14,-2.855378850714489e-20,-80.88888888888896,80.88888888888872,8.055549829210622e-16,0.6755226131561016,-0.6755226131561015,-7.897623971273103e-19
1.6400000000000012,1.4102980368588238e-06,1.4102980368590671e-06,0.11997245063326895,0.9999999999654591,-5.877150031056408e-06,5.877150031055368e-06,4.1919996067963863e-20,-123.67909935680908,123.67909935680896,3.297439216237717e-16,-1.7727109707976131e-15,-1.7727338142956275e-15,-3.3439863266591857e-16,7.230356488973903e-15,-7.230539542467289e-15,-8.646139931114859e-20,-80.88888888888897,80.88888888888873,8.18012910588281e-16,4.0,12.753000000018547,-3.0370382166217125e-05,1.2801158570706184e-15,1.6084868179602982,0.29443555555555573,0.29443547564502426,0.0,-0.0003944172444075738,-0.054041809052488045,0.054041809052488045,6.087029759191685e-20,-0.05404180905248882,0.05404180905248881,5.637083802374757e-20,0.0,0.0,5.637083802374757e-20,1.0,1.0,0.0,1.0,1.0,0.0,1.0,1.0,0.0,-0.0036399999999999254,0.0036399999999999263,1.4755415452014415e-19,-2.3571813116558943e-15,-2.357207346768016e-15,-3.234282151258152e-16,7.230356487957623e-15,-7.230539543483569e-15,-8.645924763349913e-20,-80.88888888888896,80.88888888888872,8.179264491889698e-16,0.6755226131561022,-0.6755226131561022,-7.80332534743969e-19
1.6500000000000012,1.4102980368409177e-06,1.4102980368411636e-06,0.11997245063326895,0.9999999999654591,-5.877150030907625e-06,5.877150030906576e-06,4.1685110113397814e-20,-124.48798824569793,124.48798824569782,3.379924310855276e-16,-3.6816109806715495e-15,-3.681926967047835e-15,8.005472925024548e-16,-5.6008955425580195e-14,5.600875716572017e-14,-4.391877155637625e-19,-80.88888888888891,80.88888888888867,8.323784540526147e-16,4.0,12.752999999974026,-3.0370382166147736e-05,1.471084637447127e-14,1.6084868179602982,0.2944355555555557,0.29443547564502426,0.0,-0.000394417244407594,-0.054041809052489155,0.05404180905248915,5.499213199783658e-20,-0.05404180905248875,0.054041809052488746,6.266695958419169e-20,0.0,0.0,6.266695958419169e-20,1.0,1.0,0.0,1.0,1.0,0.0,1.0,1.0,0.0,-0.0036400000000006063,0.0036400000000006054,-2.4566425040712507e-19,-4.336242047663612e-15,-4.336619640927578e-15,1.4784429198164908e-16,-5.600895543074252e-14,5.600875716055784e-14,-4.391853850973154e-19,-80.88888888888897,80.88888888888873,8.31939266337051e-16,0.6755226131561018,-0.6755226131561017,-7.862188859748039e-19
1.6600000000000013,1.4102980368222426e-06,1.4102980368224882e-06,0.11997245063326895,0.9999999999654591,-5.877150030826899e-06,5.877150030825848e-06,4.1846911896533523e-20,-125.2968771345868,125.29687713458668,3.463814840282954e-16,4.24498552681848e-17,4.2797769175409256e-17,-1.5935448790454917e-15,8.976119378410194e-14,-8.97618838260574e-14,4.679583849484936e-19,-80.88888888888904,80.8888888888888,8.453258170713008e-16,4.0,12.752999999994188,-3.0370382166106102e-05,1.529174790956119e-14,1.6084868179602982,0.2944355555555555,0.29443547564502426,0.0,-0.0003944172444076178,-0.054041809052486525,0.054041809052486525,7.133592960866032e-20,-0.054041809052488045,0.054041809052488045,6.087029759191685e-20,0.0,0.0,6.087029759191685e-20,1.0,1.0,0.0,1.0,1.0,0.0,1.0,1.0,0.0,-0.0036399999999990355,0.0036399999999990338,3.430655682283438e-20,-6.615956539431839e-16,-6.611726999587557e-16,-6.315572307336557e-16,8.97611937896025e-14,-8.976188382055683e-14,4.679664958442267e-19,-80.88888888888896,80.88888888888872,8.457937754562492e-16,0.6755226131561017,-0.6755226131561017,-7.86408483494843e-19
1.6700000000000013,1.4102980368088618e-06,1.4102980368091097e-06,0.11997245063326895,0.9999999999654591,-5.8771500308517675e-06,5.877150030850707e-06,4.144664930603578e-20,-126.10576602347565,126.10576602347554,3.549056426669112e-16,-3.5227105763754146e-16,-3.5196544151846895e-16,-4.3823560952448855e-16,4.514237880463059e-15,-4.5165076716585455e-15,1.8169862933544232e-19,-80.88888888888894,80.8888888888887,8.591453219843049e-16,4.0,12.753000000014044,-3.037038216611998e-05,2.68256645948039e-16,1.6084868179602982,0.29443555555555556,0.29443547564502426,0.0,-0.0003944172444076502,-0.05404180905248806,0.05404180905248806,6.671701328578951e-20,-0.054041809052489155,0.05404180905248915,5.499213199783658e-20,0.0,0.0,5.499213199783658e-20,1.0,1.0,0.0,1.0,1.0,0.0,1.0,1.0,0.0,-0.0036399999999999558,0.003639999999999953,-3.566914286391144e-19,-4.977146062484548e-16,-5.028809768282306e-16,-4.93160551522445e-16,4.514237882598956e-15,-4.5165076695226486e-15,1.8172530911713598e-19,-80.88888888888894,80.8888888888887,8.5932702061364035e-16,0.6755226131561017,-0.6755226131561017,-7.930804744718944e-19
1.6800000000000013,1.4102980368261622e-06,1.4102980368264148e-06,0.11997245063326895,0.9999999999654591,-5.8771500305448536e-06,5.877150030543785e-06,4.526409333685704e-20,-126.91465491236451,126.9146549123644,3.6356415482705253e-16,1.8244556232672367e-15,1.824817514873491e-15,-9.668204366350739e-16,2.6528110221996965e-14,-2.6529762568598868e-14,4.348243523185808e-19,-80.88888888888896,80.88888888888872,8.73490167662067e-16,4.0,12.752999999984581,-3.0370382165967325e-05,7.082092583110809e-15,1.6084868179602982,0.2944355555555555,0.29443547564502426,0.0,-0.00039441724440773617,-0.054041809052487615,0.054041809052487615,7.227560895719665e-20,-0.054041809052486525,0.054041809052486525,7.133592960866032e-20,0.0,0.0,7.133592960866032e-20,1.0,1.0,0.0,1.0,1.0,0.0,1.0,1.0,0.0,-0.0036399999999997164,0.0036399999999997164,-3.2415425919953624e-20,2.1658491008906193e-15,2.166296484033867e-15,-8.359017709851654e-16,2.652811022710813e-14,-2.6529762563487696e-14,4.348437744363236e-19,-80.88888888888893,80.88888888888869,8.739249920143856e-16,0.6755226131561012,-0.6755226131561012,-8.056096326932774e-19
1.6900000000000013,1.4102980368391254e-06,1.4102980368393802e-06,0.11997245063326895,0.9999999999654591,-5.8771500306980115e-06,5.877150030696933e-06,4.4796391359497475e-20,-127.72354380125337,127.72354380125326,3.7237739527307764e-16,2.8789381505067293e-15,2.879229482056862e-15,-9.755959022784161e-16,1.710502236813563e-14,-1.7106222752209567e-14,4.149938976821527e-19,-80.88888888888894,80.8888888888887,8.880837237034827e-16,4.0,12.753000000017451,-3.0370382166036713e-05,6.974296996645518e-15,1.6084868179602982,0.29443555555555534,0.29443547564502426,0.0,-0.0003944172444078036,-0.054041809052487816,0.054041809052487816,7.236198366664905e-20,-0.05404180905248806,0.05404180905248806,6.671701328578951e-20,0.0,0.0,6.671701328578951e-20,1.0,1.0,0.0,1.0,1.0,0.0,1.0,1.0,0.0,-0.0036399999999998166,0.0036399999999998183,-2.6223869902943135e-20,3.606535572601302e-15,3.606894778312424e-15,-9.95436663748572e-16,1.7105022373013673e-14,-1.710622274733152e-14,4.1500800729944604e-19,-80.88888888888893,80.88888888888869,8.884987176011649e-16,0.6755226131561015,-0.6755226131561015,-8.111511688546289e-19
1.7000000000000013,1.4102980368807198e-06,1.4102980368809782e-06,0.11997245063326895,0.9999999999654591,-5.877150030428837e-06,5.877150030427755e-06,4.887018220486866e-20,-128.5324326901423,128.53243269014217,3.8132953206477233e-16,3.047683334633449e-15,3.0479678210225413e-15,-3.884013958276321e-16,-1.7732465048322266e-14,1.7730592039395387e-14,1.4402621707219729e-19,-80.8888888888889,80.88888888888866,9.041333511523968e-16,4.0,12.752999999977595,-3.0370382165911813e-05,1.301516877054792e-15,1.6084868179602982,0.29443555555555534,0.29443547564502426,0.0,-0.0003944172444079209,-0.054041809052488385,0.054041809052488385,6.830423247103915e-20,-0.054041809052487615,0.054041809052487615,7.227560895719665e-20,0.0,0.0,7.227560895719665e-20,1.0,1.0,0.0,1.0,1.0,0.0,1.0,1.0,0.0,-0.003640000000000193,0.003640000000000192,-7.775941611406054e-19,4.115476571294067e-15,4.104730805157554e-15,-7.991695834071353e-16,-1.773246504662921e-14,1.7730592041088443e-14,1.4404823296120214e-19,-80.88888888888891,80.88888888888867,9.04277377369469e-16,0.6755226131561008,-0.6755226131561008,-8.21397007046745e-19
1.7100000000000013,1.41029803690776e-06,1.41029803690802e-06,0.11997245063326895,0.9999999999654591,-5.877150030614814e-06,5.877150030613724e-06,4.901022473436514e-20,-129.34132157903122,129.3413215790311,3.904502787398286e-16,4.360962559626833e-15,4.3611362382336974e-15,-1.5125276971920504e-15,4.991143698082431e-14,-4.99106292955673e-14,9.789297199323738e-19,-80.88888888888896,80.88888888888872,9.182033573328483e-16,4.0,12.753000000029422,-3.0370382166008958e-05,1.463683224811705e-14,1.6084868179602982,0.29443555555555534,0.29443547564502426,0.0,-0.00039441724440798884,-0.05404180905248721,0.05404180905248721,8.374849085624874e-20,-0.054041809052487816,0.054041809052487816,7.236198366664905e-20,0.0,0.0,7.236198366664905e-20,1.0,1.0,0.0,1.0,1.0,0.0,1.0,1.0,0.0,-0.0036399999999994627,0.0036399999999994635,2.3343521558328174e-19,5.277964002661305e-15,5.278165782415629e-15,-1.175272949368029e-15,4.991143699233089e-14,-4.9910629284060714e-14,9.789202260223644e-19,-80.8888888888889,80.88888888888866,9.191822870527806e-16,0.6755226131561013,-0.6755226131561013,-8.265969487183251e-19
1.7200000000000013,1.4102980369297397e-06,1.4102980369300036e-06,0.11997245063326895,0.9999999999654591,-5.8771500307088595e-06,5.877150030707755e-06,4.94119434154022e-20,-130.15021046792015,130.15021046792003,3.997196783087563e-16,-3.660462396762039e-18,-3.1506702512315467e-18,9.978444170541875e-16,-8.94820680590989e-14,8.947600885770122e-14,-8.036303219377928e-19,-80.88888888888883,80.88888888888859,9.359660333708993e-16,4.0,12.753000000007795,-3.037038216605059e-05,1.5188347975845136e-14,1.6084868179602982,0.2944355555555553,0.29443547564502426,0.0,-0.0003944172444080523,-0.05404180905248973,0.05404180905248973,5.252545140481316e-20,-0.054041809052488385,0.054041809052488385,6.830423247103915e-20,0.0,0.0,6.830423247103915e-20,1.0,1.0,0.0,1.0,1.0,0.0,1.0,1.0,0.0,-0.003640000000000966,0.003640000000000964,1.238519432689376e-20,7.169582886867089e-16,7.176184403381041e-16,-1.458377570360445e-16,-8.948206806854459e-14,8.947600884825552e-14,-8.035591001555996e-19,-80.88888888888891,80.88888888888867,9.351624030489616e-16,0.6755226131561015,-0.6755226131561015,-8.373849649961679e-19
1.7300000000000013,1.4102980369449543e-06,1.4102980369452203e-06,0.11997245063326895,0.9999999999654591,-5.877150030692282e-06,5.877150030691171e-06,5.079857540482887e-20,-130.95909935680908,130.95909935680896,4.091509810064318e-16,3.9906889652348634e-16,3.9934550271770923e-16,-3.8967591868435647e-16,-4.8285478604245495e-15,4.82638952169847e-15,-4.9398985456034775e-20,-80.88888888888893,80.88888888888869,9.50590403625518e-16,4.0,12.752999999988283,-3.0370382166036713e-05,2.545999563984859e-16,1.6084868179602982,0.29443555555555545,0.29443547564502426,0.0,-0.0003944172444081143,-0.05404180905248821,0.05404180905248821,6.670097840000912e-20,-0.05404180905248721,0.05404180905248721,8.374849085624874e-20,0.0,0.0,8.374849085624874e-20,1.0,1.0,0.0,1.0,1.0,0.0,1.0,1.0,0.0,-0.0036400000000000538,0.003640000000000054,-3.3082918400259433e-19,5.67453455806095e-16,5.622514874805035e-16,-5.95177872142814e-16,-4.82854786100505e-15,4.826389521117968e-15,-4.9373615688200796e-20,-80.88888888888893,80.88888888888869,9.50541004640062e-16,0.6755226131561015,-0.6755226131561015,-8.448770017277218e-19
1.7400000000000013,1.4102980369233836e-06,1.410298036923655e-06,0.11997245063326895,0.9999999999654591,-5.877150031026381e-06,5.87715003102524e-06,4.5230199727693663e-20,-131.767988245698,131.7679882456979,4.1873195639288386e-16,-2.7989457633247926e-15,-2.79838304545625e-15,5.16236329939891e-16,-5.032061223415075e-14,5.0314619421354695e-14,-9.934846845567792e-19,-80.88888888888889,80.88888888888864,9.646263804596528e-16,4.0,12.753000000011872,-3.0370382166203247e-05,1.2496280108225642e-14,1.6084868179602982,0.2944355555555554,0.29443547564502426,0.0,-0.0003944172444081354,-0.054041809052489086,0.05404180905248908,5.0450382763775617e-20,-0.05404180905248973,0.05404180905248973,5.252545140481316e-20,0.0,0.0,5.252545140481316e-20,1.0,1.0,0.0,1.0,1.0,0.0,1.0,1.0,0.0,-0.0036400000000005443,0.0036400000000005447,-4.2962019466135304e-19,-3.233778467413092e-15,-3.2386064073907552e-15,-1.2603889063051988e-16,-5.032061224582805e-14,5.031461940967739e-14,-9.934142430998125e-19,-80.88888888888894,80.8888888888887,9.63632895775096e-16,0.6755226131561022,-0.6755226131561021,-8.541638385724706e-19
1.7500000000000013,1.4102980369077406e-06,1.4102980369080146e-06,0.11997245063326895,0.9999999999654591,-5.8771500308669954e-06,5.8771500308658435e-06,4.6355278127078597e-20,-132.57687713458694,132.57687713458682,4.2843958543287336e-16,-2.801862650321334e-15,-2.801412673743447e-15,1.5838407262599048e-16,-1.1150309497384094e-14,1.1146397329400868e-14,-1.6305105624501823e-19,-80.88888888888893,80.88888888888869,9.79226152940373e-16,4.0,12.75299999997747,-3.037038216611998e-05,5.853862778946681e-15,1.6084868179602982,0.29443555555555556,0.29443547564502426,0.0,-0.00039441724440816465,-0.05404180905248834,0.05404180905248834,6.619604365309651e-20,-0.05404180905248821,0.05404180905248821,6.670097840000912e-20,0.0,0.0,6.670097840000912e-20,1.0,1.0,0.0,1.0,1.0,0.0,1.0,1.0,0.0,-0.003640000000000123,0.0036400000000001236,1.1422207141826161e-19,-3.556172010830111e-15,-3.555600592394481e-15,2.4340274906734027e-17,-1.1150309499300375e-14,1.1146397327484586e-14,-1.6300507142615102e-19,-80.88888888888894,80.8888888888887,9.79063101884128e-16,0.6755226131561017,-0.6755226131561017,-8.641370333188355e-19
1.7600000000000013,1.4102980368826318e-06,1.4102980368829085e-06,0.11997245063326895,0.9999999999654591,-5.877150030919094e-06,5.877150030917928e-06,4.5207190427523145e-20,-133.38576602347587,133.38576602347575,4.383069973691955e-16,1.983764243464522e-16,1.979624780066603e-16,-1.4592481600217802e-15,8.577989636766623e-14,-8.577539124529497e-14,6.741148456541487e-19,-80.88888888888901,80.88888888888877,9.92450941334376e-16,4.0,12.753000000028244,-3.0370382166147736e-05,1.4835702920975045e-14,1.6084868179602982,0.29443555555555545,0.29443547564502426,0.0,-0.00039441724440816465,-0.0540418090524866,0.0540418090524866,8.178330308765215e-20,-0.054041809052489086,0.05404180905248908,5.0450382763775617e-20,0.0,0.0,5.0450382763775617e-20,1.0,1.0,0.0,1.0,1.0,0.0,1.0,1.0,0.0,-0.0036399999999990767,0.0036399999999990784,-7.19954721405215e-19,-4.259388747496643e-16,-4.3202279173665205e-16,-5.226893949158085e-16,8.577989637558966e-14,-8.577539123737152e-14,6.740618910010452e-19,-80.88888888888893,80.88888888888869,9.931250561800301e-16,0.6755226131561018,-0.6755226131561018,-8.706154483234685e-19
1.7700000000000014,1.4102980368728174e-06,1.4102980368730948e-06,0.11997245063326895,0.9999999999654591,-5.877150030841808e-06,5.87715003084064e-06,4.534189363282463e-20,-134.1946549123648,134.19465491236468,4.482975159486334e-16,-1.362064546396479e-15,-1.3616838760590301e-15,1.6952561179842462e-16,-2.6241019119813112e-14,2.6236865481051905e-14,-3.014617099999606e-19,-80.88888888888889,80.88888888888864,1.0065016287791843e-15,4.0,12.753000000007958,-3.0370382166106102e-05,6.378418345558803e-15,1.6084868179602982,0.29443555555555534,0.29443547564502426,0.0,-0.00039441724440818834,-0.05404180905248862,0.054041809052488614,6.441239912774969e-20,-0.05404180905248834,0.05404180905248834,6.619604365309651e-20,0.0,0.0,6.619604365309651e-20,1.0,1.0,0.0,1.0,1.0,0.0,1.0,1.0,0.0,-0.0036400000000002845,0.003640000000000283,-4.766470976639894e-19,-1.56336295185057e-15,-1.568424068713081e-15,-2.0765593549008085e-16,-2.6241019123356297e-14,2.623686547750872e-14,-3.0141288684202545e-19,-80.88888888888891,80.88888888888867,1.0062001670691844e-15,0.6755226131561018,-0.6755226131561017,-8.729838738468622e-19
1.7800000000000014,1.4102980368841874e-06,1.4102980368844662e-06,0.11997245063326895,0.9999999999654591,-5.877150030603844e-06,5.877150030602674e-06,4.814075752252674e-20,-135.00354380125373,135.0035438012536,4.584462228155511e-16,2.8150929209512432e-15,2.8151058988953214e-15,-2.0209750384258033e-15,8.468133947112826e-14,-8.467952782915157e-14,1.0072389080378533e-18,-80.88888888888899,80.88888888888874,1.0234713031705227e-15,4.0,12.75299999999263,-3.037038216599508e-05,1.8350419219468398e-14,1.6084868179602982,0.29443555555555523,0.29443547564502426,0.0,-0.0003944172444082734,-0.05404180905248658,0.05404180905248658,8.852342947475057e-20,-0.0540418090524866,0.0540418090524866,8.178330308765215e-20,0.0,0.0,8.178330308765215e-20,1.0,1.0,0.0,1.0,1.0,0.0,1.0,1.0,0.0,-0.0036399999999990884,0.0036399999999990867,-7.746018104826284e-19,2.9893412214565965e-15,2.9782401290657327e-15,-1.2793670455893776e-15,8.468133948296752e-14,-8.46795278173123e-14,1.0072176133154909e-18,-80.8888888888889,80.88888888888866,1.0244785420785606e-15,0.6755226131561013,-0.6755226131561013,-8.79914114125865e-19
1.7900000000000014,1.4102980368965619e-06,1.4102980368968424e-06,0.11997245063326895,0.9999999999654591,-5.877150030701226e-06,5.877150030700046e-06,4.744710271209381e-20,-135.81243269014266,135.81243269014254,4.687741743187495e-16,1.864485783690751e-15,1.864728849767981e-15,-3.1081348337214083e-16,-1.2786836679680652e-14,1.2784681388884664e-14,-3.877988249821394e-20,-80.88888888888889,80.88888888888864,1.0408327794559012e-15,4.0,12.753000000012229,-3.037038216605059e-05,4.674122718517894e-16,1.6084868179602982,0.2944355555555551,0.29443547564502426,0.0,-0.00039441724440833584,-0.05404180905248835,0.05404180905248835,7.006517761403675e-20,-0.05404180905248862,0.054041809052488614,6.441239912774969e-20,0.0,0.0,6.441239912774969e-20,1.0,1.0,0.0,1.0,1.0,0.0,1.0,1.0,0.0,-0.003640000000000138,0.003640000000000138,-1.9961082649838566e-19,2.5228459799102334e-15,2.5231548200638456e-15,-6.027996470986378e-16,-1.2786836680136332e-14,1.2784681388428982e-14,-3.875454855815139e-20,-80.8888888888889,80.88888888888866,1.040793999573403e-15,0.6755226131561015,-0.6755226131561015,-8.845401937375576e-19
1.8000000000000014,1.4102980369334404e-06,1.4102980369337237e-06,0.11997245063326895,0.9999999999654591,-5.87715003043168e-06,5.877150030430497e-06,5.118055984301416e-20,-136.6213215790316,136.62132157903147,4.792564167362594e-16,3.933635204379871e-15,3.933903674429786e-15,-1.2357108384542185e-15,4.0320524129539846e-14,-4.032125534995161e-14,7.041141225870281e-19,-80.88888888888893,80.88888888888869,1.0568856270084305e-15,4.0,12.752999999987784,-3.0370382165911813e-05,1.2405206015452276e-14,1.6084868179602982,0.294435555555555,0.29443547564502426,0.0,-0.0003944172444084281,-0.05404180905248734,0.05404180905248734,8.414334332005653e-20,-0.05404180905248658,0.05404180905248658,8.852342947475057e-20,0.0,0.0,8.852342947475057e-20,1.0,1.0,0.0,1.0,1.0,0.0,1.0,1.0,0.0,-0.0036399999999995646,0.0036399999999995633,-6.990487180567954e-19,4.797476238533743e-15,4.786702110753416e-15,-9.595940503331966e-16,4.032052413781626e-14,-4.0321255341675184e-14,7.041227174739706e-19,-80.88888888888889,80.88888888888864,1.0575897411310174e-15,0.6755226131561008,-0.6755226131561008,-8.933661139186253e-19
1.8100000000000014,1.4102980369603898e-06,1.4102980369606761e-06,0.11997245063326895,0.9999999999654591,-5.877150030637262e-06,5.877150030636066e-06,5.0916716268156496e-20,-137.43021046792052,137.4302104679204,4.899209597511356e-16,3.619609004308446e-15,3.619857784659316e-15,-8.559833830640251e-16,4.176907889584378e-15,-4.178694263283663e-15,4.657296318477793e-19,-80.88888888888889,80.88888888888864,1.0737205967830908e-15,4.0,12.753000000021604,-3.0370382166008958e-05,5.828070067339131e-15,1.6084868179602982,0.294435555555555,0.29443547564502426,0.0,-0.0003944172444084995,-0.05404180905248803,0.05404180905248803,8.055978977505819e-20,-0.05404180905248835,0.05404180905248835,7.006517761403675e-20,0.0,0.0,7.006517761403675e-20,1.0,1.0,0.0,1.0,1.0,0.0,1.0,1.0,0.0,-0.0036399999999999536,0.003639999999999953,9.922972341487128e-20,4.67092406773828e-15,4.671237004585776e-15,-1.0415010078726524e-15,4.176907895058827e-15,-4.1786942578092134e-15,4.657506293559246e-19,-80.88888888888889,80.88888888888864,1.0741863264149387e-15,0.6755226131561013,-0.6755226131561013,-9.02208205022477e-19
1.8200000000000014,1.4102980369915236e-06,1.4102980369918126e-06,0.11997245063326895,0.9999999999654591,-5.877150030611189e-06,5.877150030609983e-06,5.284357588299922e-20,-138.23909935680945,138.23909935680933,5.007378286526545e-16,4.1748733851218707e-16,4.179712624706301e-16,8.140824412759082e-16,-9.036059704794123e-14,9.035593687734626e-14,-7.76393611420418e-19,-80.8888888888888,80.88888888888856,1.0912611733735097e-15,4.0,12.752999999969205,-3.037038216599508e-05,1.4741967985189153e-14,1.6084868179602982,0.29443555555555523,0.29443547564502426,0.0,-0.0003944172444085965,-0.05404180905248973,0.05404180905248973,5.902444364991918e-20,-0.05404180905248734,0.05404180905248734,8.414334332005653e-20,0.0,0.0,8.414334332005653e-20,1.0,1.0,0.0,1.0,1.0,0.0,1.0,1.0,0.0,-0.0036400000000009745,0.0036400000000009736,-3.826764885418076e-19,1.2737837776685262e-15,1.268850710549031e-15,-3.923850167326081e-16,-9.036059705706686e-14,9.035593686822062e-14,-7.763388342698589e-19,-80.88888888888889,80.88888888888864,1.0904847797620893e-15,0.6755226131561013,-0.6755226131561013,-9.124941081935837e-19
1.8300000000000014,1.4102980370050975e-06,1.4102980370053904e-06,0.11997245063326895,0.9999999999654591,-5.877150030703659e-06,5.877150030702436e-06,5.314576219965493e-20,-139.04798824569838,139.04798824569826,5.117327872515368e-16,1.4934905188337706e-15,1.4937534625018858e-15,-8.454591239857989e-16,2.4972572134790205e-14,-2.4974279552147523e-14,4.498546824464499e-19,-80.88888888888893,80.88888888888869,1.1074771032653124e-15,4.0,12.752999999995215,-3.037038216605059e-05,6.350021234661394e-15,1.6084868179602982,0.2944355555555551,0.29443547564502426,0.0,-0.00039441724440865324,-0.05404180905248767,0.05404180905248767,8.198148073799925e-20,-0.05404180905248803,0.05404180905248803,8.055978977505819e-20,0.0,0.0,8.055978977505819e-20,1.0,1.0,0.0,1.0,1.0,0.0,1.0,1.0,0.0,-0.003639999999999732,0.0036399999999997307,1.1914035416621646e-19,1.7422768330106868e-15,1.7426060731091316e-15,-7.079557347370928e-16,2.497257214007805e-14,-2.4974279546859675e-14,4.498747518803047e-19,-80.8888888888889,80.88888888888866,1.1079269579477588e-15,0.6755226131561015,-0.6755226131561015,-9.235512056745393e-19
1.8400000000000014,1.4102980369926525e-06,1.4102980369929466e-06,0.11997245063326895,0.9999999999654591,-5.877150030951452e-06,5.8771500309502215e-06,4.9266103098960625e-20,-139.8568771345873,139.8568771345872,5.228899032645778e-16,-3.645319807928e-15,-3.645309909424223e-15,1.217249900004514e-15,-1.0939515378080738e-13,1.093934944827891e-13,-1.7930310073593203e-18,-80.8888888888888,80.88888888888856,1.1237816799769493e-15,4.0,12.753000000001961,-3.0370382166161614e-05,2.371825937648691e-14,1.6084868179602982,0.2944355555555552,0.29443547564502426,0.0,-0.0003944172444086946,-0.05404180905249012,0.05404180905249012,4.1519728878732225e-20,-0.05404180905248973,0.05404180905248973,5.902444364991918e-20,0.0,0.0,5.902444364991918e-20,1.0,1.0,0.0,1.0,1.0,0.0,1.0,1.0,0.0,-0.003640000000001179,0.0036400000000011783,-8.354295500609055e-19,-3.860068459470326e-15,-3.871145679945329e-15,-1.598467668983695e-16,-1.0939515380188308e-13,1.0939349446171337e-13,-1.7930115032250592e-18,-80.88888888888891,80.88888888888867,1.12198864896959e-15,0.6755226131561018,-0.6755226131561018,-9.224285876399998e-19
1.8500000000000014,1.4102980369751134e-06,1.410298036975409e-06,0.11997245063326895,0.9999999999654591,-5.87715003088228e-06,5.877150030881046e-06,4.849977033239371e-20,-140.66576602347624,140.66576602347612,5.341894147899113e-16,-1.805942459766942e-15,-1.805631124011445e-15,-5.514085596210563e-16,3.278173489364612e-14,-3.2783857371156266e-14,2.6328695198443045e-19,-80.88888888888894,80.8888888888887,1.1379469086639324e-15,4.0,12.752999999987086,-3.0370382166133858e-05,3.0090835913394907e-15,1.6084868179602982,0.29443555555555534,0.29443547564502426,0.0,-0.000394417244408724,-0.05404180905248755,0.05404180905248755,7.86037604946224e-20,-0.05404180905248767,0.05404180905248767,8.198148073799925e-20,0.0,0.0,8.198148073799925e-20,1.0,1.0,0.0,1.0,1.0,0.0,1.0,1.0,0.0,-0.0036399999999996483,0.003639999999999647,-3.4233844212425883e-19,-2.607034399916261e-15,-2.6121948950757995e-15,-1.9020961592756672e-16,3.2781734896741014e-14,-3.2783857368061363e-14,2.633119001856624e-19,-80.88888888888891,80.88888888888867,1.1382101956159167e-15,0.6755226131561017,-0.6755226131561017,-9.23307441986283e-19
1.8600000000000014,1.410298036946569e-06,1.4102980369468688e-06,0.11997245063326895,0.9999999999654591,-5.877150030987094e-06,5.877150030985841e-06,4.710888749777981e-20,-141.47465491236517,141.47465491236505,5.456606482834355e-16,-1.144865552207517e-15,-1.1446475305492111e-15,-6.327009941431332e-16,3.8786122873987967e-14,-3.878763708991792e-14,3.1129553083821176e-19,-80.88888888888894,80.8888888888887,1.154200811805642e-15,4.0,12.753000000019027,-3.037038216617549e-05,4.962743368419973e-15,1.6084868179602982,0.29443555555555523,0.29443547564502426,0.0,-0.0003944172444087219,-0.054041809052487455,0.054041809052487455,8.023080101279454e-20,-0.05404180905249012,0.05404180905249012,4.1519728878732225e-20,0.0,0.0,4.1519728878732225e-20,1.0,1.0,0.0,1.0,1.0,0.0,1.0,1.0,0.0,-0.0036399999999995824,0.003639999999999581,-7.9220753277497e-19,-1.7896072470126536e-15,-1.800435855663879e-15,-2.074656681203654e-16,3.8786122877647126e-14,-3.8787637086258754e-14,3.113133293436979e-19,-80.8888888888889,80.88888888888866,1.1545121073364803e-15,0.675522613156102,-0.675522613156102,-9.32843518221334e-19
1.8700000000000014,1.410298036938607e-06,1.4102980369389082e-06,0.11997245063326895,0.9999999999654591,-5.877150030801724e-06,5.877150030800466e-06,4.863206518435026e-20,-142.2835438012541,142.28354380125398,5.572692394259144e-16,-2.516925155578743e-15,-2.5165957946589718e-15,5.060085469083127e-16,-5.591777291839647e-14,5.591376445969544e-14,-5.698785642333449e-19,-80.88888888888883,80.88888888888859,1.1681827199355032e-15,4.0,12.753000000001846,-3.0370382166092225e-05,1.3047479690498768e-14,1.6084868179602982,0.2944355555555552,0.29443547564502426,0.0,-0.0003944172444087545,-0.05404180905248915,0.05404180905248915,6.487651641384553e-20,-0.05404180905248755,0.05404180905248755,7.86037604946224e-20,0.0,0.0,7.86037604946224e-20,1.0,1.0,0.0,1.0,1.0,0.0,1.0,1.0,0.0,-0.0036400000000006024,0.0036400000000006033,-1.583284973569087e-19,-2.822805609217207e-15,-2.822378294954202e-15,-2.3165946189629037e-16,-5.5917772925094716e-14,5.591376445299719e-14,-5.698314475283942e-19,-80.88888888888889,80.88888888888864,1.16761284137127e-15,0.6755226131561017,-0.6755226131561017,-9.391791321255717e-19
1.8800000000000014,1.410298036940447e-06,1.4102980369407505e-06,0.11997245063326895,0.9999999999654591,-5.877150030703608e-06,5.877150030702345e-06,5.061459715197918e-20,-143.09243269014303,143.0924326901429,5.690373600473125e-16,2.8849095307703537e-15,2.885038706102877e-15,-1.8473928527283868e-15,9.516384617123781e-14,-9.516209623452706e-14,1.3628780776396759e-18,-80.88888888888897,80.88888888888873,1.185441404344116e-15,4.0,12.753000000026416,-3.037038216605059e-05,2.0228038744165062e-14,1.6084868179602982,0.2944355555555551,0.29443547564502426,0.0,-0.0003944172444088092,-0.05404180905248641,0.05404180905248641,1.0023985457870608e-19,-0.054041809052487455,0.054041809052487455,8.023080101279454e-20,0.0,0.0,8.023080101279454e-20,1.0,1.0,0.0,1.0,1.0,0.0,1.0,1.0,0.0,-0.0036399999999989735,0.0036399999999989744,4.0805399457488115e-19,2.98926179994007e-15,2.994953713929495e-15,-8.885845254514228e-16,9.516384618725736e-14,-9.516209621850749e-14,1.36285750817043e-18,-80.88888888888887,80.88888888888863,1.1868042824217555e-15,0.6755226131561015,-0.6755226131561015,-9.46350614764899e-19
1.8900000000000015,1.4102980369559238e-06,1.410298036956229e-06,0.11997245063326895,0.9999999999654591,-5.877150030674837e-06,5.877150030673567e-06,5.129423999113257e-20,-143.90132157903196,143.90132157903184,5.809944569261146e-16,9.880886385377042e-16,9.88336992016872e-16,7.998903772625642e-17,-4.380418771851968e-14,4.3801030636627674e-14,-3.993820699548911e-19,-80.88888888888883,80.88888888888859,1.2051634072075423e-15,4.0,12.753000000005738,-3.0370382166036713e-05,6.0352393979545365e-15,1.6084868179602982,0.294435555555555,0.29443547564502426,0.0,-0.0003944172444088813,-0.05404180905248891,0.05404180905248891,6.901823332731617e-20,-0.05404180905248915,0.05404180905248915,6.487651641384553e-20,0.0,0.0,6.487651641384553e-20,1.0,1.0,0.0,1.0,1.0,0.0,1.0,1.0,0.0,-0.0036400000000004727,0.00364000000000047,1.3998798485580052e-20,1.6415817187100849e-15,1.6419049822576598e-15,-6.003585716729026e-16,-4.380418772321391e-14,4.3801030631933434e-14,-3.993449606119467e-19,-80.88888888888887,80.88888888888863,1.2047640251375873e-15,0.6755226131561015,-0.6755226131561015,-9.525888823313026e-19
1.9000000000000015,1.4102980369875914e-06,1.4102980369878991e-06,0.11997245063326895,0.9999999999654591,-5.877150030505873e-06,5.877150030504603e-06,5.666020864105376e-20,-144.7102104679209,144.71021046792077,5.931203783712165e-16,5.032763214607289e-15,5.033028303776897e-15,-1.692406671018823e-15,9.669385608198985e-14,-9.669120258783178e-14,2.2840237765167476e-18,-80.88888888888896,80.88888888888872,1.2203795827309311e-15,4.0,12.752999999998247,-3.0370382165953447e-05,2.352535980967257e-14,1.6084868179602982,0.2944355555555549,0.29443547564502426,0.0,-0.0003944172444089425,-0.05404180905248634,0.05404180905248634,1.181134201702617e-19,-0.05404180905248641,0.05404180905248641,1.0023985457870608e-19,0.0,0.0,1.0023985457870608e-19,1.0,1.0,0.0,1.0,1.0,0.0,1.0,1.0,0.0,-0.003639999999998957,0.003639999999998955,-1.2213193565497521e-18,5.782049084544581e-15,5.765692621439758e-15,-6.570371715543553e-16,9.669385610883676e-14,-9.669120256098487e-14,2.283992586234881e-18,-80.88888888888886,80.88888888888862,1.2226636065074479e-15,0.675522613156101,-0.675522613156101,-9.625124024120032e-19
1.9100000000000015,1.41029803701688e-06,1.4102980370171906e-06,0.11997245063326895,0.9999999999654591,-5.877150030623568e-06,5.877150030622288e-06,5.772356938420798e-20,-145.51909935680982,145.5190993568097,6.054458979194539e-16,2.678432971273578e-15,2.6787460759540676e-15,-1.0162434095887096e-16,-3.9807867071412e-14,3.9804693960955126e-14,-8.88511838493816e-20,-80.88888888888881,80.88888888888857,1.2418266648774046e-15,4.0,12.753000000010987,-3.0370382166008958e-05,2.9665561450782192e-15,1.6084868179602982,0.29443555555555484,0.29443547564502426,0.0,-0.0003944172444090141,-0.05404180905248882,0.05404180905248882,7.611835509932004e-20,-0.05404180905248891,0.05404180905248891,6.901823332731617e-20,0.0,0.0,6.901823332731617e-20,1.0,1.0,0.0,1.0,1.0,0.0,1.0,1.0,0.0,-0.0036400000000004276,0.003640000000000426,-5.494654287085886e-19,3.804557986999371e-15,3.799408012127488e-15,-7.723769610261741e-16,-3.980786707245616e-14,3.9804693959910965e-14,-8.881388614477119e-20,-80.88888888888886,80.88888888888862,1.2417378136935552e-15,0.6755226131561013,-0.6755226131561013,-9.714709551076114e-19
1.9200000000000015,1.4102980370512697e-06,1.4102980370515829e-06,0.11997245063326895,0.9999999999654591,-5.877150030544801e-06,5.877150030543517e-06,6.166426261796236e-20,-146.32798824569875,146.32798824569863,6.179378220164405e-16,1.698780230349755e-15,1.698854645505299e-15,-9.837401460668547e-17,-4.3164626395821204e-14,4.3162696025633994e-14,-3.8044919071362127e-19,-80.88888888888881,80.88888888888857,1.2598028910403795e-15,4.0,12.75299999998413,-3.0370382165967325e-05,4.921870810868189e-15,1.6084868179602982,0.2944355555555549,0.29443547564502426,0.0,-0.00039441724440908785,-0.05404180905248887,0.05404180905248887,7.167038674029543e-20,-0.05404180905248634,0.05404180905248634,1.181134201702617e-19,0.0,0.0,1.181134201702617e-19,1.0,1.0,0.0,1.0,1.0,0.0,1.0,1.0,0.0,-0.003640000000000465,0.003640000000000462,-2.3039179530369127e-19,2.555918457293442e-15,2.5504720109895537e-15,-8.187622695654636e-16,-4.316462640029298e-14,4.3162696021162206e-14,-3.804265005107592e-19,-80.88888888888886,80.88888888888862,1.2594224418496658e-15,0.6755226131561012,-0.6755226131561012,-9.814809021642576e-19
1.9300000000000015,1.4102980370631061e-06,1.4102980370634197e-06,0.11997245063326895,0.9999999999654591,-5.87715003074482e-06,5.877150030743527e-06,5.938581319711477e-20,-147.13687713458768,147.13687713458756,6.306427261718679e-16,2.529801406460481e-15,2.530064010576644e-15,-9.853186420247088e-16,5.5315762767863035e-14,-5.5315740575639396e-14,1.074098661661161e-18,-80.88888888888893,80.88888888888869,1.2797534789765848e-15,4.0,12.752999999998606,-3.037038216606447e-05,1.2964364206903064e-14,1.6084868179602982,0.2944355555555551,0.29443547564502426,0.0,-0.000394417244409157,-0.054041809052487136,0.054041809052487136,9.803023292232821e-20,-0.05404180905248882,0.05404180905248882,7.611835509932004e-20,0.0,0.0,7.611835509932004e-20,1.0,1.0,0.0,1.0,1.0,0.0,1.0,1.0,0.0,-0.0036399999999994033,0.0036399999999994037,1.0539074473579325e-20,2.843041081635435e-15,2.843356111350085e-15,-3.9550182779249053e-16,5.5315762780488305e-14,-5.531574056301412e-14,1.074098400658847e-18,-80.88888888888887,80.88888888888863,1.2808275776382459e-15,0.6755226131561016,-0.6755226131561016,-9.837057126553414e-19
1.9400000000000015,1.4102980370617166e-06,1.4102980370620331e-06,0.11997245063326895,0.9999999999654591,-5.877150030844122e-06,5.877150030842813e-06,5.840539928912345e-20,-147.9457660234766,147.9457660234765,6.435221378045473e-16,-2.8077300353665193e-15,-2.807367336952079e-15,4.989773463869834e-16,-9.503643101161217e-14,9.50300497254725e-14,-1.466301598220188e-18,-80.88888888888879,80.88888888888854,1.296128847559312e-15,4.0,12.752999999985743,-3.037038216611998e-05,2.0096546665236368e-14,1.6084868179602982,0.294435555555555,0.29443547564502426,0.0,-0.00039441724440921914,-0.05404180905248986,0.054041809052489856,5.301027392362201e-20,-0.05404180905248887,0.05404180905248887,7.167038674029543e-20,0.0,0.0,7.167038674029543e-20,1.0,1.0,0.0,1.0,1.0,0.0,1.0,1.0,0.0,-0.003640000000001022,0.003640000000001024,2.922917493940609e-20,-2.8921514477296386e-15,-2.891665260877789e-15,-8.722282632820883e-16,-9.503643102884708e-14,9.503004970823759e-14,-1.4662265904657845e-18,-80.88888888888889,80.88888888888864,1.2946625459610917e-15,0.6755226131561018,-0.6755226131561017,-9.925462836448173e-19
1.9500000000000015,1.410298037040257e-06,1.4102980370405763e-06,0.11997245063326895,0.9999999999654591,-5.877150030940372e-06,5.877150030939043e-06,5.627500258193109e-20,-148.75465491236554,148.75465491236542,6.56549663506738e-16,-8.72879092462656e-16,-8.726954644248509e-16,-9.704345931335323e-16,7.738053337485526e-14,-7.738031100370312e-14,9.384418635914305e-19,-80.88888888888896,80.88888888888872,1.309626987974786e-15,4.0,12.752999999995623,-3.0370382166161614e-05,1.1896237357624676e-14,1.6084868179602982,0.294435555555555,0.29443547564502426,0.0,-0.0003944172444092678,-0.054041809052486754,0.054041809052486754,9.704190919876369e-20,-0.054041809052487136,0.054041809052487136,9.803023292232821e-20,0.0,0.0,9.803023292232821e-20,1.0,1.0,0.0,1.0,1.0,0.0,1.0,1.0,0.0,-0.003639999999999166,0.003639999999999164,-1.655069060215702e-20,-1.7553079782003652e-15,-1.755089470416336e-15,-1.2751626209766085e-17,7.738053338588597e-14,-7.738031099267241e-14,9.384392496447303e-19,-80.88888888888889,80.88888888888864,1.3105654298383775e-15,0.6755226131561018,-0.6755226131561018,-1.0018744456764742e-18
1.9600000000000015,1.4102980370127134e-06,1.4102980370130346e-06,0.11997245063326895,0.9999999999654591,-5.877150031005769e-06,5.877150031004422e-06,5.3188263231866494e-20,-149.56354380125447,149.56354380125435,6.697558320347349e-16,-2.466657317548843e-15,-2.4663914393461526e-15,-9.166770169351454e-17,-8.570685636567953e-15,8.567324415849328e-15,-5.452008221545712e-19,-80.88888888888887,80.88888888888863,1.3292754602169646e-15,4.0,12.75300000001052,-3.037038216618937e-05,4.9423261934488374e-15,1.6084868179602982,0.294435555555555,0.29443547564502426,0.0,-0.00039441724440928604,-0.05404180905248831,0.05404180905248831,7.081076849203663e-20,-0.05404180905248986,0.054041809052489856,5.301027392362201e-20,0.0,0.0,5.301027392362201e-20,1.0,1.0,0.0,1.0,1.0,0.0,1.0,1.0,0.0,-0.0036400000000000915,0.00364000000000009,-2.272776948511195e-19,-3.1357001015562313e-15,-3.1409051793528103e-15,-2.5626730687288887e-16,-8.570685642976173e-15,8.567324409441107e-15,-5.4516131328236735e-19,-80.88888888888889,80.88888888888864,1.32873025939481e-15,0.675522613156102,-0.675522613156102,-1.0078047911352364e-18
1.9700000000000015,1.4102980370043991e-06,1.410298037004723e-06,0.11997245063326895,0.9999999999654591,-5.877150030755465e-06,5.877150030754111e-06,5.589848814889857e-20,-150.3724326901434,150.37243269014328,6.831145241272849e-16,-1.78590451974581e-15,-1.785577966535609e-15,-6.576910565982622e-17,-1.760551890624371e-14,1.7602149484059156e-14,-2.639380739477769e-19,-80.88888888888884,80.8888888888886,1.3439461647043385e-15,4.0,12.752999999982352,-3.037038216606447e-05,5.512591069541071e-15,1.6084868179602982,0.294435555555555,0.29443547564502426,0.0,-0.0003944172444093123,-0.05404180905248845,0.05404180905248845,7.6680870000386e-20,-0.054041809052486754,0.054041809052486754,9.704190919876369e-20,0.0,0.0,9.704190919876369e-20,1.0,1.0,0.0,1.0,1.0,0.0,1.0,1.0,0.0,-0.003640000000000189,0.0036400000000001882,1.1601800859418145e-19,-2.179905443944876e-15,-2.1794868386742984e-15,-3.721095436065908e-16,-1.7605518909345884e-14,1.7602149480956983e-14,-2.638984687119681e-19,-80.88888888888886,80.88888888888862,1.3436822266303907e-15,0.6755226131561016,-0.6755226131561016,-1.0178969416430748e-18
1.9800000000000015,1.4102980369970824e-06,1.4102980369974092e-06,0.11997245063326895,0.9999999999654591,-5.877150030781862e-06,5.877150030780497e-06,5.56580390229387e-20,-151.18132157903233,151.18132157903221,6.966482451614223e-16,1.6836091151966608e-15,1.6837951207774498e-15,-1.251889251672115e-15,6.626246477961141e-14,-6.626072734563274e-14,9.811262403389757e-19,-80.88888888888891,80.88888888888867,1.363027142685877e-15,4.0,12.753000000017517,-3.0370382166078347e-05,1.3624955810772726e-14,1.6084868179602982,0.2944355555555548,0.29443547564502426,0.0,-0.0003944172444093591,-0.05404180905248695,0.054041809052486935,9.963828234175551e-20,-0.05404180905248831,0.05404180905248831,7.081076849203663e-20,0.0,0.0,7.081076849203663e-20,1.0,1.0,0.0,1.0,1.0,0.0,1.0,1.0,0.0,-0.003639999999999283,0.003639999999999285,-4.3032687853186047e-19,1.662335972162688e-15,1.6569941137281458e-15,-5.777051373702915e-16,6.626246479114374e-14,-6.62607273341004e-14,9.811058178832788e-19,-80.88888888888884,80.8888888888886,1.364008268926216e-15,0.6755226131561017,-0.6755226131561016,-1.0247251251956744e-18
1.9900000000000015,1.4102980370154432e-06,1.410298037015772e-06,0.11997245063326895,0.9999999999654591,-5.877150030610027e-06,5.877150030608664e-06,5.904850122157237e-20,-151.99021046792126,151.99021046792114,7.103831356398608e-16,2.394984255744516e-16,2.3988161513111684e-16,3.7047678066714977e-16,-7.621442019700377e-14,7.620885699265795e-14,-6.175788012738539e-19,-80.88888888888877,80.88888888888853,1.3844488948131435e-15,4.0,12.753000000001776,-3.037038216599508e-05,1.2593238470467751e-14,1.6084868179602982,0.2944355555555549,0.29443547564502426,0.0,-0.00039441724440942227,-0.05404180905248948,0.05404180905248948,7.126453968709807e-20,-0.05404180905248845,0.05404180905248845,7.6680870000386e-20,0.0,0.0,7.6680870000386e-20,1.0,1.0,0.0,1.0,1.0,0.0,1.0,1.0,0.0,-0.0036400000000008192,0.0036400000000008175,7.226891114408389e-20,9.303684715312414e-16,9.308728562708503e-16,-7.41570704784663e-16,-7.621442020426259e-14,7.620885698539913e-14,-6.175134096155541e-19,-80.88888888888884,80.8888888888886,1.3838313160118697e-15,0.6755226131561013,-0.6755226131561013,-1.029761976375343e-18
2.0000000000000013,1.410298037039903e-06,1.4102980370402364e-06,0.11997245063326895,0.9999999999654591,-5.877150030602099e-06,5.877150030600721e-06,6.108356330089347e-20,-152.7990993568102,152.79909935681007,7.243168101934593e-16,4.652462373967463e-15,4.653010415097393e-15,-1.6852180642940761e-15,7.938528782926702e-14,-7.938578164095694e-14,1.4315680350384261e-18,-80.88888888888891,80.88888888888867,1.4022860159065537e-15,4.0,12.753000000021837,-3.037038216599508e-05,2.0050831387387953e-14,1.6084868179602982,0.2944355555555547,0.29443547564502426,0.0,-0.00039441724440950364,-0.05404180905248668,0.05404180905248668,1.0923329996653054e-19,-0.05404180905248695,0.054041809052486935,9.963828234175551e-20,0.0,0.0,9.963828234175551e-20,1.0,1.0,0.0,1.0,1.0,0.0,1.0,1.0,0.0,-0.0036399999999991413,0.003639999999999141,-3.497508242411145e-19,5.419720827079918e-15,5.414831395428217e-15,-9.322398303422717e-16,7.938528784609413e-14,-7.938578162412982e-14,1.431573839251631e-18,-80.88888888888883,80.88888888888859,1.4037175839415921e-15,0.6755226131561013,-0.6755226131561013,-1.0433134416979859e-18
2.0100000000000002,1.4102980370750785e-06,1.4102980370754154e-06,0.11997245063326895,0.9999999999654591,-5.877150030563174e-06,5.877150030561789e-06,6.351649362055802e-20,-153.60798824569912,153.607988245699,7.384560856516963e-16,1.8022393245588043e-15,1.8022497965864696e-15,5.280077024692411e-16,-8.459787752226542e-14,8.459503589691899e-14,-7.783216416837454e-19,-80.88888888888874,80.8888888888885,1.4258335027431053e-15,4.0,12.753000000006379,-3.0370382165981202e-05,1.1806256855755541e-14,1.6084868179602982,0.2944355555555547,0.29443547564502426,0.0,-0.00039441724440958165,-0.05404180905248961,0.05404180905248961,7.018367909085282e-20,-0.05404180905248948,0.05404180905248948,7.126453968709807e-20,0.0,0.0,7.126453968709807e-20,1.0,1.0,0.0,1.0,1.0,0.0,1.0,1.0,0.0,-0.003640000000000909,0.0036400000000009086,-4.1315411427898337e-19,3.0281774586900534e-15,3.0226616122396682e-15,-6.626572248181901e-16,-8.459787753141385e-14,8.459503588777055e-14,-7.782882402594617e-19,-80.88888888888883,80.88888888888859,1.4250551811014216e-15,0.6755226131561012,-0.6755226131561012,-1.052418358014503e-18
2.019999999999999,1.4102980371096447e-06,1.410298037109982e-06,0.11997245063326895,0.9999999999654591,-5.8771500305278375e-06,5.8771500305264535e-06,6.457010778166338e-20,-154.41687713458805,154.41687713458793,7.527952371100668e-16,2.8727627167250263e-15,2.872927691753588e-15,-6.071723842923592e-16,5.078862806136602e-15,-5.079381255627997e-15,2.890914111488698e-19,-80.88888888888883,80.88888888888859,1.4435334328537457e-15,4.0,12.75299999998747,-3.0370382165967325e-05,4.924722360661895e-15,1.6084868179602982,0.2944355555555546,0.29443547564502426,0.0,-0.00039441724440965944,-0.054041809052488,0.05404180905248799,8.954242325139834e-20,-0.05404180905248668,0.05404180905248668,1.0923329996653054e-19,0.0,0.0,1.0923329996653054e-19,1.0,1.0,0.0,1.0,1.0,0.0,1.0,1.0,0.0,-0.0036399999999999423,0.0036399999999999415,-4.147312989488109e-19,3.695338739239407e-15,3.689989591979512e-15,-7.067464733590852e-16,5.078862809534705e-15,-5.0793812522298935e-15,2.890975051198301e-19,-80.88888888888883,80.88888888888859,1.4438225242648946e-15,0.6755226131561012,-0.675522613156101,-1.0542347231339834e-18
2.029999999999998,1.4102980371196085e-06,1.4102980371199488e-06,0.11997245063326895,0.9999999999654591,-5.8771500307833535e-06,5.877150030781951e-06,6.349841574692299e-20,-155.22576602347698,155.22576602347687,7.673417742831703e-16,2.023400671277974e-15,2.0237042148122745e-15,-6.616349793667544e-16,1.5341812163560785e-14,-1.534318027832633e-14,2.6759535803467227e-19,-80.88888888888886,80.88888888888862,1.4651253528811372e-15,4.0,12.753000000018996,-3.0370382166078347e-05,5.465189796256995e-15,1.6084868179602982,0.2944355555555548,0.29443547564502426,0.0,-0.0003944172444097104,-0.054041809052487864,0.054041809052487864,9.002251428148776e-20,-0.05404180905248961,0.05404180905248961,7.018367909085282e-20,0.0,0.0,7.018367909085282e-20,1.0,1.0,0.0,1.0,1.0,0.0,1.0,1.0,0.0,-0.003639999999999833,0.003639999999999831,4.282818716743163e-19,2.5051769580577116e-15,2.5111033244694992e-15,-6.223244045191715e-16,1.5341812166706276e-14,-1.534318027518084e-14,2.676114392292157e-19,-80.88888888888884,80.8888888888886,1.465392948239172e-15,0.6755226131561017,-0.6755226131561017,-1.0650724729607958e-18
2.039999999999997,1.4102980371278698e-06,1.4102980371282127e-06,0.11997245063326895,0.9999999999654591,-5.877150030761103e-06,5.87715003075969e-06,6.368605262667429e-20,-156.0346549123659,156.0346549123658,7.820835262567505e-16,-1.886472653708252e-15,-1.8861562009330214e-15,4.147417857834879e-16,-6.380054532254165e-14,6.379486069211442e-14,-6.938411685513173e-19,-80.88888888888879,80.88888888888854,1.4827947487198644e-15,4.0,12.752999999984112,-3.0370382166078347e-05,1.3493365132057407e-14,1.6084868179602982,0.2944355555555548,0.29443547564502426,0.0,-0.00039441724440976894,-0.05404180905248928,0.05404180905248927,7.328487557434421e-20,-0.054041809052488,0.05404180905248799,8.954242325139834e-20,0.0,0.0,8.954242325139834e-20,1.0,1.0,0.0,1.0,1.0,0.0,1.0,1.0,0.0,-0.003640000000000685,0.003640000000000685,-4.10690311004572e-19,-1.931050013147549e-15,-1.936175874142276e-15,-5.041389502964336e-16,-6.380054533069687e-14,6.379486068395919e-14,-6.937743496038558e-19,-80.88888888888884,80.8888888888886,1.482100907551313e-15,0.6755226131561016,-0.6755226131561016,-1.072175207603349e-18
2.049999999999996,1.4102980371018873e-06,1.4102980371022333e-06,0.11997245063326895,0.9999999999654591,-5.877150031012107e-06,5.877150031010668e-06,6.078463984712289e-20,-156.84354380125484,156.84354380125473,7.96993835222707e-16,-8.073396590845958e-16,-8.070172712011321e-16,-1.0387079938881884e-15,6.526323506180183e-14,-6.526336747365156e-14,5.746077206423514e-19,-80.88888888888891,80.88888888888867,1.4988675507504531e-15,4.0,12.753000000022048,-3.037038216618937e-05,9.932885598683036e-15,1.6084868179602982,0.2944355555555548,0.29443547564502426,0.0,-0.00039441724440980613,-0.05404180905248698,0.05404180905248698,9.709153825150059e-20,-0.054041809052487864,0.054041809052487864,9.002251428148776e-20,0.0,0.0,9.002251428148776e-20,1.0,1.0,0.0,1.0,1.0,0.0,1.0,1.0,0.0,-0.0036399999999992935,0.003639999999999295,-3.0186322055070724e-19,-1.5686241761312688e-15,-1.573787163925907e-15,-3.154503659404477e-16,6.526323506855595e-14,-6.526336746689743e-14,5.746092769717627e-19,-80.88888888888884,80.8888888888886,1.4994421584710954e-15,0.675522613156102,-0.675522613156102,-1.0843574909992284e-18
2.0599999999999947,1.4102980370789215e-06,1.4102980370792711e-06,0.11997245063326895,0.9999999999654591,-5.877150030963914e-06,5.877150030962459e-06,6.049492340694207e-20,-157.65243269014377,157.65243269014366,8.120871582855036e-16,-3.735456988664614e-15,-3.735064926898144e-15,7.047288837636082e-16,-5.642238296787467e-14,5.641581737184528e-14,-7.124440951973957e-19,-80.8888888888888,80.88888888888856,1.519745029178535e-15,4.0,12.753000000006002,-3.037038216617549e-05,1.4856117333117152e-14,1.6084868179602982,0.2944355555555549,0.29443547564502426,0.0,-0.0003944172444098179,-0.05404180905248917,0.05404180905248916,7.472357031170788e-20,-0.05404180905248928,0.05404180905248927,7.328487557434421e-20,0.0,0.0,7.328487557434421e-20,1.0,1.0,0.0,1.0,1.0,0.0,1.0,1.0,0.0,-0.003640000000000605,0.0036400000000006076,-3.1397896310219675e-19,-4.4031519630795515e-15,-4.408179983162573e-15,9.137274476089354e-18,-5.64223829762485e-14,5.641581736347145e-14,-7.123669211133139e-19,-80.88888888888886,80.88888888888862,1.5190325850833377e-15,0.675522613156102,-0.6755226131561018,-1.0943445503157625e-18
2.0699999999999936,1.4102980370691001e-06,1.410298037069453e-06,0.11997245063326895,0.9999999999654591,-5.8771500307643655e-06,5.877150030762902e-06,6.323083447245356e-20,-158.4613215790327,158.46132157903259,8.273591908362884e-16,-6.497259039041148e-16,-6.494290433467912e-16,-5.994069416060561e-16,3.435760661564378e-14,-3.4358620286003314e-14,3.2997979790319722e-19,-80.88888888888887,80.88888888888863,1.5360065113309793e-15,4.0,12.75299999998684,-3.0370382166078347e-05,4.9115231609374926e-15,1.6084868179602982,0.2944355555555548,0.29443547564502426,0.0,-0.0003944172444098377,-0.05404180905248751,0.05404180905248751,9.437575729658697e-20,-0.05404180905248698,0.05404180905248698,9.709153825150059e-20,0.0,0.0,9.709153825150059e-20,1.0,1.0,0.0,1.0,1.0,0.0,1.0,1.0,0.0,-0.0036399999999996275,0.003639999999999628,-4.8729829680077e-19,-1.1211502132522692e-15,-1.1263369415430141e-15,-2.208030793505243e-16,3.4357606619522534e-14,-3.435862028212456e-14,3.299917128432756e-19,-80.88888888888884,80.8888888888886,1.5363364911288825e-15,0.6755226131561016,-0.6755226131561016,-1.1054515116791177e-18
2.0799999999999925,1.410298037057196e-06,1.4102980370575515e-06,0.11997245063326895,0.9999999999654591,-5.877150030833655e-06,5.877150030832176e-06,6.204629841527998e-20,-159.27021046792163,159.27021046792152,8.428190759914536e-16,6.919072781358239e-16,6.924416044857454e-16,-9.440621266926303e-16,3.505353132152725e-14,-3.5056529892119546e-14,9.542312026487783e-19,-80.88888888888886,80.88888888888862,1.5553634117621796e-15,4.0,12.75300000001716,-3.0370382166106102e-05,6.927397509077137e-15,1.6084868179602982,0.29443555555555456,0.29443547564502426,0.0,-0.00039441724440986663,-0.05404180905248751,0.05404180905248751,1.0628098486707243e-19,-0.05404180905248917,0.05404180905248916,7.472357031170788e-20,0.0,0.0,7.472357031170788e-20,1.0,1.0,0.0,1.0,1.0,0.0,1.0,1.0,0.0,-0.0036399999999996184,0.003639999999999619,-1.648351580007696e-19,6.220042155064461e-16,6.171183804152388e-16,-6.609859182317654e-16,3.505353133274377e-14,-3.5056529880903016e-14,9.542664486155387e-19,-80.88888888888883,80.88888888888859,1.5563176429648284e-15,0.6755226131561017,-0.6755226131561017,-1.1138102902424304e-18
2.0899999999999914,1.410298037077426e-06,1.4102980370777877e-06,0.11997245063326895,0.9999999999654591,-5.877150030551646e-06,5.877150030550154e-06,6.947294162118352e-20,-160.07909935681056,160.07909935681045,8.58476304814309e-16,8.823549533823643e-16,8.825284188177199e-16,-7.859631909129301e-17,-3.222116562905881e-14,3.221873653744408e-14,-2.6011356058414256e-19,-80.88888888888879,80.88888888888854,1.5783504339274284e-15,4.0,12.752999999976405,-3.0370382165967325e-05,4.2193826328645715e-15,1.6084868179602982,0.29443555555555456,0.29443547564502426,0.0,-0.00039441724440995217,-0.054041809052488676,0.054041809052488676,8.616317924726857e-20,-0.05404180905248751,0.05404180905248751,9.437575729658697e-20,0.0,0.0,9.437575729658697e-20,1.0,1.0,0.0,1.0,1.0,0.0,1.0,1.0,0.0,-0.0036400000000003448,0.003640000000000343,4.511305708851796e-19,1.405390640454718e-15,1.4111692797617768e-15,-6.304712926343167e-16,-3.222116563211609e-14,3.221873653438679e-14,-2.6008500827658607e-19,-80.88888888888881,80.88888888888857,1.5780903203668443e-15,0.6755226131561012,-0.6755226131561012,-1.1355652917222891e-18
2.0999999999999903,1.4102980370931353e-06,1.410298037093498e-06,0.11997245063326895,0.9999999999654591,-5.877150030664258e-06,5.877150030662759e-06,6.824328384183844e-20,-160.8879882456995,160.88798824569938,8.743657435298332e-16,3.521169632353212e-15,3.5215155952565444e-15,-1.1924357449449072e-15,5.015667823932916e-14,-5.015669440639584e-14,9.536273966842066e-19,-80.88888888888886,80.88888888888862,1.5982427961070762e-15,4.0,12.753000000017742,-3.0370382166022836e-05,1.3490987175251411e-14,1.6084868179602982,0.29443555555555456,0.29443547564502426,0.0,-0.0003944172444100104,-0.05404180905248721,0.05404180905248721,1.0822957377757501e-19,-0.05404180905248751,0.05404180905248751,1.0628098486707243e-19,0.0,0.0,1.0628098486707243e-19,1.0,1.0,0.0,1.0,1.0,0.0,1.0,1.0,0.0,-0.0036399999999994557,0.003639999999999454,-1.1039372560353796e-18,4.1905283990880864e-15,4.174290216489861e-15,-7.565583742189621e-16,5.015667825053838e-14,-5.015669439518661e-14,9.536275865851531e-19,-80.8888888888888,80.88888888888856,1.5991964235037603e-15,0.6755226131561014,-0.6755226131561014,-1.138303507965741e-18
2.109999999999989,1.410298037131379e-06,1.410298037131746e-06,0.11997245063326895,0.9999999999654591,-5.877150030466584e-06,5.8771500304650825e-06,7.291729116346671e-20,-161.69687713458842,161.6968771345883,8.904641103125253e-16,2.065904054900202e-15,2.0661727976473e-15,4.146596966528311e-16,-7.526991791266768e-14,7.526599182231753e-14,-6.372070378370689e-19,-80.88888888888873,80.88888888888849,1.6242518457590084e-15,4.0,12.75299999997412,-3.037038216592569e-05,9.85025984645189e-15,1.6084868179602982,0.29443555555555445,0.29443547564502426,0.0,-0.0003944172444100873,-0.05404180905248943,0.05404180905248942,8.046961558926664e-20,-0.054041809052488676,0.054041809052488676,8.616317924726857e-20,0.0,0.0,8.616317924726857e-20,1.0,1.0,0.0,1.0,1.0,0.0,1.0,1.0,0.0,-0.003640000000000807,0.0036400000000008062,-2.997238403398467e-20,3.2921480585866725e-15,3.29250193527571e-15,-6.707648592304429e-16,-7.526991792015734e-14,7.526599181482787e-14,-6.371608893052158e-19,-80.8888888888888,80.88888888888856,1.6236146387211714e-15,0.675522613156101,-0.6755226131561008,-1.1492417783791735e-18
2.119999999999988,1.4102980371634389e-06,1.4102980371638086e-06,0.11997245063326895,0.9999999999654591,-5.877150030552623e-06,5.877150030551113e-06,7.395305413293558e-20,-162.50576602347735,162.50576602347724,9.068008802499738e-16,4.267300145544515e-15,4.267642074744066e-15,-1.4765082246592173e-15,5.14173159606193e-14,-5.141672672941842e-14,1.1800496363022297e-18,-80.88888888888884,80.8888888888886,1.6425844554996406e-15,4.0,12.752999999993527,-3.0370382165967325e-05,1.476007203266041e-14,1.6084868179602982,0.29443555555555434,0.29443547564502426,0.0,-0.0003944172444101755,-0.05404180905248717,0.05404180905248717,1.1380862142445976e-19,-0.05404180905248721,0.05404180905248721,1.0822957377757501e-19,0.0,0.0,1.0822957377757501e-19,1.0,1.0,0.0,1.0,1.0,0.0,1.0,1.0,0.0,-0.003639999999999441,0.0036399999999994397,-3.679941888106141e-19,5.142418185937798e-15,5.137272614512347e-15,-1.1023445556137618e-15,5.141731597448991e-14,-5.14167267155478e-14,1.1800427101390046e-18,-80.88888888888879,80.88888888888854,1.643764505135943e-15,0.6755226131561012,-0.6755226131561012,-1.1570965996377453e-18
2.129999999999987,1.4102980371788934e-06,1.4102980371792638e-06,0.11997245063326895,0.9999999999654591,-5.877150030774549e-06,5.877150030773033e-06,7.28922629784948e-20,-163.31465491236628,163.31465491236617,9.233513653207314e-16,1.082440454608868e-15,1.0824455987741148e-15,2.6053399534804928e-17,-3.772750031566052e-14,3.7726365421676205e-14,-3.087069108738196e-19,-80.88888888888877,80.88888888888853,1.6667019470920736e-15,4.0,12.753000000011895,-3.0370382166078347e-05,4.871007531381972e-15,1.6084868179602982,0.29443555555555445,0.29443547564502426,0.0,-0.0003944172444102449,-0.05404180905248882,0.05404180905248881,8.712028820268909e-20,-0.05404180905248943,0.05404180905248942,8.046961558926664e-20,0.0,0.0,8.046961558926664e-20,1.0,1.0,0.0,1.0,1.0,0.0,1.0,1.0,0.0,-0.003640000000000403,0.003640000000000402,-3.454144340333337e-19,1.7117582874244178e-15,1.7062224182547063e-15,-5.653176739452026e-16,-3.772750031928908e-14,3.7726365418047647e-14,-3.086935709468526e-19,-80.88888888888881,80.88888888888857,1.6663932401811998e-15,0.6755226131561017,-0.6755226131561016,-1.158462657480223e-18
2.139999999999986,1.4102980371926194e-06,1.410298037192992e-06,0.11997245063326895,0.9999999999654591,-5.877150030713335e-06,5.877150030711812e-06,7.414167626081847e-20,-164.1235438012552,164.1235438012551,9.401204357823002e-16,-7.015424643155759e-16,-7.010839260681962e-16,9.154612430205548e-18,-3.4691192456881795e-14,3.468670009747527e-14,-2.952823986469482e-19,-80.88888888888879,80.88888888888854,1.6866152903537935e-15,4.0,12.752999999986473,-3.037038216605059e-05,6.878109471183381e-15,1.6084868179602982,0.2944355555555547,0.29443547564502426,0.0,-0.00039441724441030546,-0.05404180905248875,0.054041809052488746,8.792477462261487e-20,-0.05404180905248717,0.05404180905248717,1.1380862142445976e-19,0.0,0.0,1.1380862142445976e-19,1.0,1.0,0.0,1.0,1.0,0.0,1.0,1.0,0.0,-0.003640000000000371,0.0036400000000003717,1.2545549669024202e-19,-6.309740282185936e-16,-6.303878727887773e-16,-5.561501927941373e-16,-3.4691192460352316e-14,3.4686700094004745e-14,-2.9522959406581036e-19,-80.88888888888881,80.88888888888857,1.6863200079551465e-15,0.6755226131561016,-0.6755226131561015,-1.1654982224782492e-18
2.149999999999985,1.4102980371676063e-06,1.4102980371679845e-06,0.11997245063326895,0.9999999999654591,-5.8771500310539415e-06,5.877150031052387e-06,7.050956153876034e-20,-164.93243269014414,164.93243269014403,9.570803479535567e-16,-1.7905889421289155e-15,-1.7903959231765094e-15,-3.4751743669627177e-16,7.310235563940754e-15,-7.31184460085606e-15,-2.296601986900349e-20,-80.88888888888883,80.88888888888859,1.70486405254176e-15,4.0,12.753000000016861,-3.0370382166217125e-05,1.291571042351432e-15,1.6084868179602982,0.29443555555555456,0.29443547564502426,0.0,-0.00039441724441034823,-0.054041809052488045,0.054041809052488045,9.395846943239871e-20,-0.05404180905248882,0.05404180905248881,8.712028820268909e-20,0.0,0.0,8.712028820268909e-20,1.0,1.0,0.0,1.0,1.0,0.0,1.0,1.0,0.0,-0.003639999999999917,0.0036399999999999163,-4.559898844103115e-19,-2.3792853530291175e-15,-2.384591962658077e-15,-3.4896111464860196e-16,7.310235563670915e-15,-7.311844601125897e-15,-2.2947106763094835e-20,-80.88888888888881,80.88888888888857,1.704841086521891e-15,0.6755226131561022,-0.6755226131561022,-1.1796482223755096e-18
2.1599999999999837,1.4102980371498434e-06,1.4102980371502239e-06,0.11997245063326895,0.9999999999654591,-5.877150030905458e-06,5.877150030903897e-06,7.171333761197818e-20,-165.74132157903307,165.74132157903296,9.742306667073062e-16,-3.758513282325553e-15,-3.757643068898219e-15,7.046679357634784e-16,-5.5694821144194437e-14,5.5686319539660364e-14,-5.025617086254348e-19,-80.88888888888877,80.88888888888853,1.7265802448793241e-15,4.0,12.752999999976325,-3.0370382166147736e-05,1.4764754528313642e-14,1.6084868179602982,0.2944355555555547,0.29443547564502426,0.0,-0.0003944172444103666,-0.05404180905248915,0.05404180905248914,8.593223779650872e-20,-0.05404180905248875,0.054041809052488746,8.792477462261487e-20,0.0,0.0,8.792477462261487e-20,1.0,1.0,0.0,1.0,1.0,0.0,1.0,1.0,0.0,-0.0036400000000005963,0.0036400000000005976,-6.518998793944994e-19,-4.436655323039095e-15,-4.4466451459887345e-15,2.5723714059055216e-17,-5.5694821150101105e-14,5.568631953375368e-14,-5.024617781454761e-19,-80.88888888888883,80.88888888888859,1.7260776831706987e-15,0.6755226131561018,-0.6755226131561017,-1.1872293568970817e-18
2.1699999999999826,1.4102980371321867e-06,1.4102980371325694e-06,0.11997245063326895,0.9999999999654591,-5.8771500308291915e-06,5.877150030827623e-06,7.20131806700634e-20,-166.550210467922,166.5502104679219,9.91590558629572e-16,3.03729477920398e-16,3.033257774599194e-16,-1.3023124895619373e-15,8.78633478198564e-14,-8.785829968706017e-14,6.817158375600439e-19,-80.8888888888889,80.88888888888866,1.7450593708628775e-15,4.0,12.752999999993904,-3.0370382166106102e-05,1.5338192818330475e-14,1.6084868179602982,0.29443555555555456,0.29443547564502426,0.0,-0.000394417244410378,-0.05404180905248656,0.05404180905248656,1.0766109180042683e-19,-0.054041809052488045,0.054041809052488045,9.395846943239871e-20,0.0,0.0,9.395846943239871e-20,1.0,1.0,0.0,1.0,1.0,0.0,1.0,1.0,0.0,-0.003639999999999049,0.0036399999999990502,-7.506701269883309e-19,-2.995248727762272e-16,-3.111519620629591e-16,-2.889974992744434e-16,8.786334782786914e-14,-8.785829967904742e-14,6.8165650019849525e-19,-80.88888888888881,80.88888888888857,1.7457410867004375e-15,0.6755226131561017,-0.6755226131561017,-1.1923775840543256e-18
2.1799999999999815,1.4102980371186886e-06,1.4102980371190757e-06,0.11997245063326895,0.9999999999654591,-5.877150030853562e-06,5.877150030851973e-06,7.178698878391034e-20,-167.35909935681093,167.35909935681082,1.0091459473351898e-15,-3.5611164671828128e-16,-3.558555867308955e-16,-4.3554564708093396e-16,4.516012609438676e-15,-4.5178168327657506e-15,7.041117883506912e-20,-80.8888888888888,80.88888888888856,1.7664330627000843e-15,4.0,12.753000000011658,-3.037038216611998e-05,2.6303295144072844e-16,1.6084868179602982,0.2944355555555544,0.29443547564502426,0.0,-0.000394417244410413,-0.05404180905248806,0.05404180905248806,9.77148011888501e-20,-0.05404180905248915,0.05404180905248914,8.593223779650872e-20,0.0,0.0,8.593223779650872e-20,1.0,1.0,0.0,1.0,1.0,0.0,1.0,1.0,0.0,-0.003639999999999946,0.0036399999999999467,6.888055434034366e-20,-5.078848873875354e-16,-5.075632919230823e-16,-4.957527076676689e-16,4.516012610266434e-15,-4.517816831937991e-15,7.043238620771922e-20,-80.8888888888888,80.88888888888856,1.7665034738789194e-15,0.6755226131561017,-0.6755226131561017,-1.2055924996227357e-18
2.1899999999999804,1.4102980371373507e-06,1.4102980371377333e-06,0.11997245063326895,0.9999999999654591,-5.877150030551932e-06,5.877150030550372e-06,7.470232837864268e-20,-168.16798824569986,168.16798824569975,1.0269227713191597e-15,1.893740531481441e-15,1.893493995983325e-15,-8.757395348366414e-16,2.6041299232579323e-14,-2.60383982939495e-14,3.848548765328791e-19,-80.88888888888881,80.88888888888857,1.7893619325030063e-15,4.0,12.752999999987589,-3.0370382165967325e-05,7.0966461313895364e-15,1.6084868179602982,0.29443555555555423,0.29443547564502426,0.0,-0.00039441724441047703,-0.05404180905248762,0.05404180905248762,1.022708045620688e-19,-0.05404180905248656,0.05404180905248656,1.0766109180042683e-19,0.0,0.0,1.0766109180042683e-19,1.0,1.0,0.0,1.0,1.0,0.0,1.0,1.0,0.0,-0.003639999999999712,0.0036399999999997155,2.1852646217971326e-19,2.25847300464468e-15,2.2581538747256542e-15,-7.190595256196366e-16,2.604129923710282e-14,-2.6038398289425998e-14,3.848207779766748e-19,-80.88888888888879,80.88888888888854,1.789746787379539e-15,0.6755226131561012,-0.6755226131561012,-1.1917927098059622e-18
2.1999999999999793,1.410298037149248e-06,1.4102980371496333e-06,0.11997245063326895,0.9999999999654591,-5.877150030700531e-06,5.877150030698957e-06,7.474666056072798e-20,-168.9768771345888,168.97687713458868,1.044931528048797e-15,2.734582340357533e-15,2.7344596889373794e-15,-6.608271598336562e-16,1.831459718936801e-14,-1.8312479232361546e-14,4.872533878130827e-19,-80.8888888888888,80.88888888888856,1.811524964210166e-15,4.0,12.753000000012085,-3.037038216605059e-05,6.974833130846945e-15,1.6084868179602982,0.29443555555555434,0.29443547564502426,0.0,-0.0003944172444105414,-0.05404180905248779,0.05404180905248779,1.0483149098489543e-19,-0.05404180905248806,0.05404180905248806,9.77148011888501e-20,0.0,0.0,9.77148011888501e-20,1.0,1.0,0.0,1.0,1.0,0.0,1.0,1.0,0.0,-0.003639999999999799,0.003639999999999795,-5.783963355287948e-19,3.407005225224345e-15,3.4012902220151488e-15,-5.603729779180754e-16,1.8314597195095184e-14,-1.8312479226634366e-14,4.872284926436495e-19,-80.88888888888879,80.88888888888854,1.812012217597979e-15,0.6755226131561015,-0.6755226131561015,-1.2007616250532493e-18
2.209999999999978,1.4102980371896706e-06,1.410298037190051e-06,0.11997245063326895,0.9999999999654591,-5.877150030426485e-06,5.877150030424943e-06,7.89802603497651e-20,-169.78576602347772,169.7857660234776,1.0631558925775514e-15,3.0249816335567808e-15,3.0248722873188887e-15,-3.23813813344292e-16,-1.7570262237856123e-14,1.7570738160074485e-14,2.4685965867788455e-19,-80.88888888888876,80.88888888888852,1.8346936392278487e-15,4.0,12.752999999984738,-3.0370382165911813e-05,1.296464143797397e-15,1.6084868179602982,0.29443555555555434,0.29443547564502426,0.0,-0.00039441724441059456,-0.054041809052488385,0.054041809052488385,9.943655962038824e-20,-0.05404180905248762,0.05404180905248762,1.022708045620688e-19,0.0,0.0,1.022708045620688e-19,1.0,1.0,0.0,1.0,1.0,0.0,1.0,1.0,0.0,-0.003640000000000184,0.003640000000000184,8.725521536586606e-20,4.075853505827154e-15,4.0757185755660015e-15,-7.114698670216761e-16,-1.757026223495449e-14,1.7570738162976114e-14,2.4685406451116323e-19,-80.88888888888877,80.88888888888853,1.8349404988865265e-15,0.6755226131561008,-0.6755226131561008,-1.187413572052329e-18
2.219999999999977,1.4102980372167899e-06,1.4102980372171725e-06,0.11997245063326895,0.9999999999654591,-5.877150030612831e-06,5.877150030611276e-06,7.90506827337749e-20,-170.59465491236665,170.59465491236654,1.0816171800717628e-15,4.3059052116937955e-15,4.305915557995268e-15,-1.105709065435791e-15,5.0428930383766766e-14,-5.042602182435661e-14,6.424530561349273e-19,-80.88888888888881,80.88888888888857,1.856111622870564e-15,4.0,12.753000000019695,-3.0370382166008958e-05,1.464643001845004e-14,1.6084868179602982,0.2944355555555543,0.29443547564502426,0.0,-0.0003944172444106703,-0.0540418090524872,0.0540418090524872,1.0725167902392573e-19,-0.05404180905248779,0.05404180905248779,1.0483149098489543e-19,0.0,0.0,1.0483149098489543e-19,1.0,1.0,0.0,1.0,1.0,0.0,1.0,1.0,0.0,-0.00363999999999945,0.0036399999999994514,5.550342512486739e-21,5.1966696658952255e-15,5.196658879494395e-15,-6.3895451533932165e-16,5.042893039131815e-14,-5.0426021816805226e-14,6.424188679662688e-19,-80.88888888888876,80.88888888888852,1.856754075926699e-15,0.6755226131561013,-0.6755226131561013,-1.196094050168713e-18
2.229999999999976,1.4102980372397813e-06,1.4102980372401663e-06,0.11997245063326895,0.9999999999654591,-5.877150030711289e-06,5.877150030709722e-06,7.94400887426297e-20,-171.40354380125558,171.40354380125547,1.1002982722130632e-15,2.3378416228574017e-16,2.342928699968877e-16,3.9606192149726955e-16,-9.157263223109307e-14,9.156482015539377e-14,-5.229545445477425e-19,-80.88888888888869,80.88888888888845,1.8804122173775117e-15,4.0,12.753000000004763,-3.037038216605059e-05,1.5207146565273833e-14,1.6084868179602982,0.29443555555555434,0.29443547564502426,0.0,-0.0003944172444107478,-0.05404180905248977,0.05404180905248977,8.696656443981494e-20,-0.054041809052488385,0.054041809052488385,9.943655962038824e-20,0.0,0.0,9.943655962038824e-20,1.0,1.0,0.0,1.0,1.0,0.0,1.0,1.0,0.0,-0.0036400000000009836,0.0036400000000009814,-6.363519445609891e-19,1.046357638816343e-15,1.0359283056347833e-15,-9.63230118601243e-16,-9.157263223723949e-14,9.156482014924733e-14,-5.228627189939073e-19,-80.88888888888877,80.88888888888853,1.879889262832964e-15,0.6755226131561015,-0.6755226131561015,-1.2047468280209286e-18
2.239999999999975,1.4102980372549237e-06,1.410298037255311e-06,0.11997245063326895,0.9999999999654591,-5.877150030694068e-06,5.877150030692494e-06,7.969989121931066e-20,-172.2124326901445,172.2124326901444,1.1192129528033724e-15,3.947180983702744e-16,3.9487326343779996e-16,-3.912909272423008e-16,-4.824890170588963e-15,4.823472825218221e-15,-5.3159899963534294e-20,-80.88888888888879,80.88888888888854,1.9021441017509953e-15,4.0,12.752999999993525,-3.0370382166036713e-05,2.602809890007374e-16,1.6084868179602982,0.2944355555555544,0.29443547564502426,0.0,-0.0003944172444108015,-0.05404180905248821,0.05404180905248821,9.586202571322832e-20,-0.0540418090524872,0.0540418090524872,1.0725167902392573e-19,0.0,0.0,1.0725167902392573e-19,1.0,1.0,0.0,1.0,1.0,0.0,1.0,1.0,0.0,-0.0036400000000000477,0.003640000000000047,-8.033182769966733e-19,5.622091234407189e-16,5.513044142346462e-16,-5.914032658152087e-16,-4.824890171213722e-15,4.823472824593461e-15,-5.314324005342696e-20,-80.88888888888879,80.88888888888854,1.9020909418510317e-15,0.6755226131561015,-0.6755226131561015,-1.2102362989071491e-18
2.249999999999974,1.4102980372347239e-06,1.410298037235114e-06,0.11997245063326895,0.9999999999654591,-5.877150031035233e-06,5.877150031033632e-06,7.719275967061785e-20,-173.02132157903344,173.02132157903333,1.138337996344124e-15,-2.668856370968343e-15,-2.6685164042765105e-15,8.203647239704979e-17,-5.1604606183459593e-14,5.1599294887118236e-14,-2.8886536601734373e-19,-80.88888888888874,80.8888888888885,1.9223959246645702e-15,4.0,12.75300000000594,-3.0370382166203247e-05,1.2530331590520852e-14,1.6084868179602982,0.29443555555555434,0.29443547564502426,0.0,-0.0003944172444108854,-0.054041809052489106,0.054041809052489106,9.268319858685165e-20,-0.05404180905248977,0.05404180905248977,8.696656443981494e-20,0.0,0.0,8.696656443981494e-20,1.0,1.0,0.0,1.0,1.0,0.0,1.0,1.0,0.0,-0.0036400000000005503,0.00364000000000055,-3.278217768992752e-19,-3.056291685142831e-15,-3.061392295809731e-15,-7.146812779334495e-16,-5.160460618685463e-14,5.159929488372319e-14,-2.888029354066855e-19,-80.8888888888888,80.88888888888856,1.922107059298553e-15,0.6755226131561022,-0.6755226131561022,-1.223534689689548e-18
2.2599999999999727,1.410298037218903e-06,1.4102980372192965e-06,0.11997245063326895,0.9999999999654591,-5.87715003087462e-06,5.877150030873013e-06,7.891715019896871e-20,-173.83021046792237,173.83021046792226,1.1576613746589181e-15,-2.764444627986089e-15,-2.7641438968899657e-15,-1.6563007530456846e-17,-1.162536273558885e-14,1.1621664539605557e-14,-3.3332463834096315e-19,-80.88888888888879,80.88888888888854,1.943899671266765e-15,4.0,12.752999999987189,-3.0370382166133858e-05,5.8817082421544606e-15,1.6084868179602982,0.2944355555555544,0.29443547564502426,0.0,-0.0003944172444109039,-0.05404180905248835,0.05404180905248835,9.254158731457716e-20,-0.05404180905248821,0.05404180905248821,9.586202571322832e-20,0.0,0.0,9.586202571322832e-20,1.0,1.0,0.0,1.0,1.0,0.0,1.0,1.0,0.0,-0.0036400000000001206,0.00364000000000012,-1.556768805621988e-19,-3.5019170807093134e-15,-3.5015266212660832e-15,-2.0695940849005216e-16,-1.1625362739506592e-14,1.1621664535687815e-14,-3.332811685896739e-19,-80.8888888888888,80.88888888888856,1.943566346628424e-15,0.6755226131561017,-0.6755226131561017,-1.2317678850589312e-18
2.2699999999999716,1.4102980371934308e-06,1.4102980371938272e-06,0.11997245063326895,0.9999999999654591,-5.877150030925716e-06,5.877150030924091e-06,7.773808923467114e-20,-174.6390993568113,174.6390993568112,1.177205794541032e-15,-1.1406221323630504e-16,-1.138107105046944e-16,-1.2184459435765615e-15,8.887516469293547e-14,-8.887303771487466e-14,1.1468273074315038e-18,-80.88888888888887,80.88888888888863,1.963362421697521e-15,4.0,12.753000000020567,-3.0370382166147736e-05,1.491976794632597e-14,1.6084868179602982,0.29443555555555434,0.29443547564502426,0.0,-0.0003944172444109308,-0.054041809052486546,0.054041809052486546,1.1993296720196326e-19,-0.054041809052489106,0.054041809052489106,9.268319858685165e-20,0.0,0.0,9.268319858685165e-20,1.0,1.0,0.0,1.0,1.0,0.0,1.0,1.0,0.0,-0.003639999999999039,0.0036399999999990364,1.316705992606724e-19,-8.645038415916253e-16,-8.642192169393961e-16,-1.6343741738589938e-16,8.887516470641547e-14,-8.887303770139465e-14,1.1468023061349917e-18,-80.88888888888879,80.88888888888854,1.9645092490049523e-15,0.6755226131561018,-0.6755226131561018,-1.2411259458524524e-18
2.2799999999999705,1.4102980371820382e-06,1.4102980371824361e-06,0.11997245063326895,0.9999999999654591,-5.877150030841851e-06,5.877150030840223e-06,7.849032982880158e-20,-175.44798824570023,175.44798824570012,1.1969533764375624e-15,-1.372992186171604e-15,-1.3728358798987465e-15,-5.62094039330918e-17,-2.638829059410592e-14,2.638549491053381e-14,-3.855111347180368e-19,-80.88888888888874,80.8888888888885,1.9864802149970878e-15,4.0,12.753000000005272,-3.0370382166106102e-05,6.419149230420419e-15,1.6084868179602982,0.2944355555555543,0.29443547564502426,0.0,-0.0003944172444109631,-0.05404180905248862,0.054041809052488614,9.263818627623932e-20,-0.05404180905248835,0.05404180905248835,9.254158731457716e-20,0.0,0.0,9.254158731457716e-20,1.0,1.0,0.0,1.0,1.0,0.0,1.0,1.0,0.0,-0.003640000000000279,0.00364000000000028,-2.9142985194867146e-19,-1.5752870773727687e-15,-1.5806281353143555e-15,-4.948222864814936e-16,-2.6388290598637136e-14,2.638549490600259e-14,-3.854782733612761e-19,-80.88888888888877,80.88888888888853,1.9860947038623697e-15,0.6755226131561018,-0.6755226131561017,-1.24471733376455e-18
2.2899999999999694,1.410298037193217e-06,1.4102980371936184e-06,0.11997245063326895,0.9999999999654591,-5.877150030601268e-06,5.877150030599639e-06,8.237726314845109e-20,-176.25687713458916,176.25687713458905,1.2169309781580526e-15,2.793339775911916e-15,2.7937845678678046e-15,-1.4536608670059028e-15,8.55508133918729e-14,-8.554892557940688e-14,1.4206481816469913e-18,-80.88888888888884,80.8888888888886,2.009476943658536e-15,4.0,12.752999999994952,-3.037038216599508e-05,1.8467562345553246e-14,1.6084868179602982,0.2944355555555542,0.29443547564502426,0.0,-0.0003944172444110123,-0.05404180905248657,0.05404180905248657,1.2575892514811788e-19,-0.054041809052486546,0.054041809052486546,1.1993296720196326e-19,0.0,0.0,1.1993296720196326e-19,1.0,1.0,0.0,1.0,1.0,0.0,1.0,1.0,0.0,-0.0036399999999990732,0.0036399999999990706,7.389975301751567e-20,2.95073128418058e-15,2.9512499220620603e-15,-5.220945305587133e-16,8.555081340857148e-14,-8.554892556270829e-14,1.420625991536804e-18,-80.88888888888876,80.88888888888852,2.010897591840183e-15,0.6755226131561013,-0.6755226131561013,-1.2523407234809003e-18
2.2999999999999683,1.4102980372058615e-06,1.4102980372062644e-06,0.11997245063326895,0.9999999999654591,-5.877150030700135e-06,5.8771500306984986e-06,8.220176433115588e-20,-177.0657660234781,177.06576602347798,1.2371598061164537e-15,2.005096854524782e-15,2.0053031278682536e-15,-4.512910998806475e-16,-1.3972292349844672e-14,1.3970708927746939e-14,-2.964320627461261e-21,-80.88888888888874,80.8888888888885,2.0347424465731054e-15,4.0,12.7530000000109,-3.037038216605059e-05,4.650387799103935e-16,1.6084868179602982,0.2944355555555542,0.29443547564502426,0.0,-0.00039441724441108283,-0.05404180905248837,0.05404180905248837,1.0053808522702604e-19,-0.05404180905248862,0.054041809052488614,9.263818627623932e-20,0.0,0.0,9.263818627623932e-20,1.0,1.0,0.0,1.0,1.0,0.0,1.0,1.0,0.0,-0.0036400000000001444,0.0036400000000001453,-9.710851975926263e-19,2.7232718396640646e-15,2.7124297603730312e-15,-8.017341692440034e-16,-1.3972292349879405e-14,1.3970708927712204e-14,-2.9457086086374596e-21,-80.88888888888876,80.88888888888852,2.034739482252478e-15,0.6755226131561015,-0.6755226131561015,-1.2573930374790041e-18
2.309999999999967,1.4102980372454156e-06,1.4102980372458232e-06,0.11997245063326895,0.9999999999654591,-5.877150030439251e-06,5.877150030437616e-06,8.652397791962652e-20,-177.87465491236702,177.8746549123669,1.2576178173680882e-15,4.134040573614317e-15,4.134560603825855e-15,-1.0856811312205172e-15,3.9126796944119866e-14,-3.91277396337503e-14,8.552839257494709e-19,-80.88888888888879,80.88888888888854,2.058223096781247e-15,4.0,12.752999999989415,-3.0370382165911813e-05,1.2486284518818743e-14,1.6084868179602982,0.294435555555554,0.29443547564502426,0.0,-0.0003944172444111634,-0.054041809052487365,0.05404180905248736,1.1654520959242623e-19,-0.05404180905248657,0.05404180905248657,1.2575892514811788e-19,0.0,0.0,1.2575892514811788e-19,1.0,1.0,0.0,1.0,1.0,0.0,1.0,1.0,0.0,-0.0036399999999995715,0.0036399999999995707,-3.144819608828948e-19,5.0641640765081615e-15,5.059244459254438e-15,-7.890104817359547e-16,3.912679695417319e-14,-3.912773962369697e-14,8.552950062882097e-19,-80.88888888888874,80.8888888888885,2.0590783807069967e-15,0.6755226131561008,-0.6755226131561008,-1.264376236611697e-18
2.319999999999966,1.410298037271695e-06,1.4102980372721075e-06,0.11997245063326895,0.9999999999654591,-5.877150030642278e-06,5.8771500306406225e-06,8.668561048192096e-20,-178.68354380125595,178.68354380125584,1.2783341503887239e-15,3.5211913016898814e-15,3.521671136034576e-15,-6.684678976499333e-16,5.1596811220478664e-15,-5.162201840929843e-15,4.637001192182133e-19,-80.88888888888874,80.8888888888885,2.0825844860855487e-15,4.0,12.753000000017433,-3.0370382166022836e-05,5.855874763122374e-15,1.6084868179602982,0.29443555555555395,0.29443547564502426,0.0,-0.0003944172444112357,-0.05404180905248802,0.05404180905248802,1.105906577176375e-19,-0.05404180905248837,0.05404180905248837,1.0053808522702604e-19,0.0,0.0,1.0053808522702604e-19,1.0,1.0,0.0,1.0,1.0,0.0,1.0,1.0,0.0,-0.003639999999999938,0.003639999999999936,5.434868258890782e-20,4.5338525434740815e-15,4.534448638475705e-15,-7.852737529109824e-16,5.15968112749851e-15,-5.162201835479197e-15,4.637297484402717e-19,-80.88888888888874,80.8888888888885,2.083048186204767e-15,0.6755226131561013,-0.6755226131561013,-1.2780506946463707e-18
2.329999999999965,1.4102980373024406e-06,1.4102980373028573e-06,0.11997245063326895,0.9999999999654591,-5.8771500306138825e-06,5.877150030612214e-06,8.839637950192548e-20,-179.49243269014488,179.49243269014477,1.2992748091233044e-15,4.0646012235517286e-16,4.066337951342847e-16,5.122480505855459e-16,-9.068277666446772e-14,9.06768070605149e-14,-8.751902636458432e-19,-80.88888888888866,80.88888888888842,2.107142099057176e-15,4.0,12.75299999997878,-3.0370382166008958e-05,1.4812341175776486e-14,1.6084868179602982,0.2944355555555541,0.29443547564502426,0.0,-0.0003944172444113143,-0.05404180905248974,0.05404180905248974,8.74622798267585e-20,-0.054041809052487365,0.05404180905248736,1.1654520959242623e-19,0.0,0.0,1.1654520959242623e-19,1.0,1.0,0.0,1.0,1.0,0.0,1.0,1.0,0.0,-0.003640000000000971,0.003640000000000971,6.301105057723661e-20,1.257567018746943e-15,1.2578230951077125e-15,-7.965674035614447e-16,-9.068277667475454e-14,9.067680705022805e-14,-8.751200950091206e-19,-80.88888888888874,80.8888888888885,2.1062669087935303e-15,0.6755226131561013,-0.6755226131561013,-1.290196307154796e-18
2.339999999999964,1.4102980373159844e-06,1.4102980373164048e-06,0.11997245063326895,0.9999999999654591,-5.877150030706399e-06,5.877150030704714e-06,8.824511586274697e-20,-180.3013215790338,180.3013215790337,1.320464126662586e-15,1.4929856664869754e-15,1.4932740848678762e-15,-7.149248252000517e-16,2.5153886777032475e-14,-2.5154625744764975e-14,5.059583305265195e-19,-80.88888888888879,80.88888888888854,2.1303081096145543e-15,4.0,12.752999999996957,-3.037038216605059e-05,6.380019216388811e-15,1.6084868179602982,0.2944355555555542,0.29443547564502426,0.0,-0.00039441724441137475,-0.05404180905248767,0.05404180905248767,1.1315773024312054e-19,-0.05404180905248802,0.05404180905248802,1.105906577176375e-19,0.0,0.0,1.105906577176375e-19,1.0,1.0,0.0,1.0,1.0,0.0,1.0,1.0,0.0,-0.0036399999999997233,0.0036399999999997225,2.244849103030032e-19,1.7402284121314057e-15,1.7405801291025786e-15,-5.255101662023305e-16,2.5153886782979707e-14,-2.5154625738817736e-14,5.059670165051624e-19,-80.88888888888876,80.88888888888852,2.130814067945081e-15,0.6755226131561015,-0.6755226131561015,-1.3006310036705399e-18
2.349999999999963,1.4102980373041975e-06,1.4102980373046155e-06,0.11997245063326895,0.9999999999654591,-5.877150030942155e-06,5.877150030940467e-06,8.659225403044947e-20,-181.11021046792274,181.11021046792263,1.3418803613564993e-15,-2.943855124749513e-15,-2.9443505509878307e-15,4.821685737900178e-16,-8.348806719933131e-14,8.348696421364956e-14,-8.074057765663716e-19,-80.88888888888869,80.88888888888845,2.152649408666754e-15,4.0,12.753000000005795,-3.0370382166161614e-05,1.8330431583611746e-14,1.6084868179602982,0.29443555555555423,0.29443547564502426,0.0,-0.0003944172444114399,-0.054041809052489655,0.054041809052489655,8.946646785024725e-20,-0.05404180905248974,0.05404180905248974,8.74622798267585e-20,0.0,0.0,8.74622798267585e-20,1.0,1.0,0.0,1.0,1.0,0.0,1.0,1.0,0.0,-0.0036400000000008934,0.0036400000000008956,-2.938559318624369e-19,-3.1589473563249083e-15,-3.1650842525554378e-15,-7.075289426850058e-16,-8.348806720882172e-14,8.348696420415914e-14,-8.073928116304323e-19,-80.88888888888877,80.88888888888853,2.151842002890188e-15,0.6755226131561018,-0.6755226131561018,-1.2999971478555242e-18
2.3599999999999617,1.4102980372921989e-06,1.4102980372926188e-06,0.11997245063326895,0.9999999999654591,-5.877150030846591e-06,5.877150030844894e-06,8.663843673669252e-20,-181.91909935681167,181.91909935681156,1.3635076482917118e-15,-1.8459582484417714e-15,-1.845668372196914e-15,-2.484216071710447e-16,1.2659325378382253e-14,-1.2661261053558493e-14,1.5697496254616026e-19,-80.88888888888879,80.88888888888854,2.173524109544425e-15,4.0,12.752999999990703,-3.037038216611998e-05,4.621244849127233e-16,1.6084868179602982,0.29443555555555434,0.29443547564502426,0.0,-0.0003944172444114707,-0.05404180905248791,0.05404180905248791,1.0735631765868858e-19,-0.05404180905248767,0.05404180905248767,1.1315773024312054e-19,0.0,0.0,1.1315773024312054e-19,1.0,1.0,0.0,1.0,1.0,0.0,1.0,1.0,0.0,-0.0036399999999998586,0.0036399999999998595,-3.2979059395704906e-19,-2.4996254438817664e-15,-2.5048133259106377e-15,-1.2893239368071368e-16,1.2659325380227517e-14,-1.2661261051713226e-14,1.5699771503135771e-19,-80.88888888888877,80.88888888888853,2.173681084506971e-15,0.6755226131561017,-0.6755226131561017,-1.3066346041607213e-18
2.3699999999999606,1.4102980372543854e-06,1.4102980372548053e-06,0.11997245063326895,0.9999999999654591,-5.87715003111112e-06,5.877150031109415e-06,8.620716128352656e-20,-182.7279882457006,182.7279882457005,1.3853548124803075e-15,-3.955200869076636e-15,-3.9552493934935256e-15,4.099799528934445e-16,-3.999401558131806e-14,3.9993149853027813e-14,-4.0056224513179094e-20,-80.88888888888874,80.8888888888885,2.1954522646706314e-15,4.0,12.753000000010655,-3.037038216624488e-05,1.2379969762628646e-14,1.6084868179602982,0.29443555555555434,0.29443547564502426,0.0,-0.0003944172444114784,-0.054041809052488905,0.054041809052488905,1.0411461764467622e-19,-0.054041809052489655,0.054041809052489655,8.946646785024725e-20,0.0,0.0,8.946646785024725e-20,1.0,1.0,0.0,1.0,1.0,0.0,1.0,1.0,0.0,-0.0036400000000004254,0.0036400000000004267,-2.1151065033254682e-19,-4.820428744435797e-15,-4.826031308085569e-15,-9.858997055181244e-17,-3.999401558178883e-14,3.999314985255704e-14,-4.004604847768558e-20,-80.88888888888879,80.88888888888854,2.1954122084461183e-15,0.6755226131561023,-0.6755226131561023,-1.310445371073918e-18
2.3799999999999595,1.4102980372294325e-06,1.410298037229854e-06,0.11997245063326895,0.9999999999654591,-5.877150030914408e-06,5.8771500309127005e-06,8.738736981542062e-20,-183.53687713458953,183.53687713458942,1.4074145702270991e-15,-3.5012273707235065e-15,-3.5011103436615426e-15,1.1272278572982537e-16,-4.9938946798713205e-15,4.992228916726473e-15,6.244189867410414e-20,-80.88888888888879,80.88888888888854,2.2175134078652692e-15,4.0,12.752999999981295,-3.0370382166147736e-05,5.798664501290674e-15,1.6084868179602982,0.2944355555555544,0.29443547564502426,0.0,-0.00039441724441149244,-0.05404180905248824,0.05404180905248824,1.0632721080062943e-19,-0.05404180905248791,0.05404180905248791,1.0735631765868858e-19,0.0,0.0,1.0735631765868858e-19,1.0,1.0,0.0,1.0,1.0,0.0,1.0,1.0,0.0,-0.0036400000000000494,0.003640000000000047,9.089352446576498e-20,-4.5112557155544215e-15,-4.511102055329725e-15,6.293185890927861e-17,-4.993894679137244e-15,4.992228917460548e-15,6.246147854529568e-20,-80.88888888888879,80.88888888888854,2.2175758497639432e-15,0.6755226131561018,-0.6755226131561018,-1.3150407078061943e-18
2.3899999999999584,1.4102980371992715e-06,1.4102980371996953e-06,0.11997245063326895,0.9999999999654591,-5.877150030943955e-06,5.877150030942237e-06,8.757803950972862e-20,-184.34576602347846,184.34576602347835,1.429706756996101e-15,-1.2947181835229896e-16,-1.2897840396660478e-16,-1.3166491112272967e-15,8.748165021129868e-14,-8.748359453671826e-14,4.015414338580249e-19,-80.88888888888887,80.88888888888863,2.240558525283103e-15,4.0,12.753000000024961,-3.0370382166161614e-05,1.4662011736540685e-14,1.6084868179602982,0.29443555555555434,0.29443547564502426,0.0,-0.0003944172444114888,-0.054041809052486574,0.054041809052486574,1.1301074349061486e-19,-0.054041809052488905,0.054041809052488905,1.0411461764467622e-19,0.0,0.0,1.0411461764467622e-19,1.0,1.0,0.0,1.0,1.0,0.0,1.0,1.0,0.0,-0.003639999999999053,0.003639999999999052,-4.1309086587212433e-19,-8.663289231199086e-16,-8.712725152011791e-16,-3.047678542342184e-16,8.748165021601864e-14,-8.748359453199828e-14,4.0156428798724586e-19,-80.88888888888879,80.88888888888854,2.240960066716961e-15,0.6755226131561018,-0.6755226131561018,-1.3222874710146301e-18
2.3999999999999573,1.4102980371863323e-06,1.4102980371867577e-06,0.11997245063326895,0.9999999999654591,-5.877150030854074e-06,5.877150030852348e-06,8.80469184281287e-20,-185.1546549123674,185.15465491236728,1.452231817044506e-15,-1.629689536392146e-15,-1.6297291302466079e-15,1.8254468857956076e-16,-2.3592263900108648e-14,2.359165586877922e-14,-1.3169574609240805e-19,-80.88888888888874,80.8888888888885,2.2646539730653252e-15,4.0,12.753000000006393,-3.037038216611998e-05,6.3080328792977185e-15,1.6084868179602982,0.2944355555555541,0.29443547564502426,0.0,-0.0003944172444115074,-0.054041809052488565,0.054041809052488565,1.0391626308023059e-19,-0.05404180905248824,0.05404180905248824,1.0632721080062943e-19,0.0,0.0,1.0632721080062943e-19,1.0,1.0,0.0,1.0,1.0,0.0,1.0,1.0,0.0,-0.003640000000000248,0.0036400000000002476,9.482933038554549e-20,-1.9334298687317775e-15,-1.933472454072608e-15,-1.3227218686163838e-16,-2.3592263901656598e-14,2.359165586723127e-14,-1.3168859909160117e-19,-80.88888888888877,80.88888888888853,2.264522277319233e-15,0.6755226131561017,-0.6755226131561017,-1.3285848313736742e-18
2.409999999999956,1.4102980371975394e-06,1.4102980371979656e-06,0.11997245063326895,0.9999999999654591,-5.877150030603108e-06,5.877150030601387e-06,8.837504238200258e-20,-185.96354380125632,185.9635438012562,1.4750005937950305e-15,3.5413224012551283e-15,3.5415486968013094e-15,-1.9280206365605243e-15,1.0933556949653894e-13,-1.0933364276670164e-13,2.2774468755922783e-19,-80.88888888888887,80.88888888888863,2.289119589149864e-15,4.0,12.752999999998085,-3.037038216599508e-05,2.3561132346319016e-14,1.6084868179602982,0.29443555555555423,0.29443547564502426,0.0,-0.00039441724441155224,-0.05404180905248614,0.05404180905248614,1.1018271058055638e-19,-0.054041809052486574,0.054041809052486574,1.1301074349061486e-19,0.0,0.0,1.1301074349061486e-19,1.0,1.0,0.0,1.0,1.0,0.0,1.0,1.0,0.0,-0.003639999999998814,0.0036399999999988156,-3.175373635644889e-19,3.741301539862128e-15,3.7360067211873835e-15,-7.552278174993541e-16,1.0933556949921577e-13,-1.0933364276402479e-13,2.277220401674943e-19,-80.88888888888876,80.88888888888852,2.289347333837423e-15,0.6755226131561013,-0.6755226131561013,-1.3260413275561282e-18
2.419999999999955,1.4102980372150924e-06,1.410298037215522e-06,0.11997245063326895,0.9999999999654591,-5.877150030672484e-06,5.87715003067075e-06,8.812628096530717e-20,-186.77243269014525,186.77243269014514,1.498015810248495e-15,1.8295886829615827e-15,1.829864033272641e-15,-1.5096555258622043e-16,-3.286901982590663e-14,3.286641282790789e-14,-8.250146907990595e-20,-80.88888888888873,80.88888888888849,2.3134951984929403e-15,4.0,12.753000000010635,-3.0370382166036713e-05,2.9896378811986487e-15,1.6084868179602982,0.2944355555555541,0.29443547564502426,0.0,-0.0003944172444116269,-0.054041809052488704,0.054041809052488704,1.0524586883253243e-19,-0.054041809052488565,0.054041809052488565,1.0391626308023059e-19,0.0,0.0,1.0391626308023059e-19,1.0,1.0,0.0,1.0,1.0,0.0,1.0,1.0,0.0,-0.0036400000000003487,0.003640000000000347,5.143117696973612e-19,2.6416213813829657e-15,2.647523851106326e-15,-7.26730916672547e-16,-3.28690198268762e-14,3.286641282693832e-14,-8.247082563188574e-20,-80.88888888888876,80.88888888888852,2.3134126970238603e-15,0.6755226131561014,-0.6755226131561014,-1.3341361909496343e-18
2.429999999999954,1.4102980372434746e-06,1.4102980372439053e-06,0.11997245063326895,0.9999999999654591,-5.8771500305683824e-06,5.87715003056665e-06,8.838177709428367e-20,-187.58132157903418,187.58132157903407,1.5212670066383552e-15,1.1706943107711564e-15,1.1709135276145817e-15,3.136397535023617e-17,-3.8843414022143407e-14,3.8840249236403616e-14,-1.0467515472493516e-19,-80.88888888888873,80.88888888888849,2.3371047369532634e-15,4.0,12.75299999998185,-3.0370382165981202e-05,4.935231457502935e-15,1.6084868179602982,0.2944355555555543,0.29443547564502426,0.0,-0.0003944172444116881,-0.054041809052488794,0.054041809052488794,1.047791281673062e-19,-0.05404180905248614,0.05404180905248614,1.1018271058055638e-19,0.0,0.0,1.1018271058055638e-19,1.0,1.0,0.0,1.0,1.0,0.0,1.0,1.0,0.0,-0.003640000000000415,0.0036400000000004116,1.4706109039705975e-19,1.832124866416796e-15,1.8324133460871106e-15,-5.7057848047215265e-16,-3.884341402337357e-14,3.884024923517345e-14,-1.0463795486939405e-19,-80.88888888888877,80.88888888888853,2.3370000617985385e-15,0.6755226131561012,-0.6755226131561012,-1.3332910119044378e-18
2.439999999999953,1.4102980372517389e-06,1.410298037252172e-06,0.11997245063326895,0.9999999999654591,-5.877150030754111e-06,5.877150030752363e-06,8.834467714438794e-20,-188.3902104679231,188.390210467923,1.5447562681104846e-15,2.4901586045067052e-15,2.4902074983323247e-15,-1.241307836359557e-15,5.570384539202309e-14,-5.570206286532893e-14,3.978462181121384e-19,-80.88888888888884,80.8888888888886,2.3604493520354e-15,4.0,12.752999999998227,-3.037038216606447e-05,1.2973781431011676e-14,1.6084868179602982,0.29443555555555445,0.29443547564502426,0.0,-0.00039441724441174924,-0.05404180905248713,0.05404180905248713,1.1470615931928313e-19,-0.054041809052488704,0.054041809052488704,1.0524586883253243e-19,0.0,0.0,1.0524586883253243e-19,1.0,1.0,0.0,1.0,1.0,0.0,1.0,1.0,0.0,-0.003639999999999395,0.003639999999999395,1.247667088289319e-19,2.7923793069760437e-15,2.7924235733551764e-15,-7.270499048482538e-16,5.570384539669937e-14,-5.5702062860652643e-14,3.9782526570373517e-19,-80.88888888888879,80.88888888888854,2.3608471982535123e-15,0.6755226131561016,-0.6755226131561016,-1.344311592415808e-18
2.4499999999999518,1.410298037250105e-06,1.4102980372505412e-06,0.11997245063326895,0.9999999999654591,-5.877150030852547e-06,5.8771500308507815e-06,8.832244338824987e-20,-189.19909935681204,189.19909935681193,1.568479382098338e-15,-2.8169684338918752e-15,-2.8163963281158176e-15,8.636909867864492e-16,-9.507796952366665e-14,9.506955556557004e-14,-4.067786944848733e-19,-80.8888888888887,80.88888888888846,2.384173445535289e-15,4.0,12.752999999979297,-3.037038216611998e-05,2.0116280537297947e-14,1.6084868179602982,0.29443555555555434,0.29443547564502426,0.0,-0.0003944172444118042,-0.054041809052489856,0.054041809052489856,1.0112217415828423e-19,-0.054041809052488794,0.054041809052488794,1.047791281673062e-19,0.0,0.0,1.047791281673062e-19,1.0,1.0,0.0,1.0,1.0,0.0,1.0,1.0,0.0,-0.0036400000000010205,0.0036400000000010196,-8.629558725958324e-19,-2.8973704678025336e-15,-2.9077187258998198e-15,-3.9887876986299775e-16,-9.507796952844746e-14,9.506955556078923e-14,-4.0667979424083627e-19,-80.8888888888888,80.88888888888856,2.383766666840804e-15,0.6755226131561017,-0.6755226131561017,-1.3555523832376493e-18
2.4599999999999507,1.4102980372275336e-06,1.4102980372279745e-06,0.11997245063326895,0.9999999999654591,-5.877150030944222e-06,5.877150030942434e-06,8.916336483813188e-20,-190.00798824570097,190.00798824570086,1.5924313380412973e-15,-1.0929618583167223e-15,-1.0927501912978507e-15,-9.697884480163513e-16,7.932303130278698e-14,-7.932201210109333e-14,7.8392486032603e-19,-80.88888888888887,80.88888888888863,2.4063648824315752e-15,4.0,12.752999999994755,-3.0370382166161614e-05,1.1914559512131317e-14,1.6084868179602982,0.29443555555555434,0.29443547564502426,0.0,-0.0003944172444118216,-0.05404180905248672,0.05404180905248672,1.2387162508372158e-19,-0.05404180905248713,0.05404180905248713,1.1470615931928313e-19,0.0,0.0,1.1470615931928313e-19,1.0,1.0,0.0,1.0,1.0,0.0,1.0,1.0,0.0,-0.0036399999999991396,0.003639999999999139,-2.9046104685511635e-19,-2.046042977918394e-15,-2.0513483218139237e-15,-9.382710862885711e-19,7.932303131200139e-14,-7.932201209187892e-14,7.839128802154735e-19,-80.88888888888879,80.88888888888854,2.407148807291901e-15,0.6755226131561018,-0.6755226131561018,-1.3720122199731628e-18
2.4699999999999496,1.4102980371987629e-06,1.410298037199206e-06,0.11997245063326895,0.9999999999654591,-5.877150031004859e-06,5.8771500310030535e-06,8.827891239021676e-20,-190.8168771345899,190.8168771345898,1.6166283182389906e-15,-2.508277580860231e-15,-2.5080348060584744e-15,-1.270741227506627e-16,-8.284764027659881e-15,8.281640535826858e-15,-1.3092030304067713e-19,-80.88888888888879,80.88888888888854,2.431764258838054e-15,4.0,12.75300000000965,-3.037038216618937e-05,4.952635398980662e-15,1.6084868179602982,0.2944355555555545,0.29443547564502426,0.0,-0.000394417244411846,-0.0540418090524883,0.0540418090524883,1.0827419849922439e-19,-0.054041809052489856,0.054041809052489856,1.0112217415828423e-19,0.0,0.0,1.0112217415828423e-19,1.0,1.0,0.0,1.0,1.0,0.0,1.0,1.0,0.0,-0.0036400000000000854,0.003640000000000084,-6.62457238213796e-19,-3.1879297586249556e-15,-3.1987157235123196e-15,-2.8966320116204657e-16,-8.284764029198542e-15,8.281640534288198e-15,-1.308835885623733e-19,-80.8888888888888,80.88888888888856,2.4316333385350133e-15,0.675522613156102,-0.675522613156102,-1.382884549424457e-18
2.4799999999999485,1.4102980371907053e-06,1.410298037191151e-06,0.11997245063326895,0.9999999999654591,-5.877150030755341e-06,5.877150030753534e-06,9.071955588232756e-20,-191.62576602347883,191.62576602347872,1.6410583809193134e-15,-1.6564588128932546e-15,-1.6562619985847899e-15,5.5337108280371967e-17,-1.8765835625738017e-14,1.8762625607800718e-14,-2.654950189447783e-19,-80.88888888888876,80.88888888888852,2.4557360397375387e-15,4.0,12.752999999980757,-3.037038216606447e-05,5.526522398374034e-15,1.6084868179602982,0.29443555555555423,0.29443547564502426,0.0,-0.0003944172444118644,-0.05404180905248847,0.05404180905248847,1.063231701867226e-19,-0.05404180905248672,0.05404180905248672,1.2387162508372158e-19,0.0,0.0,1.2387162508372158e-19,1.0,1.0,0.0,1.0,1.0,0.0,1.0,1.0,0.0,-0.0036400000000001943,0.003640000000000198,9.522649813140109e-20,-1.9986336545490974e-15,-1.998371912205206e-15,-2.333418113836107e-16,-1.87658356288585e-14,1.8762625604680227e-14,-2.654572873941278e-19,-80.88888888888877,80.88888888888853,2.455470544718594e-15,0.6755226131561016,-0.6755226131561016,-1.3887760065966077e-18
2.4899999999999474,1.410298037183855e-06,1.410298037184302e-06,0.11997245063326895,0.9999999999654591,-5.877150030783659e-06,5.877150030781843e-06,9.097871560559571e-20,-192.43465491236776,192.43465491236765,1.6657449182836444e-15,1.5605066965285744e-15,1.5606781323673559e-15,-1.354024137689396e-15,6.752457516904993e-14,-6.752187267882217e-14,1.086565787680691e-18,-80.88888888888883,80.88888888888859,2.4813384613572944e-15,4.0,12.75300000001984,-3.0370382166078347e-05,1.3664951062664613e-14,1.6084868179602982,0.2944355555555542,0.29443547564502426,0.0,-0.00039441724441190737,-0.05404180905248693,0.05404180905248693,1.3111048661285007e-19,-0.0540418090524883,0.0540418090524883,1.0827419849922439e-19,0.0,0.0,1.0827419849922439e-19,1.0,1.0,0.0,1.0,1.0,0.0,1.0,1.0,0.0,-0.003639999999999266,0.003639999999999265,-2.5248512848340575e-19,1.4934217347850896e-15,1.4880546892283358e-15,-6.789510444702095e-16,6.752457518182156e-14,-6.752187266605052e-14,1.0865340216497628e-18,-80.88888888888876,80.88888888888852,2.4824250271449752e-15,0.6755226131561017,-0.6755226131561017,-1.3944037804324707e-18
2.4999999999999463,1.4102980372013275e-06,1.4102980372017747e-06,0.11997245063326895,0.9999999999654591,-5.877150030607569e-06,5.877150030605762e-06,9.371715763134462e-20,-193.2435438012567,193.24354380125658,1.690698096867112e-15,3.418716699524567e-16,3.417323137503473e-16,4.671054378902553e-16,-7.734042086125126e-14,7.733743389346966e-14,-1.1544140532285102e-18,-80.88888888888869,80.88888888888845,2.5101786877879582e-15,4.0,12.753000000001977,-3.037038216599508e-05,1.2640159506735712e-14,1.6084868179602982,0.2944355555555543,0.29443547564502426,0.0,-0.0003944172444119778,-0.0540418090524895,0.0540418090524895,9.06801367348781e-20,-0.05404180905248847,0.05404180905248847,1.063231701867226e-19,0.0,0.0,1.063231701867226e-19,1.0,1.0,0.0,1.0,1.0,0.0,1.0,1.0,0.0,-0.003640000000000829,0.0036400000000008266,6.248550285469467e-20,1.067795926172641e-15,1.0676526387522388e-15,-6.463816240933482e-16,-7.734042087482038e-14,7.733743387990053e-14,-1.1543789433537146e-18,-80.88888888888876,80.88888888888852,2.5090242737347297e-15,0.6755226131561013,-0.6755226131561013,-1.393244871162391e-18
2.509999999999945,1.4102980372255692e-06,1.4102980372260198e-06,0.11997245063326895,0.9999999999654591,-5.877150030598186e-06,5.877150030596368e-06,9.493366095089408e-20,-194.05243269014562,194.0524326901455,1.7159155268242973e-15,4.506464638871193e-15,4.507304240571768e-15,-1.835299507553396e-15,8.109341443684811e-14,-8.109520029906248e-14,1.6409873304271313e-18,-80.88888888888883,80.88888888888859,2.5333073036491063e-15,4.0,12.753000000024448,-3.037038216599508e-05,2.0134556163268947e-14,1.6084868179602982,0.29443555555555406,0.29443547564502426,0.0,-0.0003944172444120621,-0.05404180905248665,0.05404180905248665,1.4179497037361657e-19,-0.05404180905248693,0.05404180905248693,1.3111048661285007e-19,0.0,0.0,1.3111048661285007e-19,1.0,1.0,0.0,1.0,1.0,0.0,1.0,1.0,0.0,-0.0036399999999991196,0.0036399999999991183,3.2780924856320418e-19,5.2086438794330964e-15,5.209665753869812e-15,-1.0973290965607031e-15,8.109341445613688e-14,-8.109520027977368e-14,1.641008321761036e-18,-80.88888888888874,80.8888888888885,2.5349482909795335e-15,0.6755226131561013,-0.6755226131561013,-1.4032149803241026e-18
2.519999999999944,1.4102980372602041e-06,1.410298037260659e-06,0.11997245063326895,0.9999999999654591,-5.8771500305564045e-06,5.877150030554578e-06,9.826716386444934e-20,-194.86132157903455,194.86132157903444,1.741398674779741e-15,1.894509587906672e-15,1.8943657469489345e-15,6.346486051875422e-16,-8.57096344899837e-14,8.570773853653917e-14,-6.785570086629187e-19,-80.88888888888866,80.88888888888842,2.563594767410171e-15,4.0,12.753000000006772,-3.0370382165981202e-05,1.1864608322780586e-14,1.6084868179602982,0.294435555555554,0.29443547564502426,0.0,-0.00039441724441214524,-0.054041809052489634,0.054041809052489634,1.0100933864506116e-19,-0.0540418090524895,0.0540418090524895,9.06801367348781e-20,0.0,0.0,9.06801367348781e-20,1.0,1.0,0.0,1.0,1.0,0.0,1.0,1.0,0.0,-0.0036400000000009164,0.003640000000000916,9.665357161271012e-20,3.1478034381960607e-15,3.1476458118034123e-15,-5.564546712500358e-16,-8.570963449795953e-14,8.570773852856334e-14,-6.785347229637918e-19,-80.88888888888874,80.8888888888885,2.5629162104015082e-15,0.6755226131561012,-0.6755226131561012,-1.4152920600124213e-18
2.529999999999943,1.4102980372947959e-06,1.410298037295255e-06,0.11997245063326895,0.9999999999654591,-5.877150030520279e-06,5.87715003051844e-06,1.0091411223644044e-19,-195.67021046792348,195.67021046792337,1.7671385258510589e-15,2.9453707788024325e-15,2.9457844604561544e-15,-7.351412671671392e-16,4.581214870647645e-15,-4.583470379456736e-15,3.6687988040153198e-19,-80.88888888888874,80.8888888888885,2.5865965244480657e-15,4.0,12.75299999998732,-3.0370382165953447e-05,4.943298150687022e-15,1.6084868179602982,0.2944355555555541,0.29443547564502426,0.0,-0.0003944172444122274,-0.054041809052487996,0.054041809052487996,1.2086321296348013e-19,-0.05404180905248665,0.05404180905248665,1.4179497037361657e-19,0.0,0.0,1.4179497037361657e-19,1.0,1.0,0.0,1.0,1.0,0.0,1.0,1.0,0.0,-0.0036399999999999436,0.003639999999999945,2.03510278431514e-19,3.791986606673776e-15,3.792501289881052e-15,-8.808190286888051e-16,4.581214874960217e-15,-4.583470375144164e-15,3.669063922781908e-19,-80.88888888888874,80.8888888888885,2.586963404328467e-15,0.675522613156101,-0.675522613156101,-1.428242188953157e-18
2.539999999999942,1.4102980373066427e-06,1.4102980373071022e-06,0.11997245063326895,0.9999999999654591,-5.877150030784914e-06,5.877150030783065e-06,9.791886039542793e-20,-196.4790993568124,196.4790993568123,1.7931522198349024e-15,2.010009429417172e-15,2.0102871256893085e-15,-6.328191653720372e-16,1.5725601774726893e-14,-1.5726602508506346e-14,2.253938063089609e-19,-80.88888888888877,80.88888888888853,2.6150185818611015e-15,4.0,12.753000000017249,-3.0370382166078347e-05,5.511318891985528e-15,1.6084868179602982,0.2944355555555541,0.29443547564502426,0.0,-0.00039441724441229296,-0.05404180905248786,0.05404180905248786,1.1843188993510526e-19,-0.054041809052489634,0.054041809052489634,1.0100933864506116e-19,0.0,0.0,1.0100933864506116e-19,1.0,1.0,0.0,1.0,1.0,0.0,1.0,1.0,0.0,-0.0036399999999998235,0.0036399999999998252,-5.273441491607971e-19,2.4860400550802047e-15,2.480830194407334e-15,-5.739735916113e-16,1.5725601777376308e-14,-1.5726602505856932e-14,2.2540556920300287e-19,-80.88888888888876,80.88888888888852,2.6152439756674106e-15,0.6755226131561017,-0.6755226131561017,-1.4296850177692997e-18
2.5499999999999408,1.4102980373147156e-06,1.4102980373151768e-06,0.11997245063326895,0.9999999999654591,-5.8771500307615746e-06,5.877150030759718e-06,9.905661967950926e-20,-197.28798824570134,197.28798824570123,1.8194256264490823e-15,-1.7600598130462387e-15,-1.760152100623345e-15,3.4011189950594176e-16,-6.549337188039108e-14,6.549058958316683e-14,-4.80612429391065e-19,-80.8888888888887,80.88888888888846,2.6393668178517625e-15,4.0,12.752999999985715,-3.0370382166078347e-05,1.3602378240476445e-14,1.6084868179602982,0.2944355555555542,0.29443547564502426,0.0,-0.00039441724441234983,-0.05404180905248931,0.05404180905248931,1.0632297401608446e-19,-0.054041809052487996,0.054041809052487996,1.2086321296348013e-19,0.0,0.0,1.2086321296348013e-19,1.0,1.0,0.0,1.0,1.0,0.0,1.0,1.0,0.0,-0.0036400000000007,0.003640000000000699,-2.484686518604635e-19,-1.7602377377615439e-15,-1.7658772587975229e-15,-5.97334374088766e-16,-6.549337188604016e-14,6.549058957751776e-14,-4.805797253684719e-19,-80.88888888888877,80.88888888888853,2.6388862054223716e-15,0.6755226131561016,-0.6755226131561016,-1.4371749718140453e-18
2.5599999999999397,1.4102980372965992e-06,1.4102980372970604e-06,0.11997245063326895,0.9999999999654591,-5.87715003093427e-06,5.8771500309324025e-06,9.729421094916182e-20,-198.09687713459027,198.09687713459016,1.8459338471404274e-15,6.670272559160505e-17,6.715850904792752e-17,-9.279607806218169e-16,7.344466926677351e-14,-7.34459775633314e-14,4.389954162670759e-19,-80.88888888888884,80.8888888888886,2.6619027603438428e-15,4.0,12.7529999999985,-3.0370382166161614e-05,1.2557454651539864e-14,1.6084868179602982,0.2944355555555541,0.29443547564502426,0.0,-0.00039441724441239005,-0.054041809052486824,0.054041809052486824,1.2318045366687978e-19,-0.05404180905248786,0.05404180905248786,1.1843188993510526e-19,0.0,0.0,1.1843188993510526e-19,1.0,1.0,0.0,1.0,1.0,0.0,1.0,1.0,0.0,-0.003639999999999203,0.0036399999999992016,1.2162230968851825e-19,-4.964154313052487e-16,-4.958580327582686e-16,-2.7093438870570965e-17,7.344466927193368e-14,-7.344597755817121e-14,4.390107943170077e-19,-80.88888888888877,80.88888888888853,2.66234175576011e-15,0.6755226131561018,-0.6755226131561018,-1.440981702175905e-18
2.5699999999999386,1.4102980372735974e-06,1.410298037274062e-06,0.11997245063326895,0.9999999999654591,-5.877150030947828e-06,5.877150030945942e-06,9.631432190536649e-20,-198.9057660234792,198.9057660234791,1.872676685148811e-15,-4.667046456329201e-15,-4.666854762803938e-15,8.064119230213129e-16,-7.886763052808533e-14,7.886173073962717e-14,-8.309933967958094e-19,-80.8888888888887,80.88888888888846,2.686664841332856e-15,4.0,12.75299999997997,-3.0370382166161614e-05,1.9982465971668333e-14,1.6084868179602982,0.29443555555555434,0.29443547564502426,0.0,-0.00039441724441240204,-0.05404180905248957,0.05404180905248957,1.011553146461967e-19,-0.05404180905248931,0.05404180905248931,1.0632297401608446e-19,0.0,0.0,1.0632297401608446e-19,1.0,1.0,0.0,1.0,1.0,0.0,1.0,1.0,0.0,-0.0036400000000008457,0.0036400000000008435,9.050309178576425e-20,-5.441414146216475e-15,-5.441136857383117e-15,-2.120825110413878e-16,-7.886763053785267e-14,7.886173072985982e-14,-8.309240487974571e-19,-80.88888888888879,80.88888888888854,2.68583384793606e-15,0.6755226131561018,-0.6755226131561018,-1.4514149473565158e-18
2.5799999999999375,1.4102980372394395e-06,1.4102980372399058e-06,0.11997245063326895,0.9999999999654591,-5.877150030990588e-06,5.8771500309886895e-06,9.563854732006609e-20,-199.71465491236813,199.71465491236802,1.8996544725580846e-15,-1.563924816564636e-15,-1.563766968615113e-15,-1.1104863603232846e-15,8.232033032935549e-14,-8.231936455377759e-14,7.083947986347393e-19,-80.88888888888887,80.88888888888863,2.7089761765221422e-15,4.0,12.75299999999458,-3.037038216618937e-05,1.1757089887266129e-14,1.6084868179602982,0.29443555555555445,0.29443547564502426,0.0,-0.0003944172444124208,-0.05404180905248667,0.05404180905248667,1.2944312780339338e-19,-0.054041809052486824,0.054041809052486824,1.2318045366687978e-19,0.0,0.0,1.2318045366687978e-19,1.0,1.0,0.0,1.0,1.0,0.0,1.0,1.0,0.0,-0.0036399999999991084,0.0036399999999991092,-1.783091172179712e-19,-2.685137051320974e-15,-2.690506505091428e-15,-1.33500950427954e-16,8.23203303376821e-14,-8.231936454545097e-14,7.083834465212427e-19,-80.88888888888879,80.88888888888854,2.709684571320777e-15,0.675522613156102,-0.675522613156102,-1.4586502678496008e-18
2.5899999999999364,1.4102980372045462e-06,1.4102980372050146e-06,0.11997245063326895,0.9999999999654591,-5.87715003102353e-06,5.877150031021617e-06,9.451326271592825e-20,-200.52354380125706,200.52354380125695,1.926883181935875e-15,-2.9267156459287184e-15,-2.9264563690811037e-15,5.047927028129518e-17,-4.517476647695645e-15,4.514288494388868e-15,-1.8850516953439668e-19,-80.88888888888879,80.88888888888854,2.7354560997913435e-15,4.0,12.75300000001178,-3.0370382166203247e-05,4.905132322434758e-15,1.6084868179602982,0.2944355555555544,0.29443547564502426,0.0,-0.00039441724441241895,-0.05404180905248825,0.05404180905248825,1.139370781305636e-19,-0.05404180905248957,0.05404180905248957,1.011553146461967e-19,0.0,0.0,1.011553146461967e-19,1.0,1.0,0.0,1.0,1.0,0.0,1.0,1.0,0.0,-0.0036400000000000447,0.0036400000000000434,-3.409415866691957e-19,-3.764602964513591e-15,-3.769817365966405e-15,-1.663814858783102e-17,-4.51747664991117e-15,4.514288492173342e-15,-1.8846769499775903e-19,-80.88888888888879,80.88888888888854,2.735267594621809e-15,0.6755226131561021,-0.6755226131561021,-1.4666271397772843e-18
2.5999999999999353,1.4102980371955374e-06,1.4102980371960081e-06,0.11997245063326895,0.9999999999654591,-5.8771500307733254e-06,5.877150030771409e-06,9.653513729135286e-20,-201.332432690146,201.33243269014588,1.9543536795083898e-15,-2.053269559625351e-15,-2.053127139941737e-15,7.5281314765442e-17,-1.4843814455053275e-14,1.484112444422681e-14,-2.416399708065523e-19,-80.88888888888876,80.88888888888852,2.75982369738037e-15,4.0,12.752999999979501,-3.0370382166078347e-05,5.422263411091951e-15,1.6084868179602982,0.2944355555555541,0.29443547564502426,0.0,-0.0003944172444124353,-0.0540418090524884,0.05404180905248839,1.1349882685430248e-19,-0.05404180905248667,0.05404180905248667,1.2944312780339338e-19,0.0,0.0,1.2944312780339338e-19,1.0,1.0,0.0,1.0,1.0,0.0,1.0,1.0,0.0,-0.003640000000000154,0.003640000000000153,7.908122650392489e-20,-2.5450359894906782e-15,-2.5448435775985775e-15,-1.3923795008847804e-16,-1.4843814457893398e-14,1.4841124441386687e-14,-2.4160835157880137e-19,-80.88888888888877,80.88888888888853,2.7595820574095636e-15,0.6755226131561016,-0.6755226131561016,-1.4731043291102552e-18
2.609999999999934,1.410298037187152e-06,1.4102980371876248e-06,0.11997245063326895,0.9999999999654591,-5.877150030794791e-06,5.877150030792862e-06,9.631901366900569e-20,-202.14132157903492,202.1413215790348,1.9820867566394135e-15,2.007629847544201e-15,2.0080442157556027e-15,-1.403565375765941e-15,6.2170415106085e-14,-6.217068522288627e-14,7.53259774759703e-19,-80.88888888888883,80.88888888888859,2.7868335845550124e-15,4.0,12.753000000022539,-3.0370382166092225e-05,1.3389119319182555e-14,1.6084868179602982,0.29443555555555423,0.29443547564502426,0.0,-0.00039441724441247516,-0.054041809052487025,0.054041809052487025,1.3200056610992817e-19,-0.05404180905248825,0.05404180905248825,1.139370781305636e-19,0.0,0.0,1.139370781305636e-19,1.0,1.0,0.0,1.0,1.0,0.0,1.0,1.0,0.0,-0.003639999999999324,0.003639999999999324,1.3111081249799577e-20,2.106085126546254e-15,2.1065845971276217e-15,-8.278163701184837e-16,6.217041511493905e-14,-6.217068521403222e-14,7.532629496898034e-19,-80.88888888888877,80.88888888888853,2.787586844329772e-15,0.6755226131561017,-0.6755226131561017,-1.480523627053169e-18
2.619999999999933,1.4102980372137067e-06,1.4102980372141838e-06,0.11997245063326895,0.9999999999654591,-5.877150030548735e-06,5.8771500305468026e-06,9.977490924070791e-20,-202.95021046792385,202.95021046792374,2.0100966514374437e-15,5.573107854593726e-16,5.575016748659534e-16,5.124005884692368e-16,-6.26201451406373e-14,6.261605897363706e-14,-4.390442778913487e-19,-80.8888888888887,80.88888888888846,2.8158757521755087e-15,4.0,12.752999999970257,-3.0370382165967325e-05,9.83725794108902e-15,1.6084868179602982,0.294435555555554,0.29443547564502426,0.0,-0.00039441724441255653,-0.05404180905248922,0.05404180905248922,1.1125039640265115e-19,-0.0540418090524884,0.05404180905248839,1.1349882685430248e-19,0.0,0.0,1.1349882685430248e-19,1.0,1.0,0.0,1.0,1.0,0.0,1.0,1.0,0.0,-0.0036400000000006683,0.003640000000000668,-5.867468323040946e-20,1.2307577985366065e-15,1.2254684940413295e-15,-3.467540093878408e-16,-6.262014514579767e-14,6.261605896847669e-14,-4.389962477979119e-19,-80.88888888888876,80.88888888888852,2.8154367078976175e-15,0.6755226131561012,-0.6755226131561012,-1.4894149175586928e-18
2.629999999999932,1.4102980372365514e-06,1.4102980372370312e-06,0.11997245063326895,0.9999999999654591,-5.877150030597148e-06,5.877150030595203e-06,9.990505473677849e-20,-203.75909935681278,203.75909935681267,2.038379007597222e-15,3.97977665850438e-15,3.980221762829063e-15,-1.4613673355432067e-15,5.3511102008226905e-14,-5.351182125161826e-14,6.592819215768851e-19,-80.88888888888881,80.88888888888857,2.8404808448745307e-15,4.0,12.752999999992024,-3.037038216599508e-05,1.4708834500657828e-14,1.6084868179602982,0.2944355555555542,0.29443547564502426,0.0,-0.00039441724441262354,-0.05404180905248714,0.05404180905248714,1.3172733171945936e-19,-0.054041809052487025,0.054041809052487025,1.3200056610992817e-19,0.0,0.0,1.3200056610992817e-19,1.0,1.0,0.0,1.0,1.0,0.0,1.0,1.0,0.0,-0.003639999999999417,0.0036399999999994176,6.710412118720765e-20,4.752873908524663e-15,4.753413661755383e-15,-1.0468313778253963e-15,5.3511102015976346e-14,-5.3511821243868805e-14,6.592903756886431e-19,-80.88888888888876,80.88888888888852,2.8411401267961075e-15,0.6755226131561013,-0.6755226131561013,-1.4982532141384428e-18
2.639999999999931,1.4102980372458156e-06,1.4102980372462971e-06,0.11997245063326895,0.9999999999654591,-5.877150030792441e-06,5.877150030790485e-06,9.873777826473199e-20,-204.5679882457017,204.5679882457016,2.0669330380259e-15,5.789212648737988e-16,5.79080014171082e-16,1.2049397258566819e-16,-3.348923567028264e-14,3.3487197811218906e-14,-1.9456988772941158e-19,-80.88888888888874,80.8888888888885,2.8696629893762304e-15,4.0,12.753000000014936,-3.0370382166092225e-05,4.8637227181450626e-15,1.6084868179602982,0.29443555555555434,0.29443547564502426,0.0,-0.00039441724441266815,-0.054041809052488746,0.054041809052488746,1.1683683706213436e-19,-0.05404180905248922,0.05404180905248922,1.1125039640265115e-19,0.0,0.0,1.1125039640265115e-19,1.0,1.0,0.0,1.0,1.0,0.0,1.0,1.0,0.0,-0.0036400000000003556,0.003640000000000357,7.57950222093674e-20,1.023662182289089e-15,1.0238690336080186e-15,-3.8371663469523213e-16,-3.348923567256953e-14,3.348719780893201e-14,-1.9454593409574266e-19,-80.88888888888877,80.88888888888853,2.869468419488501e-15,0.6755226131561017,-0.6755226131561017,-1.504238688015797e-18
2.6499999999999297,1.4102980372576673e-06,1.4102980372581518e-06,0.11997245063326895,0.9999999999654591,-5.877150030724334e-06,5.8771500307223705e-06,1.0019445692477232e-19,-205.37687713459064,205.37687713459053,2.0957608666802057e-15,-9.473499408896126e-16,-9.470627010663413e-16,2.7172200878958675e-16,-3.231880984764063e-14,3.231548811409159e-14,-7.022788953354893e-20,-80.88888888888876,80.88888888888852,2.895566190158351e-15,4.0,12.752999999981316,-3.037038216605059e-05,6.823388988159333e-15,1.6084868179602982,0.29443555555555445,0.29443547564502426,0.0,-0.00039441724441271895,-0.05404180905248871,0.05404180905248871,1.1964289700663775e-19,-0.05404180905248714,0.05404180905248714,1.3172733171945936e-19,0.0,0.0,1.3172733171945936e-19,1.0,1.0,0.0,1.0,1.0,0.0,1.0,1.0,0.0,-0.0036400000000003448,0.0036400000000003448,-3.1074508530755195e-19,-9.67116881419831e-16,-9.722967444520543e-16,-1.674055385214801e-16,-3.231880984846588e-14,3.231548811326634e-14,-7.01888448711146e-20,-80.88888888888879,80.88888888888854,2.8954959622688174e-15,0.6755226131561016,-0.6755226131561016,-1.5113374877280202e-18
2.6599999999999286,1.410298037229655e-06,1.410298037230142e-06,0.11997245063326895,0.9999999999654591,-5.877150031049173e-06,5.877150031047188e-06,9.823396129994263e-20,-206.18576602347957,206.18576602347946,2.1248421337265955e-15,-1.8505219156812e-15,-1.850346290638076e-15,-2.9741711277880956e-16,7.773187607222025e-15,-7.77455592073393e-15,3.070216073859633e-20,-80.8888888888888,80.88888888888856,2.9203524940600164e-15,4.0,12.753000000022038,-3.0370382166217125e-05,1.2978061641577166e-15,1.6084868179602982,0.29443555555555434,0.29443547564502426,0.0,-0.0003944172444127096,-0.05404180905248804,0.05404180905248804,1.2228167190135133e-19,-0.054041809052488746,0.054041809052488746,1.1683683706213436e-19,0.0,0.0,1.1683683706213436e-19,1.0,1.0,0.0,1.0,1.0,0.0,1.0,1.0,0.0,-0.0036399999999999107,0.0036399999999999107,-2.4255051524732314e-19,-2.4604576959398605e-15,-2.465787143425446e-15,-2.71646210802691e-16,7.773187607583001e-15,-7.774555920372954e-15,3.0718244301982667e-20,-80.88888888888879,80.88888888888854,2.920383196220755e-15,0.6755226131561022,-0.6755226131561022,-1.5216129126007075e-18
2.6699999999999275,1.4102980372121962e-06,1.4102980372126845e-06,0.11997245063326895,0.9999999999654591,-5.877150030902627e-06,5.877150030900643e-06,9.895292828371007e-20,-206.9946549123685,206.9946549123684,2.154178815708363e-15,-3.9339198199863715e-15,-3.933899887670126e-15,9.980718736902711e-16,-5.3372736991804464e-14,5.33702085098612e-14,-4.1588451983810215e-19,-80.88888888888874,80.8888888888885,2.948087600791811e-15,4.0,12.752999999969305,-3.0370382166147736e-05,1.4619894712497878e-14,1.6084868179602982,0.29443555555555445,0.29443547564502426,0.0,-0.00039441724441273407,-0.054041809052489106,0.0540418090524891,1.1430878337921268e-19,-0.05404180905248871,0.05404180905248871,1.1964289700663775e-19,0.0,0.0,1.1964289700663775e-19,1.0,1.0,0.0,1.0,1.0,0.0,1.0,1.0,0.0,-0.0036400000000005703,0.0036400000000005707,9.176520621125541e-20,-4.68787622146607e-15,-4.687832119886875e-15,4.428374390215689e-16,-5.337273699669272e-14,5.3370208504972936e-14,-4.1585479924539276e-19,-80.8888888888888,80.88888888888856,2.947671716271973e-15,0.6755226131561018,-0.6755226131561017,-1.5224338092037315e-18
2.6799999999999264,1.4102980371945726e-06,1.4102980371950628e-06,0.11997245063326895,0.9999999999654591,-5.877150030826804e-06,5.877150030824811e-06,9.790292093432321e-20,-207.80354380125743,207.80354380125732,2.1837917512160607e-15,4.918776694769394e-16,4.92182863673577e-16,-1.6018665737320262e-15,8.53304712952382e-14,-8.533106480130196e-14,6.210362031993502e-20,-80.88888888888887,80.88888888888863,2.97424215593323e-15,4.0,12.752999999992168,-3.0370382166106102e-05,1.5175455354110064e-14,1.6084868179602982,0.29443555555555434,0.29443547564502426,0.0,-0.00039441724441274703,-0.05404180905248661,0.05404180905248661,1.233110061778502e-19,-0.05404180905248804,0.05404180905248804,1.2228167190135133e-19,0.0,0.0,1.2228167190135133e-19,1.0,1.0,0.0,1.0,1.0,0.0,1.0,1.0,0.0,-0.0036399999999990763,0.0036399999999990754,-7.766261536304058e-19,-3.687617238038304e-17,-4.7607447775722247e-17,-7.239786550254738e-16,8.533047129596822e-14,-8.533106480057194e-14,6.211059656005642e-20,-80.88888888888879,80.88888888888854,2.97430425955355e-15,0.6755226131561017,-0.6755226131561017,-1.5274142626511422e-18
2.6899999999999253,1.410298037181969e-06,1.410298037182462e-06,0.11997245063326895,0.9999999999654591,-5.877150030853934e-06,5.877150030851928e-06,9.807185297376688e-20,-208.61243269014636,208.61243269014625,2.213665908448676e-15,-3.4256340082454307e-16,-3.4237496414684306e-16,-4.229135936787022e-16,4.3957210909584054e-15,-4.396876812677877e-15,2.9973161645833083e-19,-80.88888888888877,80.88888888888853,3.0010629290682836e-15,4.0,12.753000000016389,-3.037038216611998e-05,2.6171733900846626e-16,1.6084868179602982,0.2944355555555541,0.29443547564502426,0.0,-0.0003944172444127647,-0.054041809052488066,0.054041809052488066,1.282865744710141e-19,-0.054041809052489106,0.0540418090524891,1.1430878337921268e-19,0.0,0.0,1.1430878337921268e-19,1.0,1.0,0.0,1.0,1.0,0.0,1.0,1.0,0.0,-0.0036399999999999462,0.003639999999999946,3.1522725835735686e-19,-4.851084371248894e-16,-4.848731068742346e-16,-4.763063564861513e-16,4.39572109448162e-15,-4.396876809154661e-15,2.997452011168145e-19,-80.88888888888877,80.88888888888853,3.001362660684742e-15,0.6755226131561017,-0.6755226131561017,-1.5361425671845519e-18
2.6999999999999242,1.4102980372025275e-06,1.4102980372030216e-06,0.11997245063326895,0.9999999999654591,-5.877150030516074e-06,5.877150030514075e-06,1.0142764688730103e-19,-209.4213215790353,209.42132157903518,2.2438163435607727e-15,2.7583039672722803e-15,2.7584016669330395e-15,-1.546548346572298e-15,5.0523063284350075e-14,-5.0521924101677964e-14,4.660601360964246e-19,-80.88888888888881,80.88888888888857,3.0292006151365375e-15,4.0,12.752999999984738,-3.0370382165953447e-05,1.2473968045075318e-14,1.6084868179602982,0.2944355555555543,0.29443547564502426,0.0,-0.00039441724441288423,-0.05404180905248717,0.05404180905248717,1.313877383841999e-19,-0.05404180905248661,0.05404180905248661,1.233110061778502e-19,0.0,0.0,1.233110061778502e-19,1.0,1.0,0.0,1.0,1.0,0.0,1.0,1.0,0.0,-0.003639999999999451,0.0036399999999994505,-3.0182853742000666e-19,3.188901020651874e-15,3.183458087276395e-15,-1.2182466638127738e-15,5.05230632898282e-14,-5.052192409619983e-14,4.66046745737282e-19,-80.88888888888876,80.88888888888852,3.029666675272634e-15,0.675522613156101,-0.675522613156101,-1.5374831991808032e-18
2.709999999999923,1.4102980372199273e-06,1.4102980372204236e-06,0.11997245063326895,0.9999999999654591,-5.8771500306829665e-06,5.877150030680955e-06,1.0069865583268968e-19,-210.23021046792422,210.2302104679241,2.2742479655084455e-15,2.772914277710293e-15,2.7733456591901077e-15,-8.348274721727367e-16,1.1470461079867523e-14,-1.1473133573167956e-14,3.145844155571035e-19,-80.88888888888877,80.88888888888853,3.0561478904294868e-15,4.0,12.753000000025974,-3.0370382166036713e-05,5.868456493186148e-15,1.6084868179602982,0.2944355555555543,0.29443547564502426,0.0,-0.00039441724441293205,-0.05404180905248791,0.05404180905248791,1.2927595480839751e-19,-0.054041809052488066,0.054041809052488066,1.282865744710141e-19,0.0,0.0,1.282865744710141e-19,1.0,1.0,0.0,1.0,1.0,0.0,1.0,1.0,0.0,-0.003639999999999871,0.0036399999999998686,4.69673904841607e-20,3.5132689760845246e-15,3.51380798963574e-15,-8.96103601410339e-16,1.1470461083565425e-14,-1.1473133569470051e-14,3.1461582880184973e-19,-80.88888888888876,80.88888888888852,3.056462474845044e-15,0.6755226131561015,-0.6755226131561015,-1.5451679416046205e-18
2.719999999999922,1.410298037245133e-06,1.410298037245632e-06,0.11997245063326895,0.9999999999654591,-5.877150030631335e-06,5.877150030629315e-06,1.0194452805444727e-19,-211.03909935681315,211.03909935681304,2.3049506613654378e-15,2.5978326016308024e-16,2.594668136168657e-16,9.732125200829152e-16,-8.989137047248794e-14,8.989032787289033e-14,-7.803196335925174e-19,-80.88888888888869,80.88888888888845,3.0858252859940483e-15,4.0,12.752999999965411,-3.0370382166008958e-05,1.4886245928255373e-14,1.6084868179602982,0.29443555555555423,0.29443547564502426,0.0,-0.00039441724441302404,-0.054041809052489724,0.054041809052489724,1.1016854254747833e-19,-0.05404180905248717,0.05404180905248717,1.313877383841999e-19,0.0,0.0,1.313877383841999e-19,1.0,1.0,0.0,1.0,1.0,0.0,1.0,1.0,0.0,-0.003640000000000964,0.0036400000000009623,-3.1347857846115392e-19,1.0641608452614306e-15,1.0582383007020222e-15,-1.7848403627631685e-16,-8.989137048165998e-14,8.989032786371828e-14,-7.803073784565551e-19,-80.88888888888877,80.88888888888853,3.0850449663604557e-15,0.6755226131561013,-0.6755226131561013,-1.5526786994017956e-18
2.729999999999921,1.4102980372567626e-06,1.4102980372572628e-06,0.11997245063326895,0.9999999999654591,-5.877150030715968e-06,5.877150030713942e-06,1.0125863819348112e-19,-211.84798824570208,211.84798824570197,2.3359474981685356e-15,1.2582420222401856e-15,1.2585942794075233e-15,-9.177219730882245e-16,2.7284636506582072e-14,-2.728574202531925e-14,3.4125215060444357e-19,-80.88888888888881,80.88888888888857,3.1130085975731234e-15,4.0,12.75299999998946,-3.037038216605059e-05,6.409648572753381e-15,1.6084868179602982,0.29443555555555445,0.29443547564502426,0.0,-0.0003944172444130844,-0.054041809052487635,0.05404180905248763,1.3060716847832592e-19,-0.05404180905248791,0.05404180905248791,1.2927595480839751e-19,0.0,0.0,1.2927595480839751e-19,1.0,1.0,0.0,1.0,1.0,0.0,1.0,1.0,0.0,-0.003639999999999702,0.003639999999999702,2.421958346737022e-19,1.4248337955614536e-15,1.4252654438693233e-15,-7.541377432404312e-16,2.728463651059333e-14,-2.7285742021307994e-14,3.412651451563654e-19,-80.88888888888879,80.88888888888854,3.113349849723728e-15,0.6755226131561016,-0.6755226131561015,-1.5558078720930742e-18
2.73999999999992,1.4102980372440902e-06,1.410298037244589e-06,0.11997245063326895,0.9999999999654591,-5.877150030949754e-06,5.877150030947724e-06,1.0088792796507101e-19,-212.656877134591,212.6568771345909,2.3672085691091653e-15,-2.9194506830890574e-15,-2.9198563018714064e-15,1.5231903119309084e-15,-8.430618921929231e-14,8.430580819908517e-14,-3.2259945646699283e-19,-80.88888888888872,80.88888888888847,3.1391390907894823e-15,4.0,12.753000000008214,-3.0370382166161614e-05,1.8434741842263212e-14,1.6084868179602982,0.29443555555555445,0.29443547564502426,0.0,-0.0003944172444130724,-0.05404180905248967,0.05404180905248967,1.187836163075599e-19,-0.054041809052489724,0.054041809052489724,1.1016854254747833e-19,0.0,0.0,1.1016854254747833e-19,1.0,1.0,0.0,1.0,1.0,0.0,1.0,1.0,0.0,-0.0036400000000009042,0.0036400000000009034,1.6136251527752951e-19,-3.117560301571662e-15,-3.1180439222454667e-15,6.31883844648259e-16,-8.43061892230842e-14,8.430580819529326e-14,-3.225949777969196e-19,-80.8888888888888,80.88888888888856,3.1388164913330154e-15,0.6755226131561018,-0.6755226131561018,-1.5573800815495721e-18
2.7499999999999187,1.410298037231928e-06,1.4102980372324278e-06,0.11997245063326895,0.9999999999654591,-5.87715003085321e-06,5.877150030851175e-06,1.0138380373358805e-19,-213.46576602347994,213.46576602347983,2.3987281068985624e-15,-1.8493890864665264e-15,-1.8491260906092736e-15,-2.3529596511376857e-16,1.2659925849877808e-14,-1.2662307642019423e-14,6.093111385251273e-20,-80.88888888888881,80.88888888888857,3.165180772888897e-15,4.0,12.752999999983013,-3.037038216611998e-05,4.668542998373911e-16,1.6084868179602982,0.29443555555555456,0.29443547564502426,0.0,-0.0003944172444131074,-0.05404180905248791,0.05404180905248791,1.2602281267511196e-19,-0.054041809052487635,0.05404180905248763,1.3060716847832592e-19,0.0,0.0,1.3060716847832592e-19,1.0,1.0,0.0,1.0,1.0,0.0,1.0,1.0,0.0,-0.0036399999999998612,0.003639999999999859,1.881005899272904e-19,-2.5093019865867417e-15,-2.5089674634885605e-15,-1.03391957016578e-16,1.2659925850594174e-14,-1.2662307641303056e-14,6.095911014366196e-20,-80.8888888888888,80.88888888888856,3.1652417040027495e-15,0.6755226131561017,-0.6755226131561017,-1.561575657822084e-18
2.7599999999999176,1.4102980371944087e-06,1.4102980371949102e-06,0.11997245063326895,0.9999999999654591,-5.877150031121575e-06,5.8771500311195205e-06,1.0027984808010117e-19,-214.27465491236887,214.27465491236876,2.4305144960658853e-15,-3.99323578331802e-15,-3.993096640069906e-15,1.121002853706505e-15,-4.0099402425675265e-14,4.009586634253138e-14,-1.3215039509289762e-19,-80.88888888888877,80.88888888888853,3.191852091566085e-15,4.0,12.753000000013062,-3.037038216624488e-05,1.2451282888622653e-14,1.6084868179602982,0.29443555555555445,0.29443547564502426,0.0,-0.00039441724441302594,-0.054041809052488905,0.054041809052488905,1.234837534801859e-19,-0.05404180905248967,0.05404180905248967,1.187836163075599e-19,0.0,0.0,1.187836163075599e-19,1.0,1.0,0.0,1.0,1.0,0.0,1.0,1.0,0.0,-0.0036400000000004285,0.0036400000000004267,-4.3707082495014855e-20,-4.865248934931757e-15,-4.865053697353344e-15,8.167619637287005e-16,-4.0099402427228356e-14,4.0095866340978286e-14,-1.321088308924872e-19,-80.88888888888881,80.88888888888857,3.191719941170992e-15,0.6755226131561023,-0.6755226131561023,-1.5732807573982258e-18
2.7699999999999165,1.4102980371679923e-06,1.410298037168495e-06,0.11997245063326895,0.9999999999654591,-5.877150030918041e-06,5.877150030915983e-06,1.0152957579911478e-19,-215.0835438012578,215.0835438012577,2.4625659091076264e-15,-3.4903910958024507e-15,-3.4903593542387448e-15,3.570876814795714e-16,-5.3819731947470024e-15,5.380856511521226e-15,2.763635995410615e-20,-80.88888888888881,80.88888888888857,3.219356386606174e-15,4.0,12.752999999970577,-3.0370382166147736e-05,5.849298268606636e-15,1.6084868179602982,0.29443555555555456,0.29443547564502426,0.0,-0.0003944172444130352,-0.054041809052488246,0.054041809052488246,1.2671511103057291e-19,-0.05404180905248791,0.05404180905248791,1.2602281267511196e-19,0.0,0.0,1.2602281267511196e-19,1.0,1.0,0.0,1.0,1.0,0.0,1.0,1.0,0.0,-0.003640000000000054,0.003640000000000053,-3.80372552581258e-20,-4.495143267837204e-15,-4.4950961999261215e-15,3.705909770587864e-16,-5.381973194422079e-15,5.380856511846149e-15,2.764948577997498e-20,-80.88888888888881,80.88888888888857,3.219384022966128e-15,0.6755226131561018,-0.6755226131561018,-1.5777207068924876e-18
2.7799999999999154,1.4102980371376795e-06,1.4102980371381829e-06,0.11997245063326895,0.9999999999654591,-5.877150030947983e-06,5.877150030945918e-06,1.0140117409767036e-19,-215.89243269014673,215.89243269014662,2.494899546100885e-15,-4.788643779434334e-16,-4.786371624070048e-16,-2.014409946784927e-15,9.121352192602688e-14,-9.1213290018209e-14,3.566646140284086e-19,-80.8888888888889,80.88888888888866,3.2467644227416955e-15,4.0,12.753000000041187,-3.0370382166161614e-05,1.4800777545549942e-14,1.6084868179602982,0.2944355555555545,0.29443547564502426,0.0,-0.0003944172444130151,-0.054041809052486504,0.054041809052486504,1.3299041652630728e-19,-0.054041809052488905,0.054041809052488905,1.234837534801859e-19,0.0,0.0,1.234837534801859e-19,1.0,1.0,0.0,1.0,1.0,0.0,1.0,1.0,0.0,-0.0036399999999990125,0.0036399999999990116,3.3810115656942997e-20,-1.3598461467310788e-15,-1.3595752797172696e-15,-1.144468568304249e-15,9.121352193021921e-14,-9.121329001401667e-14,3.5666188806542937e-19,-80.88888888888881,80.88888888888857,3.247121087355724e-15,0.6755226131561018,-0.6755226131561018,-1.582130668422449e-18
2.7899999999999143,1.4102980371239561e-06,1.4102980371244614e-06,0.11997245063326895,0.9999999999654591,-5.8771500308548405e-06,5.877150030852769e-06,1.0258062205743789e-19,-216.70132157903566,216.70132157903555,2.527506291020561e-15,-1.4588084251959594e-15,-1.4586903188748126e-15,3.82464210614136e-16,-2.5418966143894392e-14,2.541713992910366e-14,3.393161100308985e-20,-80.88888888888877,80.88888888888853,3.275094234819546e-15,4.0,12.753000000012456,-3.037038216611998e-05,6.37612533685002e-15,1.6084868179602982,0.2944355555555544,0.29443547564502426,0.0,-0.0003944172444130425,-0.0540418090524886,0.0540418090524886,1.276943870478107e-19,-0.054041809052488246,0.054041809052488246,1.2671511103057291e-19,0.0,0.0,1.2671511103057291e-19,1.0,1.0,0.0,1.0,1.0,0.0,1.0,1.0,0.0,-0.0036400000000002693,0.003640000000000269,1.4064264504108218e-19,-1.6915644401715733e-15,-1.691408139742019e-15,8.763894394524476e-17,-2.5418966143495424e-14,2.541713992950263e-14,3.395307687492308e-20,-80.8888888888888,80.88888888888856,3.275128166430549e-15,0.6755226131561017,-0.6755226131561017,-1.5885452256219385e-18
2.7999999999999132,1.4102980371355107e-06,1.4102980371360162e-06,0.11997245063326895,0.9999999999654591,-5.8771500306181626e-06,5.877150030616097e-06,1.01957217943956e-19,-217.5102104679246,217.51021046792448,2.560407968675514e-15,2.8783702780725917e-15,2.8783714458736e-15,-2.62195185822158e-15,8.400474779296362e-14,-8.400272726205047e-14,-2.007008264401176e-19,-80.88888888888887,80.88888888888863,3.3050654155364975e-15,4.0,12.752999999990406,-3.0370382166008958e-05,1.8325069244751038e-14,1.6084868179602982,0.29443555555555445,0.29443547564502426,0.0,-0.00039441724441316575,-0.054041809052486595,0.054041809052486595,1.2307121889207177e-19,-0.054041809052486504,0.054041809052486504,1.3299041652630728e-19,0.0,0.0,1.3299041652630728e-19,1.0,1.0,0.0,1.0,1.0,0.0,1.0,1.0,0.0,-0.00363999999999909,0.003639999999999091,-8.774686349294604e-19,3.081790708704855e-15,3.070673683495702e-15,-2.0681173224620537e-15,8.400474779060438e-14,-8.400272726440971e-14,-2.007245763386763e-19,-80.88888888888879,80.88888888888854,3.3048647147100575e-15,0.6755226131561013,-0.6755226131561013,-1.5835479220999236e-18
2.809999999999912,1.4102980371466155e-06,1.4102980371471237e-06,0.11997245063326895,0.9999999999654591,-5.8771500307099996e-06,5.877150030707922e-06,1.020831287461179e-19,-218.31909935681352,218.3190993568134,2.593600698399825e-15,1.837862530568019e-15,1.838145931751198e-15,-3.060656487234657e-16,-1.2627929342007758e-14,1.2626031188384576e-14,1.8144451728426993e-19,-80.88888888888877,80.88888888888853,3.3336833355728404e-15,4.0,12.753000000018393,-3.037038216605059e-05,4.567376779669084e-16,1.6084868179602982,0.2944355555555543,0.29443547564502426,0.0,-0.00039441724441321204,-0.05404180905248835,0.05404180905248835,1.3062428753856231e-19,-0.0540418090524886,0.0540418090524886,1.276943870478107e-19,0.0,0.0,1.276943870478107e-19,1.0,1.0,0.0,1.0,1.0,0.0,1.0,1.0,0.0,-0.003640000000000131,0.0036400000000001297,-7.58574085286716e-19,2.5007311208611396e-15,2.489984108045808e-15,-5.920258840006367e-16,-1.2627929339874873e-14,1.262603119051746e-14,1.814668287263972e-19,-80.88888888888879,80.88888888888854,3.3338647800901246e-15,0.6755226131561015,-0.6755226131561015,-1.5919785778430679e-18
2.819999999999911,1.4102980371856512e-06,1.4102980371861607e-06,0.11997245063326895,0.9999999999654591,-5.877150030451057e-06,5.877150030448987e-06,1.033682183032008e-19,-219.12798824570245,219.12798824570234,2.6270828443409268e-15,4.0776075441612966e-15,4.0776880076429165e-15,-1.8265475356700905e-15,3.891970960545887e-14,-3.891869728009794e-14,9.261360896401573e-20,-80.88888888888881,80.88888888888857,3.3626739340806165e-15,4.0,12.752999999986617,-3.037038216592569e-05,1.2370792104705216e-14,1.6084868179602982,0.29443555555555423,0.29443547564502426,0.0,-0.00039441724441338004,-0.054041809052487365,0.054041809052487365,1.288352886849604e-19,-0.054041809052486595,0.054041809052486595,1.2307121889207177e-19,0.0,0.0,1.2307121889207177e-19,1.0,1.0,0.0,1.0,1.0,0.0,1.0,1.0,0.0,-0.0036399999999995746,0.003639999999999574,2.2602510163216346e-20,4.992565695507915e-15,4.992654068844514e-15,-1.7538436740853876e-15,3.89197096065474e-14,-3.8918697279009393e-14,9.260170977532985e-20,-80.88888888888877,80.88888888888853,3.3627665476895805e-15,0.6755226131561008,-0.6755226131561008,-1.5896030465451013e-18
2.82999999999991,1.41029803721027e-06,1.4102980372107823e-06,0.11997245063326895,0.9999999999654591,-5.877150030646099e-06,5.877150030644017e-06,1.0269275229106873e-19,-219.93687713459138,219.93687713459127,2.660850479619071e-15,3.4056789189112847e-15,3.4059837534080928e-15,-1.0488462168204267e-15,5.738434204683125e-15,-5.739519179188405e-15,3.105318850706682e-19,-80.88888888888877,80.88888888888853,3.390326233137093e-15,4.0,12.753000000029978,-3.0370382166022836e-05,5.790450412559764e-15,1.6084868179602982,0.29443555555555423,0.29443547564502426,0.0,-0.0003944172444134539,-0.054041809052488,0.054041809052488,1.3324478680469003e-19,-0.05404180905248835,0.05404180905248835,1.3062428753856231e-19,0.0,0.0,1.3062428753856231e-19,1.0,1.0,0.0,1.0,1.0,0.0,1.0,1.0,0.0,-0.0036399999999999337,0.003639999999999932,-2.752968274478809e-19,4.385068110880774e-15,4.379891656092869e-15,-1.2758542918887715e-15,5.738434208333285e-15,-5.739519175538245e-15,3.1054463814368135e-19,-80.88888888888877,80.88888888888853,3.390636765022164e-15,0.6755226131561013,-0.6755226131561013,-1.595690160917725e-18
2.839999999999909,1.4102980372399732e-06,1.410298037240488e-06,0.11997245063326895,0.9999999999654591,-5.8771500306149735e-06,5.877150030612886e-06,1.0406614048500582e-19,-220.74576602348031,220.7457660234802,2.694897524321088e-15,1.941836046734058e-16,1.9447076263698495e-16,1.3833705692649484e-15,-8.792394918675883e-14,8.791891579046523e-14,-4.911317679369625e-19,-80.88888888888869,80.88888888888845,3.4200295403545225e-15,4.0,12.752999999957861,-3.0370382166008958e-05,1.4644404376730636e-14,1.6084868179602982,0.29443555555555445,0.29443547564502426,0.0,-0.0003944172444135598,-0.05404180905248969,0.05404180905248969,1.193473226647749e-19,-0.054041809052487365,0.054041809052487365,1.288352886849604e-19,0.0,0.0,1.288352886849604e-19,1.0,1.0,0.0,1.0,1.0,0.0,1.0,1.0,0.0,-0.003640000000000943,0.0036400000000009437,2.288731763286282e-19,9.58567850659302e-16,9.58952621303205e-16,3.78161375549144e-16,-8.792394919253138e-14,8.791891578469266e-14,-4.910726038191131e-19,-80.88888888888877,80.88888888888853,3.4195384085865855e-15,0.6755226131561013,-0.6755226131561013,-1.6023461810955026e-18
2.8499999999999077,1.4102980372529942e-06,1.4102980372535113e-06,0.11997245063326895,0.9999999999654591,-5.8771500307050995e-06,5.8771500307030005e-06,1.0399995843591033e-19,-221.55465491236924,221.55465491236913,2.72923629382971e-15,1.5403407011284775e-15,1.5405832146458063e-15,-1.0570464519021952e-15,2.431238566281332e-14,-2.4313477847698113e-14,2.3151496156977816e-19,-80.88888888888881,80.88888888888857,3.4476071118383368e-15,4.0,12.752999999992335,-3.037038216605059e-05,6.3041584079581895e-15,1.6084868179602982,0.2944355555555543,0.29443547564502426,0.0,-0.00039441724441360637,-0.054041809052487684,0.054041809052487684,1.3294702539021458e-19,-0.054041809052488,0.054041809052488,1.3324478680469003e-19,0.0,0.0,1.3324478680469003e-19,1.0,1.0,0.0,1.0,1.0,0.0,1.0,1.0,0.0,-0.003639999999999733,0.003639999999999732,-5.40184822551408e-19,1.8204367317703706e-15,1.8096343137178452e-15,-9.90661955771592e-16,2.4312385665534688e-14,-2.431347784497674e-14,2.315277994067512e-19,-80.88888888888879,80.88888888888854,3.4478386267999063e-15,0.6755226131561015,-0.6755226131561015,-1.6097469510244822e-18
2.8599999999999066,1.4102980372399001e-06,1.4102980372404204e-06,0.11997245063326895,0.9999999999654591,-5.877150030947736e-06,5.877150030945616e-06,1.0167675125802646e-19,-222.36354380125817,222.36354380125806,2.7638541572442578e-15,-3.8032458565095015e-15,-3.802912826276923e-15,1.9772691460124707e-15,-1.069693809974795e-13,1.0696287243650392e-13,-1.0373051767907384e-18,-80.88888888888869,80.88888888888845,3.4758758880967294e-15,4.0,12.753000000002645,-3.0370382166161614e-05,2.3529249677372473e-14,1.6084868179602982,0.29443555555555434,0.29443547564502426,0.0,-0.0003944172444136063,-0.05404180905249007,0.05404180905249007,1.1092790813388831e-19,-0.05404180905248969,0.05404180905248969,1.193473226647749e-19,0.0,0.0,1.193473226647749e-19,1.0,1.0,0.0,1.0,1.0,0.0,1.0,1.0,0.0,-0.0036400000000011484,0.003640000000001148,-2.448196101287918e-19,-4.091228886148572e-15,-4.096328395836524e-15,8.649127745648355e-16,-1.0696938100967184e-13,1.0696287242431156e-13,-1.0372286730691987e-18,-80.8888888888888,80.88888888888856,3.4748385829199388e-15,0.6755226131561018,-0.6755226131561018,-1.61999251645152e-18
2.8699999999999055,1.4102980372222232e-06,1.4102980372227451e-06,0.11997245063326895,0.9999999999654591,-5.877150030878136e-06,5.877150030876009e-06,1.0144327494689909e-19,-223.1724326901471,223.172432690147,2.7987436439688408e-15,-1.7871367961202115e-15,-1.7869605061599088e-15,-6.46755392569396e-16,3.248179686086338e-14,-3.248268257715751e-14,1.9647863692082078e-19,-80.88888888888883,80.88888888888859,3.5030898721069385e-15,4.0,12.752999999981963,-3.0370382166133858e-05,2.9845824647526464e-15,1.6084868179602982,0.29443555555555445,0.29443547564502426,0.0,-0.0003944172444136314,-0.05404180905248756,0.05404180905248756,1.3346515740041496e-19,-0.054041809052487684,0.054041809052487684,1.3294702539021458e-19,0.0,0.0,1.3294702539021458e-19,1.0,1.0,0.0,1.0,1.0,0.0,1.0,1.0,0.0,-0.003639999999999645,0.0036399999999996466,-6.7596917233476465e-19,-2.5820582737070005e-15,-2.5929418809812624e-15,-3.1729564918852787e-16,3.2481796863172905e-14,-3.248268257484798e-14,1.9648904786890316e-19,-80.8888888888888,80.88888888888856,3.503286350743859e-15,0.6755226131561017,-0.6755226131561017,-1.6241067741980023e-18
2.8799999999999044,1.4102980371934304e-06,1.4102980371939551e-06,0.11997245063326895,0.9999999999654591,-5.877150030979937e-06,5.877150030977793e-06,1.0042384837275669e-19,-223.98132157903603,223.98132157903592,2.833923468828655e-15,-1.111162953766407e-15,-1.111026533743851e-15,-7.832993103087635e-16,3.821111550863352e-14,-3.821190492568888e-14,-1.2588503304553373e-19,-80.88888888888883,80.88888888888859,3.5318604595454766e-15,4.0,12.753000000027024,-3.037038216617549e-05,4.912714912245215e-15,1.6084868179602982,0.29443555555555434,0.29443547564502426,0.0,-0.0003944172444136026,-0.05404180905248747,0.05404180905248747,1.2844579046772936e-19,-0.05404180905249007,0.05404180905249007,1.1092790813388831e-19,0.0,0.0,1.1092790813388831e-19,1.0,1.0,0.0,1.0,1.0,0.0,1.0,1.0,0.0,-0.003639999999999583,0.003639999999999582,3.7453285604030466e-19,-1.7445583567237007e-15,-1.7443884268352902e-15,-4.17532845096667e-16,3.821111550715389e-14,-3.821190492716851e-14,-1.2587575398303482e-19,-80.88888888888879,80.88888888888854,3.531734574512431e-15,0.675522613156102,-0.675522613156102,-1.633896513281862e-18
2.8899999999999033,1.4102980371864494e-06,1.4102980371869747e-06,0.11997245063326895,0.9999999999654591,-5.877150030800111e-06,5.877150030797968e-06,1.0013268502987493e-19,-224.79021046792496,224.79021046792485,2.8693761861876885e-15,-2.380312353648172e-15,-2.380197630231469e-15,1.0459875331546823e-15,-5.634383712340937e-14,5.634167759811096e-14,-1.5828639457004317e-19,-80.88888888888872,80.88888888888847,3.558820855460169e-15,4.0,12.75300000000269,-3.0370382166092225e-05,1.2926886698214122e-14,1.6084868179602982,0.2944355555555543,0.29443547564502426,0.0,-0.00039441724441364876,-0.054041809052489155,0.054041809052489155,1.2771044461472862e-19,-0.05404180905248756,0.05404180905248756,1.3346515740041496e-19,0.0,0.0,1.3346515740041496e-19,1.0,1.0,0.0,1.0,1.0,0.0,1.0,1.0,0.0,-0.0036400000000006024,0.003640000000000601,-6.735288917170081e-19,-2.6387935057275583e-15,-2.649740829068261e-15,4.511351846414812e-16,-5.634383712526976e-14,5.634167759625056e-14,-1.5826101084006798e-19,-80.88888888888877,80.88888888888853,3.558662569065599e-15,0.6755226131561017,-0.6755226131561017,-1.6319949964623675e-18
2.899999999999902,1.4102980371881604e-06,1.4102980371886879e-06,0.11997245063326895,0.9999999999654591,-5.877150030702272e-06,5.877150030700126e-06,1.0145793888331807e-19,-225.5990993568139,225.59909935681378,2.905113743522583e-15,2.722574726054396e-15,2.72282021745899e-15,-2.625958995389535e-15,9.547940269926434e-14,-9.547870775495003e-14,6.883793284033483e-19,-80.88888888888886,80.88888888888862,3.5886906115187255e-15,4.0,12.753000000040142,-3.037038216605059e-05,2.0052139165684892e-14,1.6084868179602982,0.29443555555555423,0.29443547564502426,0.0,-0.0003944172444137188,-0.0540418090524864,0.0540418090524864,1.4336458785893141e-19,-0.05404180905248747,0.05404180905248747,1.2844579046772936e-19,0.0,0.0,1.2844579046772936e-19,1.0,1.0,0.0,1.0,1.0,0.0,1.0,1.0,0.0,-0.003639999999998966,0.0036399999999989657,-4.481317617701608e-20,2.775273467269503e-15,2.775562681622102e-15,-1.8893362161344127e-15,9.547940270735569e-14,-9.547870774685866e-14,6.883711597246531e-19,-80.88888888888876,80.88888888888852,3.589378990847129e-15,0.6755226131561015,-0.6755226131561015,-1.6371719993458893e-18
2.909999999999901,1.4102980372035048e-06,1.410298037204034e-06,0.11997245063326895,0.9999999999654591,-5.877150030673927e-06,5.877150030671774e-06,1.0220208421484221e-19,-226.40798824570282,226.4079882457027,2.9411508656841565e-15,1.0459186599369648e-15,1.0460834808310691e-15,3.161026731555986e-16,-4.399310145852618e-14,4.399089538788775e-14,-2.253656688718052e-19,-80.88888888888872,80.88888888888847,3.618428887393604e-15,4.0,12.75300000000902,-3.0370382166036713e-05,5.985651571892738e-15,1.6084868179602982,0.29443555555555423,0.29443547564502426,0.0,-0.0003944172444138061,-0.054041809052488905,0.054041809052488905,1.2742520433751353e-19,-0.054041809052489155,0.054041809052489155,1.2771044461472862e-19,0.0,0.0,1.2771044461472862e-19,1.0,1.0,0.0,1.0,1.0,0.0,1.0,1.0,0.0,-0.003640000000000468,0.0036400000000004684,-1.9329858699461196e-19,1.7180477234230576e-15,1.7127119922877308e-15,-2.9067357221070256e-16,-4.3993101461175034e-14,4.3990895385238885e-14,-2.2533973802461755e-19,-80.88888888888876,80.88888888888852,3.618203521724732e-15,0.6755226131561014,-0.6755226131561014,-1.6435223297150754e-18
2.9199999999999,1.4102980372344014e-06,1.4102980372349327e-06,0.11997245063326895,0.9999999999654591,-5.877150030503969e-06,5.877150030501814e-06,1.021943713049726e-19,-227.21687713459175,227.21687713459164,2.9774769914157992e-15,4.843815184640908e-15,4.84406019101692e-15,-2.554320534001281e-15,9.721678975414647e-14,-9.721563390649214e-14,1.9648560152408195e-19,-80.88888888888884,80.8888888888886,3.646900448248628e-15,4.0,12.752999999997463,-3.0370382165953447e-05,2.33468007234378e-14,1.6084868179602982,0.294435555555554,0.29443547564502426,0.0,-0.0003944172444139123,-0.05404180905248633,0.05404180905248633,1.3505672448825692e-19,-0.0540418090524864,0.0540418090524864,1.4336458785893141e-19,0.0,0.0,1.4336458785893141e-19,1.0,1.0,0.0,1.0,1.0,0.0,1.0,1.0,0.0,-0.0036399999999989457,0.003639999999998945,2.1166765482936461e-19,5.517809346339701e-15,5.518094085824256e-15,-1.7661246609173687e-15,9.721678975645593e-14,-9.721563390418267e-14,1.9647201531720044e-19,-80.88888888888874,80.8888888888885,3.647096933850152e-15,0.675522613156101,-0.675522613156101,-1.6439997957602929e-18
2.929999999999899,1.410298037263658e-06,1.4102980372641915e-06,0.11997245063326895,0.9999999999654591,-5.877150030621748e-06,5.877150030619582e-06,1.0256013773385076e-19,-228.02576602348068,228.02576602348057,3.0141020195233997e-15,2.7231148647604037e-15,2.7233738148684752e-15,2.899975854126987e-17,-4.005520641785244e-14,4.005244849650776e-14,1.3071690954087372e-19,-80.8888888888887,80.88888888888846,3.677461776166649e-15,4.0,12.753000000016595,-3.0370382166008958e-05,2.945410478305852e-15,1.6084868179602982,0.2944355555555541,0.29443547564502426,0.0,-0.0003944172444139875,-0.05404180905248883,0.05404180905248883,1.3453154117892484e-19,-0.054041809052488905,0.054041809052488905,1.2742520433751353e-19,0.0,0.0,1.2742520433751353e-19,1.0,1.0,0.0,1.0,1.0,0.0,1.0,1.0,0.0,-0.003640000000000425,0.0036400000000004246,2.9771741760407177e-19,3.860158204915793e-15,3.860491202020206e-15,-6.009349225162468e-16,-4.005520641631576e-14,4.0052448498044434e-14,1.3074932695766938e-19,-80.88888888888874,80.8888888888885,3.677592493076189e-15,0.6755226131561013,-0.6755226131561013,-1.652232960089864e-18
2.939999999999898,1.4102980372977038e-06,1.4102980372982406e-06,0.11997245063326895,0.9999999999654591,-5.877150030543037e-06,5.877150030540864e-06,1.0385597588847845e-19,-228.83465491236961,228.8346549123695,3.0510201600252786e-15,1.7244097339789397e-15,1.7247154506133725e-15,4.831394340598117e-17,-4.3214057832922884e-14,4.3211022761872186e-14,1.0233483843978236e-19,-80.8888888888887,80.88888888888846,3.7064828299753754e-15,4.0,12.75299999997547,-3.0370382165967325e-05,4.893755862711307e-15,1.6084868179602982,0.294435555555554,0.29443547564502426,0.0,-0.00039441724441409003,-0.05404180905248887,0.05404180905248887,1.346205700101701e-19,-0.05404180905248633,0.05404180905248633,1.3505672448825692e-19,0.0,0.0,1.3505672448825692e-19,1.0,1.0,0.0,1.0,1.0,0.0,1.0,1.0,0.0,-0.003640000000000459,0.0036400000000004584,-7.921138781444499e-19,2.5926114231837352e-15,2.5819003396931615e-15,-6.296499493285326e-16,-4.3214057831719795e-14,4.321102276307526e-14,1.0237051356129103e-19,-80.88888888888874,80.8888888888885,3.706585164813815e-15,0.6755226131561012,-0.6755226131561012,-1.6597317864781753e-18
2.9499999999998967,1.4102980373098439e-06,1.4102980373103826e-06,0.11997245063326895,0.9999999999654591,-5.87715003074334e-06,5.877150030741156e-06,1.04058555821615e-19,-229.64354380125855,229.64354380125843,3.088232624854555e-15,2.4675870834295867e-15,2.4675659566622967e-15,-1.369084113347945e-15,5.5387346640199893e-14,-5.538526640997329e-14,1.8772414526589488e-19,-80.88888888888881,80.88888888888857,3.735935029732881e-15,4.0,12.752999999997904,-3.037038216606447e-05,1.2888079623232895e-14,1.6084868179602982,0.29443555555555423,0.29443547564502426,0.0,-0.0003944172444141382,-0.05404180905248713,0.05404180905248713,1.3673789309691255e-19,-0.05404180905248883,0.05404180905248883,1.3453154117892484e-19,0.0,0.0,1.3453154117892484e-19,1.0,1.0,0.0,1.0,1.0,0.0,1.0,1.0,0.0,-0.003639999999999398,0.0036399999999993963,1.6359687243243732e-19,2.767827747332571e-15,2.7677858331676654e-15,-8.898083295795189e-16,5.538734664240631e-14,-5.538526640776687e-14,1.8769969358992046e-19,-80.88888888888876,80.88888888888852,3.7361227538781474e-15,0.6755226131561016,-0.6755226131561016,-1.6669857310265803e-18
2.9599999999998956,1.4102980373085947e-06,1.410298037309138e-06,0.11997245063326895,0.9999999999654591,-5.877150030842681e-06,5.877150030840477e-06,1.0500101537327888e-19,-230.45243269014748,230.45243269014736,3.125739035260518e-15,-2.717420227444779e-15,-2.71647071771544e-15,1.0745938303366457e-15,-9.512417587668265e-14,9.511389767092471e-14,1.8921149468061755e-19,-80.88888888888867,80.88888888888843,3.7653470514598045e-15,4.0,12.752999999974055,-3.0370382166106102e-05,1.9982913745714795e-14,1.6084868179602982,0.29443555555555434,0.29443547564502426,0.0,-0.0003944172444141882,-0.05404180905248986,0.054041809052489856,1.3801598466351387e-19,-0.05404180905248887,0.05404180905248887,1.346205700101701e-19,0.0,0.0,1.346205700101701e-19,1.0,1.0,0.0,1.0,1.0,0.0,1.0,1.0,0.0,-0.003640000000001019,0.0036400000000010213,-1.8811152679644355e-19,-2.7720066646256193e-15,-2.7763361410070208e-15,-1.22476729487445e-16,-9.51241758744579e-14,9.511389767314946e-14,1.8933230776862657e-19,-80.88888888888877,80.88888888888853,3.765536262954485e-15,0.6755226131561018,-0.6755226131561017,-1.6826272219907844e-18
2.9699999999998945,1.4102980372874576e-06,1.4102980372880044e-06,0.11997245063326895,0.9999999999654591,-5.87715003093914e-06,5.877150030936916e-06,1.0512393663258484e-19,-231.2613215790364,231.2613215790363,3.1635429803502175e-15,-9.20569129531224e-16,-9.20949877856599e-16,-1.2914588202866556e-15,7.741166648464833e-14,-7.740737361038454e-14,-1.1625204492177825e-19,-80.88888888888884,80.8888888888886,3.795504967127273e-15,4.0,12.752999999993303,-3.0370382166161614e-05,1.1833327044656232e-14,1.6084868179602982,0.29443555555555423,0.29443547564502426,0.0,-0.0003944172444142121,-0.054041809052486754,0.054041809052486754,1.336016258164947e-19,-0.05404180905248713,0.05404180905248713,1.3673789309691255e-19,0.0,0.0,1.3673789309691255e-19,1.0,1.0,0.0,1.0,1.0,0.0,1.0,1.0,0.0,-0.00363999999999916,0.0036399999999991617,-2.737038663197996e-19,-1.81275265413543e-15,-1.8187948824866154e-15,-4.324916520833119e-16,7.741166648328157e-14,-7.740737361175129e-14,-1.1630250463759488e-19,-80.88888888888877,80.88888888888853,3.795388715082351e-15,0.6755226131561018,-0.6755226131561018,-1.696177032813584e-18
2.9799999999998934,1.4102980372602268e-06,1.4102980372607778e-06,0.11997245063326895,0.9999999999654591,-5.877150031004952e-06,5.877150031002705e-06,1.0522830344004312e-19,-232.07021046792534,232.07021046792522,3.2016473484603454e-15,-2.37054799298426e-15,-2.3701575536610414e-15,1.248229803385274e-16,-9.232497709707816e-15,9.228710124249127e-15,-5.370108786966651e-20,-80.88888888888876,80.88888888888852,3.825652357948272e-15,4.0,12.753000000012726,-3.037038216618937e-05,4.9185090672280174e-15,1.6084868179602982,0.29443555555555423,0.29443547564502426,0.0,-0.0003944172444142102,-0.05404180905248832,0.05404180905248832,1.3597899214863464e-19,-0.05404180905248986,0.054041809052489856,1.3801598466351387e-19,0.0,0.0,1.3801598466351387e-19,1.0,1.0,0.0,1.0,1.0,0.0,1.0,1.0,0.0,-0.0036400000000000932,0.003640000000000095,-2.4241134264119944e-20,-3.0095266150029863e-15,-3.0090278675482025e-15,1.5179009675001868e-17,-9.23249771033877e-15,9.22871012361817e-15,-5.365656744629807e-20,-80.88888888888877,80.88888888888853,3.825598656860402e-15,0.675522613156102,-0.675522613156102,-1.7118201466286077e-18
2.9899999999998923,1.4102980372529675e-06,1.4102980372535168e-06,0.11997245063326895,0.9999999999654591,-5.877150030760155e-06,5.877150030757921e-06,1.0410245178259087e-19,-232.87909935681427,232.87909935681415,3.240057884827509e-15,-1.791756838571893e-15,-1.7913941741117546e-15,2.1728162290477784e-17,-1.7340179137306265e-14,1.7336097451097532e-14,-7.184779376305041e-20,-80.88888888888873,80.88888888888849,3.856136047404847e-15,4.0,12.752999999979865,-3.0370382166078347e-05,5.475746851181293e-15,1.6084868179602982,0.294435555555554,0.29443547564502426,0.0,-0.0003944172444142437,-0.05404180905248844,0.05404180905248844,1.3476669560768793e-19,-0.054041809052486754,0.054041809052486754,1.336016258164947e-19,0.0,0.0,1.336016258164947e-19,1.0,1.0,0.0,1.0,1.0,0.0,1.0,1.0,0.0,-0.003640000000000179,0.00364000000000018,7.856470700665446e-20,-2.1890568800901087e-15,-2.188588957980849e-15,-2.48106923276518e-16,-1.73401791381505e-14,1.7336097450253293e-14,-7.179981638874835e-20,-80.88888888888874,80.8888888888885,3.8560641996110835e-15,0.6755226131561016,-0.6755226131561016,-1.7007494486927853e-18
2.999999999999891,1.4102980372455574e-06,1.410298037246111e-06,0.11997245063326895,0.9999999999654591,-5.877150030785881e-06,5.877150030783631e-06,1.0475729554846287e-19,-233.6879882457032,233.68798824570308,3.278766865194717e-15,1.7398429667034025e-15,1.7398554598879562e-15,-1.4350716437065799e-15,6.527812130663401e-14,-6.527524298666419e-14,2.9118224792614283e-19,-80.8888888888888,80.88888888888856,3.885591932444623e-15,4.0,12.753000000021464,-3.0370382166078347e-05,1.3537197260159758e-14,1.6084868179602982,0.2944355555555539,0.29443547564502426,0.0,-0.00039441724441428654,-0.05404180905248697,0.05404180905248697,1.4231707122469372e-19,-0.05404180905248832,0.05404180905248832,1.3597899214863464e-19,0.0,0.0,1.3597899214863464e-19,1.0,1.0,0.0,1.0,1.0,0.0,1.0,1.0,0.0,-0.0036399999999992896,0.0036399999999992853,-7.323641087204581e-20,1.7488025962672471e-15,1.7432433829334977e-15,-8.236148748247881e-16,6.527812131005646e-14,-6.527524298324175e-14,2.9114841524960846e-19,-80.88888888888873,80.88888888888849,3.885883114692549e-15,0.6755226131561017,-0.6755226131561017,-1.7134473845252894e-18
