time_s,x_m,y_m,z_m,qw,qx,qy,qz,wheel_x_rad,wheel_y_rad,wheel_z_rad,vx_world_m_s,vy_world_m_s,vz_world_m_s,wx_body_rad_s,wy_body_rad_s,wz_body_rad_s,wheel_x_relative_rad_s,wheel_y_relative_rad_s,wheel_z_relative_rad_s,active_contacts,normal_force_n,minimum_contact_distance_m,max_loaded_point_slip_m_s,potential_j,kinetic_j,motor_work_j,passive_work_j,constraint_work_j,command_x_nm,command_y_nm,command_z_nm,delayed_x_nm,delayed_y_nm,delayed_z_nm,applied_x_nm,applied_y_nm,applied_z_nm,saturated_x_bool,saturated_y_bool,saturated_z_bool,speed_cutoff_x_bool,speed_cutoff_y_bool,speed_cutoff_z_bool,speed_exceeded_x_bool,speed_exceeded_y_bool,speed_exceeded_z_bool,angular_momentum_x_world_nms,angular_momentum_y_world_nms,angular_momentum_z_world_nms,linear_momentum_x_world_kg_m_s,linear_momentum_y_world_kg_m_s,linear_momentum_z_world_kg_m_s,omega_world_x_rad_s,omega_world_y_rad_s,omega_world_z_rad_s,wheel_absolute_axial_x_rad_s,wheel_absolute_axial_y_rad_s,wheel_absolute_axial_z_rad_s,attitude_error_x_body_rad,attitude_error_y_body_rad,attitude_error_z_body_rad
0.0,0.0,0.0,0.3,1.0,0.0,0.0,0.0,0.0,0.0,0.0,0.0,0.0,0.0,0.0,0.0,0.0,0.0,0.0,0.0,0.0,0.0,0.0,0.0,0.0,0.0,0.0,0.0,0.0,0.006,0.0,0.0,0.0,0.0,0.0,0.0,0.0,0.0,0.0,0.0,0.0,0.0,0.0,0.0,0.0,0.0,0.0,0.0,0.0,0.0,0.0,0.0,0.0,0.0,0.0,0.0,0.0,0.0,0.0,0.0,0.0,0.0
0.01,0.0,0.0,0.3,1.0,0.0,0.0,0.0,0.0,0.0,0.0,0.0,0.0,0.0,0.0,0.0,0.0,0.0,0.0,0.0,0.0,0.0,0.0,0.0,0.0,0.0,0.0,0.0,0.0,0.006,0.0,0.0,0.0,0.0,0.0,0.0,0.0,0.0,0.0,0.0,0.0,0.0,0.0,0.0,0.0,0.0,0.0,0.0,0.0,0.0,0.0,0.0,0.0,0.0,0.0,0.0,0.0,0.0,0.0,0.0,0.0,0.0
0.020000000000000004,0.0,0.0,0.3,1.0,0.0,0.0,0.0,0.0,0.0,0.0,0.0,0.0,0.0,0.0,0.0,0.0,0.0,0.0,0.0,0.0,0.0,0.0,0.0,0.0,0.0,0.0,0.0,0.0,0.006,0.0,0.0,0.006,0.0,0.0,0.006,0.0,0.0,0.0,0.0,0.0,0.0,0.0,0.0,0.0,0.0,0.0,0.0,0.0,0.0,0.0,0.0,0.0,0.0,0.0,0.0,0.0,0.0,0.0,0.0,0.0,0.0
0.030000000000000013,2.148382222395753e-14,-1.7128818698517762e-07,0.3000001712929333,0.9999999999040207,-1.3854646378832738e-05,6.271163512182303e-08,6.271163512182348e-08,0.006694375959425217,-1.2542327024765856e-07,-1.2542327024765745e-07,8.593528887179138e-12,-3.425716275423605e-05,3.425906129034729e-05,-0.005541858551710396,2.508465404953184e-05,2.508465404953189e-05,1.3388751918850432,-2.5084654049531747e-05,-2.508465404953142e-05,0.0,0.0,0.0,0.0,0.0,4.0166255756551315e-05,4.016625575655131e-05,0.0,0.0,0.006,0.0,0.0,0.006,0.0,0.0,0.006,0.0,0.0,0.0,0.0,0.0,0.0,0.0,0.0,0.0,0.0,0.0,-6.474508090575058e-20,-4.84396966711053e-21,-3.891057601449442e-21,-6.799420596218053e-23,2.2344729148568443e-18,-2.2577663209063376e-18,-0.005541858551710399,2.508465404953185e-05,2.50846540495319e-05,1.3333333333333328,9.147955830346444e-20,4.70950318673391e-19,2.770929275855198e-05,-1.2542327024765875e-07,-1.2542327024765965e-07
0.04000000000000002,3.437411551738554e-13,-6.851242685838455e-07,0.30000068520021006,0.9999999984643272,-5.54185854887357e-05,2.508465403669126e-07,2.508465403669131e-07,0.026777503837700865,-5.016930809906353e-07,-5.016930809906312e-07,6.874823096358179e-11,-6.850862950558357e-05,6.85238177944444e-05,-0.011083717103420796,5.016930809906381e-05,5.0169308099063894e-05,2.6777503837700873,-5.0169308099063515e-05,-5.016930809906329e-05,0.0,0.0,0.0,0.0,0.0,0.00016066502302620518,0.00016066502302620523,0.0,0.0,0.006,0.0,0.0,0.006,0.0,0.0,0.006,0.0,0.0,0.0,0.0,0.0,0.0,0.0,0.0,0.0,0.0,0.0,5.1986647137732683e-20,-1.9587636905255695e-20,5.982170189983496e-21,3.408000279589813e-23,4.568895717489696e-18,-4.208906714906618e-18,-0.011083717103420794,5.0169308099063806e-05,5.016930809906389e-05,2.6666666666666665,2.981555974335137e-19,6.030874584450618e-19,0.00011083717103420794,-5.016930809906373e-07,-5.016930809906384e-07
0.05000000000000003,1.740189590811839e-12,-1.5414227988347854e-06,0.3000015418072524,0.9999999922256566,-0.0001246918170903516,5.644047146518423e-07,5.644047146518433e-07,0.06024938363482695,-1.1288094322289274e-06,-1.1288094322289225e-06,2.3202527757086798e-10,-0.00010274870267308065,0.00010279996314755958,-0.0166255756551312,7.525396214859583e-05,7.525396214859588e-05,4.016625575655131,-7.525396214859504e-05,-7.525396214859507e-05,0.0,0.0,0.0,0.0,0.0,0.0003614963018089615,0.0003614963018089618,0.0,0.0,0.006,0.0,0.0,0.006,0.0,0.0,0.006,0.0,0.0,0.0,0.0,0.0,0.0,0.0,0.0,0.0,0.0,0.0,-1.3531351332387448e-19,-1.503483481376383e-20,1.4399560103323106e-20,-2.335945125152679e-22,6.918565113173125e-18,-6.498436771334992e-18,-0.016625575655131196,7.525396214859579e-05,7.525396214859585e-05,4.0,7.860465750519907e-19,8.131516293641283e-19,0.00024938363482696795,-1.1288094322289354e-06,-1.1288094322289376e-06
0.06000000000000004,5.4998583982482046e-12,-2.7400413415036233e-06,0.3000027412564045,0.9999999754292362,-0.00022167434025284661,1.003386153763288e-06,1.0033861537632902e-06,0.10711001535080346,-2.006772323962536e-06,-2.0067723239625323e-06,5.499858308156054e-10,-0.00013697168152023112,0.0001370931878273859,-0.022167434206841603,0.00010033861619812761,0.000100338616198128,5.355500767540174,-0.00010033861619812685,-0.0001003386161981268,0.0,0.0,0.0,0.0,0.0,0.0006426600921048205,0.000642660092104821,0.0,0.0,0.006,0.0,0.0,0.006,0.0,0.0,0.006,0.0,0.0,0.0,0.0,0.0,0.0,0.0,0.0,0.0,0.0,0.0,-1.6898307297723292e-19,-2.97520322723073e-20,-1.4928955695357043e-20,-2.699904594676011e-22,8.822695178600792e-18,-8.639736061993863e-18,-0.0221674342068416,0.0001003386161981276,0.00010033861619812798,5.333333333333332,7.589415207398531e-19,1.2061749168901237e-18,0.00044334868413683186,-2.0067723239625522e-06,-2.006772323962557e-06
0.07000000000000005,1.342738835055691e-11,-4.280780430645029e-06,0.3000042837468931,0.9999999400127844,-0.0003463661525560528,1.567790846746607e-06,1.567790846746611e-06,0.1673593989856304,-3.1355817561914604e-06,-3.135581756191458e-06,1.074191025085171e-09,-0.00017117186057876856,0.00017140917757372368,-0.027709292758552006,0.00012542327024765934,0.00012542327024765988,6.694375959425217,-0.00012542327024765834,-0.00012542327024765858,0.0,0.0,0.0,0.0,0.0,0.0010041563939137818,0.0010041563939137826,0.0,0.0,0.006,0.0,0.0,0.006,0.0,0.0,0.006,0.0,0.0,0.0,0.0,0.0,0.0,0.0,0.0,0.0,0.0,0.0,-1.9651164376299768e-19,-2.9434394917086937e-20,2.286988957586611e-20,-7.517391557487773e-22,1.163484456348507e-17,-1.098093512820475e-17,-0.027709292758552002,0.00012542327024765932,0.00012542327024765986,6.666666666666664,1.0028870095490916e-18,1.3010426069826053e-18,0.0006927323189638,-3.135581756191487e-06,-3.135581756191495e-06
0.08000000000000006,2.7843031288243575e-11,-6.163383515411239e-06,0.30000616953477177,0.999999875610511,-0.0004987672489734672,2.2576187708498505e-06,2.2576187708498556e-06,0.24099753453930775,-4.5152377289157045e-06,-4.5152377289157e-06,1.8562019319515174e-09,-0.0002053435280742588,0.00020575361180632748,-0.033251151310262406,0.00015050792429719136,0.00015050792429719157,8.03325115131026,-0.0001505079242971902,-0.0001505079242971902,0.0,0.0,0.0,0.0,0.0,0.0014459852072358458,0.0014459852072358469,0.0,0.0,0.006,0.0,0.0,0.006,0.0,0.0,0.006,0.0,0.0,0.0,0.0,0.0,0.0,0.0,0.0,0.0,0.0,0.0,-2.964615315390051e-21,-1.8634724839594607e-20,2.752857078576476e-21,-3.123382294211948e-22,1.3637230450794234e-17,-1.3237430899690206e-17,-0.033251151310262406,0.0001505079242971913,0.00015050792429719152,7.999999999999998,1.1655173354219173e-18,1.3823577699190182e-18,0.000997534539307872,-4.515237728915741e-06,-4.515237728915751e-06
0.09000000000000007,5.158264922554848e-11,-8.38753688912836e-06,0.30000839893285025,0.9999997695531191,-0.0006788776204361091,3.072869885023209e-06,3.0728698850232144e-06,0.32802442201183557,-6.145740242135266e-06,-6.145740242135262e-06,2.9475795029011864e-09,-0.0002394809643541552,0.000240132162040308,-0.03879300986197281,0.0001755925783467234,0.00017559257834672356,9.372126343195303,-0.00017559257834672194,-0.00017559257834672218,0.0,0.0,0.0,0.0,0.0,0.001968146532071012,0.0019681465320710136,0.0,0.0,0.006,0.0,0.0,0.006,0.0,0.0,0.006,0.0,0.0,0.0,0.0,0.0,0.0,0.0,0.0,0.0,0.0,0.0,-3.671887826347392e-19,2.244637310223896e-20,-5.336307567702092e-20,-6.352747104407252e-22,1.532790821351382e-17,-1.618510555613517e-17,-0.0387930098619728,0.00017559257834672337,0.00017559257834672353,9.33333333333333,1.463672932855431e-18,1.3823577699190182e-18,0.001357755345169048,-6.145740242135315e-06,-6.145740242135326e-06
0.10000000000000007,8.799771274998428e-11,-1.0952869602668031e-05,0.30001097231060714,0.9999996068678059,-0.0008866972520772336,4.0135441219738855e-06,4.013544121973892e-06,0.4284400614032138,-8.027089295850143e-06,-8.027089295850143e-06,4.3998844843379515e-09,-0.0002735784403189216,0.00027455049029847926,-0.04433486841368321,0.0002006772323962552,0.00020067723239625555,10.711001535080346,-0.00020067723239625346,-0.00020067723239625406,0.0,0.0,0.0,0.0,0.0,0.0025706403684192837,0.0025706403684192833,0.0,0.0,0.006,0.0,0.0,0.006,0.0,0.0,0.006,0.0,0.0,0.0,0.0,0.0,0.0,0.0,0.0,0.0,0.0,0.0,-4.31563286626066e-19,-6.056285572868247e-20,5.548065804515667e-20,1.2707562160345888e-22,1.9437712073591684e-17,-1.771315299298193e-17,-0.04433486841368322,0.00020067723239625522,0.00020067723239625558,10.666666666666663,1.734723475976807e-18,1.4907779871675686e-18,0.0017733947365473277,-8.027089295850206e-06,-8.027089295850219e-06
0.11000000000000008,1.4095529841032693e-10,-1.3858953362148263e-05,0.3000138900940874,0.9999993702782654,-0.0011222261211579032,5.0796413787764145e-06,5.079641378776422e-06,0.5422444527134425,-1.0159284890060334e-05,-1.015928489006034e-05,6.264677299341135e-09,-0.0003076302158568406,0.00030901424752004345,-0.049876726965393615,0.00022576188644578686,0.00022576188644578746,12.049876726965389,-0.0002257618864457849,-0.0002257618864457855,0.0,0.0,0.0,0.0,0.0,0.0032534667162806524,0.0032534667162806554,0.0,0.0,0.006,0.0,0.0,0.006,0.0,0.0,0.006,0.0,0.0,0.0,0.0,0.0,0.0,0.0,0.0,0.0,0.0,0.0,-1.215492279309921e-19,-1.130788984584491e-19,2.1811098391798234e-20,-2.329340604949326e-21,2.057612435470146e-17,-1.906840570858881e-17,-0.0498767269653936,0.0002257618864457868,0.00022576188644578743,11.999999999999995,1.951563910473908e-18,1.951563910473908e-18,0.0022444527134427117,-1.015928489006042e-05,-1.0159284890060434e-05
0.12000000000000009,2.1483808473285533e-10,-1.7105302411003323e-05,0.3000171527657832,0.9999990402046943,-0.0013854641946734194,6.271161506038411e-06,6.2711615060384215e-06,0.6694375959425216,-1.2542327024765843e-05,-1.2542327024765852e-05,8.593517890626278e-09,-0.0003416305382831253,0.00034352907196500847,-0.05541858551710402,0.00025084654049531847,0.0002508465404953191,13.388751918850431,-0.00025084654049531673,-0.0002508465404953168,0.0,0.0,0.0,0.0,0.0,0.004016625575655122,0.00401662557565513,0.0,0.0,0.006,0.0,0.0,0.006,0.0,0.0,0.006,0.0,0.0,0.0,0.0,0.0,0.0,0.0,0.0,0.0,0.0,0.0,-3.4728350837426314e-19,-8.300922883092143e-20,1.7364175418713157e-20,-1.9058241313221758e-21,2.2503971342652248e-17,-2.1555294441727432e-17,-0.055418585517103984,0.00025084654049531836,0.000250846540495319,13.333333333333327,1.734723475976807e-18,2.3310346708438345e-18,0.0027709292758551995,-1.2542327024765946e-05,-1.2542327024765967e-05
0.1300000000000001,3.1454434645000765e-10,-2.0691373396468868e-05,0.3000207608644992,0.9999985947637974,-0.0016764114266406122,7.588104295621774e-06,7.5881042956217885e-06,0.8100194910904511,-1.5176215699966669e-05,-1.517621569996668e-05,1.1437965519164485e-08,-0.0003755736407839562,0.00037810058761373347,-0.06096044406881442,0.0002759311945448503,0.00027593119454485113,14.727627110735474,-0.0002759311945448484,-0.0002759311945448491,0.0,0.0,0.0,0.0,0.0,0.0048601169465427,0.004860116946542707,0.0,0.0,0.006,0.0,0.0,0.006,0.0,0.0,0.006,0.0,0.0,0.0,0.0,0.0,0.0,0.0,0.0,0.0,0.0,0.0,-1.8888834723770898e-19,-1.0587911840678754e-19,5.082197683525802e-21,-3.007008321783394e-21,2.467237568762326e-17,-2.3567844724403653e-17,-0.06096044406881439,0.00027593119454485016,0.00027593119454485097,14.666666666666659,1.8973538018496328e-18,2.0599841277224584e-18,0.003352824423784793,-1.5176215699966792e-05,-1.5176215699966821e-05
0.1400000000000001,4.454879464705099e-10,-2.4616565220534645e-05,0.3000247149852018,0.9999980097687964,-0.0019950677550659903,9.03046946691933e-06,9.030469466919353e-06,0.9639901381572311,-1.8060950915662808e-05,-1.806095091566283e-05,1.48495785129102e-08,-0.00040945374086606603,0.00041273440256100254,-0.06650230262052483,0.000301015848594382,0.000301015848594383,16.066502302620517,-0.00030101584859438,-0.0003010158485943808,0.0,0.0,0.0,0.0,0.0,0.005783940828943383,0.005783940828943387,0.0,0.0,0.006,0.0,0.0,0.006,0.0,0.0,0.006,0.0,0.0,0.0,0.0,0.0,0.0,0.0,0.0,0.0,0.0,0.0,-5.014435047745458e-19,1.418780186650953e-19,-8.470329472543003e-22,-1.863431124928833e-21,2.7281237165166505e-17,-2.974779710757103e-17,-0.06650230262052481,0.0003010158485943819,0.00030101584859438293,15.999999999999993,2.0057740190981832e-18,2.168404344971009e-18,0.003990138157231487,-1.8060950915662943e-05,-1.8060950915662987e-05
0.1500000000000001,6.1359832506416e-10,-2.8880218875423433e-05,0.3000290157788522,0.9999972587294419,-0.0023414330985947586,1.0598256651686952e-05,1.0598256651686976e-05,1.1313495371428615,-2.1196532671854272e-05,-2.1196532671854296e-05,1.887991396010645e-08,-0.0004432650388124982,0.0004474361074040272,-0.07204416117223522,0.0003261005026439145,0.0003261005026439144,17.40537749450557,-0.0003261005026439126,-0.00032610050264391213,0.0,0.0,0.0,0.0,0.0,0.006788097222857171,0.006788097222857168,0.0,0.0,0.006,0.0,0.0,0.006,0.0,0.0,0.006,0.0,0.0,0.0,0.0,0.0,0.0,0.0,0.0,0.0,0.0,0.0,1.5585406229479126e-19,9.190307477709159e-20,-1.469602163486211e-19,-2.3715268161895303e-21,2.70643967306694e-17,-3.0852328070790636e-17,-0.0720441611722352,0.0003261005026439144,0.0003261005026439143,17.333333333333332,1.8973538018496328e-18,2.2768245622195593e-18,0.004682870476195288,-2.1196532671854428e-05,-2.1196532671854476e-05
0.16000000000000011,8.253204856798063e-10,-3.3481617263660995e-05,0.3000336639522234,0.9999963128520304,-0.0027155073528406996,1.2291465377431132e-05,1.2291465377431158e-05,1.3120976880473425,-2.4582960968541056e-05,-2.458296096854108e-05,2.3580527341655655e-08,-0.00047700171614516905,0.000482211273623783,-0.07758601972394565,0.0003511851566934464,0.00035118515669344653,18.74425268639062,-0.00035118515669344447,-0.000351185156693444,0.0,0.0,0.0,0.0,0.0,0.007872586128284054,0.007872586128284054,0.0,0.0,0.006,0.0,0.0,0.006,0.0,0.0,0.006,0.0,0.0,0.0,0.0,0.0,0.0,0.0,0.0,0.0,0.0,0.0,9.994988777600744e-20,7.623296525288703e-21,-7.792703114739563e-20,-4.319950749058187e-21,2.973424458041496e-17,-3.220080452281948e-17,-0.0775860197239456,0.00035118515669344615,0.00035118515669344626,18.666666666666675,1.951563910473908e-18,2.5478751053409354e-18,0.005431021380676193,-2.4582960968541235e-05,-2.4582960968541286e-05
0.17000000000000012,1.0876149767584357e-09,-3.841998500280832e-05,0.3000386602677008,0.9999951410394236,-0.003117290386396923,1.4110095049352067e-05,1.4110095049352095e-05,1.506234590870674,-2.822023580572316e-05,-2.8220235805723178e-05,2.900297209690606e-08,-0.0005106579340948653,0.0005170654519590887,-0.08312787827565608,0.00037626981074297795,0.00037626981074297827,20.083127878275672,-0.0003762698107429759,-0.00037626981074297545,0.0,0.0,0.0,0.0,0.0,0.009037407545224049,0.009037407545224042,0.0,0.0,0.006,0.0,0.0,0.006,0.0,0.0,0.006,0.0,0.0,0.0,0.0,0.0,0.0,0.0,0.0,0.0,0.0,0.0,-1.1350241493207625e-19,-6.606856988583543e-20,-1.9862922613113343e-19,-1.6940658945086007e-21,3.0730355326386016e-17,-3.3454413284755846e-17,-0.08312787827565603,0.0003762698107429776,0.000376269810742978,20.000000000000014,2.0599841277224584e-18,2.8189256484623115e-18,0.006234590870674203,-2.8220235805723357e-05,-2.8220235805723415e-05
0.18000000000000013,1.4079578688492013e-09,-4.369448821493376e-05,0.30004400554306676,0.999993709891074,-0.003546782036527497,1.605414493084226e-05,1.6054144930842286e-05,1.7137602456128558,-3.210835718340058e-05,-3.2108357183400585e-05,3.51987991174576e-08,-0.0005442278320793133,0.0005520041707728377,-0.08866973682736652,0.0004013544647925104,0.00040135446479250926,21.422003070160724,-0.00040135446479250795,-0.0004013544647925063,0.0,0.0,0.0,0.0,0.0,0.01028256147367714,0.010282561473677133,0.0,0.0,0.006,0.0,0.0,0.006,0.0,0.0,0.006,0.0,0.0,0.0,0.0,0.0,0.0,0.0,0.0,0.0,0.0,0.0,3.8370592510619805e-19,-1.5881867761018131e-19,-1.7575933655526732e-19,-4.658681209898652e-21,3.285810208988882e-17,-3.4389537658524594e-17,-0.08866973682736644,0.00040135446479251007,0.00040135446479250893,21.333333333333357,2.439454888092385e-18,2.9815559743351372e-18,0.007093578946189315,-3.2108357183400795e-05,-3.210835718340085e-05
0.19000000000000014,1.7943407262799355e-09,-4.930423430090871e-05,0.30004970065126857,0.9999919837030566,-0.004003982104539957,1.812361412254066e-05,1.8123614122540685e-05,1.9346746522738882,-3.624732510157331e-05,-3.624732510157331e-05,4.221955616338895e-08,-0.0005777055261899602,0.0005870329344098026,-0.09421159537907696,0.0004264391188420416,0.00042643911884204105,22.760878262045775,-0.00042643911884203905,-0.0004264391188420378,0.0,0.0,0.0,0.0,0.0,0.01160804791364333,0.01160804791364333,0.0,0.0,0.006,0.0,0.0,0.006,0.0,0.0,0.006,0.0,0.0,0.0,0.0,0.0,0.0,0.0,0.0,0.0,0.0,0.0,9.1394855008739e-19,-2.0667603913004928e-19,6.606856988583543e-20,-4.57348160680569e-21,3.82316791072701e-17,-3.553472620321241e-17,-0.09421159537907683,0.00042643911884204095,0.00042643911884204046,22.6666666666667,2.5478751053409354e-18,3.2526065174565133e-18,0.008007985607221536,-3.6247325101573565e-05,-3.624732510157362e-05
0.20000000000000015,2.2552705725783522e-09,-5.524827169961749e-05,0.3000557465201697,0.9999899244681084,-0.004488890350838703,2.0318501539942377e-05,2.0318501539942397e-05,2.168977810853771,-4.063713956024137e-05,-4.0637139560241345e-05,5.011678719624847e-08,-0.0006110851076881099,0.0006221572215454262,-0.0997534539307874,0.00045152377289157524,0.00045152377289157404,24.099753453930827,-0.0004515237728915727,-0.00045152377289157074,0.0,0.0,0.0,0.0,0.0,0.013013866865122615,0.013013866865122629,0.0,0.0,0.006,0.0,0.0,0.006,0.0,0.0,0.006,0.0,0.0,0.0,0.0,0.0,0.0,0.0,0.0,0.0,0.0,0.0,1.971045668260757e-18,1.1180834903756764e-19,4.658681209898652e-20,-8.724273920596783e-21,3.8238455370848135e-17,-4.1524943206194814e-17,-0.0997534539307872,0.0004515237728915743,0.0004515237728915731,24.00000000000004,2.5478751053409354e-18,3.3068166260807885e-18,0.008977810853770857,-4.063713956024166e-05,-4.0637139560241704e-05
0.21000000000000016,2.7997698487856473e-09,-6.152558963217798e-05,0.30006214413228555,0.999987491875675,-0.005001506489659313,2.263880588956408e-05,2.263880588956409e-05,2.4166697213525046,-4.527780055940476e-05,-4.527780055940472e-05,5.8942031623536666e-08,-0.0006443606415110635,0.0006573824835250311,-0.10529531248249778,0.0004766084269411065,0.0004766084269411074,25.43862864581587,-0.0004766084269411039,-0.00047660842694110395,0.0,0.0,0.0,0.0,0.0,0.014500018328115077,0.01450001832811503,0.0,0.0,0.006,0.0,0.0,0.006,0.0,0.0,0.006,0.0,0.0,0.0,0.0,0.0,0.0,0.0,0.0,0.0,0.0,0.0,-4.2012834183813297e-19,1.5161889755851976e-19,1.6686549060909717e-19,-6.776263578034403e-21,4.5793989260356494e-17,-4.8314759311385285e-17,-0.10529531248249782,0.00047660842694110666,0.0004766084269411076,25.333333333333375,2.6020852139652106e-18,3.469446951953614e-18,0.010003054685837284,-4.527780055940509e-05,-4.527780055940511e-05
0.22000000000000017,3.4373763637471128e-09,-6.813511783127644e-05,0.30006889452450103,0.9999846433119616,-0.005541830183483721,2.508452564366485e-05,2.5084525643664865e-05,2.6777503837700887,-5.0169308099063454e-05,-5.016930809906341e-05,6.874682344880507e-08,-0.0006775261647889183,0.0006927141426928718,-0.11083717103420815,0.0005016930809906383,0.0005016930809906403,26.777503837700916,-0.0005016930809906355,-0.0005016930809906367,0.0,0.0,0.0,0.0,0.0,0.01606650230262059,0.016066502302620536,0.0,0.0,0.006,0.0,0.0,0.006,0.0,0.0,0.006,0.0,0.0,0.0,0.0,0.0,0.0,0.0,0.0,0.0,0.0,0.0,-6.640738306473715e-19,-4.37069000783219e-19,2.219226321806267e-19,-1.1349745184840093e-20,4.834186436569743e-17,-4.2731118123084944e-17,-0.1108371710342082,0.0005016930809906385,0.0005016930809906405,26.666666666666707,2.8189256484623115e-18,3.577867169202165e-18,0.011083717103420813,-5.0169308099063806e-05,-5.016930809906383e-05
0.23000000000000018,4.178143235410741e-09,-7.507572625572636e-05,0.3000759987877726,0.9999813338600058,-0.006109861037136391,2.7655659013523208e-05,2.7655659013523235e-05,2.952219798106523,-5.531166217921748e-05,-5.531166217921745e-05,7.958269032218386e-08,-0.0007105756853726812,0.000728157590710469,-0.11637902958591852,0.0005267777350401721,0.0005267777350401742,28.116379029585957,-0.0005267777350401691,-0.0005267777350401706,0.0,0.0,0.0,0.0,0.0,0.017713318788639187,0.017713318788639142,0.0,0.0,0.006,0.0,0.0,0.006,0.0,0.0,0.006,0.0,0.0,0.0,0.0,0.0,0.0,0.0,0.0,0.0,0.0,0.0,8.639736061993863e-20,-2.168404344971009e-19,2.1175823681357508e-19,-7.115407629181144e-21,4.9791984771396785e-17,-4.720345208458765e-17,-0.11637902958591856,0.0005267777350401724,0.0005267777350401743,28.00000000000004,3.0357660829594124e-18,3.577867169202165e-18,0.012219798106521448,-5.531166217921786e-05,-5.531166217921791e-05
0.24000000000000019,5.03263882210873e-09,-8.234622479036766e-05,0.3000834580668128,0.9999775162997502,-0.006705598591561372,3.035220392126951e-05,3.0352203921269532e-05,3.2400779643618076,-6.070486279986684e-05,-6.0704862799866803e-05,9.15011524855115e-08,-0.0007435031803743626,0.0007637181868636644,-0.12192088813762889,0.0005518623890897053,0.0005518623890897049,29.455254221470994,-0.0005518623890897024,-0.0005518623890897013,0.0,0.0,0.0,0.0,0.0,0.01944046778617092,0.019440467786170854,0.0,0.0,0.006,0.0,0.0,0.006,0.0,0.0,0.006,0.0,0.0,0.0,0.0,0.0,0.0,0.0,0.0,0.0,0.0,0.0,-4.980553729855286e-19,-7.115076756936123e-20,-3.134021904840911e-20,-8.809473523689743e-21,4.967001202699217e-17,-5.2583805365546965e-17,-0.12192088813762898,0.0005518623890897058,0.0005518623890897052,29.333333333333364,2.927345865710862e-18,3.577867169202165e-18,0.013411297695139178,-6.070486279986724e-05,-6.0704862799867285e-05
0.25000000000000017,6.0119466427413006e-09,-8.994536293142979e-05,0.3000912735597583,0.9999731411081312,-0.007329042317280348,3.3174157970274446e-05,3.317415797027447e-05,3.541324882535943,-6.634890996101151e-05,-6.634890996101147e-05,1.0455372160676e-07,-0.0007763025947197189,0.0007994012563578444,-0.1274627466893393,0.0005769470431392377,0.0005769470431392366,30.79412941335603,-0.0005769470431392347,-0.0005769470431392331,0.0,0.0,0.0,0.0,0.0,0.021247949295215694,0.021247949295215666,0.0,0.0,0.006,0.0,0.0,0.006,0.0,0.0,0.006,0.0,0.0,0.0,0.0,0.0,0.0,0.0,0.0,0.0,0.0,0.0,-5.64123942871364e-19,1.5331296345302836e-19,2.710505431213761e-20,-1.3213383104922064e-20,5.125565770425222e-17,-5.728653228870284e-17,-0.12746274668933935,0.0005769470431392379,0.0005769470431392367,30.66666666666669,3.0357660829594124e-18,3.469446951953614e-18,0.014658215869274023,-6.634890996101196e-05,-6.634890996101201e-05
0.2600000000000002,7.127665284727129e-09,-9.787182945748795e-05,0.30009944651781995,0.999968156459184,-0.007980191607531648,3.6121518414093604e-05,3.612151841409364e-05,3.8559605526289285,-7.224380366265152e-05,-7.224380366265148e-05,1.1879189949798123e-07,-0.000808967839714319,0.0008352120886007853,-0.13300460524104973,0.0006020316971887711,0.0006020316971887694,32.13300460524107,-0.0006020316971887678,-0.0006020316971887658,0.0,0.0,0.0,0.0,0.0,0.023135763315773588,0.02313576331577358,0.0,0.0,0.006,0.0,0.0,0.006,0.0,0.0,0.006,0.0,0.0,0.0,0.0,0.0,0.0,0.0,0.0,0.0,0.0,0.0,-2.4072676360967216e-18,-2.202285662861181e-20,-1.1096131609031334e-19,-9.99399616086568e-21,5.2028151752148144e-17,-5.762534546760456e-17,-0.1330046052410498,0.0006020316971887713,0.0006020316971887695,32.00000000000002,3.2526065174565133e-18,3.686287386450715e-18,0.015960552628925973,-7.2243803662652e-05,-7.224380366265207e-05
0.2700000000000002,8.391908298528916e-09,-0.00010612425208614978,0.3001079782449167,0.999962508224159,-0.008659045771090277,3.919428212396797e-05,3.9194282123968004e-05,4.183984974640764,-7.838954390478683e-05,-7.83895439047868e-05,1.3426717671155074e-07,-0.0008414927916236166,0.0008711559354725819,-0.13854646379276017,0.0006271163512382984,0.0006271163512383009,33.47187979712612,-0.0006271163512382949,-0.0006271163512382971,0.0,0.0,0.0,0.0,0.0,0.025103909847844635,0.0251039098478446,0.0,0.0,0.006,0.0,0.0,0.006,0.0,0.0,0.006,0.0,0.0,0.0,0.0,0.0,0.0,0.0,0.0,0.0,0.0,0.0,-2.0159384144652348e-18,2.346281263894412e-19,2.744386749103933e-19,-1.3721272001029623e-20,5.980730233973164e-17,-6.469976464307248e-17,-0.13854646379276028,0.0006271163512382987,0.0006271163512383012,33.333333333333364,3.469446951953614e-18,3.7947076036992655e-18,0.017318307974095018,-7.838954390478734e-05,-7.83895439047874e-05
0.2800000000000002,9.817304077508571e-09,-0.00011470119711661541,0.3001168700972913,0.9999561399716556,-0.009365604024768997,4.239244555488087e-05,4.2392445554880896e-05,4.525398148571451,-8.478613068741744e-05,-8.478613068741741e-05,1.5103103100880684e-07,-0.0008738712902677143,0.0009072380095821209,-0.1440883223444706,0.000652201005287832,0.0006522010052878327,34.81075498901117,-0.0006522010052878284,-0.0006522010052878286,0.0,0.0,0.0,0.0,0.0,0.02715238889142878,0.027152388891428722,0.0,0.0,0.006,0.0,0.0,0.006,0.0,0.0,0.006,0.0,0.0,0.0,0.0,0.0,0.0,0.0,0.0,0.0,0.0,0.0,-3.025601687592361e-18,-4.658681209898652e-20,-2.39710324072967e-19,-1.2874239053775323e-20,5.650048571365085e-17,-6.472686969738461e-17,-0.14408832234447072,0.0006522010052878326,0.0006522010052878333,34.6666666666667,3.577867169202165e-18,4.119968255444917e-18,0.018731481904781175,-8.4786130687418e-05,-8.478613068741805e-05
0.2900000000000002,1.1416995721810365e-08,-0.00012360116905826157,0.3001261234831091,0.9999489929677751,-0.010099865485600448,4.571600471017116e-05,4.5716004710171185e-05,4.880200074420988,-9.143356401054339e-05,-9.143356401054335e-05,1.6913492569610552e-07,-0.000906097137631516,0.0009434634825095842,-0.14963018089618105,0.0006772856593373638,0.0006772856593373629,36.149630180896224,-0.0006772856593373603,-0.0006772856593373586,0.0,0.0,0.0,0.0,0.0,0.029281200446526018,0.029281200446525945,0.0,0.0,0.006,0.0,0.0,0.006,0.0,0.0,0.006,0.0,0.0,0.0,0.0,0.0,0.0,0.0,0.0,0.0,0.0,0.0,-2.2005915969666723e-18,3.134021904840911e-20,-3.3881317890172014e-19,-1.9481757786848908e-20,5.679864131108436e-17,-6.82505267579625e-17,-0.14963018089618116,0.0006772856593373643,0.0006772856593373635,36.00000000000004,3.469446951953614e-18,4.336808689942018e-18,0.020200074420984433,-9.143356401054397e-05,-9.143356401054403e-05
0.3000000000000002,1.3204640884914619e-08,-0.00013282261024540724,0.30013573986203845,0.9999410061762921,-0.010861829162700405,4.916495510470307e-05,4.9164955104703096e-05,5.248390752189375,-9.833184387416464e-05,-9.83318438741646e-05,1.8863030782210002e-07,-0.0009381640964909666,0.0009798374830344524,-0.15517203944789149,0.0007023703133868975,0.0007023703133868927,37.488505372781276,-0.000702370313386894,-0.0007023703133868885,0.0,0.0,0.0,0.0,0.0,0.03149034451313636,0.03149034451313627,0.0,0.0,0.006,0.0,0.0,0.006,0.0,0.0,0.006,0.0,0.0,0.0,0.0,0.0,0.0,0.0,0.0,0.0,0.0,0.0,-2.129440829397311e-18,2.22769665127881e-19,-2.1175823681357508e-19,-2.0835025268985658e-20,6.139294801699169e-17,-7.410521848938422e-17,-0.1551720394478916,0.000702370313386898,0.0007023703133868932,37.333333333333385,3.469446951953614e-18,4.228388472693467e-18,0.0217240855227048,-9.833184387416525e-05,-9.833184387416531e-05
0.3100000000000002,1.5194411601451115e-08,-0.00014236390043842476,0.30014572074481427,0.9999321162588467,-0.01165149394881218,5.2739291726592845e-05,5.273929172659285e-05,5.6299701818766135,-0.00010548097027828122,-0.00010548097027828114,2.0956860623134308e-07,-0.0009700658890560885,0.0010163650953485077,-0.16071389799960192,0.0007274549674364271,0.0007274549674364233,38.82738056466633,-0.0007274549674364237,-0.000727454967436419,0.0,0.0,0.0,0.0,0.0,0.0337798210912598,0.0337798210912597,0.0,0.0,0.006,0.0,0.0,0.006,0.0,0.0,0.006,0.0,0.0,0.0,0.0,0.0,0.0,0.0,0.0,0.0,0.0,0.0,-2.1108061045577164e-18,1.8211208365967457e-19,3.6591823321385775e-19,-2.5748478107550645e-20,7.037827352146531e-17,-7.701901182793901e-17,-0.16071389799960203,0.0007274549674364275,0.0007274549674364238,38.66666666666673,3.3610267347050637e-18,4.228388472693467e-18,0.02330351520994227,-0.00010548097027828189,-0.0001054809702782819
0.32000000000000023,1.7400994094804572e-08,-0.00015222335641136854,0.3001560676927828,0.999922257575159,-0.012468858611532218,5.6439008997492265e-05,5.6439008997492245e-05,6.024938363482701,-0.00011288094322289315,-0.00011288094322289298,2.3200122946818282e-07,-0.001001796195631531,0.0010530513572533295,-0.16625575655131236,0.000752539621485962,0.000752539621485957,40.16625575655138,-0.0007525396214859585,-0.0007525396214859525,0.0,0.0,0.0,0.0,0.0,0.03614963018089634,0.03614963018089624,0.0,0.0,0.006,0.0,0.0,0.006,0.0,0.0,0.006,0.0,0.0,0.0,0.0,0.0,0.0,0.0,0.0,0.0,0.0,0.0,-1.7364175418713157e-18,-2.498747194400186e-19,-6.437450399132683e-20,-2.439190190296368e-20,6.570265165262157e-17,-7.345469718589293e-17,-0.16625575655131242,0.0007525396214859622,0.0007525396214859572,40.000000000000064,3.469446951953614e-18,4.445228907190568e-18,0.024938363482696835,-0.00011288094322289384,-0.0001128809432228938
0.33000000000000024,1.983958856299037e-08,-0.00016239923152629984,0.3001667823174289,0.9999113621832691,-0.01331392178421697,6.026410073142951e-05,6.026410073142947e-05,6.433295297007642,-0.0001205317627080004,-0.00012053176270800015,2.5597956352598316e-07,-0.001033348653295355,0.001089901258341795,-0.1717976151030228,0.0007776242755354951,0.0007776242755354869,41.50513094843643,-0.0007776242755354912,-0.0007776242755354824,0.0,0.0,0.0,0.0,0.0,0.038599771782046016,0.03859977178204587,0.0,0.0,0.006,0.0,0.0,0.006,0.0,0.0,0.006,0.0,0.0,0.0,0.0,0.0,0.0,0.0,0.0,0.0,0.0,0.0,-2.354751593366955e-18,-2.261577969168982e-19,-5.929230630780102e-20,-2.2191601473572623e-20,7.017498561412427e-17,-7.714098457234363e-17,-0.1717976151030229,0.0007776242755354956,0.0007776242755354873,41.33333333333341,3.903127820947816e-18,4.445228907190568e-18,0.02662863034096851,-0.00012053176270800109,-0.000120531762708001
0.34000000000000025,2.2525908941223163e-08,-0.00017288971529449344,0.3001778662798845,0.9998993598398016,-0.014186681956571025,6.421456009220741e-05,6.421456009220733e-05,6.85504098245143,-0.00012843342873360294,-0.00012843342873360264,2.8155496943576844e-07,-0.0010647168545967836,0.0011269197381630956,-0.17733947365473324,0.0008027089295850255,0.0008027089295850202,42.84400614032148,-0.0008027089295850212,-0.0008027089295850156,0.0,0.0,0.0,0.0,0.0,0.04113024589470883,0.04113024589470861,0.0,0.0,0.006,0.0,0.0,0.006,0.0,0.0,0.006,0.0,0.0,0.0,0.0,0.0,0.0,0.0,0.0,0.0,0.0,0.0,-3.211948935988307e-18,-4.0657581468206416e-20,3.218725199566341e-20,-2.523893485021798e-20,7.558244394939573e-17,-8.525894833882884e-17,-0.1773394736547335,0.0008027089295850265,0.0008027089295850213,42.66666666666675,4.228388472693467e-18,4.662069341687669e-18,0.02837431578475728,-0.00012843342873360367,-0.0001284334287336035
0.35000000000000026,2.5476182639547735e-08,-0.0001836929329247198,0.3001893212904193,0.9998861780002584,-0.015087137464916689,6.829037954935958e-05,6.82903795493595e-05,7.290175419814071,-0.0001365859412997008,-0.00013658594129970048,3.0877878068881017e-07,-0.0010958943462736595,0.0011641116843708066,-0.18288133220644365,0.0008277935836345556,0.000827793583634556,44.182881332206534,-0.0008277935836345514,-0.0008277935836345514,0.0,0.0,0.0,0.0,0.0,0.0437410525188847,0.04374105251888445,0.0,0.0,0.006,0.0,0.0,0.006,0.0,0.0,0.006,0.0,0.0,0.0,0.0,0.0,0.0,0.0,0.0,0.0,0.0,0.0,-4.0708403445041674e-18,2.337810934421869e-19,1.0672615135404184e-19,-2.947409958648948e-20,7.928228386300251e-17,-9.20623169711754e-17,-0.18288133220644393,0.0008277935836345568,0.0008277935836345572,44.00000000000009,4.119968255444917e-18,4.553649124439119e-18,0.03017541981406316,-0.00013658594129970154,-0.00013658594129970137
0.36000000000000026,2.8707150253842422e-08,-0.00019480694485880343,0.30020114910791224,0.9998717418193428,-0.016015286482144984,7.249155083266471e-05,7.249155083266462e-05,7.738698609095561,-0.000144989300406294,-0.0001449893004062936,3.377023004879206e-07,-0.0011268746279903558,0.0012014819308535285,-0.18842319075815409,0.0008528782376840888,0.0008528782376840833,45.521756524091586,-0.0008528782376840847,-0.0008528782376840789,0.0,0.0,0.0,0.0,0.0,0.04643219165457367,0.04643219165457339,0.0,0.0,0.006,0.0,0.0,0.006,0.0,0.0,0.006,0.0,0.0,0.0,0.0,0.0,0.0,0.0,0.0,0.0,0.0,0.0,-3.9607260613611084e-18,-3.6422416731934915e-20,1.7025362239811437e-19,-3.642241673193491e-20,8.168108116962668e-17,-9.21029745526436e-17,-0.18842319075815436,0.0008528782376840899,0.0008528782376840845,45.333333333333435,4.119968255444917e-18,4.445228907190568e-18,0.032031942428886157,-0.00014498930040629475,-0.00014498930040629456
0.3700000000000003,3.2236065248457775e-08,-0.00020622974629466592,0.30021335153930445,0.9998559741513136,-0.01697112700734815,7.681806488521925e-05,7.681806488521911e-05,8.2006105502959,-0.00015364350605338254,-0.00015364350605338205,3.683767988220446e-07,-0.0011576511510968943,0.0012390352558476682,-0.1939650493098645,0.0008779628917336265,0.0008779628917336115,46.86063171597664,-0.0008779628917336221,-0.000877962891733607,0.0,0.0,0.0,0.0,0.0,0.049203663301775794,0.04920366330177544,0.0,0.0,0.006,0.0,0.0,0.006,0.0,0.0,0.006,0.0,0.0,0.0,0.0,0.0,0.0,0.0,0.0,0.0,0.0,0.0,-5.134713726255569e-18,-2.0328790734103208e-19,-1.5670109524204556e-19,-3.693195998926758e-20,8.199278929421626e-17,-9.405453846311751e-17,-0.19396504930986488,0.000877962891733628,0.0008779628917336129,46.66666666666677,4.445228907190568e-18,4.445228907190568e-18,0.03394388362922624,-0.00015364350605338335,-0.00015364350605338308
0.3800000000000003,3.6080693608691874e-08,-0.0002179592666970692,0.3002259304390331,0.9998387955503723,-0.01795465685513385,8.126991181506892e-05,8.126991181506876e-05,8.675911243415092,-0.00016254855824096638,-0.00016254855824096584,4.0085350935823566e-07,-0.001188217317410041,0.0012767763800319014,-0.19950690786157488,0.000903047545783155,0.0009030475457831468,48.19950690786169,-0.0009030475457831505,-0.000903047545783142,0.0,0.0,0.0,0.0,0.0,0.05205546746049095,0.05205546746049059,0.0,0.0,0.006,0.0,0.0,0.006,0.0,0.0,0.006,0.0,0.0,0.0,0.0,0.0,0.0,0.0,0.0,0.0,0.0,0.0,-3.2305836608279015e-18,1.1011428314305904e-19,1.4399560103323106e-20,-4.082301759071702e-20,8.445934923662078e-17,-1.0138645565455072e-16,-0.19950690786157524,0.0009030475457831565,0.0009030475457831483,48.000000000000114,4.553649124439119e-18,4.7704895589362195e-18,0.03591124341508344,-0.00016254855824096725,-0.00016254855824096692
0.3900000000000003,4.0259313461248946e-08,-0.00022999336929628282,0.30023888770844653,0.9998201242710888,-0.018965873644621,8.584708084539988e-05,8.584708084539969e-05,9.164600688453135,-0.00017170445696904554,-0.00017170445696904494,4.351836261455714e-07,-0.0012185664780171475,0.0013147099646028911,-0.2050487664132853,0.0009281321998326833,0.0009281321998326791,49.53838209974674,-0.0009281321998326791,-0.0009281321998326746,0.0,0.0,0.0,0.0,0.0,0.05498760413071923,0.05498760413071884,0.0,0.0,0.006,0.0,0.0,0.006,0.0,0.0,0.006,0.0,0.0,0.0,0.0,0.0,0.0,0.0,0.0,0.0,0.0,0.0,-4.675621868843738e-18,-3.2526065174565133e-19,-2.0159384144652348e-19,-5.0312433577925355e-20,8.35377773900081e-17,-9.868950275049304e-17,-0.20504876641328565,0.0009281321998326848,0.0009281321998326807,49.33333333333346,4.228388472693467e-18,4.445228907190568e-18,0.03793402178645773,-0.00017170445696904638,-0.000171704456969046
0.4000000000000003,4.479071466078104e-08,-0.0002423298505749069,0.3002522252951994,0.9997998762688624,-0.02000477478811751,9.054956026328936e-05,9.054956026328918e-05,9.666678885410027,-0.00018111120223761996,-0.00018111120223761936,4.7141830012653925e-07,-0.0012486919321035238,0.0013528406093318414,-0.21059062496499567,0.0009532168538822075,0.0009532168538822137,50.87725729163179,-0.000953216853882203,-0.0009532168538822092,0.0,0.0,0.0,0.0,0.0,0.05800007331246057,0.058000073312460196,0.0,0.0,0.006,0.0,0.0,0.006,0.0,0.0,0.006,0.0,0.0,0.0,0.0,0.0,0.0,0.0,0.0,0.0,0.0,0.0,-1.9142944607947188e-18,-2.1514636860259229e-19,3.1679032227310833e-19,-5.556006738396176e-20,9.16692936836494e-17,-1.0291789122318651e-16,-0.21059062496499598,0.0009532168538822088,0.0009532168538822154,50.6666666666668,4.445228907190568e-18,4.553649124439119e-18,0.04001221874334915,-0.00018111120223762088,-0.0001811112022376205
0.4100000000000003,4.969419834054897e-08,-0.0002549664397430894,0.30026594519262884,0.9997779652004241,-0.02107135747947989,9.537733736701683e-05,9.537733736701665e-05,10.182145834285771,-0.00019076879404668966,-0.00019076879404668912,5.096086354489254e-07,-0.0012785869258041334,0.001391172850601482,-0.2161324835167061,0.0009783015079317442,0.0009783015079317396,52.216132483516844,-0.0009783015079317399,-0.0009783015079317353,0.0,0.0,0.0,0.0,0.0,0.06109287500571505,0.061092875005714656,0.0,0.0,0.006,0.0,0.0,0.006,0.0,0.0,0.006,0.0,0.0,0.0,0.0,0.0,0.0,0.0,0.0,0.0,0.0,0.0,-1.6872896309305663e-18,-4.2182240773264157e-19,-2.710505431213761e-19,-5.793573010321406e-20,8.529960592029705e-17,-1.0259263057144086e-16,-0.21613248351670636,0.0009783015079317453,0.0009783015079317412,52.000000000000135,4.336808689942018e-18,4.336808689942018e-18,0.042145834285757654,-0.00019076879404669058,-0.00019076879404669023
0.4200000000000003,5.4989576425191106e-08,-0.00026790079820238576,0.30028004943911074,0.9997543024243813,-0.022165618682154952,0.00010033039841193594,0.00010033039841193572,10.711001535080364,-0.00020067723239625468,-0.00020067723239625409,5.498056855746007e-07,-0.0013082446510804097,0.0014297111594230856,-0.22167434206841655,0.0010033861619812687,0.0010033861619812643,53.555007675401896,-0.0010033861619812643,-0.00100338616198126,0.0,0.0,0.0,0.0,0.0,0.06426600921048269,0.06426600921048221,0.0,0.0,0.006,0.0,0.0,0.006,0.0,0.0,0.006,0.0,0.0,0.0,0.0,0.0,0.0,0.0,0.0,0.0,0.0,0.0,-4.2825985813177425e-18,9.825582188149884e-20,-3.6761229910836635e-19,-6.233633096199617e-20,8.857931749206571e-17,-1.1544042631539408e-16,-0.22167434206841694,0.0010033861619812698,0.0010033861619812665,53.33333333333348,4.336808689942018e-18,4.336808689942018e-18,0.044334868413683254,-0.00020067723239625566,-0.00020067723239625522
0.4300000000000003,6.069717110353154e-08,-0.00028113051899851505,0.3002945401173957,0.9997287970018064,-0.023287555116903755,0.00010540872855490806,0.00010540872855490777,11.25324598779381,-0.00021083651728631502,-0.00021083651728631431,5.920604491774733e-07,-0.0013376582446230152,0.0014684599394331288,-0.22721620062012698,0.001028470816030809,0.0010284708160307897,54.89388286728695,-0.0010284708160308046,-0.0010284708160307853,0.0,0.0,0.0,0.0,0.0,0.0675194759267634,0.06751947592676288,0.0,0.0,0.006,0.0,0.0,0.006,0.0,0.0,0.006,0.0,0.0,0.0,0.0,0.0,0.0,0.0,0.0,0.0,0.0,0.0,-5.19400603256337e-18,3.032377951170395e-19,-2.1175823681357508e-19,-6.945670167485263e-20,9.310586156219268e-17,-1.2302984152279262e-16,-0.22721620062012746,0.00102847081603081,0.0010284708160307916,54.66666666666682,4.336808689942018e-18,4.336808689942018e-18,0.04657932112712598,-0.00021083651728631605,-0.00021083651728631548
0.44000000000000034,6.683781425930367e-08,-0.0002946531262632775,0.3003094193539254,0.9997013556968724,-0.024437163249207774,0.00011061231179729784,0.00011061231179729746,11.808879192426103,-0.00022124664871687072,-0.00022124664871686983,6.364238658279382e-07,-0.0013668207867813468,0.001507423524869244,-0.2327580591718374,0.001053555470080342,0.0010535554700803163,56.232758059172,-0.0010535554700803376,-0.001053555470080312,0.0,0.0,0.0,0.0,0.0,0.07085327515455692,0.07085327515455667,0.0,0.0,0.006,0.0,0.0,0.006,0.0,0.0,0.006,0.0,0.0,0.0,0.0,0.0,0.0,0.0,0.0,0.0,0.0,0.0,8.809142651444724e-20,1.2705494208814505e-19,-4.692562527788824e-19,-7.18257469492045e-20,8.613986260397331e-17,-1.155217414783305e-16,-0.2327580591718374,0.0010535554700803406,0.0010535554700803163,56.00000000000016,4.336808689942018e-18,4.336808689942018e-18,0.04887919242608579,-0.00022124664871687173,-0.00022124664871687097
0.45000000000000034,7.343284685761549e-08,-0.0003084660746459036,0.30032468931812856,0.9996718829775426,-0.02561443927635782,0.00011594113092653236,0.00011594113092653182,12.377901148977248,-0.00023190762668792174,-0.00023190762668792055,6.829468114559059e-07,-0.00139572530052064,0.0015466061785250871,-0.23829991772354783,0.001078640124129873,0.0010786401241298397,57.57163325105705,-0.0010786401241298686,-0.0010786401241298356,0.0,0.0,0.0,0.0,0.0,0.07426740689386371,0.07426740689386355,0.0,0.0,0.006,0.0,0.0,0.006,0.0,0.0,0.006,0.0,0.0,0.0,0.0,0.0,0.0,0.0,0.0,0.0,0.0,0.0,7.453889935837843e-19,9.012430558785756e-19,-4.2351647362715017e-20,-7.284483346386982e-20,9.10187723801581e-17,-1.2714980977823753e-16,-0.23829991772354775,0.001078640124129871,0.0010786401241298395,57.333333333333506,4.336808689942018e-18,4.119968255444917e-18,0.051234482310562726,-0.00023190762668792286,-0.00023190762668792177
0.46000000000000035,8.050411828492768e-08,-0.0003225667487341166,0.3003403522216959,0.9996402810163031,-0.026819379114225286,0.00012139516745622249,0.00012139516745622182,12.960311857447243,-0.00024281945119946808,-0.0002428194511994666,7.316800935890373e-07,-0.001424364750407489,0.0015860120896837935,-0.24384177627525827,0.0011037247781794056,0.0011037247781793785,58.9105084429421,-0.001103724778179401,-0.0011037247781793742,0.0,0.0,0.0,0.0,0.0,0.07776187114468373,0.07776187114468353,0.0,0.0,0.006,0.0,0.0,0.006,0.0,0.0,0.006,0.0,0.0,0.0,0.0,0.0,0.0,0.0,0.0,0.0,0.0,0.0,3.682899254661698e-18,-1.0672615135404184e-19,-2.574980159653073e-19,-7.894611766206096e-20,8.773906080838945e-17,-1.1416648876272362e-16,-0.2438417762752581,0.0011037247781794037,0.0011037247781793776,58.66666666666684,4.553649124439119e-18,4.336808689942018e-18,0.05364519078055678,-0.0002428194511994693,-0.00024281945119946795
0.47000000000000036,8.807398564025654e-08,-0.0003369524624651951,0.3003564103178348,0.9996064496909581,-0.028051978383716546,0.0001269744015648504,0.0001269744015648496,13.55611131783609,-0.00025398212225150973,-0.00025398212225150794,7.826744463593271e-07,-0.0014527320416246603,0.0016256453720296868,-0.2493836348269687,0.0011288094322289383,0.001128809432228907,60.249383634827154,-0.0011288094322289336,-0.0011288094322289023,0.0,0.0,0.0,0.0,0.0,0.08133666790701688,0.08133666790701662,0.0,0.0,0.006,0.0,0.0,0.006,0.0,0.0,0.006,0.0,0.0,0.0,0.0,0.0,0.0,0.0,0.0,0.0,0.0,0.0,-6.437450399132683e-20,1.4060746924421386e-19,-1.3552527156068805e-19,-7.995196928692544e-20,9.410874857174177e-17,-1.2433088412977522e-16,-0.24938363482696865,0.0011288094322289368,0.001128809432228907,60.000000000000185,4.7704895589362195e-18,4.553649124439119e-18,0.05611131783606789,-0.0002539821222515109,-0.0002539821222515093
0.48000000000000037,9.61653129752744e-08,-0.00035162045852733397,0.30037286590050255,0.9995702865854783,-0.029312232396910314,0.00013267881203302142,0.00013267881203302048,14.165299530143788,-0.0002653956398440467,-0.00026539563984404464,8.35980525274303e-07,-0.001480820019016033,0.0016655100615379408,-0.25492549337867904,0.001153894086278465,0.00115389408627844,61.588258826712206,-0.0011538940862784604,-0.0011538940862784355,0.0,0.0,0.0,0.0,0.0,0.08499179718086311,0.0849917971808628,0.0,0.0,0.006,0.0,0.0,0.006,0.0,0.0,0.006,0.0,0.0,0.0,0.0,0.0,0.0,0.0,0.0,0.0,0.0,0.0,6.030874584450618e-19,-2.947674656444965e-19,-3.8285889215894375e-19,-8.401508045578591e-20,9.147955830346444e-17,-1.2059038663470023e-16,-0.25492549337867904,0.001153894086278464,0.0011538940862784405,61.33333333333353,4.553649124439119e-18,4.553649124439119e-18,0.05863286347709612,-0.0002653956398440479,-0.000265395639844046
0.4900000000000004,1.0480147048091068e-07,-0.00036656790775160895,0.3003897213036189,0.9995316869909112,-0.030600136142878247,0.00013850837617928265,0.00013850837617928157,14.787876494370334,-0.00027706000397707895,-0.0002770600039770767,8.916489017456967e-07,-0.0015086214661625648,0.0017056101143418723,-0.26046735193038933,0.0011789787403279934,0.0011789787403279793,62.92713401859726,-0.0011789787403279886,-0.0011789787403279745,0.0,0.0,0.0,0.0,0.0,0.08872725896622248,0.08872725896622209,0.0,0.0,0.006,0.0,0.0,0.006,0.0,0.0,0.006,0.0,0.0,0.0,0.0,0.0,0.0,0.0,0.0,0.0,0.0,0.0,4.0115480381963664e-18,0.0,7.453889935837843e-20,-8.842229875946843e-20,9.879792296774159e-17,-1.2644507836612195e-16,-0.26046735193038933,0.0011789787403279927,0.00117897874032798,62.66666666666687,4.7704895589362195e-18,4.7704895589362195e-18,0.06120982770364144,-0.0002770600039770803,-0.00027706000397707814
0.5000000000000003,1.1400633361801416e-07,-0.00038179190849486026,0.30040697890025686,0.999490543906353,-0.031915684273189096,0.0001444630697945087,0.00014446306979450755,15.423842210515733,-0.0002889752146506065,-0.00028897521465060406,9.497300573718299e-07,-0.0015361291044901503,0.0017459494045776141,-0.26600921048209963,0.001204063394377527,0.001204063394377506,64.26600921048231,-0.001204063394377522,-0.0012040633943775014,0.0,0.0,0.0,0.0,0.0,0.09254305326309488,0.09254305326309449,0.0,0.0,-0.006,-0.0,-0.0,0.006,0.0,0.0,0.006,0.0,0.0,0.0,0.0,0.0,0.0,0.0,0.0,0.0,0.0,0.0,4.292762976684794e-18,4.912791094074942e-19,-3.3711911300721153e-19,-9.858669412652005e-20,9.375638286568398e-17,-1.3582342715812157e-16,-0.2660092104820997,0.001204063394377526,0.0012040633943775066,64.00000000000021,4.9873299934333204e-18,4.553649124439119e-18,0.06384221051570388,-0.0002889752146506078,-0.0002889752146506055
0.5100000000000003,1.2380428218958355e-07,-0.000397289486013817,0.30042464110181144,0.9994467480399853,-0.03325887108709655,0.00015054286707485653,0.00015054286707485526,16.07319667857998,-0.0003011412718646294,-0.00030114127186462667,1.0102743779681631e-06,-0.001563335592410267,0.001786531722205892,-0.27155106903380993,0.0012291480484270662,0.0012291480484270339,65.60488440236736,-0.0012291480484270612,-0.0012291480484270282,0.0,0.0,0.0,0.0,0.0,0.0964391800714803,0.09643918007147999,0.0,0.0,-0.006,-0.0,-0.0,0.006,0.0,0.0,0.006,0.0,0.0,0.0,0.0,0.0,0.0,0.0,0.0,0.0,0.0,0.0,7.274318951019931e-18,4.777265822514254e-19,3.7947076036992655e-19,-1.0333801956502464e-19,1.0215894970244666e-16,-1.341158087364569e-16,-0.2715510690338098,0.0012291480484270647,0.0012291480484270334,65.33333333333356,4.9873299934333204e-18,5.637851296924623e-18,0.06653001191328345,-0.00030114127186463085,-0.0003011412718646283
0.5200000000000004,1.3422019935201948e-07,-0.00041305759183079654,0.3004427103571474,0.9994001878101829,-0.03462969051641109,0.00015674774055328902,0.0001567477405532876,16.73593989856308,-0.00031355817561914766,-0.0003135581756191447,1.0733321473400058e-06,-0.001590233524494318,0.001827360770810639,-0.27709292758552023,0.0012542327024766048,0.0012542327024765646,66.94375959425241,-0.0012542327024765995,-0.0012542327024765588,0.0,0.0,0.0,0.0,0.0,0.10041563939137892,0.10041563939137858,0.0,0.0,-0.006,-0.0,-0.0,-0.006,-0.0,-0.0,-0.006,0.0,0.0,0.0,0.0,0.0,0.0,0.0,0.0,0.0,0.0,0.0,9.486769009248164e-18,3.8624702394796095e-19,-5.47183283926278e-19,-1.0638204421921978e-19,8.950088933867839e-17,-1.334652874329656e-16,-0.2770929275855201,0.001254232702476603,0.0012542327024765636,66.6666666666669,5.204170427930421e-18,5.854691731421724e-18,0.0692732318963801,-0.00031355817561914913,-0.0003135581756191463
0.5300000000000004,1.450562320514092e-07,-0.0004287760703063875,0.30046082279969216,0.9993517473180978,-0.03600044479374575,0.0001629523191279702,0.00016295231912796863,17.398683118546177,-0.000325975079373666,-0.00032597507937366264,1.093448714941834e-06,-0.0015535103875495054,0.0017950819117089688,-0.27155106903380993,0.001229148048427075,0.0012291480484270358,65.60488440236736,-0.0012291480484270696,-0.00122914804842703,0.0,0.0,0.0,0.0,0.0,0.0964391800714802,0.09643918007147999,0.0,0.0,-0.006,-0.0,-0.0,-0.006,-0.0,-0.0,-0.006,0.0,0.0,0.0,0.0,0.0,0.0,0.0,0.0,0.0,0.0,0.0,7.962109704190423e-18,9.300421760852218e-19,7.115076756936123e-20,-1.2128453013497513e-19,9.288902112769559e-17,-1.3823577699190182e-16,-0.27155106903380977,0.0012291480484270731,0.0012291480484270343,65.33333333333356,5.421010862427522e-18,5.854691731421724e-18,0.07201645187947675,-0.00032597507937366746,-0.0003259750793736643
0.5400000000000004,1.5608074694679248e-07,-0.00044412875619355896,0.30047861109031326,0.9993024618412669,-0.03734344139004696,0.00016903125540784284,0.0001690312554078411,18.048037586610423,-0.00033814113658768894,-0.00033814113658768525,1.1110372717126232e-06,-0.0015170742315078938,0.0017625315295576262,-0.26600921048209963,0.0012040633943775324,0.001204063394377503,64.26600921048231,-0.0012040633943775272,-0.001204063394377498,0.0,0.0,0.0,0.0,0.0,0.09254305326309469,0.09254305326309449,0.0,0.0,-0.006,-0.0,-0.0,-0.006,-0.0,-0.0,-0.006,0.0,0.0,0.0,0.0,0.0,0.0,0.0,0.0,0.0,0.0,0.0,6.169787987800324e-18,-5.421010862427522e-20,-3.9302328752599536e-19,-1.1350241493207625e-19,8.459487450818147e-17,-1.2349062744609896e-16,-0.2660092104820994,0.0012040633943775302,0.0012040633943775022,64.00000000000021,5.204170427930421e-18,5.204170427930421e-18,0.07470425327705632,-0.00033814113658769057,-0.0003381411365876871
0.5500000000000004,1.672687245021766e-07,-0.0004591184959119451,0.300496072547958,0.9992524431137283,-0.038658681975118896,0.00017498455695110412,0.00017498455695110225,18.684003302755823,-0.0003500563472612166,-0.0003500563472612126,1.126149933674635e-06,-0.0014809203655275112,0.0017297164473120278,-0.26046735193038933,0.0011789787403279966,0.0011789787403279684,62.92713401859726,-0.0011789787403279916,-0.0011789787403279628,0.0,0.0,0.0,0.0,0.0,0.08872725896622219,0.08872725896622209,0.0,0.0,-0.006,-0.0,-0.0,-0.006,-0.0,-0.0,-0.006,0.0,0.0,0.0,0.0,0.0,0.0,0.0,0.0,0.0,0.0,0.0,7.572474548453445e-18,-1.3044307387716225e-19,-7.115076756936123e-19,-1.2772992146798832e-19,7.548757625930325e-17,-1.1820514185523212e-16,-0.26046735193038895,0.0011789787403279934,0.0011789787403279671,62.66666666666687,4.9873299934333204e-18,5.637851296924623e-18,0.07733663608911878,-0.00035005634726121827,-0.00035005634726121453
0.5600000000000004,1.7859566638111752e-07,-0.00047374808858736397,0.3005132045594267,0.9992018005597703,-0.03994616842683205,0.00018081223225774212,0.00018081223225774014,19.30658026698237,-0.0003617207113942488,-0.00036172071139424456,1.1388388239805962e-06,-0.0014450440220337992,0.0016966434127702625,-0.25492549337867904,0.0011538940862784541,0.001153894086278434,61.588258826712206,-0.0011538940862784496,-0.0011538940862784286,0.0,0.0,0.0,0.0,0.0,0.08499179718086283,0.0849917971808628,0.0,0.0,-0.006,-0.0,-0.0,-0.006,-0.0,-0.0,-0.006,0.0,0.0,0.0,0.0,0.0,0.0,0.0,0.0,0.0,0.0,0.0,5.488773498207866e-18,9.994988777600744e-20,-3.083199928005653e-19,-1.1654643958627139e-19,8.017675065530305e-17,-1.2159327364424932e-16,-0.2549254933786786,0.0011538940862784507,0.0011538940862784333,61.33333333333353,4.553649124439119e-18,5.421010862427522e-18,0.07991360031566416,-0.0003617207113942506,-0.0003617207113942466
0.5700000000000004,1.9003759549642535e-07,-0.0004880202852948462,0.30053000457862644,0.9991506412938737,-0.04120590281595482,0.00018651429070087752,0.00018651429070087538,19.915768479290065,-0.0003731342289867856,-0.00037313422898678115,1.1491560686380668e-06,-0.001409440358785865,0.0016633190996948543,-0.2493836348269687,0.0011288094322289214,0.0011288094322288874,60.249383634827154,-0.001128809432228917,-0.0011288094322288822,0.0,0.0,0.0,0.0,0.0,0.0813366679070166,0.08133666790701662,0.0,0.0,-0.006,-0.0,-0.0,-0.006,-0.0,-0.0,-0.006,0.0,0.0,0.0,0.0,0.0,0.0,0.0,0.0,0.0,0.0,0.0,3.588031564569216e-18,2.473336205982557e-19,-6.183340514956392e-19,-1.1891548486062326e-19,7.505389539030904e-17,-1.2159327364424932e-16,-0.2493836348269683,0.0011288094322289164,0.0011288094322288867,60.000000000000185,4.336808689942018e-18,5.204170427930421e-18,0.08243514595669241,-0.00037313422898678744,-0.00037313422898678316
0.5800000000000004,2.0157105601843148e-07,-0.0005019377883221877,0.30054647012583635,0.9990990701207044,-0.042437887391305114,0.00019209074245955384,0.00019209074245955156,20.511567939678912,-0.00038429690003882717,-0.0003842969000388223,1.1571537924963452e-06,-0.001374104460915164,0.0016297501089647052,-0.24384177627525827,0.001103724778179392,0.0011037247781793523,58.9105084429421,-0.0011037247781793883,-0.0011037247781793473,0.0,0.0,0.0,0.0,0.0,0.0777618711446838,0.07776187114468353,0.0,0.0,-0.006,-0.0,-0.0,-0.006,-0.0,-0.0,-0.006,0.0,0.0,0.0,0.0,0.0,0.0,0.0,0.0,0.0,0.0,0.0,9.317362419797304e-19,0.0,-7.674118502123961e-19,-1.3585614380570927e-19,7.418653365232064e-17,-1.2349062744609896e-16,-0.24384177627525827,0.0011037247781793887,0.0011037247781793536,58.66666666666684,3.686287386450715e-18,4.9873299934333204e-18,0.08490127301220357,-0.00038429690003882906,-0.00038429690003882446
0.5900000000000004,2.1317311334440308e-07,-0.000515503250453753,0.30056259878698527,0.9990471895351426,-0.04364212456522179,0.0001975415984529754,0.000197541598452973,21.093978648148905,-0.00039520872455037345,-0.00039520872455036814,1.1628841154879896e-06,-0.0013390313429369719,0.0015959429697563502,-0.23829991772354783,0.0010786401241298655,0.0010786401241298215,57.57163325105705,-0.0010786401241298618,-0.0010786401241298165,0.0,0.0,0.0,0.0,0.0,0.0742674068938638,0.07426740689386355,0.0,0.0,-0.006,-0.0,-0.0,-0.006,-0.0,-0.0,-0.006,0.0,0.0,0.0,0.0,0.0,0.0,0.0,0.0,0.0,0.0,0.0,-7.589415207398531e-19,-2.371692252312041e-19,-4.3198680309969317e-19,-1.3620025094053132e-19,7.413232354369637e-17,-1.167414689223767e-16,-0.2382999177235478,0.001078640124129862,0.0010786401241298217,57.333333333333506,3.686287386450715e-18,4.9873299934333204e-18,0.08731198148219761,-0.0003952087245503753,-0.00039520872455037047
0.6000000000000004,2.2482135403163296e-07,-0.0005287192742742587,0.30057838821293986,0.9989950997223636,-0.044818616899356664,0.00020286687027619633,0.00020286687027619375,21.663000604700052,-0.00040586970252142444,-0.00040586970252141864,1.1663991491214422e-06,-0.0013042159507350355,0.0015619041407536798,-0.2327580591718374,0.0010535554700803387,0.0010535554700802918,56.232758059172,-0.001053555470080335,-0.0010535554700802868,0.0,0.0,0.0,0.0,0.0,0.070853275154557,0.07085327515455667,0.0,0.0,-0.006,-0.0,-0.0,-0.006,-0.0,-0.0,-0.006,0.0,0.0,0.0,0.0,0.0,0.0,0.0,0.0,0.0,0.0,0.0,5.827586677109586e-19,1.8634724839594607e-19,-1.8295911660692887e-19,-1.4263240738374367e-19,7.651756832316448e-17,-1.231653667943533e-16,-0.23275805917183748,0.001053555470080336,0.0010535554700802925,56.00000000000016,3.686287386450715e-18,4.9873299934333204e-18,0.08966727136667452,-0.0004058697025214262,-0.000405869702521421
0.6100000000000004,2.3649388569668071e-07,-0.000541588411492272,0.3005938361188066,0.9989428985579434,-0.045967367090786054,0.0002080665701372558,0.000208066570137253,22.218633809332346,-0.0004162798339519802,-0.00041627983395197386,1.1677509932180037e-06,-0.0012696531635198048,0.001527640011385288,-0.22721620062012696,0.0010284708160308103,0.0010284708160307624,54.89388286728695,-0.0010284708160308068,-0.0010284708160307576,0.0,0.0,0.0,0.0,0.0,0.06751947592676309,0.06751947592676288,0.0,0.0,-0.006,-0.0,-0.0,-0.006,-0.0,-0.0,-0.006,0.0,0.0,0.0,0.0,0.0,0.0,0.0,0.0,0.0,0.0,0.0,-1.4907779871675686e-18,-1.1350241493207625e-19,-8.250100906256885e-19,-1.35181164425866e-19,6.314122402012456e-17,-1.148712201748392e-16,-0.22721620062012696,0.0010284708160308072,0.0010284708160307621,54.66666666666682,3.469446951953614e-18,4.7704895589362195e-18,0.09196714266563435,-0.000416279833951982,-0.0004162798339519764
0.6200000000000004,2.4816933688318575e-07,-0.0005541131622831591,0.3006089402832452,0.9988906816080115,-0.04708837795844283,0.00021314071079576416,0.00021314071079576115,22.76087826204579,-0.0004264391188420407,-0.0004264391188420338,1.166991732887891e-06,-0.0012353377957606527,0.0014931569030886302,-0.22167434206841652,0.0010033861619812832,0.0010033861619812355,53.555007675401896,-0.0010033861619812795,-0.0010033861619812305,0.0,0.0,0.0,0.0,0.0,0.0642660092104825,0.06426600921048221,0.0,0.0,-0.006,-0.0,-0.0,-0.006,-0.0,-0.0,-0.006,0.0,0.0,0.0,0.0,0.0,0.0,0.0,0.0,0.0,0.0,0.0,-2.270048298641525e-19,1.1858461261560205e-20,-8.385626177817573e-20,-1.4128244862405713e-19,7.085261197192771e-17,-1.1405806854547507e-16,-0.22167434206841657,0.001003386161981281,0.0010033861619812353,53.33333333333348,3.686287386450715e-18,4.9873299934333204e-18,0.09421159537907704,-0.0004264391188420424,-0.0004264391188420364
0.6300000000000004,2.598268569006112e-07,-0.0005662959746512299,0.300623698547795,0.9988385421294259,-0.04818165242986849,0.00021808930550293754,0.0002180893055029343,23.289733962840383,-0.0004363475571916058,-0.0004363475571915984,1.1641734357396945e-06,-0.0012012645990925194,0.0014584610706001738,-0.21613248351670608,0.0009783015079317544,0.0009783015079316963,52.216132483516844,-0.000978301507931751,-0.0009783015079316915,0.0,0.0,0.0,0.0,0.0,0.06109287500571488,0.06109287500571465,0.0,0.0,-0.006,-0.0,-0.0,-0.006,-0.0,-0.0,-0.006,0.0,0.0,0.0,0.0,0.0,0.0,0.0,0.0,0.0,0.0,0.0,3.049318610115481e-20,-8.300922883092143e-20,-6.589916329638457e-19,-1.3755020970021787e-19,5.892638807458717e-17,-1.0833890208561403e-16,-0.21613248351670608,0.000978301507931751,0.0009783015079316954,52.000000000000135,3.469446951953614e-18,4.7704895589362195e-18,0.09640062950700269,-0.00043634755719160765,-0.00043634755719160114
0.6400000000000005,2.714461156362275e-07,-0.0005781392438108214,0.30063810881621483,0.9987865710699861,-0.0492471935282854,0.0002229123679430818,0.00022291236794307824,23.805200911716128,-0.0004460051490006757,-0.00044600514900066757,1.1593481493179327e-06,-0.0011674282641974136,0.0014235587032707501,-0.21059062496499564,0.0009532168538822327,0.0009532168538821615,50.87725729163179,-0.0009532168538822291,-0.0009532168538821567,0.0,0.0,0.0,0.0,0.0,0.05800007331246045,0.05800007331246019,0.0,0.0,-0.006,-0.0,-0.0,-0.006,-0.0,-0.0,-0.006,0.0,0.0,0.0,0.0,0.0,0.0,0.0,0.0,0.0,0.0,0.0,2.710505431213761e-20,4.2182240773264157e-19,-7.979050363135509e-19,-1.3891340334970526e-19,5.732718987017105e-17,-1.1348886240492018e-16,-0.21059062496499575,0.0009532168538822296,0.0009532168538821601,50.6666666666668,3.577867169202165e-18,4.7704895589362195e-18,0.09853424504941119,-0.0004460051490006775,-0.0004460051490006704
0.6500000000000005,2.8300730334258724e-07,-0.0005896453115860728,0.3006521690538356,0.9987348570686673,-0.05028500435998924,0.00022760991217652562,0.00022760991217652174,24.30727910867302,-0.00045541189426925036,-0.0004554118942692415,1.1525678987625797e-06,-0.0011338234226612406,0.0013884559264053182,-0.2050487664132852,0.0009281321998327055,0.0009281321998326378,49.53838209974674,-0.0009281321998327016,-0.0009281321998326329,0.0,0.0,0.0,0.0,0.0,0.05498760413071895,0.054987604130718834,0.0,0.0,-0.006,-0.0,-0.0,-0.006,-0.0,-0.0,-0.006,0.0,0.0,0.0,0.0,0.0,0.0,0.0,0.0,0.0,0.0,0.0,7.115076756936123e-19,-1.8465318250143747e-19,-1.170599533105443e-18,-1.3450618504602272e-19,4.586175189613684e-17,-9.84455572616838e-17,-0.20504876641328512,0.0009281321998327023,0.0009281321998326351,49.33333333333346,3.903127820947816e-18,4.87890977618477e-18,0.1006124420063026,-0.00045541189426925226,-0.0004554118942692445
0.6600000000000005,2.944911304026798e-07,-0.0006008164658291478,0.30066587728692673,0.9986834864558853,-0.05129508810206161,0.00023218195258400273,0.0002321819525839985,24.795968553711063,-0.0004645677929973297,-0.00046456779299732014,1.1438846846848758e-06,-0.0011004446488064052,0.0013531588026263642,-0.19950690786157477,0.000903047545783179,0.0009030475457830995,48.19950690786169,-0.0009030475457831756,-0.000903047545783095,0.0,0.0,0.0,0.0,0.0,0.052055467460490654,0.052055467460490584,0.0,0.0,-0.006,-0.0,-0.0,-0.006,-0.0,-0.0,-0.006,0.0,0.0,0.0,0.0,0.0,0.0,0.0,0.0,0.0,0.0,0.0,3.3830495913336756e-18,-3.9132922163148676e-19,-9.037841547203385e-19,-1.4805871220209153e-19,4.380176776841438e-17,-9.028693591373038e-17,-0.19950690786157457,0.0009030475457831744,0.0009030475457830957,48.000000000000114,3.3610267347050637e-18,4.553649124439119e-18,0.10263522037767692,-0.00046456779299733174,-0.0004645677929973233
0.6700000000000005,3.0587882707490986e-07,-0.0006116549398566633,0.30067923160207616,0.9986325432537794,-0.05227744799040263,0.00023662850381248312,0.00023662850381247846,25.271269246830254,-0.0004734728451849138,-0.00047347284518490346,1.1333504812551662e-06,-0.0010672864615006788,0.00131767333326018,-0.19396504930986433,0.0008779628917336505,0.0008779628917335678,46.86063171597664,-0.0008779628917336475,-0.0008779628917335637,0.0,0.0,0.0,0.0,0.0,0.049203663301775426,0.04920366330177543,0.0,0.0,-0.006,-0.0,-0.0,-0.006,-0.0,-0.0,-0.006,0.0,0.0,0.0,0.0,0.0,0.0,0.0,0.0,0.0,0.0,0.0,4.3418908876255435e-18,-1.0672615135404184e-19,-8.944667923005412e-19,-1.411103950566461e-19,4.0711791576830685e-17,-8.920273374124488e-17,-0.19396504930986402,0.0008779628917336455,0.0008779628917335632,46.66666666666677,3.0357660829594124e-18,4.119968255444917e-18,0.10460258016353413,-0.0004734728451849161,-0.00047347284518490677
0.6800000000000005,3.1715214321998033e-07,-0.0006221629119040904,0.3006922301455845,0.9985821091765177,-0.05323208730808385,0.00024094958072245316,0.000240949580722448,25.733181188030596,-0.00048212705083200267,-0.0004821270508319914,1.1210172344948853e-06,-0.0010343433259428288,0.0012820054597452674,-0.1884231907581539,0.0008528782376841197,0.0008528782376840285,45.521756524091586,-0.000852878237684117,-0.0008528782376840248,0.0,0.0,0.0,0.0,0.0,0.04643219165457343,0.046432191654573386,0.0,0.0,-0.006,-0.0,-0.0,-0.006,-0.0,-0.0,-0.006,0.0,0.0,0.0,0.0,0.0,0.0,0.0,0.0,0.0,0.0,0.0,3.096752455161722e-18,2.964615315390051e-19,-4.1674021004911577e-19,-1.411103950566461e-19,4.840962700147777e-17,-9.535558107010011e-17,-0.18842319075815367,0.0008528782376841145,0.0008528782376840244,45.333333333333435,2.710505431213761e-18,3.7947076036992655e-18,0.10651452136387418,-0.0004821270508320049,-0.0004821270508319946
0.6900000000000005,3.282933480117016e-07,-0.0006323425045978976,0.3007048711228734,0.9985322636306188,-0.05415900937402104,0.00024514519833664447,0.00024514519833663883,26.181704377312087,-0.0004905304099385962,-0.0004905304099385839,1.1069368607692588e-06,-0.0010016096554254915,0.001246161065062127,-0.18288133220644345,0.0008277935836345857,0.0008277935836344958,44.182881332206534,-0.0008277935836345831,-0.0008277935836344924,0.0,0.0,0.0,0.0,0.0,0.043741052518884486,0.043741052518884445,0.0,0.0,-0.006,-0.0,-0.0,-0.006,-0.0,-0.0,-0.006,0.0,0.0,0.0,0.0,0.0,0.0,0.0,0.0,0.0,0.0,0.0,1.2366681029912785e-18,5.251604272976662e-20,-4.751854834096625e-19,-1.4161332086907834e-19,4.640385298237959e-17,-9.011075306070149e-17,-0.18288133220644334,0.0008277935836345806,0.0008277935836344923,44.00000000000009,2.6020852139652106e-18,3.469446951953614e-18,0.10837104397869718,-0.0004905304099385986,-0.0004905304099385873
0.7000000000000005,3.3928522963370147e-07,-0.0006421957844452107,0.3007171527979079,0.9984830837152919,-0.05505821753196716,0.0002492153717902117,0.0002492153717902056,26.616838814674725,-0.0004986829225046943,-0.0004986829225046812,1.0911612454734317e-06,-0.0009690798130758264,0.0012101459751837067,-0.17733947365473302,0.0008027089295850501,0.0008027089295849646,42.84400614032148,-0.0008027089295850472,-0.000802708929584961,0.0,0.0,0.0,0.0,0.0,0.041130245894708636,0.0411302458947086,0.0,0.0,-0.006,-0.0,-0.0,-0.006,-0.0,-0.0,-0.006,0.0,0.0,0.0,0.0,0.0,0.0,0.0,0.0,0.0,0.0,0.0,1.91260039490021e-18,1.6178329292557136e-19,-5.869938324472301e-19,-1.514468439911087e-19,4.0793106739767104e-17,-8.851155485628536e-17,-0.17733947365473288,0.000802708929585045,0.0008027089295849614,42.66666666666675,2.8189256484623115e-18,3.577867169202165e-18,0.11017214800800307,-0.0004986829225046967,-0.0004986829225046846
0.7100000000000005,3.5011109496394446e-07,-0.0006517247613407714,0.30072907349263384,0.9984346442227894,-0.05592971513982526,0.00025316011628235836,0.00025316011628235196,27.038584500118517,-0.0005065845885302971,-0.0005065845885302831,1.0737422419075545e-06,-0.0009367481135744578,0.001173965960545789,-0.17179761510302258,0.0007776242755355147,0.0007776242755354319,41.50513094843643,-0.000777624275535512,-0.0007776242755354285,0.0,0.0,0.0,0.0,0.0,0.038599771782045864,0.038599771782045864,0.0,0.0,-0.006,-0.0,-0.0,-0.006,-0.0,-0.0,-0.006,0.0,0.0,0.0,0.0,0.0,0.0,0.0,0.0,0.0,0.0,0.0,2.4919709308221516e-18,-6.437450399132683e-20,-7.115076756936123e-19,-1.4246035381633264e-19,3.665958595716612e-17,-8.204699940284055e-17,-0.1717976151030224,0.0007776242755355093,0.0007776242755354289,41.33333333333341,2.710505431213761e-18,3.3610267347050637e-18,0.11191783345179185,-0.0005065845885302995,-0.0005065845885302867
0.7200000000000005,3.6075476924892185e-07,-0.0006609313880909768,0.30074063158643005,0.9983870176387696,-0.056773505559281366,0.00025697944702941127,0.00025697944702940455,27.446941433643456,-0.0005142354080154046,-0.0005142354080153897,1.0547316703346519e-06,-0.0009046088248532455,0.0011376267375366178,-0.16625575655131214,0.0007525396214859829,0.0007525396214859009,40.16625575655138,-0.0007525396214859804,-0.0007525396214858976,0.0,0.0,0.0,0.0,0.0,0.03614963018089624,0.03614963018089623,0.0,0.0,-0.006,-0.0,-0.0,-0.006,-0.0,-0.0,-0.006,0.0,0.0,0.0,0.0,0.0,0.0,0.0,0.0,0.0,0.0,0.0,3.823506723905912e-18,1.8126505071242027e-19,-4.523155938337964e-19,-1.4415441971084124e-19,3.755405274946666e-17,-8.269752070633184e-17,-0.16625575655131195,0.0007525396214859776,0.0007525396214858978,40.000000000000064,2.4936649967166602e-18,3.3610267347050637e-18,0.11360810031006352,-0.0005142354080154067,-0.0005142354080153932
0.7300000000000005,3.712005957693095e-07,-0.0006698175599547964,0.3007518255155752,0.9983402741426705,-0.05758959214575713,0.00026067337921934245,0.0002606733792193353,27.841909615249545,-0.0005216353809600168,-0.0005216353809600011,1.034181317215722e-06,-0.0008726561697724265,0.0011011339700050572,-0.1607138979996017,0.0007274549674364504,0.0007274549674363687,38.82738056466633,-0.0007274549674364483,-0.0007274549674363652,0.0,0.0,0.0,0.0,0.0,0.03377982109125964,0.033779821091259696,0.0,0.0,-0.006,-0.0,-0.0,-0.006,-0.0,-0.0,-0.006,0.0,0.0,0.0,0.0,0.0,0.0,0.0,0.0,0.0,0.0,0.0,3.084893993900162e-18,3.040848280642938e-19,-4.828087799349512e-19,-1.4161332086907834e-19,3.234988232153624e-17,-7.987859505786953e-17,-0.16071389799960145,0.0007274549674364446,0.0007274549674363652,38.66666666666673,2.0599841277224584e-18,3.577867169202165e-18,0.11524294858281814,-0.000521635380960019,-0.0005216353809600046
0.7400000000000005,3.8143343549884117e-07,-0.0006783851142013558,0.30076265377273004,0.9982944816080922,-0.05837797823868258,0.0002642419279677392,0.0002642419279677316,28.223489044936784,-0.0005287845073641336,-0.0005287845073641171,1.012142934616486e-06,-0.0008408843277776814,0.0010644932707866068,-0.15517203944789126,0.0007023703133869205,0.0007023703133868318,37.488505372781276,-0.0007023703133869186,-0.0007023703133868283,0.0,0.0,0.0,0.0,0.0,0.031490344513136224,0.031490344513136266,0.0,0.0,-0.006,-0.0,-0.0,-0.006,-0.0,-0.0,-0.006,0.0,0.0,0.0,0.0,0.0,0.0,0.0,0.0,0.0,0.0,0.0,4.241940999849536e-18,4.675621868843738e-19,-8.82608331038981e-19,-1.3806637040245096e-19,2.5560066216345767e-17,-8.013609307383485e-17,-0.155172039447891,0.0007023703133869142,0.0007023703133868283,37.333333333333385,1.8431436932253575e-18,3.469446951953614e-18,0.11682237827005557,-0.0005287845073641358,-0.0005287845073641206
0.7500000000000006,3.9143866675808554e-07,-0.0006866358296839961,0.30077311490643516,0.9982497056031813,-0.05913866715208837,0.00026768510827522113,0.0002676851082752131,28.591679722705173,-0.0005356827872277551,-0.0005356827872277377,9.886682397804429e-07,-0.000809287436537688,0.0010277102032465902,-0.14963018089618083,0.0006772856593373891,0.000677285659337302,36.149630180896224,-0.0006772856593373872,-0.000677285659337299,0.0,0.0,0.0,0.0,0.0,0.029281200446525865,0.029281200446525938,0.0,0.0,-0.006,-0.0,-0.0,-0.006,-0.0,-0.0,-0.006,0.0,0.0,0.0,0.0,0.0,0.0,0.0,0.0,0.0,0.0,0.0,4.972083400382743e-18,6.945670167485263e-20,-9.41900637346782e-19,-1.3721933745519665e-19,2.0897996874658098e-17,-6.960577947356938e-17,-0.1496301808961805,0.0006772856593373826,0.000677285659337298,36.00000000000004,1.8431436932253575e-18,3.0357660829594124e-18,0.11834638937177593,-0.0005356827872277574,-0.0005356827872277413
0.7600000000000006,4.012021848647565e-07,-0.000694571426430612,0.30078320752062393,0.998206009391026,-0.05987166216551807,0.0002710029349863056,0.00027100293498629716,28.94648164855471,-0.0005423302205508813,-0.000542330220550863,9.6380891486189e-07,-0.0007778595935627335,0.0009907902828398508,-0.1440883223444704,0.0006522010052878579,0.0006522010052877687,34.81075498901117,-0.0006522010052878561,-0.0006522010052877657,0.0,0.0,0.0,0.0,0.0,0.02715238889142878,0.027152388891428715,0.0,0.0,-0.006,-0.0,-0.0,-0.006,-0.0,-0.0,-0.006,0.0,0.0,0.0,0.0,0.0,0.0,0.0,0.0,0.0,0.0,0.0,7.995991022080595e-19,-3.218725199566341e-20,-8.775261333554552e-19,-1.3874134978229423e-19,2.4936649967166602e-17,-7.258733544790452e-17,-0.14408832234447044,0.0006522010052878529,0.0006522010052877664,34.6666666666667,1.734723475976807e-18,3.0357660829594124e-18,0.11981498188797915,-0.0005423302205508834,-0.0005423302205508665
0.7700000000000006,4.107104017821375e-07,-0.0007021935652500844,0.3007929302741512,0.9981634539300416,-0.060576966515259574,0.0002741954227497178,0.00027419542274970886,29.287894822485395,-0.0005487268073335122,-0.0005487268073334931,9.376166068144004e-07,-0.0007465948578049619,0.0009537389786863043,-0.13854646379275995,0.0006271163512383263,0.0006271163512382359,33.47187979712612,-0.0006271163512383245,-0.0006271163512382329,0.0,0.0,0.0,0.0,0.0,0.02510390984784466,0.025103909847844594,0.0,0.0,-0.006,-0.0,-0.0,-0.006,-0.0,-0.0,-0.006,0.0,0.0,0.0,0.0,0.0,0.0,0.0,0.0,0.0,0.0,0.0,6.962610826430349e-19,4.0826988057657276e-19,-4.955142741437657e-19,-1.4382354746582003e-19,2.776912814278498e-17,-7.565020658517606e-17,-0.13854646379276006,0.0006271163512383214,0.0006271163512382336,33.333333333333364,1.8431436932253575e-18,3.0357660829594124e-18,0.1212281558186653,-0.0005487268073335144,-0.0005487268073334965
0.7800000000000006,4.199502457671391e-07,-0.0007095038473546258,0.30080228188033786,0.9981220978743722,-0.06125458338589691,0.00027726258598015027,0.000277262585980141,29.61591924449723,-0.0005548725475756478,-0.0005548725475756277,9.101429274281781e-07,-0.0007154872512408492,0.0009165617151616881,-0.1330046052410495,0.0006020316971887916,0.0006020316971887034,32.13300460524107,-0.0006020316971887898,-0.0006020316971887004,0.0,0.0,0.0,0.0,0.0,0.023135763315773612,0.023135763315773574,0.0,0.0,-0.006,-0.0,-0.0,-0.006,-0.0,-0.0,-0.006,0.0,0.0,0.0,0.0,0.0,0.0,0.0,0.0,0.0,0.0,0.0,2.1345230270808369e-19,2.710505431213761e-20,-8.538092108323347e-19,-1.3060189255477243e-19,2.0261028098322864e-17,-6.795237116052899e-17,-0.13300460524104962,0.0006020316971887865,0.0006020316971887014,32.00000000000002,1.734723475976807e-18,3.0357660829594124e-18,0.12258591116383435,-0.0005548725475756497,-0.0005548725475756312
0.7900000000000006,4.2890916101945324e-07,-0.0007165038139978642,0.30081126110653184,0.9980819975742788,-0.061904515902180865,0.0002802044388214671,0.00028020443882145746,29.930554914590214,-0.000560767441277288,-0.0005607674412772671,8.814394535111798e-07,-0.0006845307604364963,0.0008792638735028786,-0.12746274668933907,0.0005769470431392598,0.0005769470431391726,30.794129413356035,-0.0005769470431392582,-0.0005769470431391698,0.0,0.0,0.0,0.0,0.0,0.021247949295215736,0.02124794929521566,0.0,0.0,-0.006,-0.0,-0.0,-0.006,-0.0,-0.0,-0.006,0.0,0.0,0.0,0.0,0.0,0.0,0.0,0.0,0.0,0.0,0.0,9.67311625764411e-19,7.199780051661553e-20,-6.869437202232376e-19,-1.3500911085845496e-19,2.0464316005663893e-17,-6.658356591776604e-17,-0.1274627466893392,0.0005769470431392549,0.0005769470431391707,30.666666666666696,1.6263032587282567e-18,2.8189256484623115e-18,0.12388824792348627,-0.0005607674412772898,-0.0005607674412772705
0.8000000000000006,4.3757510733321457e-07,-0.0007231949461284963,0.30081986677368433,0.9980432070765289,-0.06252676712121943,0.0002830209951113539,0.0002830209951113438,30.23180183276435,-0.000566411488438433,-0.0005664114884384111,8.515577272084183e-07,-0.0006537193380963461,0.0008418507934271386,-0.12192088813762868,0.0005518623890897295,0.000551862389089638,29.455254221471,-0.0005518623890897281,-0.0005518623890896355,0.0,0.0,0.0,0.0,0.0,0.01944046778617095,0.019440467786170847,0.0,0.0,-0.006,-0.0,-0.0,-0.006,-0.0,-0.0,-0.006,0.0,0.0,0.0,0.0,0.0,0.0,0.0,0.0,0.0,0.0,0.0,3.015437292225309e-19,7.623296525288703e-20,-6.352747104407253e-19,-1.3958838272954853e-19,1.9922214919421144e-17,-6.556712638106088e-17,-0.12192088813762889,0.0005518623890897244,0.0005518623890896362,29.33333333333337,1.4094628242311558e-18,2.4936649967166602e-18,0.12513516609762107,-0.0005664114884384346,-0.0005664114884384143
0.8100000000000006,4.459365597525222e-07,-0.0007295786640593482,0.30082809775594277,0.998005778124781,-0.06312134002498752,0.00028571226834741393,0.0002857122683474034,30.519659999019634,-0.0005718046890590827,-0.0005718046890590599,8.205492564538153e-07,-0.0006230469045959327,0.0008043277747646748,-0.11637902958591831,0.0005267777350401971,0.0005267777350401062,28.116379029585964,-0.0005267777350401955,-0.0005267777350401041,0.0,0.0,0.0,0.0,0.0,0.01771331878863919,0.017713318788639135,0.0,0.0,-0.006,-0.0,-0.0,-0.006,-0.0,-0.0,-0.006,0.0,0.0,0.0,0.0,0.0,0.0,0.0,0.0,0.0,0.0,0.0,2.647824993116943e-18,3.9048218868423246e-19,-7.309894334804612e-19,-1.3281211915151412e-19,1.4094628242311558e-17,-6.400858575811297e-17,-0.11637902958591832,0.000526777735040191,0.0005267777350401036,28.000000000000046,1.6263032587282567e-18,2.168404344971009e-18,0.1263266656862388,-0.000571804689059084,-0.0005718046890590629
0.8200000000000006,4.5398250823211804e-07,-0.0007356563271516852,0.3008359529802604,0.997969760159968,-0.06368823751315626,0.0002882782716547112,0.00028827827165470014,30.79412941335607,-0.0005769470431392369,-0.0005769470431392133,7.884655155487377e-07,-0.0005925073494992782,0.0007667000791038897,-0.11083717103420794,0.0005016930809906648,0.0005016930809905739,26.777503837700912,-0.0005016930809906635,-0.0005016930809905721,0.0,0.0,0.0,0.0,0.0,0.016066502302620564,0.01606650230262053,0.0,0.0,-0.006,-0.0,-0.0,-0.006,-0.0,-0.0,-0.006,0.0,0.0,0.0,0.0,0.0,0.0,0.0,0.0,0.0,0.0,0.0,1.5754812818929986e-18,1.2536087619363645e-19,-9.406300879259005e-19,-1.2636672781850093e-19,9.642623071542954e-18,-5.804547380944269e-17,-0.11083717103420794,0.0005016930809906585,0.0005016930809905712,26.666666666666703,1.3010426069826053e-18,1.8431436932253575e-18,0.1274627466893394,-0.0005769470431392385,-0.0005769470431392162
0.8300000000000006,4.6170245730446354e-07,-0.0007414292335146224,0.30084343142602205,0.9979352003206644,-0.06422746239624103,0.00029071901775475496,0.00029071901775474347,31.055210075773655,-0.0005818385506788959,-0.0005818385506788713,7.553579458622354e-07,-0.0005620945330615627,0.0007289729314487197,-0.10529531248249757,0.000476608426941132,0.0004766084269410425,25.43862864581586,-0.0004766084269411309,-0.0004766084269410413,0.0,0.0,0.0,0.0,0.0,0.014500018328115049,0.014500018328115025,0.0,0.0,-0.006,-0.0,-0.0,-0.006,-0.0,-0.0,-0.006,0.0,0.0,0.0,0.0,0.0,0.0,0.0,0.0,0.0,0.0,0.0,2.425902360936316e-18,4.62479989200848e-19,-5.8106460181645e-19,-1.250167690588144e-19,1.2095630486791409e-17,-5.984795992119984e-17,-0.10529531248249752,0.0004766084269411255,0.00047660842694103987,25.333333333333364,1.1384122811097797e-18,1.2468324983583301e-18,0.12854340910692297,-0.0005818385506788976,-0.0005818385506788746
0.8400000000000006,4.6908642575440145e-07,-0.0007468986197194907,0.30085053212468665,0.9979021434434538,-0.06473901738906926,0.0002930345189359331,0.0002930345189359211,31.302901986272385,-0.0005864792116780596,-0.000586479211678034,7.212779566468716e-07,-0.0005318022877176941,0.0006911515218874613,-0.09975345393078719,0.00045152377289159985,0.0004515237728915096,24.099753453930813,-0.0004515237728915988,-0.0004515237728915084,0.0,0.0,0.0,0.0,0.0,0.013013866865122665,0.013013866865122625,0.0,0.0,-0.006,-0.0,-0.0,-0.006,-0.0,-0.0,-0.006,0.0,0.0,0.0,0.0,0.0,0.0,0.0,0.0,0.0,0.0,0.0,7.36071631163987e-19,8.470329472543003e-20,-7.436949276892757e-19,-1.326400655841031e-19,8.178950138687524e-18,-5.362734995656426e-17,-0.09975345393078723,0.00045152377289159345,0.00045152377289150726,24.000000000000025,1.0299920638612292e-18,1.1926223897340549e-18,0.1295686529389894,-0.0005864792116780611,-0.0005864792116780372
0.8500000000000006,4.761249463025328e-07,-0.0007520656605290206,0.3008572541594464,0.9978706320632806,-0.06522290510456696,0.00029522478702538705,0.0002952247870253748,31.53720514485227,-0.0005908690261367279,-0.0005908690261367015,6.862769259649754e-07,-0.0005016244195574106,0.0006532410072724894,-0.09421159537907682,0.000426439118842068,0.00042643911884197936,22.760878262045775,-0.00042643911884206686,-0.0004264391188419781,0.0,0.0,0.0,0.0,0.0,0.01160804791364337,0.011608047913643327,0.0,0.0,-0.006,-0.0,-0.0,-0.006,-0.0,-0.0,-0.006,0.0,0.0,0.0,0.0,0.0,0.0,0.0,0.0,0.0,0.0,0.0,6.395098751769968e-19,1.2281977735187355e-19,-4.861969117239684e-19,-1.2637996270830178e-19,9.86623976961809e-18,-5.175710120902677e-17,-0.09421159537907685,0.0004264391188420616,0.0004264391188419769,22.6666666666667,1.1384122811097797e-18,1.2468324983583301e-18,0.13053847818553865,-0.0005908690261367291,-0.0005908690261367046
0.8600000000000007,4.828090652983833e-07,-0.0007569314686412116,0.3008635966649029,0.9978407064137955,-0.06567912804786476,0.00029728983336233347,0.00029728983336232083,31.758119551513303,-0.0005950079940549008,-0.0005950079940548736,6.504062017194061e-07,-0.0004715547097875623,0.0006152465129102842,-0.08866973682736645,0.00040135446479253636,0.00040135446479244697,21.422003070160738,-0.00040135446479253566,-0.00040135446479244605,0.0,0.0,0.0,0.0,0.0,0.010282561473677176,0.010282561473677131,0.0,0.0,-0.006,-0.0,-0.0,-0.006,-0.0,-0.0,-0.006,0.0,0.0,0.0,0.0,0.0,0.0,0.0,0.0,0.0,0.0,0.0,5.454892180317694e-19,3.8539999100070665e-20,-6.496742705440484e-19,-1.2307124025808967e-19,6.118966010965065e-18,-4.841640326505581e-17,-0.08866973682736648,0.00040135446479252975,0.00040135446479244453,21.33333333333337,7.047314121155779e-19,9.215718466126788e-19,0.1314528848465709,-0.0005950079940549021,-0.0005950079940548769
0.8700000000000007,4.891303424243789e-07,-0.0007614970944477647,0.30086955882676014,0.9978124044276854,-0.06610768861072226,0.0002992296687728269,0.0002992296687728139,31.965645206255484,-0.0005988961154325786,-0.0005988961154325504,6.137171027836912e-07,-0.00044158691618220914,0.0005771731342611846,-0.08312787827565608,0.00037626981074300483,0.00037626981074291544,20.0831278782757,-0.0003762698107430043,-0.0003762698107429145,0.0,0.0,0.0,0.0,0.0,0.00903740754522409,0.009037407545224039,0.0,0.0,-0.006,-0.0,-0.0,-0.006,-0.0,-0.0,-0.006,0.0,0.0,0.0,0.0,0.0,0.0,0.0,0.0,0.0,0.0,0.0,8.749850345136923e-19,-1.8846483076408183e-19,-6.496742705440484e-19,-1.181610961419749e-19,4.194507154803295e-18,-4.284631460391152e-17,-0.0831278782756561,0.0003762698107429981,0.000376269810742913,20.000000000000043,5.421010862427522e-19,9.215718466126788e-19,0.132311872922086,-0.0005988961154325796,-0.0005988961154325536
0.8800000000000007,4.950808504115951e-07,-0.0007657635258069561,0.3008751398815345,0.997785761736992,-0.0665085890662721,0.00030104430354596905,0.0003010443035459555,32.15978210907882,-0.000602533390269761,-0.0006025333902697318,5.762609202255983e-07,-0.00041171477452119266,0.0005390259386482934,-0.07758601972394571,0.00035118515669347363,0.00035118515669338397,18.744252686390663,-0.00035118515669347336,-0.00035118515669338305,0.0,0.0,0.0,0.0,0.0,0.007872586128284115,0.007872586128284047,0.0,0.0,-0.006,-0.0,-0.0,-0.006,-0.0,-0.0,-0.006,0.0,0.0,0.0,0.0,0.0,0.0,0.0,0.0,0.0,0.0,0.0,3.3711911300721153e-19,2.0074680849926918e-19,-5.72594272343907e-19,-1.208676311062484e-19,4.228388472693467e-18,-4.6918849014310204e-17,-0.07758601972394577,0.00035118515669346707,0.0003511851566933816,18.666666666666718,2.710505431213761e-19,9.215718466126788e-19,0.13311544241208395,-0.0006025333902697622,-0.0006025333902697351
0.8900000000000007,5.006531747681865e-07,-0.0007697316878308425,0.3008803391162823,0.9977608116734146,-0.06688183156408235,0.0003027337474115591,0.00030273374741154505,32.340530259983296,-0.000605919818566448,-0.000605919818566418,5.380889186189003e-07,-0.0003819320000178304,0.0005008099669749692,-0.07204416117223535,0.0003261005026439416,0.0003261005026438521,17.40537749450563,-0.0003261005026439415,-0.0003261005026438513,0.0,0.0,0.0,0.0,0.0,0.0067880972228572325,0.006788097222857158,0.0,0.0,-0.006,-0.0,-0.0,-0.006,-0.0,-0.0,-0.006,0.0,0.0,0.0,0.0,0.0,0.0,0.0,0.0,0.0,0.0,0.0,2.422514229147299e-19,-6.988021814847978e-20,-8.101870140487383e-19,-1.1841255904819102e-19,-1.2942663434045707e-18,-4.084731684839138e-17,-0.07204416117223543,0.0003261005026439349,0.0003261005026438498,17.333333333333393,1.0842021724855044e-19,8.131516293641283e-19,0.13386359331656483,-0.0006059198185664493,-0.0006059198185664213
0.9000000000000007,5.05840413521352e-07,-0.0007734024426866911,0.30088515586834375,0.9977375852686002,-0.06722741812553802,0.00030429800951918865,0.00030429800951917423,32.50788965896893,-0.0006090554003226398,-0.0006090554003226089,4.992523374376361e-07,-0.0003522322887363968,0.0004625302354503379,-0.06650230262052498,0.0003010158485944101,0.00030101584859432086,16.066502302620595,-0.00030101584859440955,-0.0003010158485943201,0.0,0.0,0.0,0.0,0.0,0.005783940828943446,0.005783940828943372,0.0,0.0,-0.006,-0.0,-0.0,-0.006,-0.0,-0.0,-0.006,0.0,0.0,0.0,0.0,0.0,0.0,0.0,0.0,0.0,0.0,0.0,7.758821796849391e-19,1.9905274260476058e-20,-8.339039365718587e-19,-1.174794993172312e-19,-3.686287386450715e-18,-3.909226458168047e-17,-0.066502302620525,0.0003010158485944031,0.0003010158485943183,16.00000000000007,5.421010862427522e-19,7.589415207398531e-19,0.13455632563552866,-0.0006090554003226413,-0.0006090554003226124
0.9100000000000007,5.106361769736319e-07,-0.000776776589412537,0.300889589525105,0.9977161112544164,-0.06754535063954117,0.00030573709841877946,0.0003057370984187645,32.66186030603571,-0.0006119401355383363,-0.0006119401355383044,4.598023925274121e-07,-0.00032260931900005046,0.00042419173732226946,-0.060960444068814595,0.00027593119454487797,0.0002759311945447885,14.727627110735552,-0.00027593119454487753,-0.000275931194544788,0.0,0.0,0.0,0.0,0.0,0.004860116946542759,0.0048601169465426865,0.0,0.0,-0.006,-0.0,-0.0,-0.006,-0.0,-0.0,-0.006,0.0,0.0,0.0,0.0,0.0,0.0,0.0,0.0,0.0,0.0,0.0,1.0511678875425867e-18,1.7491230360801302e-19,-7.4665954300466575e-19,-1.0842021724855044e-19,-4.241940999849536e-18,-3.825878416158224e-17,-0.06096044406881461,0.0002759311945448707,0.00027593119454478597,14.666666666666737,4.336808689942018e-19,5.421010862427522e-19,0.1351936393689753,-0.0006119401355383379,-0.0006119401355383078
0.9200000000000007,5.150345874742807e-07,-0.0007798548637467744,0.30089363952377707,0.9976964160632057,-0.06783563085852996,0.0003070510220425626,0.0003070510220425471,32.80244220118364,-0.0006145740242135374,-0.0006145740242135046,4.1979027764821047e-07,-0.00029305675278987637,0.00038579944461726454,-0.05541858551710419,0.0002508465404953461,0.0002508465404952565,13.38875191885051,-0.00025084654049534606,-0.00025084654049525553,0.0,0.0,0.0,0.0,0.0,0.004016625575655177,0.0040166255756551045,0.0,0.0,-0.006,-0.0,-0.0,-0.006,-0.0,-0.0,-0.006,0.0,0.0,0.0,0.0,0.0,0.0,0.0,0.0,0.0,0.0,0.0,8.97007891142304e-19,1.5415999640028266e-19,-8.03834266944331e-19,-1.1112675221282395e-19,-7.104912361569071e-18,-3.5256899396513e-17,-0.055418585517104206,0.00025084654049533874,0.0002508465404952539,13.333333333333405,5.421010862427522e-20,9.75781955236954e-19,0.1357755345169049,-0.000614574024213539,-0.0006145740242135079
0.9300000000000007,5.190302792064012e-07,-0.0007826379379716961,0.3008973053511925,0.9976785238280247,-0.06809826039481608,0.0003082397876885016,0.0003082397876884857,32.929635344412716,-0.0006169570663482432,-0.0006169570663482095,3.792671660831596e-07,-0.00026356823713571297,0.0003473583098867034,-0.04987672696539379,0.0002257618864458146,0.00022576188644572446,12.049876726965467,-0.0002257618864458147,-0.0002257618864457236,0.0,0.0,0.0,0.0,0.0,0.003253466716280696,0.003253466716280625,0.0,0.0,-0.006,-0.0,-0.0,-0.006,-0.0,-0.0,-0.006,0.0,0.0,0.0,0.0,0.0,0.0,0.0,0.0,0.0,0.0,0.0,8.665147050411492e-19,2.2404021454876244e-19,-7.487771253728015e-19,-1.098562027919425e-19,-9.012430558785756e-18,-3.3373098121819433e-17,-0.0498767269653938,0.00022576188644580697,0.00022576188644572173,12.000000000000073,-1.0842021724855044e-19,8.673617379884035e-19,0.13630201107931736,-0.0006169570663482445,-0.0006169570663482127
0.9400000000000007,5.226183979904756e-07,-0.0007851264207709035,0.3009005865436193,0.997662456382864,-0.06833324071724105,0.000309303402005157,0.0003093034020051406,33.04343973572295,-0.0006190892619424536,-0.0006190892619424191,3.382842123077913e-07,-0.00023413740549943675,0.00030887326795891226,-0.044334868413683386,0.00020067723239628298,0.00020067723239619229,10.711001535080424,-0.00020067723239628322,-0.00020067723239619172,0.0,0.0,0.0,0.0,0.0,0.0025706403684193162,0.0025706403684192486,0.0,0.0,-0.006,-0.0,-0.0,-0.006,-0.0,-0.0,-0.006,0.0,0.0,0.0,0.0,0.0,0.0,0.0,0.0,0.0,0.0,0.0,1.5403294145819452e-18,1.6093625997831706e-19,-7.271777852178168e-19,-1.0528354836574936e-19,-1.0950441942103595e-17,-2.9337833161099947e-17,-0.04433486841368336,0.0002006772323962751,0.00020067723239618933,10.66666666666674,-2.439454888092385e-19,5.692061405548898e-19,0.13677306905621284,-0.0006190892619424553,-0.0006190892619424225
0.9500000000000007,5.257946011048654e-07,-0.0007873208571005151,0.3009034826865922,0.9976482332628497,-0.06854057314815101,0.0003102418709779929,0.0003102418709779761,33.14385537511433,-0.0006209706109961688,-0.0006209706109961333,2.9689255371424746e-07,-0.0002047578791513821,0.0002703492376965058,-0.03879300986197298,0.00017559257834675105,0.00017559257834666022,9.372126343195381,-0.00017559257834675162,-0.00017559257834665986,0.0,0.0,0.0,0.0,0.0,0.0019681465320710435,0.0019681465320709746,0.0,0.0,-0.006,-0.0,-0.0,-0.006,-0.0,-0.0,-0.006,0.0,0.0,0.0,0.0,0.0,0.0,0.0,0.0,0.0,0.0,0.0,1.551340842896251e-18,1.7830043539703022e-19,-7.000727309056792e-19,-1.0071089393955623e-19,-1.2407338611380991e-17,-2.7125383102871714e-17,-0.03879300986197296,0.00017559257834674297,0.00017559257834665726,9.333333333333409,-5.692061405548898e-19,3.5236570605778894e-19,0.1371887084475911,-0.0006209706109961704,-0.0006209706109961368
0.9600000000000007,5.285550571238082e-07,-0.0007892217280741065,0.3009059934147624,0.9976358717044231,-0.0687202588606901,0.00031105519991712585,0.0003110551999171086,33.23088226258685,-0.0006226011135093887,-0.0006226011135093523,2.5514331238493374e-07,-0.00017542326854057546,0.0002317911237584692,-0.03325115131026258,0.0001505079242972193,0.00015050792429712815,8.033251151310338,-0.00015050792429721998,-0.00015050792429712785,0.0,0.0,0.0,0.0,0.0,0.0014459852072358727,0.001445985207235803,0.0,0.0,-0.006,-0.0,-0.0,-0.006,-0.0,-0.0,-0.006,0.0,0.0,0.0,0.0,0.0,0.0,0.0,0.0,0.0,0.0,0.0,1.7355705089240614e-18,1.5479527111072339e-19,-8.175985523372134e-19,-9.9397331126822e-20,-1.5900502485857726e-17,-2.411672207422444e-17,-0.03325115131026256,0.00015050792429721106,0.0001505079242971251,8.000000000000076,-6.776263578034403e-19,2.981555974335137e-19,0.13754892925345225,-0.0006226011135093902,-0.0006226011135093556
0.9700000000000008,5.30896445773373e-07,-0.0007908294508613255,0.30090811841176374,0.9976253866455037,-0.06887229887641226,0.0003117433934465149,0.0003117433934464973,33.30452039814053,-0.0006239807694821132,-0.0006239807694820759,2.1308759691014397e-07,-0.0001461271746594633,0.0001932038183664443,-0.027709292758552176,0.0001254232702476873,0.00012542327024759638,6.694375959425294,-0.0001254232702476881,-0.00012542327024759616,0.0,0.0,0.0,0.0,0.0,0.0010041563939138037,0.001004156393913734,0.0,0.0,-0.006,-0.0,-0.0,-0.006,-0.0,-0.0,-0.006,0.0,0.0,0.0,0.0,0.0,0.0,0.0,0.0,0.0,0.0,0.0,1.418780186650953e-18,1.4208977690190888e-19,-6.8800251140730545e-19,-9.541693801921685e-20,-1.596995918753258e-17,-2.1565458837094487e-17,-0.02770929275855216,0.00012542327024767894,0.0001254232702475934,6.666666666666742,-8.131516293641283e-19,2.168404344971009e-19,0.13785373147379631,-0.0006239807694821145,-0.0006239807694820793
0.9800000000000008,5.328159578057907e-07,-0.0007921443786001299,0.3009098574100977,0.9976167907256285,-0.06899669406321164,0.0003123064554945939,0.0003123064554945759,33.36476978177536,-0.0006251095789143423,-0.0006251095789143042,1.7077650424410338e-07,-0.00011686319040381977,0.0001545922030746897,-0.022167434206841766,0.00010033861619815512,0.00010033861619806428,5.3555007675402475,-0.00010033861619815577,-0.00010033861619806442,0.0,0.0,0.0,0.0,0.0,0.0006426600921048371,0.0006426600921047679,0.0,0.0,-0.006,-0.0,-0.0,-0.006,-0.0,-0.0,-0.006,0.0,0.0,0.0,0.0,0.0,0.0,0.0,0.0,0.0,0.0,0.0,1.5371530410297415e-18,1.4600730428296002e-19,-7.217779501790707e-19,-9.412653626363413e-20,-1.852122242466253e-17,-1.9015889665859043e-17,-0.02216743420684175,0.00010033861619814657,0.00010033861619806126,5.333333333333406,-6.505213034913027e-19,-1.3552527156068805e-19,0.13810311510862322,-0.0006251095789143435,-0.0006251095789143075
0.9900000000000008,5.343112948925123e-07,-0.000793166800322602,0.3009112101910352,0.9976100942860725,-0.06909344513357138,0.0003127443892863446,0.0003127443892863262,33.41163041349133,-0.0006259875418060763,-0.0006259875418060372,1.2826112159399374e-07,-8.76249019285182e-05,0.00011596115054318405,-0.01662557565513135,7.525396214862292e-05,7.525396214853221e-05,4.0166255756552,-7.525396214862346e-05,-7.525396214853235e-05,0.0,0.0,0.0,0.0,0.0,0.0003614963018089731,0.00036149630180890447,0.0,0.0,-0.006,-0.0,-0.0,-0.006,-0.0,-0.0,-0.006,0.0,0.0,0.0,0.0,0.0,0.0,0.0,0.0,0.0,0.0,0.0,1.7734752333136913e-18,1.7459466625279266e-19,-7.384009717689363e-19,-9.11404142523177e-20,-2.1028439948535257e-17,-1.6628950820496424e-17,-0.01662557565513132,7.525396214861418e-05,7.525396214852915e-05,4.000000000000069,-5.421010862427522e-19,-1.3552527156068805e-19,0.1382970801579331,-0.0006259875418060775,-0.0006259875418060407
1.0000000000000007,5.353806695363008e-07,-0.0007938969408943045,0.3009121765845369,0.9976053053699478,-0.06916255264313083,0.00031305719733681155,0.0003130571973367926,33.445102293288464,-0.0006266146581573149,-0.0006266146581572748,8.559252833641467e-08,-5.8405889999853506e-05,7.731552631334661e-05,-0.011083717103420921,5.016930809909071e-05,5.0169308099000285e-05,2.6777503837701526,-5.0169308099091155e-05,-5.016930809900033e-05,0.0,0.0,0.0,0.0,0.0,0.00016066502302621263,0.00016066502302614387,0.0,0.0,0.0,0.0,0.0,-0.006,-0.0,-0.0,-0.006,0.0,0.0,0.0,0.0,0.0,0.0,0.0,0.0,0.0,0.0,0.0,1.911118087242515e-18,1.937058471252178e-19,-7.1240764820007e-19,-8.727582643046994e-20,-2.2552252220645747e-17,-1.4275893293023978e-17,-0.011083717103420902,5.016930809908186e-05,5.016930809899725e-05,2.666666666666732,-4.472333961502706e-19,-4.743384504624082e-20,0.13843562662172593,-0.0006266146581573162,-0.0006266146581572784
1.0100000000000007,5.360228050026015e-07,-0.0007943349609671446,0.30091275646919036,0.9976024297222787,-0.06920401698957114,0.0003132448814460577,0.00031324488144603835,33.46518542116674,-0.0006269909279680582,-0.0006269909279680172,4.282179795581038e-08,-2.919973134510379e-05,3.866019058584884e-05,-0.005541858551710495,2.5084654049558788e-05,2.5084654049468294e-05,1.3388751918851047,-2.5084654049559547e-05,-2.5084654049468416e-05,0.0,0.0,0.0,0.0,0.0,4.016625575655486e-05,4.0166255756486134e-05,0.0,0.0,0.0,0.0,0.0,-0.006,-0.0,-0.0,-0.006,0.0,0.0,0.0,0.0,0.0,0.0,0.0,0.0,0.0,0.0,0.0,1.8326616605030856e-18,1.7650049038411483e-19,-7.274424830138338e-19,-8.502589516432571e-20,-2.4769360960083875e-17,-1.1519648082658485e-17,-0.0055418585517104865,2.5084654049549823e-05,2.5084654049465255e-05,1.3333333333333943,-7.589415207398531e-19,-1.2197274440461925e-19,0.13851875450000156,-0.0006269909279680594,-0.0006269909279680207
1.0200000000000007,5.362369352703835e-07,-0.0007944809569457219,0.300912949772166,0.9976014707900579,-0.06921783841181946,0.00031330744269556215,0.00031330744269554236,33.47187979712616,-0.0006271163512383061,-0.0006271163512382642,-6.19134993583715e-19,-2.049103522167542e-17,-6.369225305713378e-18,-7.444166730866795e-17,2.6729158627038718e-17,-6.366224694227422e-17,5.797338078265039e-14,-2.787654268112581e-17,6.344891661231054e-17,0.0,0.0,0.0,0.0,0.0,7.578758657168486e-32,-6.874307641679088e-17,0.0,0.0,0.0,0.0,0.0,0.0,0.0,0.0,0.0,0.0,0.0,0.0,0.0,0.0,0.0,0.0,0.0,0.0,0.0,0.0,1.797051837461134e-18,1.853700336056352e-19,-7.252337027940682e-19,-8.227301819714306e-20,-2.6664292723885127e-17,-9.09399662091894e-18,-7.449654092935998e-17,1.7637722923749022e-17,-6.66938344824177e-17,5.789893911534172e-14,-1.1473840540870946e-18,-2.1333032996367887e-19,0.13854646379276012,-0.0006271163512383073,-0.0006271163512382676
1.0300000000000007,5.362369352703771e-07,-0.0007944809569457219,0.300912949772166,0.9976014707900579,-0.06921783841181946,0.00031330744269556215,0.00031330744269554236,33.47187979712616,-0.0006271163512383066,-0.0006271163512382637,-6.19134993583715e-19,-2.049103522167542e-17,-6.369225305713378e-18,-7.444166730866795e-17,2.6729158627038718e-17,-6.366224694227422e-17,5.797338078265039e-14,-2.787654268112581e-17,6.344891661231054e-17,0.0,0.0,0.0,0.0,0.0,7.578758657168486e-32,-6.874307641679088e-17,0.0,0.0,0.0,0.0,0.0,0.0,0.0,0.0,0.0,0.0,0.0,0.0,0.0,0.0,0.0,0.0,0.0,0.0,0.0,0.0,1.797051837461134e-18,1.853700336056352e-19,-7.252337027940682e-19,-8.227301819714306e-20,-2.6664292723885127e-17,-9.09399662091894e-18,-7.449654092935998e-17,1.7637722923749022e-17,-6.66938344824177e-17,5.789893911534172e-14,-1.1473840540870946e-18,-2.1333032996367887e-19,0.13854646379276012,-0.0006271163512383073,-0.0006271163512382676
1.0400000000000007,5.362369352703708e-07,-0.0007944809569457219,0.300912949772166,0.9976014707900579,-0.06921783841181946,0.00031330744269556215,0.00031330744269554236,33.47187979712616,-0.0006271163512383071,-0.0006271163512382631,-6.19134993583715e-19,-2.049103522167542e-17,-6.369225305713378e-18,-7.444166730866795e-17,2.6729158627038718e-17,-6.366224694227422e-17,5.797338078265039e-14,-2.787654268112581e-17,6.344891661231054e-17,0.0,0.0,0.0,0.0,0.0,7.578758657168486e-32,-6.874307641679088e-17,0.0,0.0,0.0,0.0,0.0,0.0,0.0,0.0,0.0,0.0,0.0,0.0,0.0,0.0,0.0,0.0,0.0,0.0,0.0,0.0,1.797051837461134e-18,1.853700336056352e-19,-7.252337027940682e-19,-8.227301819714306e-20,-2.6664292723885127e-17,-9.09399662091894e-18,-7.449654092935998e-17,1.7637722923749022e-17,-6.66938344824177e-17,5.789893911534172e-14,-1.1473840540870946e-18,-2.1333032996367887e-19,0.13854646379276012,-0.0006271163512383073,-0.0006271163512382676
1.0500000000000007,5.362369352703644e-07,-0.0007944809569457219,0.300912949772166,0.9976014707900579,-0.06921783841181946,0.00031330744269556215,0.00031330744269554236,33.47187979712616,-0.0006271163512383077,-0.0006271163512382626,-6.19134993583715e-19,-2.049103522167542e-17,-6.369225305713378e-18,-7.444166730866795e-17,2.6729158627038718e-17,-6.366224694227422e-17,5.797338078265039e-14,-2.787654268112581e-17,6.344891661231054e-17,0.0,0.0,0.0,0.0,0.0,7.578758657168486e-32,-6.874307641679088e-17,0.0,0.0,0.0,0.0,0.0,0.0,0.0,0.0,0.0,0.0,0.0,0.0,0.0,0.0,0.0,0.0,0.0,0.0,0.0,0.0,1.797051837461134e-18,1.853700336056352e-19,-7.252337027940682e-19,-8.227301819714306e-20,-2.6664292723885127e-17,-9.09399662091894e-18,-7.449654092935998e-17,1.7637722923749022e-17,-6.66938344824177e-17,5.789893911534172e-14,-1.1473840540870946e-18,-2.1333032996367887e-19,0.13854646379276012,-0.0006271163512383073,-0.0006271163512382676
1.0600000000000007,5.362369352703581e-07,-0.0007944809569457219,0.300912949772166,0.9976014707900579,-0.06921783841181946,0.00031330744269556215,0.00031330744269554236,33.47187979712616,-0.0006271163512383082,-0.000627116351238262,-6.19134993583715e-19,-2.049103522167542e-17,-6.369225305713378e-18,-7.444166730866795e-17,2.6729158627038718e-17,-6.366224694227422e-17,5.797338078265039e-14,-2.787654268112581e-17,6.344891661231054e-17,0.0,0.0,0.0,0.0,0.0,7.578758657168486e-32,-6.874307641679088e-17,0.0,0.0,0.0,0.0,0.0,0.0,0.0,0.0,0.0,0.0,0.0,0.0,0.0,0.0,0.0,0.0,0.0,0.0,0.0,0.0,1.797051837461134e-18,1.853700336056352e-19,-7.252337027940682e-19,-8.227301819714306e-20,-2.6664292723885127e-17,-9.09399662091894e-18,-7.449654092935998e-17,1.7637722923749022e-17,-6.66938344824177e-17,5.789893911534172e-14,-1.1473840540870946e-18,-2.1333032996367887e-19,0.13854646379276012,-0.0006271163512383073,-0.0006271163512382676
1.0700000000000007,5.362369352703517e-07,-0.0007944809569457219,0.300912949772166,0.9976014707900579,-0.06921783841181946,0.00031330744269556215,0.00031330744269554236,33.47187979712616,-0.0006271163512383088,-0.0006271163512382615,-6.19134993583715e-19,-2.049103522167542e-17,-6.369225305713378e-18,-7.444166730866795e-17,2.6729158627038718e-17,-6.366224694227422e-17,5.797338078265039e-14,-2.787654268112581e-17,6.344891661231054e-17,0.0,0.0,0.0,0.0,0.0,7.578758657168486e-32,-6.874307641679088e-17,0.0,0.0,0.0,0.0,0.0,0.0,0.0,0.0,0.0,0.0,0.0,0.0,0.0,0.0,0.0,0.0,0.0,0.0,0.0,0.0,1.797051837461134e-18,1.853700336056352e-19,-7.252337027940682e-19,-8.227301819714306e-20,-2.6664292723885127e-17,-9.09399662091894e-18,-7.449654092935998e-17,1.7637722923749022e-17,-6.66938344824177e-17,5.789893911534172e-14,-1.1473840540870946e-18,-2.1333032996367887e-19,0.13854646379276012,-0.0006271163512383073,-0.0006271163512382676
1.0800000000000007,5.362369352703454e-07,-0.0007944809569457219,0.300912949772166,0.9976014707900579,-0.06921783841181946,0.00031330744269556215,0.00031330744269554236,33.47187979712616,-0.0006271163512383093,-0.000627116351238261,-6.19134993583715e-19,-2.049103522167542e-17,-6.369225305713378e-18,-7.444166730866795e-17,2.6729158627038718e-17,-6.366224694227422e-17,5.797338078265039e-14,-2.787654268112581e-17,6.344891661231054e-17,0.0,0.0,0.0,0.0,0.0,7.578758657168486e-32,-6.874307641679088e-17,0.0,0.0,0.0,0.0,0.0,0.0,0.0,0.0,0.0,0.0,0.0,0.0,0.0,0.0,0.0,0.0,0.0,0.0,0.0,0.0,1.797051837461134e-18,1.853700336056352e-19,-7.252337027940682e-19,-8.227301819714306e-20,-2.6664292723885127e-17,-9.09399662091894e-18,-7.449654092935998e-17,1.7637722923749022e-17,-6.66938344824177e-17,5.789893911534172e-14,-1.1473840540870946e-18,-2.1333032996367887e-19,0.13854646379276012,-0.0006271163512383073,-0.0006271163512382676
1.0900000000000007,5.36236935270339e-07,-0.0007944809569457219,0.300912949772166,0.9976014707900579,-0.06921783841181946,0.00031330744269556215,0.00031330744269554236,33.47187979712616,-0.0006271163512383099,-0.0006271163512382604,-6.19134993583715e-19,-2.049103522167542e-17,-6.369225305713378e-18,-7.444166730866795e-17,2.6729158627038718e-17,-6.366224694227422e-17,5.797338078265039e-14,-2.787654268112581e-17,6.344891661231054e-17,0.0,0.0,0.0,0.0,0.0,7.578758657168486e-32,-6.874307641679088e-17,0.0,0.0,0.0,0.0,0.0,0.0,0.0,0.0,0.0,0.0,0.0,0.0,0.0,0.0,0.0,0.0,0.0,0.0,0.0,0.0,1.797051837461134e-18,1.853700336056352e-19,-7.252337027940682e-19,-8.227301819714306e-20,-2.6664292723885127e-17,-9.09399662091894e-18,-7.449654092935998e-17,1.7637722923749022e-17,-6.66938344824177e-17,5.789893911534172e-14,-1.1473840540870946e-18,-2.1333032996367887e-19,0.13854646379276012,-0.0006271163512383073,-0.0006271163512382676
1.1000000000000008,5.362369352703327e-07,-0.0007944809569457219,0.300912949772166,0.9976014707900579,-0.06921783841181946,0.00031330744269556215,0.00031330744269554236,33.47187979712616,-0.0006271163512383104,-0.0006271163512382599,-6.19134993583715e-19,-2.049103522167542e-17,-6.369225305713378e-18,-7.444166730866795e-17,2.6729158627038718e-17,-6.366224694227422e-17,5.797338078265039e-14,-2.787654268112581e-17,6.344891661231054e-17,0.0,0.0,0.0,0.0,0.0,7.578758657168486e-32,-6.874307641679088e-17,0.0,0.0,0.0,0.0,0.0,0.0,0.0,0.0,0.0,0.0,0.0,0.0,0.0,0.0,0.0,0.0,0.0,0.0,0.0,0.0,1.797051837461134e-18,1.853700336056352e-19,-7.252337027940682e-19,-8.227301819714306e-20,-2.6664292723885127e-17,-9.09399662091894e-18,-7.449654092935998e-17,1.7637722923749022e-17,-6.66938344824177e-17,5.789893911534172e-14,-1.1473840540870946e-18,-2.1333032996367887e-19,0.13854646379276012,-0.0006271163512383073,-0.0006271163512382676
1.1100000000000008,5.362369352703263e-07,-0.0007944809569457219,0.300912949772166,0.9976014707900579,-0.06921783841181946,0.00031330744269556215,0.00031330744269554236,33.47187979712616,-0.0006271163512383109,-0.0006271163512382593,-6.19134993583715e-19,-2.049103522167542e-17,-6.369225305713378e-18,-7.444166730866795e-17,2.6729158627038718e-17,-6.366224694227422e-17,5.797338078265039e-14,-2.787654268112581e-17,6.344891661231054e-17,0.0,0.0,0.0,0.0,0.0,7.578758657168486e-32,-6.874307641679088e-17,0.0,0.0,0.0,0.0,0.0,0.0,0.0,0.0,0.0,0.0,0.0,0.0,0.0,0.0,0.0,0.0,0.0,0.0,0.0,0.0,1.797051837461134e-18,1.853700336056352e-19,-7.252337027940682e-19,-8.227301819714306e-20,-2.6664292723885127e-17,-9.09399662091894e-18,-7.449654092935998e-17,1.7637722923749022e-17,-6.66938344824177e-17,5.789893911534172e-14,-1.1473840540870946e-18,-2.1333032996367887e-19,0.13854646379276012,-0.0006271163512383073,-0.0006271163512382676
1.1200000000000008,5.3623693527032e-07,-0.0007944809569457219,0.300912949772166,0.9976014707900579,-0.06921783841181946,0.00031330744269556215,0.00031330744269554236,33.47187979712616,-0.0006271163512383115,-0.0006271163512382588,-6.19134993583715e-19,-2.049103522167542e-17,-6.369225305713378e-18,-7.444166730866795e-17,2.6729158627038718e-17,-6.366224694227422e-17,5.797338078265039e-14,-2.787654268112581e-17,6.344891661231054e-17,0.0,0.0,0.0,0.0,0.0,7.578758657168486e-32,-6.874307641679088e-17,0.0,0.0,0.0,0.0,0.0,0.0,0.0,0.0,0.0,0.0,0.0,0.0,0.0,0.0,0.0,0.0,0.0,0.0,0.0,0.0,1.797051837461134e-18,1.853700336056352e-19,-7.252337027940682e-19,-8.227301819714306e-20,-2.6664292723885127e-17,-9.09399662091894e-18,-7.449654092935998e-17,1.7637722923749022e-17,-6.66938344824177e-17,5.789893911534172e-14,-1.1473840540870946e-18,-2.1333032996367887e-19,0.13854646379276012,-0.0006271163512383073,-0.0006271163512382676
1.1300000000000008,5.362369352703136e-07,-0.0007944809569457219,0.300912949772166,0.9976014707900579,-0.06921783841181946,0.00031330744269556215,0.00031330744269554236,33.47187979712616,-0.000627116351238312,-0.0006271163512382582,-6.19134993583715e-19,-2.049103522167542e-17,-6.369225305713378e-18,-7.444166730866795e-17,2.6729158627038718e-17,-6.366224694227422e-17,5.797338078265039e-14,-2.787654268112581e-17,6.344891661231054e-17,0.0,0.0,0.0,0.0,0.0,7.578758657168486e-32,-6.874307641679088e-17,0.0,0.0,0.0,0.0,0.0,0.0,0.0,0.0,0.0,0.0,0.0,0.0,0.0,0.0,0.0,0.0,0.0,0.0,0.0,0.0,1.797051837461134e-18,1.853700336056352e-19,-7.252337027940682e-19,-8.227301819714306e-20,-2.6664292723885127e-17,-9.09399662091894e-18,-7.449654092935998e-17,1.7637722923749022e-17,-6.66938344824177e-17,5.789893911534172e-14,-1.1473840540870946e-18,-2.1333032996367887e-19,0.13854646379276012,-0.0006271163512383073,-0.0006271163512382676
1.1400000000000008,5.362369352703073e-07,-0.0007944809569457219,0.300912949772166,0.9976014707900579,-0.06921783841181946,0.00031330744269556215,0.00031330744269554236,33.47187979712616,-0.0006271163512383126,-0.0006271163512382577,-6.19134993583715e-19,-2.049103522167542e-17,-6.369225305713378e-18,-7.444166730866795e-17,2.6729158627038718e-17,-6.366224694227422e-17,5.797338078265039e-14,-2.787654268112581e-17,6.344891661231054e-17,0.0,0.0,0.0,0.0,0.0,7.578758657168486e-32,-6.874307641679088e-17,0.0,0.0,0.0,0.0,0.0,0.0,0.0,0.0,0.0,0.0,0.0,0.0,0.0,0.0,0.0,0.0,0.0,0.0,0.0,0.0,1.797051837461134e-18,1.853700336056352e-19,-7.252337027940682e-19,-8.227301819714306e-20,-2.6664292723885127e-17,-9.09399662091894e-18,-7.449654092935998e-17,1.7637722923749022e-17,-6.66938344824177e-17,5.789893911534172e-14,-1.1473840540870946e-18,-2.1333032996367887e-19,0.13854646379276012,-0.0006271163512383073,-0.0006271163512382676
1.1500000000000008,5.362369352703009e-07,-0.0007944809569457219,0.300912949772166,0.9976014707900579,-0.06921783841181946,0.00031330744269556215,0.00031330744269554236,33.47187979712616,-0.0006271163512383131,-0.0006271163512382572,-6.19134993583715e-19,-2.049103522167542e-17,-6.369225305713378e-18,-7.444166730866795e-17,2.6729158627038718e-17,-6.366224694227422e-17,5.797338078265039e-14,-2.787654268112581e-17,6.344891661231054e-17,0.0,0.0,0.0,0.0,0.0,7.578758657168486e-32,-6.874307641679088e-17,0.0,0.0,0.0,0.0,0.0,0.0,0.0,0.0,0.0,0.0,0.0,0.0,0.0,0.0,0.0,0.0,0.0,0.0,0.0,0.0,1.797051837461134e-18,1.853700336056352e-19,-7.252337027940682e-19,-8.227301819714306e-20,-2.6664292723885127e-17,-9.09399662091894e-18,-7.449654092935998e-17,1.7637722923749022e-17,-6.66938344824177e-17,5.789893911534172e-14,-1.1473840540870946e-18,-2.1333032996367887e-19,0.13854646379276012,-0.0006271163512383073,-0.0006271163512382676
1.1600000000000008,5.362369352702946e-07,-0.0007944809569457219,0.300912949772166,0.9976014707900579,-0.06921783841181946,0.00031330744269556215,0.00031330744269554236,33.47187979712616,-0.0006271163512383137,-0.0006271163512382566,-6.19134993583715e-19,-2.049103522167542e-17,-6.369225305713378e-18,-7.444166730866795e-17,2.6729158627038718e-17,-6.366224694227422e-17,5.797338078265039e-14,-2.787654268112581e-17,6.344891661231054e-17,0.0,0.0,0.0,0.0,0.0,7.578758657168486e-32,-6.874307641679088e-17,0.0,0.0,0.0,0.0,0.0,0.0,0.0,0.0,0.0,0.0,0.0,0.0,0.0,0.0,0.0,0.0,0.0,0.0,0.0,0.0,1.797051837461134e-18,1.853700336056352e-19,-7.252337027940682e-19,-8.227301819714306e-20,-2.6664292723885127e-17,-9.09399662091894e-18,-7.449654092935998e-17,1.7637722923749022e-17,-6.66938344824177e-17,5.789893911534172e-14,-1.1473840540870946e-18,-2.1333032996367887e-19,0.13854646379276012,-0.0006271163512383073,-0.0006271163512382676
1.1700000000000008,5.362369352702882e-07,-0.0007944809569457219,0.300912949772166,0.9976014707900579,-0.06921783841181946,0.00031330744269556215,0.00031330744269554236,33.47187979712616,-0.0006271163512383142,-0.0006271163512382561,-6.19134993583715e-19,-2.049103522167542e-17,-6.369225305713378e-18,-7.444166730866795e-17,2.6729158627038718e-17,-6.366224694227422e-17,5.797338078265039e-14,-2.787654268112581e-17,6.344891661231054e-17,0.0,0.0,0.0,0.0,0.0,7.578758657168486e-32,-6.874307641679088e-17,0.0,0.0,0.0,0.0,0.0,0.0,0.0,0.0,0.0,0.0,0.0,0.0,0.0,0.0,0.0,0.0,0.0,0.0,0.0,0.0,1.797051837461134e-18,1.853700336056352e-19,-7.252337027940682e-19,-8.227301819714306e-20,-2.6664292723885127e-17,-9.09399662091894e-18,-7.449654092935998e-17,1.7637722923749022e-17,-6.66938344824177e-17,5.789893911534172e-14,-1.1473840540870946e-18,-2.1333032996367887e-19,0.13854646379276012,-0.0006271163512383073,-0.0006271163512382676
1.1800000000000008,5.362369352702818e-07,-0.0007944809569457219,0.300912949772166,0.9976014707900579,-0.06921783841181946,0.00031330744269556215,0.00031330744269554236,33.47187979712616,-0.0006271163512383147,-0.0006271163512382555,-6.19134993583715e-19,-2.049103522167542e-17,-6.369225305713378e-18,-7.444166730866795e-17,2.6729158627038718e-17,-6.366224694227422e-17,5.797338078265039e-14,-2.787654268112581e-17,6.344891661231054e-17,0.0,0.0,0.0,0.0,0.0,7.578758657168486e-32,-6.874307641679088e-17,0.0,0.0,0.0,0.0,0.0,0.0,0.0,0.0,0.0,0.0,0.0,0.0,0.0,0.0,0.0,0.0,0.0,0.0,0.0,0.0,1.797051837461134e-18,1.853700336056352e-19,-7.252337027940682e-19,-8.227301819714306e-20,-2.6664292723885127e-17,-9.09399662091894e-18,-7.449654092935998e-17,1.7637722923749022e-17,-6.66938344824177e-17,5.789893911534172e-14,-1.1473840540870946e-18,-2.1333032996367887e-19,0.13854646379276012,-0.0006271163512383073,-0.0006271163512382676
1.1900000000000008,5.362369352702755e-07,-0.0007944809569457219,0.300912949772166,0.9976014707900579,-0.06921783841181946,0.00031330744269556215,0.00031330744269554236,33.47187979712616,-0.0006271163512383153,-0.000627116351238255,-6.19134993583715e-19,-2.049103522167542e-17,-6.369225305713378e-18,-7.444166730866795e-17,2.6729158627038718e-17,-6.366224694227422e-17,5.797338078265039e-14,-2.787654268112581e-17,6.344891661231054e-17,0.0,0.0,0.0,0.0,0.0,7.578758657168486e-32,-6.874307641679088e-17,0.0,0.0,0.0,0.0,0.0,0.0,0.0,0.0,0.0,0.0,0.0,0.0,0.0,0.0,0.0,0.0,0.0,0.0,0.0,0.0,1.797051837461134e-18,1.853700336056352e-19,-7.252337027940682e-19,-8.227301819714306e-20,-2.6664292723885127e-17,-9.09399662091894e-18,-7.449654092935998e-17,1.7637722923749022e-17,-6.66938344824177e-17,5.789893911534172e-14,-1.1473840540870946e-18,-2.1333032996367887e-19,0.13854646379276012,-0.0006271163512383073,-0.0006271163512382676
1.2000000000000008,5.362369352702691e-07,-0.0007944809569457219,0.300912949772166,0.9976014707900579,-0.06921783841181946,0.00031330744269556215,0.00031330744269554236,33.47187979712616,-0.0006271163512383158,-0.0006271163512382545,-6.19134993583715e-19,-2.049103522167542e-17,-6.369225305713378e-18,-7.444166730866795e-17,2.6729158627038718e-17,-6.366224694227422e-17,5.797338078265039e-14,-2.787654268112581e-17,6.344891661231054e-17,0.0,0.0,0.0,0.0,0.0,7.578758657168486e-32,-6.874307641679088e-17,0.0,0.0,0.0,0.0,0.0,0.0,0.0,0.0,0.0,0.0,0.0,0.0,0.0,0.0,0.0,0.0,0.0,0.0,0.0,0.0,1.797051837461134e-18,1.853700336056352e-19,-7.252337027940682e-19,-8.227301819714306e-20,-2.6664292723885127e-17,-9.09399662091894e-18,-7.449654092935998e-17,1.7637722923749022e-17,-6.66938344824177e-17,5.789893911534172e-14,-1.1473840540870946e-18,-2.1333032996367887e-19,0.13854646379276012,-0.0006271163512383073,-0.0006271163512382676
1.2100000000000009,5.362369352702628e-07,-0.0007944809569457219,0.300912949772166,0.9976014707900579,-0.06921783841181946,0.00031330744269556215,0.00031330744269554236,33.47187979712616,-0.0006271163512383164,-0.0006271163512382539,-6.19134993583715e-19,-2.049103522167542e-17,-6.369225305713378e-18,-7.444166730866795e-17,2.6729158627038718e-17,-6.366224694227422e-17,5.797338078265039e-14,-2.787654268112581e-17,6.344891661231054e-17,0.0,0.0,0.0,0.0,0.0,7.578758657168486e-32,-6.874307641679088e-17,0.0,0.0,0.0,0.0,0.0,0.0,0.0,0.0,0.0,0.0,0.0,0.0,0.0,0.0,0.0,0.0,0.0,0.0,0.0,0.0,1.797051837461134e-18,1.853700336056352e-19,-7.252337027940682e-19,-8.227301819714306e-20,-2.6664292723885127e-17,-9.09399662091894e-18,-7.449654092935998e-17,1.7637722923749022e-17,-6.66938344824177e-17,5.789893911534172e-14,-1.1473840540870946e-18,-2.1333032996367887e-19,0.13854646379276012,-0.0006271163512383073,-0.0006271163512382676
1.2200000000000009,5.362369352702564e-07,-0.0007944809569457219,0.300912949772166,0.9976014707900579,-0.06921783841181946,0.00031330744269556215,0.00031330744269554236,33.47187979712616,-0.0006271163512383169,-0.0006271163512382534,-6.19134993583715e-19,-2.049103522167542e-17,-6.369225305713378e-18,-7.444166730866795e-17,2.6729158627038718e-17,-6.366224694227422e-17,5.797338078265039e-14,-2.787654268112581e-17,6.344891661231054e-17,0.0,0.0,0.0,0.0,0.0,7.578758657168486e-32,-6.874307641679088e-17,0.0,0.0,0.0,0.0,0.0,0.0,0.0,0.0,0.0,0.0,0.0,0.0,0.0,0.0,0.0,0.0,0.0,0.0,0.0,0.0,1.797051837461134e-18,1.853700336056352e-19,-7.252337027940682e-19,-8.227301819714306e-20,-2.6664292723885127e-17,-9.09399662091894e-18,-7.449654092935998e-17,1.7637722923749022e-17,-6.66938344824177e-17,5.789893911534172e-14,-1.1473840540870946e-18,-2.1333032996367887e-19,0.13854646379276012,-0.0006271163512383073,-0.0006271163512382676
1.2300000000000009,5.362369352702501e-07,-0.0007944809569457219,0.300912949772166,0.9976014707900579,-0.06921783841181946,0.00031330744269556215,0.00031330744269554236,33.47187979712616,-0.0006271163512383174,-0.0006271163512382528,-6.19134993583715e-19,-2.049103522167542e-17,-6.369225305713378e-18,-7.444166730866795e-17,2.6729158627038718e-17,-6.366224694227422e-17,5.797338078265039e-14,-2.787654268112581e-17,6.344891661231054e-17,0.0,0.0,0.0,0.0,0.0,7.578758657168486e-32,-6.874307641679088e-17,0.0,0.0,0.0,0.0,0.0,0.0,0.0,0.0,0.0,0.0,0.0,0.0,0.0,0.0,0.0,0.0,0.0,0.0,0.0,0.0,1.797051837461134e-18,1.853700336056352e-19,-7.252337027940682e-19,-8.227301819714306e-20,-2.6664292723885127e-17,-9.09399662091894e-18,-7.449654092935998e-17,1.7637722923749022e-17,-6.66938344824177e-17,5.789893911534172e-14,-1.1473840540870946e-18,-2.1333032996367887e-19,0.13854646379276012,-0.0006271163512383073,-0.0006271163512382676
1.2400000000000009,5.362369352702437e-07,-0.0007944809569457219,0.300912949772166,0.9976014707900579,-0.06921783841181946,0.00031330744269556215,0.00031330744269554236,33.47187979712616,-0.000627116351238318,-0.0006271163512382523,-6.19134993583715e-19,-2.049103522167542e-17,-6.369225305713378e-18,-7.444166730866795e-17,2.6729158627038718e-17,-6.366224694227422e-17,5.797338078265039e-14,-2.787654268112581e-17,6.344891661231054e-17,0.0,0.0,0.0,0.0,0.0,7.578758657168486e-32,-6.874307641679088e-17,0.0,0.0,0.0,0.0,0.0,0.0,0.0,0.0,0.0,0.0,0.0,0.0,0.0,0.0,0.0,0.0,0.0,0.0,0.0,0.0,1.797051837461134e-18,1.853700336056352e-19,-7.252337027940682e-19,-8.227301819714306e-20,-2.6664292723885127e-17,-9.09399662091894e-18,-7.449654092935998e-17,1.7637722923749022e-17,-6.66938344824177e-17,5.789893911534172e-14,-1.1473840540870946e-18,-2.1333032996367887e-19,0.13854646379276012,-0.0006271163512383073,-0.0006271163512382676
1.2500000000000009,5.362369352702374e-07,-0.0007944809569457219,0.300912949772166,0.9976014707900579,-0.06921783841181946,0.00031330744269556215,0.00031330744269554236,33.47187979712616,-0.0006271163512383185,-0.0006271163512382517,-6.19134993583715e-19,-2.049103522167542e-17,-6.369225305713378e-18,-7.444166730866795e-17,2.6729158627038718e-17,-6.366224694227422e-17,5.797338078265039e-14,-2.787654268112581e-17,6.344891661231054e-17,0.0,0.0,0.0,0.0,0.0,7.578758657168486e-32,-6.874307641679088e-17,0.0,0.0,0.0,0.0,0.0,0.0,0.0,0.0,0.0,0.0,0.0,0.0,0.0,0.0,0.0,0.0,0.0,0.0,0.0,0.0,1.797051837461134e-18,1.853700336056352e-19,-7.252337027940682e-19,-8.227301819714306e-20,-2.6664292723885127e-17,-9.09399662091894e-18,-7.449654092935998e-17,1.7637722923749022e-17,-6.66938344824177e-17,5.789893911534172e-14,-1.1473840540870946e-18,-2.1333032996367887e-19,0.13854646379276012,-0.0006271163512383073,-0.0006271163512382676
1.260000000000001,5.36236935270231e-07,-0.0007944809569457219,0.300912949772166,0.9976014707900579,-0.06921783841181946,0.00031330744269556215,0.00031330744269554236,33.47187979712616,-0.0006271163512383191,-0.0006271163512382512,-6.19134993583715e-19,-2.049103522167542e-17,-6.369225305713378e-18,-7.444166730866795e-17,2.6729158627038718e-17,-6.366224694227422e-17,5.797338078265039e-14,-2.787654268112581e-17,6.344891661231054e-17,0.0,0.0,0.0,0.0,0.0,7.578758657168486e-32,-6.874307641679088e-17,0.0,0.0,0.0,0.0,0.0,0.0,0.0,0.0,0.0,0.0,0.0,0.0,0.0,0.0,0.0,0.0,0.0,0.0,0.0,0.0,1.797051837461134e-18,1.853700336056352e-19,-7.252337027940682e-19,-8.227301819714306e-20,-2.6664292723885127e-17,-9.09399662091894e-18,-7.449654092935998e-17,1.7637722923749022e-17,-6.66938344824177e-17,5.789893911534172e-14,-1.1473840540870946e-18,-2.1333032996367887e-19,0.13854646379276012,-0.0006271163512383073,-0.0006271163512382676
1.270000000000001,5.362369352702247e-07,-0.0007944809569457219,0.300912949772166,0.9976014707900579,-0.06921783841181946,0.00031330744269556215,0.00031330744269554236,33.47187979712616,-0.0006271163512383196,-0.0006271163512382507,-6.19134993583715e-19,-2.049103522167542e-17,-6.369225305713378e-18,-7.444166730866795e-17,2.6729158627038718e-17,-6.366224694227422e-17,5.797338078265039e-14,-2.787654268112581e-17,6.344891661231054e-17,0.0,0.0,0.0,0.0,0.0,7.578758657168486e-32,-6.874307641679088e-17,0.0,0.0,0.0,0.0,0.0,0.0,0.0,0.0,0.0,0.0,0.0,0.0,0.0,0.0,0.0,0.0,0.0,0.0,0.0,0.0,1.797051837461134e-18,1.853700336056352e-19,-7.252337027940682e-19,-8.227301819714306e-20,-2.6664292723885127e-17,-9.09399662091894e-18,-7.449654092935998e-17,1.7637722923749022e-17,-6.66938344824177e-17,5.789893911534172e-14,-1.1473840540870946e-18,-2.1333032996367887e-19,0.13854646379276012,-0.0006271163512383073,-0.0006271163512382676
1.280000000000001,5.362369352702183e-07,-0.0007944809569457219,0.300912949772166,0.9976014707900579,-0.06921783841181946,0.00031330744269556215,0.00031330744269554236,33.47187979712616,-0.0006271163512383202,-0.0006271163512382501,-6.19134993583715e-19,-2.049103522167542e-17,-6.369225305713378e-18,-7.444166730866795e-17,2.6729158627038718e-17,-6.366224694227422e-17,5.797338078265039e-14,-2.787654268112581e-17,6.344891661231054e-17,0.0,0.0,0.0,0.0,0.0,7.578758657168486e-32,-6.874307641679088e-17,0.0,0.0,0.0,0.0,0.0,0.0,0.0,0.0,0.0,0.0,0.0,0.0,0.0,0.0,0.0,0.0,0.0,0.0,0.0,0.0,1.797051837461134e-18,1.853700336056352e-19,-7.252337027940682e-19,-8.227301819714306e-20,-2.6664292723885127e-17,-9.09399662091894e-18,-7.449654092935998e-17,1.7637722923749022e-17,-6.66938344824177e-17,5.789893911534172e-14,-1.1473840540870946e-18,-2.1333032996367887e-19,0.13854646379276012,-0.0006271163512383073,-0.0006271163512382676
1.290000000000001,5.36236935270212e-07,-0.0007944809569457219,0.300912949772166,0.9976014707900579,-0.06921783841181946,0.00031330744269556215,0.00031330744269554236,33.47187979712616,-0.0006271163512383207,-0.0006271163512382496,-6.19134993583715e-19,-2.049103522167542e-17,-6.369225305713378e-18,-7.444166730866795e-17,2.6729158627038718e-17,-6.366224694227422e-17,5.797338078265039e-14,-2.787654268112581e-17,6.344891661231054e-17,0.0,0.0,0.0,0.0,0.0,7.578758657168486e-32,-6.874307641679088e-17,0.0,0.0,0.0,0.0,0.0,0.0,0.0,0.0,0.0,0.0,0.0,0.0,0.0,0.0,0.0,0.0,0.0,0.0,0.0,0.0,1.797051837461134e-18,1.853700336056352e-19,-7.252337027940682e-19,-8.227301819714306e-20,-2.6664292723885127e-17,-9.09399662091894e-18,-7.449654092935998e-17,1.7637722923749022e-17,-6.66938344824177e-17,5.789893911534172e-14,-1.1473840540870946e-18,-2.1333032996367887e-19,0.13854646379276012,-0.0006271163512383073,-0.0006271163512382676
1.300000000000001,5.362369352702056e-07,-0.0007944809569457219,0.300912949772166,0.9976014707900579,-0.06921783841181946,0.00031330744269556215,0.00031330744269554236,33.47187979712616,-0.0006271163512383212,-0.000627116351238249,-6.19134993583715e-19,-2.049103522167542e-17,-6.369225305713378e-18,-7.444166730866795e-17,2.6729158627038718e-17,-6.366224694227422e-17,5.797338078265039e-14,-2.787654268112581e-17,6.344891661231054e-17,0.0,0.0,0.0,0.0,0.0,7.578758657168486e-32,-6.874307641679088e-17,0.0,0.0,0.0,0.0,0.0,0.0,0.0,0.0,0.0,0.0,0.0,0.0,0.0,0.0,0.0,0.0,0.0,0.0,0.0,0.0,1.797051837461134e-18,1.853700336056352e-19,-7.252337027940682e-19,-8.227301819714306e-20,-2.6664292723885127e-17,-9.09399662091894e-18,-7.449654092935998e-17,1.7637722923749022e-17,-6.66938344824177e-17,5.789893911534172e-14,-1.1473840540870946e-18,-2.1333032996367887e-19,0.13854646379276012,-0.0006271163512383073,-0.0006271163512382676
1.310000000000001,5.362369352701993e-07,-0.0007944809569457219,0.300912949772166,0.9976014707900579,-0.06921783841181946,0.00031330744269556215,0.00031330744269554236,33.47187979712616,-0.0006271163512383218,-0.0006271163512382485,-6.19134993583715e-19,-2.049103522167542e-17,-6.369225305713378e-18,-7.444166730866795e-17,2.6729158627038718e-17,-6.366224694227422e-17,5.797338078265039e-14,-2.787654268112581e-17,6.344891661231054e-17,0.0,0.0,0.0,0.0,0.0,7.578758657168486e-32,-6.874307641679088e-17,0.0,0.0,0.0,0.0,0.0,0.0,0.0,0.0,0.0,0.0,0.0,0.0,0.0,0.0,0.0,0.0,0.0,0.0,0.0,0.0,1.797051837461134e-18,1.853700336056352e-19,-7.252337027940682e-19,-8.227301819714306e-20,-2.6664292723885127e-17,-9.09399662091894e-18,-7.449654092935998e-17,1.7637722923749022e-17,-6.66938344824177e-17,5.789893911534172e-14,-1.1473840540870946e-18,-2.1333032996367887e-19,0.13854646379276012,-0.0006271163512383073,-0.0006271163512382676
1.320000000000001,5.362369352701929e-07,-0.0007944809569457219,0.300912949772166,0.9976014707900579,-0.06921783841181946,0.00031330744269556215,0.00031330744269554236,33.47187979712616,-0.0006271163512383223,-0.000627116351238248,-6.19134993583715e-19,-2.049103522167542e-17,-6.369225305713378e-18,-7.444166730866795e-17,2.6729158627038718e-17,-6.366224694227422e-17,5.797338078265039e-14,-2.787654268112581e-17,6.344891661231054e-17,0.0,0.0,0.0,0.0,0.0,7.578758657168486e-32,-6.874307641679088e-17,0.0,0.0,0.0,0.0,0.0,0.0,0.0,0.0,0.0,0.0,0.0,0.0,0.0,0.0,0.0,0.0,0.0,0.0,0.0,0.0,1.797051837461134e-18,1.853700336056352e-19,-7.252337027940682e-19,-8.227301819714306e-20,-2.6664292723885127e-17,-9.09399662091894e-18,-7.449654092935998e-17,1.7637722923749022e-17,-6.66938344824177e-17,5.789893911534172e-14,-1.1473840540870946e-18,-2.1333032996367887e-19,0.13854646379276012,-0.0006271163512383073,-0.0006271163512382676
1.330000000000001,5.362369352701866e-07,-0.0007944809569457219,0.300912949772166,0.9976014707900579,-0.06921783841181946,0.00031330744269556215,0.00031330744269554236,33.47187979712616,-0.0006271163512383229,-0.0006271163512382474,-6.19134993583715e-19,-2.049103522167542e-17,-6.369225305713378e-18,-7.444166730866795e-17,2.6729158627038718e-17,-6.366224694227422e-17,5.797338078265039e-14,-2.787654268112581e-17,6.344891661231054e-17,0.0,0.0,0.0,0.0,0.0,7.578758657168486e-32,-6.874307641679088e-17,0.0,0.0,0.0,0.0,0.0,0.0,0.0,0.0,0.0,0.0,0.0,0.0,0.0,0.0,0.0,0.0,0.0,0.0,0.0,0.0,1.797051837461134e-18,1.853700336056352e-19,-7.252337027940682e-19,-8.227301819714306e-20,-2.6664292723885127e-17,-9.09399662091894e-18,-7.449654092935998e-17,1.7637722923749022e-17,-6.66938344824177e-17,5.789893911534172e-14,-1.1473840540870946e-18,-2.1333032996367887e-19,0.13854646379276012,-0.0006271163512383073,-0.0006271163512382676
1.340000000000001,5.362369352701802e-07,-0.0007944809569457219,0.300912949772166,0.9976014707900579,-0.06921783841181946,0.00031330744269556215,0.00031330744269554236,33.47187979712616,-0.0006271163512383234,-0.0006271163512382469,-6.19134993583715e-19,-2.049103522167542e-17,-6.369225305713378e-18,-7.444166730866795e-17,2.6729158627038718e-17,-6.366224694227422e-17,5.797338078265039e-14,-2.787654268112581e-17,6.344891661231054e-17,0.0,0.0,0.0,0.0,0.0,7.578758657168486e-32,-6.874307641679088e-17,0.0,0.0,0.0,0.0,0.0,0.0,0.0,0.0,0.0,0.0,0.0,0.0,0.0,0.0,0.0,0.0,0.0,0.0,0.0,0.0,1.797051837461134e-18,1.853700336056352e-19,-7.252337027940682e-19,-8.227301819714306e-20,-2.6664292723885127e-17,-9.09399662091894e-18,-7.449654092935998e-17,1.7637722923749022e-17,-6.66938344824177e-17,5.789893911534172e-14,-1.1473840540870946e-18,-2.1333032996367887e-19,0.13854646379276012,-0.0006271163512383073,-0.0006271163512382676
1.350000000000001,5.362369352701739e-07,-0.0007944809569457219,0.300912949772166,0.9976014707900579,-0.06921783841181946,0.00031330744269556215,0.00031330744269554236,33.47187979712616,-0.000627116351238324,-0.0006271163512382463,-6.19134993583715e-19,-2.049103522167542e-17,-6.369225305713378e-18,-7.444166730866795e-17,2.6729158627038718e-17,-6.366224694227422e-17,5.797338078265039e-14,-2.787654268112581e-17,6.344891661231054e-17,0.0,0.0,0.0,0.0,0.0,7.578758657168486e-32,-6.874307641679088e-17,0.0,0.0,0.0,0.0,0.0,0.0,0.0,0.0,0.0,0.0,0.0,0.0,0.0,0.0,0.0,0.0,0.0,0.0,0.0,0.0,1.797051837461134e-18,1.853700336056352e-19,-7.252337027940682e-19,-8.227301819714306e-20,-2.6664292723885127e-17,-9.09399662091894e-18,-7.449654092935998e-17,1.7637722923749022e-17,-6.66938344824177e-17,5.789893911534172e-14,-1.1473840540870946e-18,-2.1333032996367887e-19,0.13854646379276012,-0.0006271163512383073,-0.0006271163512382676
1.360000000000001,5.362369352701675e-07,-0.0007944809569457219,0.300912949772166,0.9976014707900579,-0.06921783841181946,0.00031330744269556215,0.00031330744269554236,33.47187979712616,-0.0006271163512383245,-0.0006271163512382458,-6.19134993583715e-19,-2.049103522167542e-17,-6.369225305713378e-18,-7.444166730866795e-17,2.6729158627038718e-17,-6.366224694227422e-17,5.797338078265039e-14,-2.787654268112581e-17,6.344891661231054e-17,0.0,0.0,0.0,0.0,0.0,7.578758657168486e-32,-6.874307641679088e-17,0.0,0.0,0.0,0.0,0.0,0.0,0.0,0.0,0.0,0.0,0.0,0.0,0.0,0.0,0.0,0.0,0.0,0.0,0.0,0.0,1.797051837461134e-18,1.853700336056352e-19,-7.252337027940682e-19,-8.227301819714306e-20,-2.6664292723885127e-17,-9.09399662091894e-18,-7.449654092935998e-17,1.7637722923749022e-17,-6.66938344824177e-17,5.789893911534172e-14,-1.1473840540870946e-18,-2.1333032996367887e-19,0.13854646379276012,-0.0006271163512383073,-0.0006271163512382676
1.370000000000001,5.362369352701611e-07,-0.0007944809569457219,0.300912949772166,0.9976014707900579,-0.06921783841181946,0.00031330744269556215,0.00031330744269554236,33.47187979712616,-0.000627116351238325,-0.0006271163512382452,-6.19134993583715e-19,-2.049103522167542e-17,-6.369225305713378e-18,-7.444166730866795e-17,2.6729158627038718e-17,-6.366224694227422e-17,5.797338078265039e-14,-2.787654268112581e-17,6.344891661231054e-17,0.0,0.0,0.0,0.0,0.0,7.578758657168486e-32,-6.874307641679088e-17,0.0,0.0,0.0,0.0,0.0,0.0,0.0,0.0,0.0,0.0,0.0,0.0,0.0,0.0,0.0,0.0,0.0,0.0,0.0,0.0,1.797051837461134e-18,1.853700336056352e-19,-7.252337027940682e-19,-8.227301819714306e-20,-2.6664292723885127e-17,-9.09399662091894e-18,-7.449654092935998e-17,1.7637722923749022e-17,-6.66938344824177e-17,5.789893911534172e-14,-1.1473840540870946e-18,-2.1333032996367887e-19,0.13854646379276012,-0.0006271163512383073,-0.0006271163512382676
1.380000000000001,5.362369352701548e-07,-0.0007944809569457219,0.300912949772166,0.9976014707900579,-0.06921783841181946,0.00031330744269556215,0.00031330744269554236,33.47187979712616,-0.0006271163512383256,-0.0006271163512382447,-6.19134993583715e-19,-2.049103522167542e-17,-6.369225305713378e-18,-7.444166730866795e-17,2.6729158627038718e-17,-6.366224694227422e-17,5.797338078265039e-14,-2.787654268112581e-17,6.344891661231054e-17,0.0,0.0,0.0,0.0,0.0,7.578758657168486e-32,-6.874307641679088e-17,0.0,0.0,0.0,0.0,0.0,0.0,0.0,0.0,0.0,0.0,0.0,0.0,0.0,0.0,0.0,0.0,0.0,0.0,0.0,0.0,1.797051837461134e-18,1.853700336056352e-19,-7.252337027940682e-19,-8.227301819714306e-20,-2.6664292723885127e-17,-9.09399662091894e-18,-7.449654092935998e-17,1.7637722923749022e-17,-6.66938344824177e-17,5.789893911534172e-14,-1.1473840540870946e-18,-2.1333032996367887e-19,0.13854646379276012,-0.0006271163512383073,-0.0006271163512382676
1.390000000000001,5.362369352701484e-07,-0.0007944809569457219,0.300912949772166,0.9976014707900579,-0.06921783841181946,0.00031330744269556215,0.00031330744269554236,33.47187979712616,-0.0006271163512383261,-0.0006271163512382442,-6.19134993583715e-19,-2.049103522167542e-17,-6.369225305713378e-18,-7.444166730866795e-17,2.6729158627038718e-17,-6.366224694227422e-17,5.797338078265039e-14,-2.787654268112581e-17,6.344891661231054e-17,0.0,0.0,0.0,0.0,0.0,7.578758657168486e-32,-6.874307641679088e-17,0.0,0.0,0.0,0.0,0.0,0.0,0.0,0.0,0.0,0.0,0.0,0.0,0.0,0.0,0.0,0.0,0.0,0.0,0.0,0.0,1.797051837461134e-18,1.853700336056352e-19,-7.252337027940682e-19,-8.227301819714306e-20,-2.6664292723885127e-17,-9.09399662091894e-18,-7.449654092935998e-17,1.7637722923749022e-17,-6.66938344824177e-17,5.789893911534172e-14,-1.1473840540870946e-18,-2.1333032996367887e-19,0.13854646379276012,-0.0006271163512383073,-0.0006271163512382676
1.400000000000001,5.362369352701421e-07,-0.0007944809569457219,0.300912949772166,0.9976014707900579,-0.06921783841181946,0.00031330744269556215,0.00031330744269554236,33.47187979712616,-0.0006271163512383267,-0.0006271163512382436,-6.19134993583715e-19,-2.049103522167542e-17,-6.369225305713378e-18,-7.444166730866795e-17,2.6729158627038718e-17,-6.366224694227422e-17,5.797338078265039e-14,-2.787654268112581e-17,6.344891661231054e-17,0.0,0.0,0.0,0.0,0.0,7.578758657168486e-32,-6.874307641679088e-17,0.0,0.0,0.0,0.0,0.0,0.0,0.0,0.0,0.0,0.0,0.0,0.0,0.0,0.0,0.0,0.0,0.0,0.0,0.0,0.0,1.797051837461134e-18,1.853700336056352e-19,-7.252337027940682e-19,-8.227301819714306e-20,-2.6664292723885127e-17,-9.09399662091894e-18,-7.449654092935998e-17,1.7637722923749022e-17,-6.66938344824177e-17,5.789893911534172e-14,-1.1473840540870946e-18,-2.1333032996367887e-19,0.13854646379276012,-0.0006271163512383073,-0.0006271163512382676
1.410000000000001,5.362369352701357e-07,-0.0007944809569457219,0.300912949772166,0.9976014707900579,-0.06921783841181946,0.00031330744269556215,0.00031330744269554236,33.47187979712616,-0.0006271163512383272,-0.0006271163512382431,-6.19134993583715e-19,-2.049103522167542e-17,-6.369225305713378e-18,-7.444166730866795e-17,2.6729158627038718e-17,-6.366224694227422e-17,5.797338078265039e-14,-2.787654268112581e-17,6.344891661231054e-17,0.0,0.0,0.0,0.0,0.0,7.578758657168486e-32,-6.874307641679088e-17,0.0,0.0,0.0,0.0,0.0,0.0,0.0,0.0,0.0,0.0,0.0,0.0,0.0,0.0,0.0,0.0,0.0,0.0,0.0,0.0,1.797051837461134e-18,1.853700336056352e-19,-7.252337027940682e-19,-8.227301819714306e-20,-2.6664292723885127e-17,-9.09399662091894e-18,-7.449654092935998e-17,1.7637722923749022e-17,-6.66938344824177e-17,5.789893911534172e-14,-1.1473840540870946e-18,-2.1333032996367887e-19,0.13854646379276012,-0.0006271163512383073,-0.0006271163512382676
1.420000000000001,5.362369352701294e-07,-0.0007944809569457219,0.300912949772166,0.9976014707900579,-0.06921783841181946,0.00031330744269556215,0.00031330744269554236,33.47187979712616,-0.0006271163512383277,-0.0006271163512382425,-6.19134993583715e-19,-2.049103522167542e-17,-6.369225305713378e-18,-7.444166730866795e-17,2.6729158627038718e-17,-6.366224694227422e-17,5.797338078265039e-14,-2.787654268112581e-17,6.344891661231054e-17,0.0,0.0,0.0,0.0,0.0,7.578758657168486e-32,-6.874307641679088e-17,0.0,0.0,0.0,0.0,0.0,0.0,0.0,0.0,0.0,0.0,0.0,0.0,0.0,0.0,0.0,0.0,0.0,0.0,0.0,0.0,1.797051837461134e-18,1.853700336056352e-19,-7.252337027940682e-19,-8.227301819714306e-20,-2.6664292723885127e-17,-9.09399662091894e-18,-7.449654092935998e-17,1.7637722923749022e-17,-6.66938344824177e-17,5.789893911534172e-14,-1.1473840540870946e-18,-2.1333032996367887e-19,0.13854646379276012,-0.0006271163512383073,-0.0006271163512382676
1.430000000000001,5.36236935270123e-07,-0.0007944809569457219,0.300912949772166,0.9976014707900579,-0.06921783841181946,0.00031330744269556215,0.00031330744269554236,33.47187979712616,-0.0006271163512383283,-0.000627116351238242,-6.19134993583715e-19,-2.049103522167542e-17,-6.369225305713378e-18,-7.444166730866795e-17,2.6729158627038718e-17,-6.366224694227422e-17,5.797338078265039e-14,-2.787654268112581e-17,6.344891661231054e-17,0.0,0.0,0.0,0.0,0.0,7.578758657168486e-32,-6.874307641679088e-17,0.0,0.0,0.0,0.0,0.0,0.0,0.0,0.0,0.0,0.0,0.0,0.0,0.0,0.0,0.0,0.0,0.0,0.0,0.0,0.0,1.797051837461134e-18,1.853700336056352e-19,-7.252337027940682e-19,-8.227301819714306e-20,-2.6664292723885127e-17,-9.09399662091894e-18,-7.449654092935998e-17,1.7637722923749022e-17,-6.66938344824177e-17,5.789893911534172e-14,-1.1473840540870946e-18,-2.1333032996367887e-19,0.13854646379276012,-0.0006271163512383073,-0.0006271163512382676
1.440000000000001,5.362369352701167e-07,-0.0007944809569457219,0.300912949772166,0.9976014707900579,-0.06921783841181946,0.00031330744269556215,0.00031330744269554236,33.47187979712616,-0.0006271163512383288,-0.0006271163512382414,-6.19134993583715e-19,-2.049103522167542e-17,-6.369225305713378e-18,-7.444166730866795e-17,2.6729158627038718e-17,-6.366224694227422e-17,5.797338078265039e-14,-2.787654268112581e-17,6.344891661231054e-17,0.0,0.0,0.0,0.0,0.0,7.578758657168486e-32,-6.874307641679088e-17,0.0,0.0,0.0,0.0,0.0,0.0,0.0,0.0,0.0,0.0,0.0,0.0,0.0,0.0,0.0,0.0,0.0,0.0,0.0,0.0,1.797051837461134e-18,1.853700336056352e-19,-7.252337027940682e-19,-8.227301819714306e-20,-2.6664292723885127e-17,-9.09399662091894e-18,-7.449654092935998e-17,1.7637722923749022e-17,-6.66938344824177e-17,5.789893911534172e-14,-1.1473840540870946e-18,-2.1333032996367887e-19,0.13854646379276012,-0.0006271163512383073,-0.0006271163512382676
1.450000000000001,5.362369352701103e-07,-0.0007944809569457219,0.300912949772166,0.9976014707900579,-0.06921783841181946,0.00031330744269556215,0.00031330744269554236,33.47187979712616,-0.0006271163512383294,-0.0006271163512382409,-6.19134993583715e-19,-2.049103522167542e-17,-6.369225305713378e-18,-7.444166730866795e-17,2.6729158627038718e-17,-6.366224694227422e-17,5.797338078265039e-14,-2.787654268112581e-17,6.344891661231054e-17,0.0,0.0,0.0,0.0,0.0,7.578758657168486e-32,-6.874307641679088e-17,0.0,0.0,0.0,0.0,0.0,0.0,0.0,0.0,0.0,0.0,0.0,0.0,0.0,0.0,0.0,0.0,0.0,0.0,0.0,0.0,1.797051837461134e-18,1.853700336056352e-19,-7.252337027940682e-19,-8.227301819714306e-20,-2.6664292723885127e-17,-9.09399662091894e-18,-7.449654092935998e-17,1.7637722923749022e-17,-6.66938344824177e-17,5.789893911534172e-14,-1.1473840540870946e-18,-2.1333032996367887e-19,0.13854646379276012,-0.0006271163512383073,-0.0006271163512382676
1.460000000000001,5.36236935270104e-07,-0.0007944809569457219,0.300912949772166,0.9976014707900579,-0.06921783841181946,0.00031330744269556215,0.00031330744269554236,33.47187979712616,-0.0006271163512383299,-0.0006271163512382404,-6.19134993583715e-19,-2.049103522167542e-17,-6.369225305713378e-18,-7.444166730866795e-17,2.6729158627038718e-17,-6.366224694227422e-17,5.797338078265039e-14,-2.787654268112581e-17,6.344891661231054e-17,0.0,0.0,0.0,0.0,0.0,7.578758657168486e-32,-6.874307641679088e-17,0.0,0.0,0.0,0.0,0.0,0.0,0.0,0.0,0.0,0.0,0.0,0.0,0.0,0.0,0.0,0.0,0.0,0.0,0.0,0.0,1.797051837461134e-18,1.853700336056352e-19,-7.252337027940682e-19,-8.227301819714306e-20,-2.6664292723885127e-17,-9.09399662091894e-18,-7.449654092935998e-17,1.7637722923749022e-17,-6.66938344824177e-17,5.789893911534172e-14,-1.1473840540870946e-18,-2.1333032996367887e-19,0.13854646379276012,-0.0006271163512383073,-0.0006271163512382676
1.470000000000001,5.362369352700976e-07,-0.0007944809569457219,0.300912949772166,0.9976014707900579,-0.06921783841181946,0.00031330744269556215,0.00031330744269554236,33.47187979712616,-0.0006271163512383305,-0.0006271163512382398,-6.19134993583715e-19,-2.049103522167542e-17,-6.369225305713378e-18,-7.444166730866795e-17,2.6729158627038718e-17,-6.366224694227422e-17,5.797338078265039e-14,-2.787654268112581e-17,6.344891661231054e-17,0.0,0.0,0.0,0.0,0.0,7.578758657168486e-32,-6.874307641679088e-17,0.0,0.0,0.0,0.0,0.0,0.0,0.0,0.0,0.0,0.0,0.0,0.0,0.0,0.0,0.0,0.0,0.0,0.0,0.0,0.0,1.797051837461134e-18,1.853700336056352e-19,-7.252337027940682e-19,-8.227301819714306e-20,-2.6664292723885127e-17,-9.09399662091894e-18,-7.449654092935998e-17,1.7637722923749022e-17,-6.66938344824177e-17,5.789893911534172e-14,-1.1473840540870946e-18,-2.1333032996367887e-19,0.13854646379276012,-0.0006271163512383073,-0.0006271163512382676
1.480000000000001,5.362369352700913e-07,-0.0007944809569457219,0.300912949772166,0.9976014707900579,-0.06921783841181946,0.00031330744269556215,0.00031330744269554236,33.47187979712616,-0.000627116351238331,-0.0006271163512382393,-6.19134993583715e-19,-2.049103522167542e-17,-6.369225305713378e-18,-7.444166730866795e-17,2.6729158627038718e-17,-6.366224694227422e-17,5.797338078265039e-14,-2.787654268112581e-17,6.344891661231054e-17,0.0,0.0,0.0,0.0,0.0,7.578758657168486e-32,-6.874307641679088e-17,0.0,0.0,0.0,0.0,0.0,0.0,0.0,0.0,0.0,0.0,0.0,0.0,0.0,0.0,0.0,0.0,0.0,0.0,0.0,0.0,1.797051837461134e-18,1.853700336056352e-19,-7.252337027940682e-19,-8.227301819714306e-20,-2.6664292723885127e-17,-9.09399662091894e-18,-7.449654092935998e-17,1.7637722923749022e-17,-6.66938344824177e-17,5.789893911534172e-14,-1.1473840540870946e-18,-2.1333032996367887e-19,0.13854646379276012,-0.0006271163512383073,-0.0006271163512382676
1.490000000000001,5.362369352700849e-07,-0.0007944809569457219,0.300912949772166,0.9976014707900579,-0.06921783841181946,0.00031330744269556215,0.00031330744269554236,33.47187979712616,-0.0006271163512383315,-0.0006271163512382387,-6.19134993583715e-19,-2.049103522167542e-17,-6.369225305713378e-18,-7.444166730866795e-17,2.6729158627038718e-17,-6.366224694227422e-17,5.797338078265039e-14,-2.787654268112581e-17,6.344891661231054e-17,0.0,0.0,0.0,0.0,0.0,7.578758657168486e-32,-6.874307641679088e-17,0.0,0.0,0.0,0.0,0.0,0.0,0.0,0.0,0.0,0.0,0.0,0.0,0.0,0.0,0.0,0.0,0.0,0.0,0.0,0.0,1.797051837461134e-18,1.853700336056352e-19,-7.252337027940682e-19,-8.227301819714306e-20,-2.6664292723885127e-17,-9.09399662091894e-18,-7.449654092935998e-17,1.7637722923749022e-17,-6.66938344824177e-17,5.789893911534172e-14,-1.1473840540870946e-18,-2.1333032996367887e-19,0.13854646379276012,-0.0006271163512383073,-0.0006271163512382676
1.500000000000001,5.362369352700786e-07,-0.0007944809569457219,0.300912949772166,0.9976014707900579,-0.06921783841181946,0.00031330744269556215,0.00031330744269554236,33.47187979712616,-0.0006271163512383321,-0.0006271163512382382,-6.19134993583715e-19,-2.049103522167542e-17,-6.369225305713378e-18,-7.444166730866795e-17,2.6729158627038718e-17,-6.366224694227422e-17,5.797338078265039e-14,-2.787654268112581e-17,6.344891661231054e-17,0.0,0.0,0.0,0.0,0.0,7.578758657168486e-32,-6.874307641679088e-17,0.0,0.0,0.0,0.0,0.0,0.0,0.0,0.0,0.0,0.0,0.0,0.0,0.0,0.0,0.0,0.0,0.0,0.0,0.0,0.0,1.797051837461134e-18,1.853700336056352e-19,-7.252337027940682e-19,-8.227301819714306e-20,-2.6664292723885127e-17,-9.09399662091894e-18,-7.449654092935998e-17,1.7637722923749022e-17,-6.66938344824177e-17,5.789893911534172e-14,-1.1473840540870946e-18,-2.1333032996367887e-19,0.13854646379276012,-0.0006271163512383073,-0.0006271163512382676
1.5100000000000011,5.362369352700722e-07,-0.0007944809569457219,0.300912949772166,0.9976014707900579,-0.06921783841181946,0.00031330744269556215,0.00031330744269554236,33.47187979712616,-0.0006271163512383326,-0.0006271163512382376,-6.19134993583715e-19,-2.049103522167542e-17,-6.369225305713378e-18,-7.444166730866795e-17,2.6729158627038718e-17,-6.366224694227422e-17,5.797338078265039e-14,-2.787654268112581e-17,6.344891661231054e-17,0.0,0.0,0.0,0.0,0.0,7.578758657168486e-32,-6.874307641679088e-17,0.0,0.0,0.0,0.0,0.0,0.0,0.0,0.0,0.0,0.0,0.0,0.0,0.0,0.0,0.0,0.0,0.0,0.0,0.0,0.0,1.797051837461134e-18,1.853700336056352e-19,-7.252337027940682e-19,-8.227301819714306e-20,-2.6664292723885127e-17,-9.09399662091894e-18,-7.449654092935998e-17,1.7637722923749022e-17,-6.66938344824177e-17,5.789893911534172e-14,-1.1473840540870946e-18,-2.1333032996367887e-19,0.13854646379276012,-0.0006271163512383073,-0.0006271163512382676
1.5200000000000011,5.362369352700659e-07,-0.0007944809569457219,0.300912949772166,0.9976014707900579,-0.06921783841181946,0.00031330744269556215,0.00031330744269554236,33.47187979712616,-0.0006271163512383332,-0.0006271163512382371,-6.19134993583715e-19,-2.049103522167542e-17,-6.369225305713378e-18,-7.444166730866795e-17,2.6729158627038718e-17,-6.366224694227422e-17,5.797338078265039e-14,-2.787654268112581e-17,6.344891661231054e-17,0.0,0.0,0.0,0.0,0.0,7.578758657168486e-32,-6.874307641679088e-17,0.0,0.0,0.0,0.0,0.0,0.0,0.0,0.0,0.0,0.0,0.0,0.0,0.0,0.0,0.0,0.0,0.0,0.0,0.0,0.0,1.797051837461134e-18,1.853700336056352e-19,-7.252337027940682e-19,-8.227301819714306e-20,-2.6664292723885127e-17,-9.09399662091894e-18,-7.449654092935998e-17,1.7637722923749022e-17,-6.66938344824177e-17,5.789893911534172e-14,-1.1473840540870946e-18,-2.1333032996367887e-19,0.13854646379276012,-0.0006271163512383073,-0.0006271163512382676
1.5300000000000011,5.362369352700595e-07,-0.0007944809569457219,0.300912949772166,0.9976014707900579,-0.06921783841181946,0.00031330744269556215,0.00031330744269554236,33.47187979712616,-0.0006271163512383337,-0.0006271163512382366,-6.19134993583715e-19,-2.049103522167542e-17,-6.369225305713378e-18,-7.444166730866795e-17,2.6729158627038718e-17,-6.366224694227422e-17,5.797338078265039e-14,-2.787654268112581e-17,6.344891661231054e-17,0.0,0.0,0.0,0.0,0.0,7.578758657168486e-32,-6.874307641679088e-17,0.0,0.0,0.0,0.0,0.0,0.0,0.0,0.0,0.0,0.0,0.0,0.0,0.0,0.0,0.0,0.0,0.0,0.0,0.0,0.0,1.797051837461134e-18,1.853700336056352e-19,-7.252337027940682e-19,-8.227301819714306e-20,-2.6664292723885127e-17,-9.09399662091894e-18,-7.449654092935998e-17,1.7637722923749022e-17,-6.66938344824177e-17,5.789893911534172e-14,-1.1473840540870946e-18,-2.1333032996367887e-19,0.13854646379276012,-0.0006271163512383073,-0.0006271163512382676
1.5400000000000011,5.362369352700532e-07,-0.0007944809569457219,0.300912949772166,0.9976014707900579,-0.06921783841181946,0.00031330744269556215,0.00031330744269554236,33.47187979712616,-0.0006271163512383343,-0.000627116351238236,-6.19134993583715e-19,-2.049103522167542e-17,-6.369225305713378e-18,-7.444166730866795e-17,2.6729158627038718e-17,-6.366224694227422e-17,5.797338078265039e-14,-2.787654268112581e-17,6.344891661231054e-17,0.0,0.0,0.0,0.0,0.0,7.578758657168486e-32,-6.874307641679088e-17,0.0,0.0,0.0,0.0,0.0,0.0,0.0,0.0,0.0,0.0,0.0,0.0,0.0,0.0,0.0,0.0,0.0,0.0,0.0,0.0,1.797051837461134e-18,1.853700336056352e-19,-7.252337027940682e-19,-8.227301819714306e-20,-2.6664292723885127e-17,-9.09399662091894e-18,-7.449654092935998e-17,1.7637722923749022e-17,-6.66938344824177e-17,5.789893911534172e-14,-1.1473840540870946e-18,-2.1333032996367887e-19,0.13854646379276012,-0.0006271163512383073,-0.0006271163512382676
1.5500000000000012,5.362369352700468e-07,-0.0007944809569457219,0.300912949772166,0.9976014707900579,-0.06921783841181946,0.00031330744269556215,0.00031330744269554236,33.47187979712616,-0.0006271163512383348,-0.0006271163512382355,-6.19134993583715e-19,-2.049103522167542e-17,-6.369225305713378e-18,-7.444166730866795e-17,2.6729158627038718e-17,-6.366224694227422e-17,5.797338078265039e-14,-2.787654268112581e-17,6.344891661231054e-17,0.0,0.0,0.0,0.0,0.0,7.578758657168486e-32,-6.874307641679088e-17,0.0,0.0,0.0,0.0,0.0,0.0,0.0,0.0,0.0,0.0,0.0,0.0,0.0,0.0,0.0,0.0,0.0,0.0,0.0,0.0,1.797051837461134e-18,1.853700336056352e-19,-7.252337027940682e-19,-8.227301819714306e-20,-2.6664292723885127e-17,-9.09399662091894e-18,-7.449654092935998e-17,1.7637722923749022e-17,-6.66938344824177e-17,5.789893911534172e-14,-1.1473840540870946e-18,-2.1333032996367887e-19,0.13854646379276012,-0.0006271163512383073,-0.0006271163512382676
1.5600000000000012,5.362369352700404e-07,-0.0007944809569457219,0.300912949772166,0.9976014707900579,-0.06921783841181946,0.00031330744269556215,0.00031330744269554236,33.47187979712616,-0.0006271163512383353,-0.0006271163512382349,-6.19134993583715e-19,-2.049103522167542e-17,-6.369225305713378e-18,-7.444166730866795e-17,2.6729158627038718e-17,-6.366224694227422e-17,5.797338078265039e-14,-2.787654268112581e-17,6.344891661231054e-17,0.0,0.0,0.0,0.0,0.0,7.578758657168486e-32,-6.874307641679088e-17,0.0,0.0,0.0,0.0,0.0,0.0,0.0,0.0,0.0,0.0,0.0,0.0,0.0,0.0,0.0,0.0,0.0,0.0,0.0,0.0,1.797051837461134e-18,1.853700336056352e-19,-7.252337027940682e-19,-8.227301819714306e-20,-2.6664292723885127e-17,-9.09399662091894e-18,-7.449654092935998e-17,1.7637722923749022e-17,-6.66938344824177e-17,5.789893911534172e-14,-1.1473840540870946e-18,-2.1333032996367887e-19,0.13854646379276012,-0.0006271163512383073,-0.0006271163512382676
1.5700000000000012,5.362369352700341e-07,-0.0007944809569457219,0.300912949772166,0.9976014707900579,-0.06921783841181946,0.00031330744269556215,0.00031330744269554236,33.47187979712616,-0.0006271163512383359,-0.0006271163512382344,-6.19134993583715e-19,-2.049103522167542e-17,-6.369225305713378e-18,-7.444166730866795e-17,2.6729158627038718e-17,-6.366224694227422e-17,5.797338078265039e-14,-2.787654268112581e-17,6.344891661231054e-17,0.0,0.0,0.0,0.0,0.0,7.578758657168486e-32,-6.874307641679088e-17,0.0,0.0,0.0,0.0,0.0,0.0,0.0,0.0,0.0,0.0,0.0,0.0,0.0,0.0,0.0,0.0,0.0,0.0,0.0,0.0,1.797051837461134e-18,1.853700336056352e-19,-7.252337027940682e-19,-8.227301819714306e-20,-2.6664292723885127e-17,-9.09399662091894e-18,-7.449654092935998e-17,1.7637722923749022e-17,-6.66938344824177e-17,5.789893911534172e-14,-1.1473840540870946e-18,-2.1333032996367887e-19,0.13854646379276012,-0.0006271163512383073,-0.0006271163512382676
1.5800000000000012,5.362369352700277e-07,-0.0007944809569457219,0.300912949772166,0.9976014707900579,-0.06921783841181946,0.00031330744269556215,0.00031330744269554236,33.47187979712616,-0.0006271163512383364,-0.0006271163512382339,-6.19134993583715e-19,-2.049103522167542e-17,-6.369225305713378e-18,-7.444166730866795e-17,2.6729158627038718e-17,-6.366224694227422e-17,5.797338078265039e-14,-2.787654268112581e-17,6.344891661231054e-17,0.0,0.0,0.0,0.0,0.0,7.578758657168486e-32,-6.874307641679088e-17,0.0,0.0,0.0,0.0,0.0,0.0,0.0,0.0,0.0,0.0,0.0,0.0,0.0,0.0,0.0,0.0,0.0,0.0,0.0,0.0,1.797051837461134e-18,1.853700336056352e-19,-7.252337027940682e-19,-8.227301819714306e-20,-2.6664292723885127e-17,-9.09399662091894e-18,-7.449654092935998e-17,1.7637722923749022e-17,-6.66938344824177e-17,5.789893911534172e-14,-1.1473840540870946e-18,-2.1333032996367887e-19,0.13854646379276012,-0.0006271163512383073,-0.0006271163512382676
1.5900000000000012,5.362369352700214e-07,-0.0007944809569457219,0.300912949772166,0.9976014707900579,-0.06921783841181946,0.00031330744269556215,0.00031330744269554236,33.47187979712616,-0.000627116351238337,-0.0006271163512382333,-6.19134993583715e-19,-2.049103522167542e-17,-6.369225305713378e-18,-7.444166730866795e-17,2.6729158627038718e-17,-6.366224694227422e-17,5.797338078265039e-14,-2.787654268112581e-17,6.344891661231054e-17,0.0,0.0,0.0,0.0,0.0,7.578758657168486e-32,-6.874307641679088e-17,0.0,0.0,0.0,0.0,0.0,0.0,0.0,0.0,0.0,0.0,0.0,0.0,0.0,0.0,0.0,0.0,0.0,0.0,0.0,0.0,1.797051837461134e-18,1.853700336056352e-19,-7.252337027940682e-19,-8.227301819714306e-20,-2.6664292723885127e-17,-9.09399662091894e-18,-7.449654092935998e-17,1.7637722923749022e-17,-6.66938344824177e-17,5.789893911534172e-14,-1.1473840540870946e-18,-2.1333032996367887e-19,0.13854646379276012,-0.0006271163512383073,-0.0006271163512382676
1.6000000000000012,5.36236935270015e-07,-0.0007944809569457219,0.300912949772166,0.9976014707900579,-0.06921783841181946,0.00031330744269556215,0.00031330744269554236,33.47187979712616,-0.0006271163512383375,-0.0006271163512382328,-6.19134993583715e-19,-2.049103522167542e-17,-6.369225305713378e-18,-7.444166730866795e-17,2.6729158627038718e-17,-6.366224694227422e-17,5.797338078265039e-14,-2.787654268112581e-17,6.344891661231054e-17,0.0,0.0,0.0,0.0,0.0,7.578758657168486e-32,-6.874307641679088e-17,0.0,0.0,0.0,0.0,0.0,0.0,0.0,0.0,0.0,0.0,0.0,0.0,0.0,0.0,0.0,0.0,0.0,0.0,0.0,0.0,1.797051837461134e-18,1.853700336056352e-19,-7.252337027940682e-19,-8.227301819714306e-20,-2.6664292723885127e-17,-9.09399662091894e-18,-7.449654092935998e-17,1.7637722923749022e-17,-6.66938344824177e-17,5.789893911534172e-14,-1.1473840540870946e-18,-2.1333032996367887e-19,0.13854646379276012,-0.0006271163512383073,-0.0006271163512382676
1.6100000000000012,5.362369352700087e-07,-0.0007944809569457219,0.300912949772166,0.9976014707900579,-0.06921783841181946,0.00031330744269556215,0.00031330744269554236,33.47187979712616,-0.000627116351238338,-0.0006271163512382322,-6.19134993583715e-19,-2.049103522167542e-17,-6.369225305713378e-18,-7.444166730866795e-17,2.6729158627038718e-17,-6.366224694227422e-17,5.797338078265039e-14,-2.787654268112581e-17,6.344891661231054e-17,0.0,0.0,0.0,0.0,0.0,7.578758657168486e-32,-6.874307641679088e-17,0.0,0.0,0.0,0.0,0.0,0.0,0.0,0.0,0.0,0.0,0.0,0.0,0.0,0.0,0.0,0.0,0.0,0.0,0.0,0.0,1.797051837461134e-18,1.853700336056352e-19,-7.252337027940682e-19,-8.227301819714306e-20,-2.6664292723885127e-17,-9.09399662091894e-18,-7.449654092935998e-17,1.7637722923749022e-17,-6.66938344824177e-17,5.789893911534172e-14,-1.1473840540870946e-18,-2.1333032996367887e-19,0.13854646379276012,-0.0006271163512383073,-0.0006271163512382676
1.6200000000000012,5.362369352700023e-07,-0.0007944809569457219,0.300912949772166,0.9976014707900579,-0.06921783841181946,0.00031330744269556215,0.00031330744269554236,33.47187979712616,-0.0006271163512383386,-0.0006271163512382317,-6.19134993583715e-19,-2.049103522167542e-17,-6.369225305713378e-18,-7.444166730866795e-17,2.6729158627038718e-17,-6.366224694227422e-17,5.797338078265039e-14,-2.787654268112581e-17,6.344891661231054e-17,0.0,0.0,0.0,0.0,0.0,7.578758657168486e-32,-6.874307641679088e-17,0.0,0.0,0.0,0.0,0.0,0.0,0.0,0.0,0.0,0.0,0.0,0.0,0.0,0.0,0.0,0.0,0.0,0.0,0.0,0.0,1.797051837461134e-18,1.853700336056352e-19,-7.252337027940682e-19,-8.227301819714306e-20,-2.6664292723885127e-17,-9.09399662091894e-18,-7.449654092935998e-17,1.7637722923749022e-17,-6.66938344824177e-17,5.789893911534172e-14,-1.1473840540870946e-18,-2.1333032996367887e-19,0.13854646379276012,-0.0006271163512383073,-0.0006271163512382676
1.6300000000000012,5.36236935269996e-07,-0.0007944809569457219,0.300912949772166,0.9976014707900579,-0.06921783841181946,0.00031330744269556215,0.00031330744269554236,33.47187979712616,-0.0006271163512383391,-0.0006271163512382311,-6.19134993583715e-19,-2.049103522167542e-17,-6.369225305713378e-18,-7.444166730866795e-17,2.6729158627038718e-17,-6.366224694227422e-17,5.797338078265039e-14,-2.787654268112581e-17,6.344891661231054e-17,0.0,0.0,0.0,0.0,0.0,7.578758657168486e-32,-6.874307641679088e-17,0.0,0.0,0.0,0.0,0.0,0.0,0.0,0.0,0.0,0.0,0.0,0.0,0.0,0.0,0.0,0.0,0.0,0.0,0.0,0.0,1.797051837461134e-18,1.853700336056352e-19,-7.252337027940682e-19,-8.227301819714306e-20,-2.6664292723885127e-17,-9.09399662091894e-18,-7.449654092935998e-17,1.7637722923749022e-17,-6.66938344824177e-17,5.789893911534172e-14,-1.1473840540870946e-18,-2.1333032996367887e-19,0.13854646379276012,-0.0006271163512383073,-0.0006271163512382676
1.6400000000000012,5.362369352699896e-07,-0.0007944809569457219,0.300912949772166,0.9976014707900579,-0.06921783841181946,0.00031330744269556215,0.00031330744269554236,33.47187979712616,-0.0006271163512383397,-0.0006271163512382306,-6.19134993583715e-19,-2.049103522167542e-17,-6.369225305713378e-18,-7.444166730866795e-17,2.6729158627038718e-17,-6.366224694227422e-17,5.797338078265039e-14,-2.787654268112581e-17,6.344891661231054e-17,0.0,0.0,0.0,0.0,0.0,7.578758657168486e-32,-6.874307641679088e-17,0.0,0.0,0.0,0.0,0.0,0.0,0.0,0.0,0.0,0.0,0.0,0.0,0.0,0.0,0.0,0.0,0.0,0.0,0.0,0.0,1.797051837461134e-18,1.853700336056352e-19,-7.252337027940682e-19,-8.227301819714306e-20,-2.6664292723885127e-17,-9.09399662091894e-18,-7.449654092935998e-17,1.7637722923749022e-17,-6.66938344824177e-17,5.789893911534172e-14,-1.1473840540870946e-18,-2.1333032996367887e-19,0.13854646379276012,-0.0006271163512383073,-0.0006271163512382676
1.6500000000000012,5.362369352699833e-07,-0.0007944809569457219,0.300912949772166,0.9976014707900579,-0.06921783841181946,0.00031330744269556215,0.00031330744269554236,33.47187979712616,-0.0006271163512383402,-0.0006271163512382301,-6.19134993583715e-19,-2.049103522167542e-17,-6.369225305713378e-18,-7.444166730866795e-17,2.6729158627038718e-17,-6.366224694227422e-17,5.797338078265039e-14,-2.787654268112581e-17,6.344891661231054e-17,0.0,0.0,0.0,0.0,0.0,7.578758657168486e-32,-6.874307641679088e-17,0.0,0.0,0.0,0.0,0.0,0.0,0.0,0.0,0.0,0.0,0.0,0.0,0.0,0.0,0.0,0.0,0.0,0.0,0.0,0.0,1.797051837461134e-18,1.853700336056352e-19,-7.252337027940682e-19,-8.227301819714306e-20,-2.6664292723885127e-17,-9.09399662091894e-18,-7.449654092935998e-17,1.7637722923749022e-17,-6.66938344824177e-17,5.789893911534172e-14,-1.1473840540870946e-18,-2.1333032996367887e-19,0.13854646379276012,-0.0006271163512383073,-0.0006271163512382676
1.6600000000000013,5.362369352699769e-07,-0.0007944809569457219,0.300912949772166,0.9976014707900579,-0.06921783841181946,0.00031330744269556215,0.00031330744269554236,33.47187979712616,-0.0006271163512383408,-0.0006271163512382295,-6.19134993583715e-19,-2.049103522167542e-17,-6.369225305713378e-18,-7.444166730866795e-17,2.6729158627038718e-17,-6.366224694227422e-17,5.797338078265039e-14,-2.787654268112581e-17,6.344891661231054e-17,0.0,0.0,0.0,0.0,0.0,7.578758657168486e-32,-6.874307641679088e-17,0.0,0.0,0.0,0.0,0.0,0.0,0.0,0.0,0.0,0.0,0.0,0.0,0.0,0.0,0.0,0.0,0.0,0.0,0.0,0.0,1.797051837461134e-18,1.853700336056352e-19,-7.252337027940682e-19,-8.227301819714306e-20,-2.6664292723885127e-17,-9.09399662091894e-18,-7.449654092935998e-17,1.7637722923749022e-17,-6.66938344824177e-17,5.789893911534172e-14,-1.1473840540870946e-18,-2.1333032996367887e-19,0.13854646379276012,-0.0006271163512383073,-0.0006271163512382676
1.6700000000000013,5.362369352699706e-07,-0.0007944809569457219,0.300912949772166,0.9976014707900579,-0.06921783841181946,0.00031330744269556215,0.00031330744269554236,33.47187979712616,-0.0006271163512383413,-0.000627116351238229,-6.19134993583715e-19,-2.049103522167542e-17,-6.369225305713378e-18,-7.444166730866795e-17,2.6729158627038718e-17,-6.366224694227422e-17,5.797338078265039e-14,-2.787654268112581e-17,6.344891661231054e-17,0.0,0.0,0.0,0.0,0.0,7.578758657168486e-32,-6.874307641679088e-17,0.0,0.0,0.0,0.0,0.0,0.0,0.0,0.0,0.0,0.0,0.0,0.0,0.0,0.0,0.0,0.0,0.0,0.0,0.0,0.0,1.797051837461134e-18,1.853700336056352e-19,-7.252337027940682e-19,-8.227301819714306e-20,-2.6664292723885127e-17,-9.09399662091894e-18,-7.449654092935998e-17,1.7637722923749022e-17,-6.66938344824177e-17,5.789893911534172e-14,-1.1473840540870946e-18,-2.1333032996367887e-19,0.13854646379276012,-0.0006271163512383073,-0.0006271163512382676
1.6800000000000013,5.362369352699642e-07,-0.0007944809569457219,0.300912949772166,0.9976014707900579,-0.06921783841181946,0.00031330744269556215,0.00031330744269554236,33.47187979712616,-0.0006271163512383418,-0.0006271163512382284,-6.19134993583715e-19,-2.049103522167542e-17,-6.369225305713378e-18,-7.444166730866795e-17,2.6729158627038718e-17,-6.366224694227422e-17,5.797338078265039e-14,-2.787654268112581e-17,6.344891661231054e-17,0.0,0.0,0.0,0.0,0.0,7.578758657168486e-32,-6.874307641679088e-17,0.0,0.0,0.0,0.0,0.0,0.0,0.0,0.0,0.0,0.0,0.0,0.0,0.0,0.0,0.0,0.0,0.0,0.0,0.0,0.0,1.797051837461134e-18,1.853700336056352e-19,-7.252337027940682e-19,-8.227301819714306e-20,-2.6664292723885127e-17,-9.09399662091894e-18,-7.449654092935998e-17,1.7637722923749022e-17,-6.66938344824177e-17,5.789893911534172e-14,-1.1473840540870946e-18,-2.1333032996367887e-19,0.13854646379276012,-0.0006271163512383073,-0.0006271163512382676
1.6900000000000013,5.362369352699579e-07,-0.0007944809569457219,0.300912949772166,0.9976014707900579,-0.06921783841181946,0.00031330744269556215,0.00031330744269554236,33.47187979712616,-0.0006271163512383424,-0.0006271163512382279,-6.19134993583715e-19,-2.049103522167542e-17,-6.369225305713378e-18,-7.444166730866795e-17,2.6729158627038718e-17,-6.366224694227422e-17,5.797338078265039e-14,-2.787654268112581e-17,6.344891661231054e-17,0.0,0.0,0.0,0.0,0.0,7.578758657168486e-32,-6.874307641679088e-17,0.0,0.0,0.0,0.0,0.0,0.0,0.0,0.0,0.0,0.0,0.0,0.0,0.0,0.0,0.0,0.0,0.0,0.0,0.0,0.0,1.797051837461134e-18,1.853700336056352e-19,-7.252337027940682e-19,-8.227301819714306e-20,-2.6664292723885127e-17,-9.09399662091894e-18,-7.449654092935998e-17,1.7637722923749022e-17,-6.66938344824177e-17,5.789893911534172e-14,-1.1473840540870946e-18,-2.1333032996367887e-19,0.13854646379276012,-0.0006271163512383073,-0.0006271163512382676
1.7000000000000013,5.362369352699515e-07,-0.0007944809569457219,0.300912949772166,0.9976014707900579,-0.06921783841181946,0.00031330744269556215,0.00031330744269554236,33.47187979712616,-0.0006271163512383429,-0.0006271163512382273,-6.19134993583715e-19,-2.049103522167542e-17,-6.369225305713378e-18,-7.444166730866795e-17,2.6729158627038718e-17,-6.366224694227422e-17,5.797338078265039e-14,-2.787654268112581e-17,6.344891661231054e-17,0.0,0.0,0.0,0.0,0.0,7.578758657168486e-32,-6.874307641679088e-17,0.0,0.0,0.0,0.0,0.0,0.0,0.0,0.0,0.0,0.0,0.0,0.0,0.0,0.0,0.0,0.0,0.0,0.0,0.0,0.0,1.797051837461134e-18,1.853700336056352e-19,-7.252337027940682e-19,-8.227301819714306e-20,-2.6664292723885127e-17,-9.09399662091894e-18,-7.449654092935998e-17,1.7637722923749022e-17,-6.66938344824177e-17,5.789893911534172e-14,-1.1473840540870946e-18,-2.1333032996367887e-19,0.13854646379276012,-0.0006271163512383073,-0.0006271163512382676
1.7100000000000013,5.362369352699452e-07,-0.0007944809569457219,0.300912949772166,0.9976014707900579,-0.06921783841181946,0.00031330744269556215,0.00031330744269554236,33.47187979712616,-0.0006271163512383435,-0.0006271163512382268,-6.19134993583715e-19,-2.049103522167542e-17,-6.369225305713378e-18,-7.444166730866795e-17,2.6729158627038718e-17,-6.366224694227422e-17,5.797338078265039e-14,-2.787654268112581e-17,6.344891661231054e-17,0.0,0.0,0.0,0.0,0.0,7.578758657168486e-32,-6.874307641679088e-17,0.0,0.0,0.0,0.0,0.0,0.0,0.0,0.0,0.0,0.0,0.0,0.0,0.0,0.0,0.0,0.0,0.0,0.0,0.0,0.0,1.797051837461134e-18,1.853700336056352e-19,-7.252337027940682e-19,-8.227301819714306e-20,-2.6664292723885127e-17,-9.09399662091894e-18,-7.449654092935998e-17,1.7637722923749022e-17,-6.66938344824177e-17,5.789893911534172e-14,-1.1473840540870946e-18,-2.1333032996367887e-19,0.13854646379276012,-0.0006271163512383073,-0.0006271163512382676
1.7200000000000013,5.362369352699388e-07,-0.0007944809569457219,0.300912949772166,0.9976014707900579,-0.06921783841181946,0.00031330744269556215,0.00031330744269554236,33.47187979712616,-0.000627116351238344,-0.0006271163512382263,-6.19134993583715e-19,-2.049103522167542e-17,-6.369225305713378e-18,-7.444166730866795e-17,2.6729158627038718e-17,-6.366224694227422e-17,5.797338078265039e-14,-2.787654268112581e-17,6.344891661231054e-17,0.0,0.0,0.0,0.0,0.0,7.578758657168486e-32,-6.874307641679088e-17,0.0,0.0,0.0,0.0,0.0,0.0,0.0,0.0,0.0,0.0,0.0,0.0,0.0,0.0,0.0,0.0,0.0,0.0,0.0,0.0,1.797051837461134e-18,1.853700336056352e-19,-7.252337027940682e-19,-8.227301819714306e-20,-2.6664292723885127e-17,-9.09399662091894e-18,-7.449654092935998e-17,1.7637722923749022e-17,-6.66938344824177e-17,5.789893911534172e-14,-1.1473840540870946e-18,-2.1333032996367887e-19,0.13854646379276012,-0.0006271163512383073,-0.0006271163512382676
1.7300000000000013,5.362369352699324e-07,-0.0007944809569457219,0.300912949772166,0.9976014707900579,-0.06921783841181946,0.00031330744269556215,0.00031330744269554236,33.47187979712616,-0.0006271163512383446,-0.0006271163512382257,-6.19134993583715e-19,-2.049103522167542e-17,-6.369225305713378e-18,-7.444166730866795e-17,2.6729158627038718e-17,-6.366224694227422e-17,5.797338078265039e-14,-2.787654268112581e-17,6.344891661231054e-17,0.0,0.0,0.0,0.0,0.0,7.578758657168486e-32,-6.874307641679088e-17,0.0,0.0,0.0,0.0,0.0,0.0,0.0,0.0,0.0,0.0,0.0,0.0,0.0,0.0,0.0,0.0,0.0,0.0,0.0,0.0,1.797051837461134e-18,1.853700336056352e-19,-7.252337027940682e-19,-8.227301819714306e-20,-2.6664292723885127e-17,-9.09399662091894e-18,-7.449654092935998e-17,1.7637722923749022e-17,-6.66938344824177e-17,5.789893911534172e-14,-1.1473840540870946e-18,-2.1333032996367887e-19,0.13854646379276012,-0.0006271163512383073,-0.0006271163512382676
1.7400000000000013,5.362369352699261e-07,-0.0007944809569457219,0.300912949772166,0.9976014707900579,-0.06921783841181946,0.00031330744269556215,0.00031330744269554236,33.47187979712616,-0.0006271163512383451,-0.0006271163512382252,-6.19134993583715e-19,-2.049103522167542e-17,-6.369225305713378e-18,-7.444166730866795e-17,2.6729158627038718e-17,-6.366224694227422e-17,5.797338078265039e-14,-2.787654268112581e-17,6.344891661231054e-17,0.0,0.0,0.0,0.0,0.0,7.578758657168486e-32,-6.874307641679088e-17,0.0,0.0,0.0,0.0,0.0,0.0,0.0,0.0,0.0,0.0,0.0,0.0,0.0,0.0,0.0,0.0,0.0,0.0,0.0,0.0,1.797051837461134e-18,1.853700336056352e-19,-7.252337027940682e-19,-8.227301819714306e-20,-2.6664292723885127e-17,-9.09399662091894e-18,-7.449654092935998e-17,1.7637722923749022e-17,-6.66938344824177e-17,5.789893911534172e-14,-1.1473840540870946e-18,-2.1333032996367887e-19,0.13854646379276012,-0.0006271163512383073,-0.0006271163512382676
1.7500000000000013,5.362369352699197e-07,-0.0007944809569457219,0.300912949772166,0.9976014707900579,-0.06921783841181946,0.00031330744269556215,0.00031330744269554236,33.47187979712616,-0.0006271163512383456,-0.0006271163512382246,-6.19134993583715e-19,-2.049103522167542e-17,-6.369225305713378e-18,-7.444166730866795e-17,2.6729158627038718e-17,-6.366224694227422e-17,5.797338078265039e-14,-2.787654268112581e-17,6.344891661231054e-17,0.0,0.0,0.0,0.0,0.0,7.578758657168486e-32,-6.874307641679088e-17,0.0,0.0,0.0,0.0,0.0,0.0,0.0,0.0,0.0,0.0,0.0,0.0,0.0,0.0,0.0,0.0,0.0,0.0,0.0,0.0,1.797051837461134e-18,1.853700336056352e-19,-7.252337027940682e-19,-8.227301819714306e-20,-2.6664292723885127e-17,-9.09399662091894e-18,-7.449654092935998e-17,1.7637722923749022e-17,-6.66938344824177e-17,5.789893911534172e-14,-1.1473840540870946e-18,-2.1333032996367887e-19,0.13854646379276012,-0.0006271163512383073,-0.0006271163512382676
1.7600000000000013,5.362369352699134e-07,-0.0007944809569457219,0.300912949772166,0.9976014707900579,-0.06921783841181946,0.00031330744269556215,0.00031330744269554236,33.47187979712616,-0.0006271163512383462,-0.0006271163512382241,-6.19134993583715e-19,-2.049103522167542e-17,-6.369225305713378e-18,-7.444166730866795e-17,2.6729158627038718e-17,-6.366224694227422e-17,5.797338078265039e-14,-2.787654268112581e-17,6.344891661231054e-17,0.0,0.0,0.0,0.0,0.0,7.578758657168486e-32,-6.874307641679088e-17,0.0,0.0,0.0,0.0,0.0,0.0,0.0,0.0,0.0,0.0,0.0,0.0,0.0,0.0,0.0,0.0,0.0,0.0,0.0,0.0,1.797051837461134e-18,1.853700336056352e-19,-7.252337027940682e-19,-8.227301819714306e-20,-2.6664292723885127e-17,-9.09399662091894e-18,-7.449654092935998e-17,1.7637722923749022e-17,-6.66938344824177e-17,5.789893911534172e-14,-1.1473840540870946e-18,-2.1333032996367887e-19,0.13854646379276012,-0.0006271163512383073,-0.0006271163512382676
1.7700000000000014,5.36236935269907e-07,-0.0007944809569457219,0.300912949772166,0.9976014707900579,-0.06921783841181946,0.00031330744269556215,0.00031330744269554236,33.47187979712616,-0.0006271163512383467,-0.0006271163512382236,-6.19134993583715e-19,-2.049103522167542e-17,-6.369225305713378e-18,-7.444166730866795e-17,2.6729158627038718e-17,-6.366224694227422e-17,5.797338078265039e-14,-2.787654268112581e-17,6.344891661231054e-17,0.0,0.0,0.0,0.0,0.0,7.578758657168486e-32,-6.874307641679088e-17,0.0,0.0,0.0,0.0,0.0,0.0,0.0,0.0,0.0,0.0,0.0,0.0,0.0,0.0,0.0,0.0,0.0,0.0,0.0,0.0,1.797051837461134e-18,1.853700336056352e-19,-7.252337027940682e-19,-8.227301819714306e-20,-2.6664292723885127e-17,-9.09399662091894e-18,-7.449654092935998e-17,1.7637722923749022e-17,-6.66938344824177e-17,5.789893911534172e-14,-1.1473840540870946e-18,-2.1333032996367887e-19,0.13854646379276012,-0.0006271163512383073,-0.0006271163512382676
1.7800000000000014,5.362369352699007e-07,-0.0007944809569457219,0.300912949772166,0.9976014707900579,-0.06921783841181946,0.00031330744269556215,0.00031330744269554236,33.47187979712616,-0.0006271163512383473,-0.000627116351238223,-6.19134993583715e-19,-2.049103522167542e-17,-6.369225305713378e-18,-7.444166730866795e-17,2.6729158627038718e-17,-6.366224694227422e-17,5.797338078265039e-14,-2.787654268112581e-17,6.344891661231054e-17,0.0,0.0,0.0,0.0,0.0,7.578758657168486e-32,-6.874307641679088e-17,0.0,0.0,0.0,0.0,0.0,0.0,0.0,0.0,0.0,0.0,0.0,0.0,0.0,0.0,0.0,0.0,0.0,0.0,0.0,0.0,1.797051837461134e-18,1.853700336056352e-19,-7.252337027940682e-19,-8.227301819714306e-20,-2.6664292723885127e-17,-9.09399662091894e-18,-7.449654092935998e-17,1.7637722923749022e-17,-6.66938344824177e-17,5.789893911534172e-14,-1.1473840540870946e-18,-2.1333032996367887e-19,0.13854646379276012,-0.0006271163512383073,-0.0006271163512382676
1.7900000000000014,5.362369352698943e-07,-0.0007944809569457219,0.300912949772166,0.9976014707900579,-0.06921783841181946,0.00031330744269556215,0.00031330744269554236,33.47187979712616,-0.0006271163512383478,-0.0006271163512382225,-6.19134993583715e-19,-2.049103522167542e-17,-6.369225305713378e-18,-7.444166730866795e-17,2.6729158627038718e-17,-6.366224694227422e-17,5.797338078265039e-14,-2.787654268112581e-17,6.344891661231054e-17,0.0,0.0,0.0,0.0,0.0,7.578758657168486e-32,-6.874307641679088e-17,0.0,0.0,0.0,0.0,0.0,0.0,0.0,0.0,0.0,0.0,0.0,0.0,0.0,0.0,0.0,0.0,0.0,0.0,0.0,0.0,1.797051837461134e-18,1.853700336056352e-19,-7.252337027940682e-19,-8.227301819714306e-20,-2.6664292723885127e-17,-9.09399662091894e-18,-7.449654092935998e-17,1.7637722923749022e-17,-6.66938344824177e-17,5.789893911534172e-14,-1.1473840540870946e-18,-2.1333032996367887e-19,0.13854646379276012,-0.0006271163512383073,-0.0006271163512382676
1.8000000000000014,5.36236935269888e-07,-0.0007944809569457219,0.300912949772166,0.9976014707900579,-0.06921783841181946,0.00031330744269556215,0.00031330744269554236,33.47187979712616,-0.0006271163512383483,-0.0006271163512382219,-6.19134993583715e-19,-2.049103522167542e-17,-6.369225305713378e-18,-7.444166730866795e-17,2.6729158627038718e-17,-6.366224694227422e-17,5.797338078265039e-14,-2.787654268112581e-17,6.344891661231054e-17,0.0,0.0,0.0,0.0,0.0,7.578758657168486e-32,-6.874307641679088e-17,0.0,0.0,0.0,0.0,0.0,0.0,0.0,0.0,0.0,0.0,0.0,0.0,0.0,0.0,0.0,0.0,0.0,0.0,0.0,0.0,1.797051837461134e-18,1.853700336056352e-19,-7.252337027940682e-19,-8.227301819714306e-20,-2.6664292723885127e-17,-9.09399662091894e-18,-7.449654092935998e-17,1.7637722923749022e-17,-6.66938344824177e-17,5.789893911534172e-14,-1.1473840540870946e-18,-2.1333032996367887e-19,0.13854646379276012,-0.0006271163512383073,-0.0006271163512382676
1.8100000000000014,5.362369352698816e-07,-0.0007944809569457219,0.300912949772166,0.9976014707900579,-0.06921783841181946,0.00031330744269556215,0.00031330744269554236,33.47187979712616,-0.0006271163512383489,-0.0006271163512382214,-6.19134993583715e-19,-2.049103522167542e-17,-6.369225305713378e-18,-7.444166730866795e-17,2.6729158627038718e-17,-6.366224694227422e-17,5.797338078265039e-14,-2.787654268112581e-17,6.344891661231054e-17,0.0,0.0,0.0,0.0,0.0,7.578758657168486e-32,-6.874307641679088e-17,0.0,0.0,0.0,0.0,0.0,0.0,0.0,0.0,0.0,0.0,0.0,0.0,0.0,0.0,0.0,0.0,0.0,0.0,0.0,0.0,1.797051837461134e-18,1.853700336056352e-19,-7.252337027940682e-19,-8.227301819714306e-20,-2.6664292723885127e-17,-9.09399662091894e-18,-7.449654092935998e-17,1.7637722923749022e-17,-6.66938344824177e-17,5.789893911534172e-14,-1.1473840540870946e-18,-2.1333032996367887e-19,0.13854646379276012,-0.0006271163512383073,-0.0006271163512382676
1.8200000000000014,5.362369352698753e-07,-0.0007944809569457219,0.300912949772166,0.9976014707900579,-0.06921783841181946,0.00031330744269556215,0.00031330744269554236,33.47187979712616,-0.0006271163512383494,-0.0006271163512382208,-6.19134993583715e-19,-2.049103522167542e-17,-6.369225305713378e-18,-7.444166730866795e-17,2.6729158627038718e-17,-6.366224694227422e-17,5.797338078265039e-14,-2.787654268112581e-17,6.344891661231054e-17,0.0,0.0,0.0,0.0,0.0,7.578758657168486e-32,-6.874307641679088e-17,0.0,0.0,0.0,0.0,0.0,0.0,0.0,0.0,0.0,0.0,0.0,0.0,0.0,0.0,0.0,0.0,0.0,0.0,0.0,0.0,1.797051837461134e-18,1.853700336056352e-19,-7.252337027940682e-19,-8.227301819714306e-20,-2.6664292723885127e-17,-9.09399662091894e-18,-7.449654092935998e-17,1.7637722923749022e-17,-6.66938344824177e-17,5.789893911534172e-14,-1.1473840540870946e-18,-2.1333032996367887e-19,0.13854646379276012,-0.0006271163512383073,-0.0006271163512382676
1.8300000000000014,5.362369352698689e-07,-0.0007944809569457219,0.300912949772166,0.9976014707900579,-0.06921783841181946,0.00031330744269556215,0.00031330744269554236,33.47187979712616,-0.00062711635123835,-0.0006271163512382203,-6.19134993583715e-19,-2.049103522167542e-17,-6.369225305713378e-18,-7.444166730866795e-17,2.6729158627038718e-17,-6.366224694227422e-17,5.797338078265039e-14,-2.787654268112581e-17,6.344891661231054e-17,0.0,0.0,0.0,0.0,0.0,7.578758657168486e-32,-6.874307641679088e-17,0.0,0.0,0.0,0.0,0.0,0.0,0.0,0.0,0.0,0.0,0.0,0.0,0.0,0.0,0.0,0.0,0.0,0.0,0.0,0.0,1.797051837461134e-18,1.853700336056352e-19,-7.252337027940682e-19,-8.227301819714306e-20,-2.6664292723885127e-17,-9.09399662091894e-18,-7.449654092935998e-17,1.7637722923749022e-17,-6.66938344824177e-17,5.789893911534172e-14,-1.1473840540870946e-18,-2.1333032996367887e-19,0.13854646379276012,-0.0006271163512383073,-0.0006271163512382676
1.8400000000000014,5.362369352698626e-07,-0.0007944809569457219,0.300912949772166,0.9976014707900579,-0.06921783841181946,0.00031330744269556215,0.00031330744269554236,33.47187979712616,-0.0006271163512383505,-0.0006271163512382198,-6.19134993583715e-19,-2.049103522167542e-17,-6.369225305713378e-18,-7.444166730866795e-17,2.6729158627038718e-17,-6.366224694227422e-17,5.797338078265039e-14,-2.787654268112581e-17,6.344891661231054e-17,0.0,0.0,0.0,0.0,0.0,7.578758657168486e-32,-6.874307641679088e-17,0.0,0.0,0.0,0.0,0.0,0.0,0.0,0.0,0.0,0.0,0.0,0.0,0.0,0.0,0.0,0.0,0.0,0.0,0.0,0.0,1.797051837461134e-18,1.853700336056352e-19,-7.252337027940682e-19,-8.227301819714306e-20,-2.6664292723885127e-17,-9.09399662091894e-18,-7.449654092935998e-17,1.7637722923749022e-17,-6.66938344824177e-17,5.789893911534172e-14,-1.1473840540870946e-18,-2.1333032996367887e-19,0.13854646379276012,-0.0006271163512383073,-0.0006271163512382676
1.8500000000000014,5.362369352698562e-07,-0.0007944809569457219,0.300912949772166,0.9976014707900579,-0.06921783841181946,0.00031330744269556215,0.00031330744269554236,33.47187979712616,-0.0006271163512383511,-0.0006271163512382192,-6.19134993583715e-19,-2.049103522167542e-17,-6.369225305713378e-18,-7.444166730866795e-17,2.6729158627038718e-17,-6.366224694227422e-17,5.797338078265039e-14,-2.787654268112581e-17,6.344891661231054e-17,0.0,0.0,0.0,0.0,0.0,7.578758657168486e-32,-6.874307641679088e-17,0.0,0.0,0.0,0.0,0.0,0.0,0.0,0.0,0.0,0.0,0.0,0.0,0.0,0.0,0.0,0.0,0.0,0.0,0.0,0.0,1.797051837461134e-18,1.853700336056352e-19,-7.252337027940682e-19,-8.227301819714306e-20,-2.6664292723885127e-17,-9.09399662091894e-18,-7.449654092935998e-17,1.7637722923749022e-17,-6.66938344824177e-17,5.789893911534172e-14,-1.1473840540870946e-18,-2.1333032996367887e-19,0.13854646379276012,-0.0006271163512383073,-0.0006271163512382676
1.8600000000000014,5.362369352698499e-07,-0.0007944809569457219,0.300912949772166,0.9976014707900579,-0.06921783841181946,0.00031330744269556215,0.00031330744269554236,33.47187979712616,-0.0006271163512383516,-0.0006271163512382187,-6.19134993583715e-19,-2.049103522167542e-17,-6.369225305713378e-18,-7.444166730866795e-17,2.6729158627038718e-17,-6.366224694227422e-17,5.797338078265039e-14,-2.787654268112581e-17,6.344891661231054e-17,0.0,0.0,0.0,0.0,0.0,7.578758657168486e-32,-6.874307641679088e-17,0.0,0.0,0.0,0.0,0.0,0.0,0.0,0.0,0.0,0.0,0.0,0.0,0.0,0.0,0.0,0.0,0.0,0.0,0.0,0.0,1.797051837461134e-18,1.853700336056352e-19,-7.252337027940682e-19,-8.227301819714306e-20,-2.6664292723885127e-17,-9.09399662091894e-18,-7.449654092935998e-17,1.7637722923749022e-17,-6.66938344824177e-17,5.789893911534172e-14,-1.1473840540870946e-18,-2.1333032996367887e-19,0.13854646379276012,-0.0006271163512383073,-0.0006271163512382676
1.8700000000000014,5.362369352698435e-07,-0.0007944809569457219,0.300912949772166,0.9976014707900579,-0.06921783841181946,0.00031330744269556215,0.00031330744269554236,33.47187979712616,-0.0006271163512383521,-0.0006271163512382181,-6.19134993583715e-19,-2.049103522167542e-17,-6.369225305713378e-18,-7.444166730866795e-17,2.6729158627038718e-17,-6.366224694227422e-17,5.797338078265039e-14,-2.787654268112581e-17,6.344891661231054e-17,0.0,0.0,0.0,0.0,0.0,7.578758657168486e-32,-6.874307641679088e-17,0.0,0.0,0.0,0.0,0.0,0.0,0.0,0.0,0.0,0.0,0.0,0.0,0.0,0.0,0.0,0.0,0.0,0.0,0.0,0.0,1.797051837461134e-18,1.853700336056352e-19,-7.252337027940682e-19,-8.227301819714306e-20,-2.6664292723885127e-17,-9.09399662091894e-18,-7.449654092935998e-17,1.7637722923749022e-17,-6.66938344824177e-17,5.789893911534172e-14,-1.1473840540870946e-18,-2.1333032996367887e-19,0.13854646379276012,-0.0006271163512383073,-0.0006271163512382676
1.8800000000000014,5.362369352698372e-07,-0.0007944809569457219,0.300912949772166,0.9976014707900579,-0.06921783841181946,0.00031330744269556215,0.00031330744269554236,33.47187979712616,-0.0006271163512383527,-0.0006271163512382176,-6.19134993583715e-19,-2.049103522167542e-17,-6.369225305713378e-18,-7.444166730866795e-17,2.6729158627038718e-17,-6.366224694227422e-17,5.797338078265039e-14,-2.787654268112581e-17,6.344891661231054e-17,0.0,0.0,0.0,0.0,0.0,7.578758657168486e-32,-6.874307641679088e-17,0.0,0.0,0.0,0.0,0.0,0.0,0.0,0.0,0.0,0.0,0.0,0.0,0.0,0.0,0.0,0.0,0.0,0.0,0.0,0.0,1.797051837461134e-18,1.853700336056352e-19,-7.252337027940682e-19,-8.227301819714306e-20,-2.6664292723885127e-17,-9.09399662091894e-18,-7.449654092935998e-17,1.7637722923749022e-17,-6.66938344824177e-17,5.789893911534172e-14,-1.1473840540870946e-18,-2.1333032996367887e-19,0.13854646379276012,-0.0006271163512383073,-0.0006271163512382676
1.8900000000000015,5.362369352698308e-07,-0.0007944809569457219,0.300912949772166,0.9976014707900579,-0.06921783841181946,0.00031330744269556215,0.00031330744269554236,33.47187979712616,-0.0006271163512383532,-0.000627116351238217,-6.19134993583715e-19,-2.049103522167542e-17,-6.369225305713378e-18,-7.444166730866795e-17,2.6729158627038718e-17,-6.366224694227422e-17,5.797338078265039e-14,-2.787654268112581e-17,6.344891661231054e-17,0.0,0.0,0.0,0.0,0.0,7.578758657168486e-32,-6.874307641679088e-17,0.0,0.0,0.0,0.0,0.0,0.0,0.0,0.0,0.0,0.0,0.0,0.0,0.0,0.0,0.0,0.0,0.0,0.0,0.0,0.0,1.797051837461134e-18,1.853700336056352e-19,-7.252337027940682e-19,-8.227301819714306e-20,-2.6664292723885127e-17,-9.09399662091894e-18,-7.449654092935998e-17,1.7637722923749022e-17,-6.66938344824177e-17,5.789893911534172e-14,-1.1473840540870946e-18,-2.1333032996367887e-19,0.13854646379276012,-0.0006271163512383073,-0.0006271163512382676
1.9000000000000015,5.362369352698245e-07,-0.0007944809569457219,0.300912949772166,0.9976014707900579,-0.06921783841181946,0.00031330744269556215,0.00031330744269554236,33.47187979712616,-0.0006271163512383538,-0.0006271163512382165,-6.19134993583715e-19,-2.049103522167542e-17,-6.369225305713378e-18,-7.444166730866795e-17,2.6729158627038718e-17,-6.366224694227422e-17,5.797338078265039e-14,-2.787654268112581e-17,6.344891661231054e-17,0.0,0.0,0.0,0.0,0.0,7.578758657168486e-32,-6.874307641679088e-17,0.0,0.0,0.0,0.0,0.0,0.0,0.0,0.0,0.0,0.0,0.0,0.0,0.0,0.0,0.0,0.0,0.0,0.0,0.0,0.0,1.797051837461134e-18,1.853700336056352e-19,-7.252337027940682e-19,-8.227301819714306e-20,-2.6664292723885127e-17,-9.09399662091894e-18,-7.449654092935998e-17,1.7637722923749022e-17,-6.66938344824177e-17,5.789893911534172e-14,-1.1473840540870946e-18,-2.1333032996367887e-19,0.13854646379276012,-0.0006271163512383073,-0.0006271163512382676
1.9100000000000015,5.362369352698181e-07,-0.0007944809569457219,0.300912949772166,0.9976014707900579,-0.06921783841181946,0.00031330744269556215,0.00031330744269554236,33.47187979712616,-0.0006271163512383543,-0.000627116351238216,-6.19134993583715e-19,-2.049103522167542e-17,-6.369225305713378e-18,-7.444166730866795e-17,2.6729158627038718e-17,-6.366224694227422e-17,5.797338078265039e-14,-2.787654268112581e-17,6.344891661231054e-17,0.0,0.0,0.0,0.0,0.0,7.578758657168486e-32,-6.874307641679088e-17,0.0,0.0,0.0,0.0,0.0,0.0,0.0,0.0,0.0,0.0,0.0,0.0,0.0,0.0,0.0,0.0,0.0,0.0,0.0,0.0,1.797051837461134e-18,1.853700336056352e-19,-7.252337027940682e-19,-8.227301819714306e-20,-2.6664292723885127e-17,-9.09399662091894e-18,-7.449654092935998e-17,1.7637722923749022e-17,-6.66938344824177e-17,5.789893911534172e-14,-1.1473840540870946e-18,-2.1333032996367887e-19,0.13854646379276012,-0.0006271163512383073,-0.0006271163512382676
1.9200000000000015,5.362369352698117e-07,-0.0007944809569457219,0.300912949772166,0.9976014707900579,-0.06921783841181946,0.00031330744269556215,0.00031330744269554236,33.47187979712616,-0.0006271163512383549,-0.0006271163512382154,-6.19134993583715e-19,-2.049103522167542e-17,-6.369225305713378e-18,-7.444166730866795e-17,2.6729158627038718e-17,-6.366224694227422e-17,5.797338078265039e-14,-2.787654268112581e-17,6.344891661231054e-17,0.0,0.0,0.0,0.0,0.0,7.578758657168486e-32,-6.874307641679088e-17,0.0,0.0,0.0,0.0,0.0,0.0,0.0,0.0,0.0,0.0,0.0,0.0,0.0,0.0,0.0,0.0,0.0,0.0,0.0,0.0,1.797051837461134e-18,1.853700336056352e-19,-7.252337027940682e-19,-8.227301819714306e-20,-2.6664292723885127e-17,-9.09399662091894e-18,-7.449654092935998e-17,1.7637722923749022e-17,-6.66938344824177e-17,5.789893911534172e-14,-1.1473840540870946e-18,-2.1333032996367887e-19,0.13854646379276012,-0.0006271163512383073,-0.0006271163512382676
1.9300000000000015,5.362369352698054e-07,-0.0007944809569457219,0.300912949772166,0.9976014707900579,-0.06921783841181946,0.00031330744269556215,0.00031330744269554236,33.47187979712616,-0.0006271163512383554,-0.0006271163512382149,-6.19134993583715e-19,-2.049103522167542e-17,-6.369225305713378e-18,-7.444166730866795e-17,2.6729158627038718e-17,-6.366224694227422e-17,5.797338078265039e-14,-2.787654268112581e-17,6.344891661231054e-17,0.0,0.0,0.0,0.0,0.0,7.578758657168486e-32,-6.874307641679088e-17,0.0,0.0,0.0,0.0,0.0,0.0,0.0,0.0,0.0,0.0,0.0,0.0,0.0,0.0,0.0,0.0,0.0,0.0,0.0,0.0,1.797051837461134e-18,1.853700336056352e-19,-7.252337027940682e-19,-8.227301819714306e-20,-2.6664292723885127e-17,-9.09399662091894e-18,-7.449654092935998e-17,1.7637722923749022e-17,-6.66938344824177e-17,5.789893911534172e-14,-1.1473840540870946e-18,-2.1333032996367887e-19,0.13854646379276012,-0.0006271163512383073,-0.0006271163512382676
1.9400000000000015,5.36236935269799e-07,-0.0007944809569457219,0.300912949772166,0.9976014707900579,-0.06921783841181946,0.00031330744269556215,0.00031330744269554236,33.47187979712616,-0.0006271163512383559,-0.0006271163512382143,-6.19134993583715e-19,-2.049103522167542e-17,-6.369225305713378e-18,-7.444166730866795e-17,2.6729158627038718e-17,-6.366224694227422e-17,5.797338078265039e-14,-2.787654268112581e-17,6.344891661231054e-17,0.0,0.0,0.0,0.0,0.0,7.578758657168486e-32,-6.874307641679088e-17,0.0,0.0,0.0,0.0,0.0,0.0,0.0,0.0,0.0,0.0,0.0,0.0,0.0,0.0,0.0,0.0,0.0,0.0,0.0,0.0,1.797051837461134e-18,1.853700336056352e-19,-7.252337027940682e-19,-8.227301819714306e-20,-2.6664292723885127e-17,-9.09399662091894e-18,-7.449654092935998e-17,1.7637722923749022e-17,-6.66938344824177e-17,5.789893911534172e-14,-1.1473840540870946e-18,-2.1333032996367887e-19,0.13854646379276012,-0.0006271163512383073,-0.0006271163512382676
1.9500000000000015,5.362369352697927e-07,-0.0007944809569457219,0.300912949772166,0.9976014707900579,-0.06921783841181946,0.00031330744269556215,0.00031330744269554236,33.47187979712616,-0.0006271163512383565,-0.0006271163512382138,-6.19134993583715e-19,-2.049103522167542e-17,-6.369225305713378e-18,-7.444166730866795e-17,2.6729158627038718e-17,-6.366224694227422e-17,5.797338078265039e-14,-2.787654268112581e-17,6.344891661231054e-17,0.0,0.0,0.0,0.0,0.0,7.578758657168486e-32,-6.874307641679088e-17,0.0,0.0,0.0,0.0,0.0,0.0,0.0,0.0,0.0,0.0,0.0,0.0,0.0,0.0,0.0,0.0,0.0,0.0,0.0,0.0,1.797051837461134e-18,1.853700336056352e-19,-7.252337027940682e-19,-8.227301819714306e-20,-2.6664292723885127e-17,-9.09399662091894e-18,-7.449654092935998e-17,1.7637722923749022e-17,-6.66938344824177e-17,5.789893911534172e-14,-1.1473840540870946e-18,-2.1333032996367887e-19,0.13854646379276012,-0.0006271163512383073,-0.0006271163512382676
1.9600000000000015,5.362369352697863e-07,-0.0007944809569457219,0.300912949772166,0.9976014707900579,-0.06921783841181946,0.00031330744269556215,0.00031330744269554236,33.47187979712616,-0.000627116351238357,-0.0006271163512382133,-6.19134993583715e-19,-2.049103522167542e-17,-6.369225305713378e-18,-7.444166730866795e-17,2.6729158627038718e-17,-6.366224694227422e-17,5.797338078265039e-14,-2.787654268112581e-17,6.344891661231054e-17,0.0,0.0,0.0,0.0,0.0,7.578758657168486e-32,-6.874307641679088e-17,0.0,0.0,0.0,0.0,0.0,0.0,0.0,0.0,0.0,0.0,0.0,0.0,0.0,0.0,0.0,0.0,0.0,0.0,0.0,0.0,1.797051837461134e-18,1.853700336056352e-19,-7.252337027940682e-19,-8.227301819714306e-20,-2.6664292723885127e-17,-9.09399662091894e-18,-7.449654092935998e-17,1.7637722923749022e-17,-6.66938344824177e-17,5.789893911534172e-14,-1.1473840540870946e-18,-2.1333032996367887e-19,0.13854646379276012,-0.0006271163512383073,-0.0006271163512382676
1.9700000000000015,5.3623693526978e-07,-0.0007944809569457219,0.300912949772166,0.9976014707900579,-0.06921783841181946,0.00031330744269556215,0.00031330744269554236,33.47187979712616,-0.0006271163512383576,-0.0006271163512382127,-6.19134993583715e-19,-2.049103522167542e-17,-6.369225305713378e-18,-7.444166730866795e-17,2.6729158627038718e-17,-6.366224694227422e-17,5.797338078265039e-14,-2.787654268112581e-17,6.344891661231054e-17,0.0,0.0,0.0,0.0,0.0,7.578758657168486e-32,-6.874307641679088e-17,0.0,0.0,0.0,0.0,0.0,0.0,0.0,0.0,0.0,0.0,0.0,0.0,0.0,0.0,0.0,0.0,0.0,0.0,0.0,0.0,1.797051837461134e-18,1.853700336056352e-19,-7.252337027940682e-19,-8.227301819714306e-20,-2.6664292723885127e-17,-9.09399662091894e-18,-7.449654092935998e-17,1.7637722923749022e-17,-6.66938344824177e-17,5.789893911534172e-14,-1.1473840540870946e-18,-2.1333032996367887e-19,0.13854646379276012,-0.0006271163512383073,-0.0006271163512382676
1.9800000000000015,5.362369352697736e-07,-0.0007944809569457219,0.300912949772166,0.9976014707900579,-0.06921783841181946,0.00031330744269556215,0.00031330744269554236,33.47187979712616,-0.0006271163512383581,-0.0006271163512382122,-6.19134993583715e-19,-2.049103522167542e-17,-6.369225305713378e-18,-7.444166730866795e-17,2.6729158627038718e-17,-6.366224694227422e-17,5.797338078265039e-14,-2.787654268112581e-17,6.344891661231054e-17,0.0,0.0,0.0,0.0,0.0,7.578758657168486e-32,-6.874307641679088e-17,0.0,0.0,0.0,0.0,0.0,0.0,0.0,0.0,0.0,0.0,0.0,0.0,0.0,0.0,0.0,0.0,0.0,0.0,0.0,0.0,1.797051837461134e-18,1.853700336056352e-19,-7.252337027940682e-19,-8.227301819714306e-20,-2.6664292723885127e-17,-9.09399662091894e-18,-7.449654092935998e-17,1.7637722923749022e-17,-6.66938344824177e-17,5.789893911534172e-14,-1.1473840540870946e-18,-2.1333032996367887e-19,0.13854646379276012,-0.0006271163512383073,-0.0006271163512382676
1.9900000000000015,5.362369352697673e-07,-0.0007944809569457219,0.300912949772166,0.9976014707900579,-0.06921783841181946,0.00031330744269556215,0.00031330744269554236,33.47187979712616,-0.0006271163512383586,-0.0006271163512382116,-6.19134993583715e-19,-2.049103522167542e-17,-6.369225305713378e-18,-7.444166730866795e-17,2.6729158627038718e-17,-6.366224694227422e-17,5.797338078265039e-14,-2.787654268112581e-17,6.344891661231054e-17,0.0,0.0,0.0,0.0,0.0,7.578758657168486e-32,-6.874307641679088e-17,0.0,0.0,0.0,0.0,0.0,0.0,0.0,0.0,0.0,0.0,0.0,0.0,0.0,0.0,0.0,0.0,0.0,0.0,0.0,0.0,1.797051837461134e-18,1.853700336056352e-19,-7.252337027940682e-19,-8.227301819714306e-20,-2.6664292723885127e-17,-9.09399662091894e-18,-7.449654092935998e-17,1.7637722923749022e-17,-6.66938344824177e-17,5.789893911534172e-14,-1.1473840540870946e-18,-2.1333032996367887e-19,0.13854646379276012,-0.0006271163512383073,-0.0006271163512382676
2.0000000000000013,5.362369352697609e-07,-0.0007944809569457219,0.300912949772166,0.9976014707900579,-0.06921783841181946,0.00031330744269556215,0.00031330744269554236,33.47187979712616,-0.0006271163512383592,-0.0006271163512382111,-6.19134993583715e-19,-2.049103522167542e-17,-6.369225305713378e-18,-7.444166730866795e-17,2.6729158627038718e-17,-6.366224694227422e-17,5.797338078265039e-14,-2.787654268112581e-17,6.344891661231054e-17,0.0,0.0,0.0,0.0,0.0,7.578758657168486e-32,-6.874307641679088e-17,0.0,0.0,0.0,0.0,0.0,0.0,0.0,0.0,0.0,0.0,0.0,0.0,0.0,0.0,0.0,0.0,0.0,0.0,0.0,0.0,1.797051837461134e-18,1.853700336056352e-19,-7.252337027940682e-19,-8.227301819714306e-20,-2.6664292723885127e-17,-9.09399662091894e-18,-7.449654092935998e-17,1.7637722923749022e-17,-6.66938344824177e-17,5.789893911534172e-14,-1.1473840540870946e-18,-2.1333032996367887e-19,0.13854646379276012,-0.0006271163512383073,-0.0006271163512382676
