time_s,x_m,y_m,z_m,qw,qx,qy,qz,wheel_x_rad,wheel_y_rad,wheel_z_rad,vx_world_m_s,vy_world_m_s,vz_world_m_s,wx_body_rad_s,wy_body_rad_s,wz_body_rad_s,wheel_x_relative_rad_s,wheel_y_relative_rad_s,wheel_z_relative_rad_s,active_contacts,normal_force_n,minimum_contact_distance_m,max_loaded_point_slip_m_s,potential_j,kinetic_j,motor_work_j,passive_work_j,constraint_work_j,command_x_nm,command_y_nm,command_z_nm,delayed_x_nm,delayed_y_nm,delayed_z_nm,applied_x_nm,applied_y_nm,applied_z_nm,saturated_x_bool,saturated_y_bool,saturated_z_bool,speed_cutoff_x_bool,speed_cutoff_y_bool,speed_cutoff_z_bool,speed_exceeded_x_bool,speed_exceeded_y_bool,speed_exceeded_z_bool,angular_momentum_x_world_nms,angular_momentum_y_world_nms,angular_momentum_z_world_nms,linear_momentum_x_world_kg_m_s,linear_momentum_y_world_kg_m_s,linear_momentum_z_world_kg_m_s,omega_world_x_rad_s,omega_world_y_rad_s,omega_world_z_rad_s,wheel_absolute_axial_x_rad_s,wheel_absolute_axial_y_rad_s,wheel_absolute_axial_z_rad_s,attitude_error_x_body_rad,attitude_error_y_body_rad,attitude_error_z_body_rad
0.0,0.0,0.0,0.12,1.0,0.0,0.0,0.0,0.0,0.0,0.0,0.0,0.0,0.0,0.0,0.0,0.0,0.0,0.0,0.0,0.0,0.0,0.0,0.0,1.60884,0.0,0.0,0.0,0.0,0.0,0.0,0.0,0.0,0.0,0.0,0.0,0.0,0.0,0.0,0.0,0.0,0.0,0.0,0.0,0.0,0.0,0.0,0.0,0.0,0.0,0.0,0.0,0.0,0.0,0.0,0.0,0.0,0.0,0.0,0.0,0.0,0.0
0.01,3.345446292035624e-07,3.345446292035634e-07,0.11995374845253799,0.9999999999979953,-1.415827068991157e-06,1.4158270689911528e-06,1.2731785809098477e-23,2.8316541379845376e-06,-2.8316541379841357e-06,2.0535009863713823e-22,5.247205029303666e-05,5.247205029303674e-05,-0.0013185504946098428,-0.0004410639693830666,0.000441063969383066,6.899465436041082e-21,0.0004410639693831457,-0.0004410639693830605,2.9024378167409103e-20,4.0,13.340526219412677,-4.693114349287042e-05,6.301395657501345e-07,1.6082497095581543,1.1454541259991683e-06,0.0,0.0,-0.0006283838592319671,0.0,0.0,0.0,0.0,0.0,0.0,0.0,0.0,0.0,0.0,0.0,0.0,0.0,0.0,0.0,0.0,0.0,0.0,-4.753746748413512e-06,4.753746748413505e-06,1.2510719529054556e-22,7.174215715293408e-05,7.174215715293417e-05,-0.0017211726864859178,-0.00044106396938306644,0.00044106396938306585,6.897604279607512e-21,7.909254848281755e-17,5.5294310796760726e-18,3.592384360345019e-20,2.831654137984207e-06,-2.8316541379841984e-06,-2.5463571618213973e-23
0.020000000000000004,8.06902861461577e-07,8.069028614615781e-07,0.11995371715771337,0.9999999999885205,-3.3881308344733936e-06,3.388130834473389e-06,2.228582668353114e-23,6.776261668974099e-06,-6.776261668972792e-06,6.027008648578731e-22,3.860372372818348e-05,3.860372372818347e-05,0.0006610520361306964,-0.0003204868692143722,0.0003204868692143723,1.4521412139730533e-21,0.00032048686921450325,-0.0003204868692144241,4.138995337429475e-20,4.0,12.814158478696083,-4.790913957700149e-05,2.1634151074458375e-07,1.6082486913066836,2.8391106671829215e-07,0.0,0.0,-0.00063213820715764,0.0,0.0,0.0,0.0,0.0,0.0,0.0,0.0,0.0,0.0,0.0,0.0,0.0,0.0,0.0,0.0,0.0,0.0,-3.454177892989184e-06,3.454177892989188e-06,-2.9805963129179806e-23,5.2748701052989576e-05,5.274870105298956e-05,0.0008542398223154647,-0.00032048686921437217,0.0003204868692143722,1.4488324914561618e-21,1.310258325448732e-16,-5.182486384480711e-17,4.284209458826781e-20,6.776261668972717e-06,-6.776261668972707e-06,-4.4571653367232835e-23
0.030000000000000013,1.1012119264317035e-06,1.1012119264317047e-06,0.11996089247514244,0.9999999999787862,-4.605865755155965e-06,4.605865755155958e-06,2.3268937510401463e-23,9.211731510379967e-06,-9.211731510377891e-06,8.995468989507123e-22,2.129752494435075e-05,2.129752494435075e-05,0.0006629213679090482,-0.00017569372743745108,0.00017569372743745108,-5.530998661238007e-23,0.00017569372743762065,-0.00017569372743754145,1.684752332003649e-20,4.0,12.722799735468275,-4.131833023730824e-05,3.081675146792344e-07,1.6083398158554543,2.847753086805526e-07,0.0,0.0,-0.0005413122899914338,0.0,0.0,0.0,0.0,0.0,0.0,0.0,0.0,0.0,0.0,0.0,0.0,0.0,0.0,0.0,0.0,0.0,0.0,-1.8936107764383085e-06,1.8936107764383117e-06,-1.8906428639975874e-24,2.9092306351941196e-05,2.9092306351941196e-05,0.0008589866527479068,-0.00017569372743745114,0.00017569372743745114,-5.758473329220753e-23,1.695692197767329e-16,-9.03682510766668e-17,1.679221333342411e-20,9.211731510377068e-06,-9.211731510377055e-06,-4.6537875021132006e-23
0.04000000000000002,1.2564921068999824e-06,1.2564921068999836e-06,0.11996624650461311,0.9999999999724865,-5.245379385340786e-06,5.245379385340777e-06,1.9112008927816115e-23,1.0490758770781914e-05,-1.0490758770779123e-05,1.0658781722623622e-21,1.0820026503811335e-05,1.082002650381134e-05,0.0004090670793715598,-8.899318637371e-05,8.899318637370997e-05,-9.653013493449549e-22,8.89931863738218e-05,-8.899318637372955e-05,1.6208759890905634e-20,4.0,12.722601591941167,-3.627126428516758e-05,2.0146615988273997e-07,1.6084078950351974,1.0843997549860465e-07,0.0,0.0,-0.0004734104321338151,0.0,0.0,0.0,0.0,0.0,0.0,0.0,0.0,0.0,0.0,0.0,0.0,0.0,0.0,0.0,0.0,0.0,0.0,-9.591603479801782e-07,9.591603479801822e-07,-1.3161744643926706e-23,1.4777965008169259e-05,1.4777965008169263e-05,0.0005303632972635082,-8.899318637371008e-05,8.899318637371005e-05,-9.665421201575481e-22,1.1180834903756764e-16,-1.9583401740519424e-17,1.524345854156068e-20,1.0490758770777781e-05,-1.0490758770777764e-05,-3.822401785598278e-23
0.05000000000000003,1.3343014048688655e-06,1.3343014048688666e-06,0.11996931379025842,0.9999999999690296,-5.565157862758808e-06,5.5651578627587996e-06,1.598964966709299e-23,1.1130315725637766e-05,-1.1130315725634158e-05,1.2027466595166118e-21,5.360875228163787e-06,5.360875228163785e-06,0.0002195845342852326,-4.4037972665096265e-05,4.403797266509628e-05,-6.739522126915868e-22,4.403797266521445e-05,-4.403797266513509e-05,1.272891645645197e-20,4.0,12.734228706523924,-3.335747064966976e-05,1.0896940709283045e-07,1.6084469117430873,3.1248892751247453e-08,0.0,0.0,-0.00043443328934965753,0.0,0.0,0.0,0.0,0.0,0.0,0.0,0.0,0.0,0.0,0.0,0.0,0.0,0.0,0.0,0.0,0.0,0.0,-4.74637204340773e-07,4.7463720434077675e-07,-1.6975936217075467e-23,7.3214337353854135e-06,7.321433735385412e-06,0.00028475527916574345,-4.403797266509631e-05,4.4037972665096326e-05,-6.748827907972178e-22,1.1818481306449802e-16,-3.881443777498106e-17,1.2054964243760383e-20,1.1130315725632514e-05,-1.1130315725632497e-05,-3.1979299334516104e-23
0.06000000000000004,1.3727339460830184e-06,1.3727339460830195e-06,0.11997091097193764,0.9999999999672483,-5.7229789247385995e-06,5.722978924738591e-06,1.1574887098685288e-23,1.1445957849608728e-05,-1.1445957849604684e-05,1.3405472860715397e-21,2.6431944886388317e-06,2.643194488638833e-06,0.00011102482555054225,-2.170438613683416e-05,2.1704386136834154e-05,-5.626292202143151e-22,2.1704386136971536e-05,-2.1704386136930676e-05,1.3554449137440288e-20,4.0,12.742921195742992,-3.1836042225147354e-05,5.5173623665776893e-08,1.6084672310572954,7.98882381290804e-09,0.0,0.0,-0.00041410893947268693,0.0,0.0,0.0,0.0,0.0,0.0,0.0,0.0,0.0,0.0,0.0,0.0,0.0,0.0,0.0,0.0,0.0,0.0,-2.3392787030099624e-07,2.3392787030099798e-07,-5.170764712919678e-24,3.609783949462585e-06,3.6097839494625866e-06,0.00014398499906272125,-2.1704386136834195e-05,2.170438613683419e-05,-5.628877140820288e-22,1.3737519151749145e-16,-9.652109840552203e-17,1.2991819917225973e-20,1.144595784960215e-05,-1.1445957849602133e-05,-2.3149774197623292e-23
0.07000000000000005,1.391692327022499e-06,1.3916923270225001e-06,0.1199717067103142,0.9999999999663515,-5.800813417155244e-06,5.800813417155236e-06,9.793694848546459e-24,1.1601626834448754e-05,-1.1601626834444188e-05,1.479145358480128e-21,1.3053662128411165e-06,1.3053662128411082e-06,5.4494965698520855e-05,-1.0718318984187093e-05,1.0718318984187164e-05,-1.994611360425675e-22,1.0718318984375843e-05,-1.0718318984296533e-05,1.3846966771671305e-20,4.0,12.747903610927715,-3.107766397443534e-05,2.7343091007002218e-08,1.6084773546747262,1.9246544070619657e-09,0.0,0.0,-0.0004039751155248367,0.0,0.0,0.0,0.0,0.0,0.0,0.0,0.0,0.0,0.0,0.0,0.0,0.0,0.0,0.0,0.0,0.0,0.0,-1.1552105262826973e-07,1.1552105262827405e-07,6.621087073170885e-25,1.7827206389564137e-06,1.782720638956402e-06,7.06719603147542e-05,-1.0718318984187114e-05,1.0718318984187185e-05,-2.0044341299312757e-22,1.8874943383435927e-16,-1.0936889414947526e-16,1.3647505635628738e-20,1.1601626834440607e-05,-1.1601626834440592e-05,-1.9587389697312603e-23
0.08000000000000006,1.4010664473493636e-06,1.4010664473493646e-06,0.11997209428058649,0.9999999999659035,-5.839299416642646e-06,5.83929941664264e-06,9.386435913775406e-24,1.1678598833428017e-05,-1.1678598833423006e-05,1.6158101814836596e-21,6.464024391973327e-07,6.46402439197296e-07,2.6330655122036836e-05,-5.3078453997000146e-06,5.3078453997003254e-06,6.014041524423586e-23,5.307845399863043e-06,-5.307845399880338e-06,1.3391442732300282e-20,4.0,12.750498517740063,-3.0708566766873835e-05,1.349511804507627e-08,1.608482285276743,4.493169296853566e-10,0.0,0.0,-0.00039903750044832,0.0,0.0,0.0,0.0,0.0,0.0,0.0,0.0,0.0,0.0,0.0,0.0,0.0,0.0,0.0,0.0,0.0,0.0,-5.720746776299974e-08,5.720746776300232e-08,1.632176760219241e-23,8.827849423371903e-07,8.827849423371403e-07,3.4144925140453113e-05,-5.307845399700024e-06,5.307845399700335e-06,5.64439518736871e-23,1.6302843135803519e-16,-1.8001228898343116e-16,1.3451583147544518e-20,1.1678598833418019e-05,-1.1678598833418007e-05,-1.8772871827764164e-23
0.09000000000000007,1.4057126342008612e-06,1.405712634200862e-06,0.11997228075704415,0.9999999999656795,-5.858375649181142e-06,5.858375649181138e-06,9.340751321765502e-24,1.1716751298507933e-05,-1.171675129850312e-05,1.7483886480198316e-21,3.2067884569964766e-07,3.2067884569964734e-07,1.261290946155295e-05,-2.6333467758407245e-06,2.6333467758407202e-06,-1.4744153833925878e-22,2.633346776010175e-06,-2.6333467760078737e-06,1.3598065975865772e-20,4.0,12.751791408561665,-3.053124679348873e-05,6.671456769767148e-09,1.6084846574225269,1.0309709260699207e-10,0.0,0.0,-0.00039666146789882133,0.0,0.0,0.0,0.0,0.0,0.0,0.0,0.0,0.0,0.0,0.0,0.0,0.0,0.0,0.0,0.0,0.0,0.0,-2.8381968471839778e-08,2.8381968471839838e-08,-1.493990437244993e-24,4.3794877994506763e-07,4.3794877994506716e-07,1.6354648257942856e-05,-2.6333467758407245e-06,2.6333467758407202e-06,-1.474156889248754e-22,1.694506351641173e-16,-1.6715348181116363e-16,1.3450624437526513e-20,1.1716751298496325e-05,-1.1716751298496317e-05,-1.8681502643744724e-23
0.10000000000000007,1.4080184318342815e-06,1.408018431834282e-06,0.11997236987305894,0.9999999999655684,-5.867843133039615e-06,5.867843133039611e-06,9.089158785058057e-24,1.1735686266227727e-05,-1.1735686266222545e-05,1.8826502008704285e-21,1.591824647188307e-07,1.5918246471881978e-07,6.012687779475969e-06,-1.3072030072829793e-06,1.3072030072830714e-06,2.101201064642535e-23,1.3072030075102526e-06,-1.307203007456651e-06,1.3276462078214204e-20,4.0,12.752421109714911,-3.044667511765964e-05,3.3064367664259642e-09,1.6084857909469958,2.3428250464479913e-11,0.0,0.0,-0.0003955259605049539,0.0,0.0,0.0,0.0,0.0,0.0,0.0,0.0,0.0,0.0,0.0,0.0,0.0,0.0,0.0,0.0,0.0,0.0,-1.4088913347592742e-08,1.4088913347596161e-08,5.078725843989762e-24,2.173945827365141e-07,2.1739458273649919e-07,7.795578619750321e-06,-1.3072030072829795e-06,1.3072030072830716e-06,1.9919873741020024e-23,2.272733393084321e-16,-1.735797090237452e-16,1.329747408886063e-20,1.1735686266213924e-05,-1.1735686266213916e-05,-1.8178317570324752e-23
0.11000000000000008,1.4091628603093743e-06,1.4091628603093745e-06,0.11997241229906094,0.9999999999655134,-5.8725421381521486e-06,5.872542138152145e-06,9.535445067100325e-24,1.17450842764557e-05,-1.1745084276450276e-05,2.0183725153565517e-21,7.897981417304431e-08,7.897981417298065e-08,2.858470900441134e-06,-6.485751646027761e-07,6.485751646033129e-07,1.5487220749584905e-22,6.485751649007233e-07,-6.485751648668403e-07,1.3528590060916333e-20,4.0,12.752724066675622,-3.0406504611654728e-05,1.6414138771269264e-09,1.6084863305306705,5.29491762297753e-12,0.0,0.0,-0.00039498540239889316,0.0,0.0,0.0,0.0,0.0,0.0,0.0,0.0,0.0,0.0,0.0,0.0,0.0,0.0,0.0,0.0,0.0,0.0,-6.9902832555985596e-09,6.990283255605946e-09,2.885371061710508e-23,1.0786223785994888e-07,1.0786223785986185e-07,3.7056348460601374e-06,-6.485751646027762e-07,6.48575164603313e-07,1.485633397166342e-22,2.9794722732848916e-16,-2.6352740824210023e-16,1.3683462268412183e-20,1.1745084276439313e-05,-1.1745084276439306e-05,-1.907089013441988e-23
0.12000000000000009,1.409730401733204e-06,1.4097304017332043e-06,0.1199724324534313,0.999999999965486,-5.8748724078336895e-06,5.874872407833687e-06,9.203848284886084e-24,1.174974481582214e-05,-1.1749744815816386e-05,2.155884345063546e-21,3.9138975885405696e-08,3.9138975885404135e-08,1.356821642159401e-06,-3.213951739078618e-07,3.213951739078717e-07,-7.359756449953581e-23,3.213951742250831e-07,-3.213951742099475e-07,1.399518364729753e-20,4.0,12.752868834836097,-3.0387468757608893e-05,8.152067410824042e-10,1.6084865868278286,1.1929711688686463e-12,0.0,0.0,-0.0003947286349898886,0.0,0.0,0.0,0.0,0.0,0.0,0.0,0.0,0.0,0.0,0.0,0.0,0.0,0.0,0.0,0.0,0.0,0.0,-3.463967517117841e-09,3.463967517118626e-09,2.946305691347565e-25,5.345176962095496e-08,5.345176962095285e-08,1.758725751604425e-06,-3.213951739078619e-07,3.213951739078718e-07,-7.371550235014938e-23,3.1722130322458316e-16,-3.0207582473208423e-16,1.3921586082797994e-20,1.1749744815802552e-05,-1.1749744815802547e-05,-1.8407696569983936e-23
0.1300000000000001,1.4100114512267325e-06,1.410011451226732e-06,0.1199724420159251,0.9999999999654725,-5.876026322544639e-06,5.8760263225446385e-06,9.458091804824542e-24,1.1752052645247433e-05,-1.1752052645241506e-05,2.295066298427182e-21,1.9363269783536157e-08,1.936326978350813e-08,6.434665451771346e-07,-1.589963746527532e-07,1.5899637465298573e-07,-2.4772132412219076e-23,1.5899637501494856e-07,-1.5899637500003567e-07,1.4140842744631655e-20,4.0,12.752937747949314,-3.037846013637102e-05,4.04634586939439e-10,1.6084867084160708,2.6830788824906413e-13,0.0,0.0,-0.00039460682185555446,0.0,0.0,0.0,0.0,0.0,0.0,0.0,0.0,0.0,0.0,0.0,0.0,0.0,0.0,0.0,0.0,0.0,0.0,-1.7136482494026367e-09,1.7136482494058465e-09,1.1737328357671111e-23,2.6444191819104977e-08,2.6444191819066672e-08,8.339625368396401e-07,-1.5899637465275327e-07,1.589963746529858e-07,-2.7504898045777175e-23,3.621953645919975e-16,-3.4704993903905777e-16,1.4116070612219437e-20,1.1752052645224533e-05,-1.1752052645224531e-05,-1.8916183609866792e-23
0.1400000000000001,1.4101503802178425e-06,1.410150380217842e-06,0.1199724465497798,0.9999999999654658,-5.87659669749179e-06,5.876596697491791e-06,9.178770846569522e-24,1.1753193395145385e-05,-1.1753193395139295e-05,2.4390218601678496e-21,9.561432022450978e-09,9.56143202245483e-09,3.0500640426866914e-07,-7.850659061144125e-08,7.850659061140507e-08,-9.933362197267897e-23,7.850659096721165e-08,-7.850659095203e-08,1.496665022913249e-20,4.0,12.752970481012122,-3.0374200058441714e-05,2.0058277137442842e-10,1.6084867660572655,6.028385935538007e-14,0.0,0.0,-0.0003945490736046694,0.0,0.0,0.0,0.0,0.0,0.0,0.0,0.0,0.0,0.0,0.0,0.0,0.0,0.0,0.0,0.0,0.0,0.0,-8.461367868318967e-10,8.461367868321846e-10,-2.182805680435809e-24,1.305789959074048e-08,1.3057899590745774e-08,3.952522053364103e-07,-7.850659061144129e-08,7.850659061140511e-08,-9.890831864596008e-23,3.55770394693947e-16,-3.406249294363379e-16,1.4867316607159812e-20,1.1753193395118873e-05,-1.1753193395118875e-05,-1.8357541693350362e-23
0.1500000000000001,1.4102189224007795e-06,1.4102189224007788e-06,0.11997244869854866,0.9999999999654625,-5.876878081374682e-06,5.8768780813746825e-06,9.088067921488909e-24,1.1753756162915258e-05,-1.1753756162908631e-05,2.5849224208553277e-21,4.7120103848963606e-09,4.712010384901775e-09,1.4453280331328134e-07,-3.8686755278967355e-08,3.868675527891932e-08,-7.117803866980367e-23,3.868675571826143e-08,-3.8686755638818914e-08,1.4407167424870032e-20,4.0,12.752986009654157,-3.0372186352253805e-05,9.925976472717269e-11,1.6084867933721816,1.3536992694886651e-14,0.0,0.0,-0.0003945217078481022,0.0,0.0,0.0,0.0,0.0,0.0,0.0,0.0,0.0,0.0,0.0,0.0,0.0,0.0,0.0,0.0,0.0,0.0,-4.1696227729184195e-10,4.1696227729489233e-10,-2.529243549714974e-24,6.435100267118854e-09,6.435100267126278e-09,1.8727364894745316e-07,-3.868675527896737e-08,3.868675527891933e-08,-7.0613340469577e-23,4.392940769263172e-16,-3.59899594285028e-16,1.4335989386200228e-20,1.1753756162884677e-05,-1.1753756162884679e-05,-1.8176135843187068e-23
0.16000000000000011,1.4102526714633798e-06,1.4102526714633787e-06,0.11997244971670055,0.999999999965461,-5.8770166215312725e-06,5.877016621531276e-06,9.677850959570273e-24,1.175403324323306e-05,-1.1754033243225514e-05,2.7253499369962676e-21,2.317572930041555e-09,2.3175729300079057e-09,6.847824854941589e-08,-1.9026639082674786e-08,1.9026639082951617e-08,-8.601573029902395e-23,1.902663956051825e-08,-1.902663944285121e-08,1.4090567551037826e-20,4.0,12.752993371276098,-3.037123469885883e-05,4.902395590800632e-11,1.6084868063131819,3.038822231246798e-15,0.0,0.0,-0.0003945087427343664,0.0,0.0,0.0,0.0,0.0,0.0,0.0,0.0,0.0,0.0,0.0,0.0,0.0,0.0,0.0,0.0,0.0,0.0,-2.0506735970640643e-10,2.050673597147249e-10,1.3228691208155178e-23,3.1650543434606336e-09,3.1650543434146734e-09,8.871729331072172e-08,-1.9026639082674796e-08,1.9026639082951627e-08,-8.926947228770212e-23,4.778434628719791e-16,-3.59899594285028e-16,1.4004551820738802e-20,1.1754033243197867e-05,-1.1754033243197874e-05,-1.9355701919363384e-23
0.17000000000000012,1.4102692566625248e-06,1.4102692566625226e-06,0.11997245019906945,0.9999999999654599,-5.877084699638404e-06,5.87708469963841e-06,1.0056281987318844e-23,1.175416939945213e-05,-1.1754169399443411e-05,2.8653522733690995e-21,1.1377139087640805e-09,1.1377139086819072e-09,3.244133814639857e-08,-9.33974361559157e-09,9.339743616278e-09,4.123066717046329e-23,9.33974411270972e-09,-9.339743989027382e-09,1.4764890866536342e-20,4.0,12.75299685977517,-3.037078500700563e-05,2.416396376468652e-11,1.6084868124434615,6.820440870667213e-16,0.0,0.0,-0.00039450260102568866,0.0,0.0,0.0,0.0,0.0,0.0,0.0,0.0,0.0,0.0,0.0,0.0,0.0,0.0,0.0,0.0,0.0,0.0,-1.0066289453626195e-10,1.0066289454932437e-10,3.475332703854587e-23,1.5537442738183476e-09,1.5537442737060312e-09,4.202430193598897e-08,-9.33974361559157e-09,9.339743616278e-09,3.3162361909234613e-23,4.971181508817264e-16,-3.7274938187989627e-16,1.4806121533706804e-20,1.1754169399412139e-05,-1.175416939941215e-05,-2.0112563974869254e-23
0.18000000000000013,1.4102773918905242e-06,1.410277391890522e-06,0.11997245042758435,0.9999999999654599,-5.877118090697609e-06,5.877118090697615e-06,9.12175997025734e-24,1.1754236181575797e-05,-1.1754236181565988e-05,3.01461620252821e-21,5.575018873337327e-10,5.575018873875051e-10,1.5368187608945263e-08,-4.576385143087148e-09,4.576385142623307e-09,-3.861102935755367e-22,4.576385685179611e-09,-4.576385592471506e-09,1.5223543301965724e-20,4.0,12.752998512517863,-3.0370572519727856e-05,1.1886696940156906e-11,1.6084868153472294,1.530661581193883e-16,0.0,0.0,-0.0003944996918417275,0.0,0.0,0.0,0.0,0.0,0.0,0.0,0.0,0.0,0.0,0.0,0.0,0.0,0.0,0.0,0.0,0.0,0.0,-4.932385661227041e-11,4.932385661137648e-11,-2.633662840692668e-23,7.613626739991947e-10,7.613626740728033e-10,1.9905420868682683e-08,-4.576385143087152e-09,4.576385142623311e-09,-3.8065814764007223e-22,5.42092463712047e-16,-4.498481992661538e-16,1.4837433008390188e-20,1.1754236181530545e-05,-1.1754236181530557e-05,-1.8243519940724718e-23
0.19000000000000014,1.4102813752801288e-06,1.4102813752801269e-06,0.11997245053583554,0.9999999999654599,-5.877134439584357e-06,5.877134439584363e-06,9.097744057730002e-24,1.1754268879354499e-05,-1.175426887934378e-05,3.1641673363991016e-21,2.727217747117588e-10,2.7272177464969704e-10,7.280055298686376e-09,-2.2385755194703805e-09,2.2385755200005185e-09,3.144162227392012e-22,2.2385760358632343e-09,-2.2385759698487186e-09,1.5064340691158058e-20,4.0,12.752999295433943,-3.0370472115959224e-05,5.836043094317361e-12,1.6084868167226243,3.434993783508699e-17,0.0,0.0,-0.000394498313881313,0.0,0.0,0.0,0.0,0.0,0.0,0.0,0.0,0.0,0.0,0.0,0.0,0.0,0.0,0.0,0.0,0.0,0.0,-2.412716028784779e-11,2.4127160296608298e-11,3.009178947018885e-23,3.724464902777167e-10,3.7244649019280036e-10,9.428254258976373e-09,-2.238575519470383e-09,2.238575520000521e-09,3.081848652550136e-22,5.163928537807247e-16,-4.498482000933344e-16,1.537875691389726e-20,1.1754268879304041e-05,-1.1754268879304053e-05,-1.8195488115669488e-23
0.20000000000000015,1.4102833225105994e-06,1.410283322510597e-06,0.11997245058711478,0.9999999999654599,-5.877142431099308e-06,5.877142431099318e-06,9.808718333875641e-24,1.175428486238949e-05,-1.1754284862378265e-05,3.3199865391223267e-21,1.331991825852582e-10,1.3319918249575607e-10,3.4485828442864184e-09,-1.093278171198281e-09,1.093278171951449e-09,1.7705231890266362e-22,1.093278655466618e-09,-1.0932785832502359e-09,1.5879100857817348e-20,4.0,12.75299966628122,-3.03704246726183e-05,2.860110643308307e-12,1.60848681737408,7.708398943331279e-18,0.0,0.0,-0.00039449766121056384,0.0,0.0,0.0,0.0,0.0,0.0,0.0,0.0,0.0,0.0,0.0,0.0,0.0,0.0,0.0,0.0,0.0,0.0,-1.1783251189360919e-11,1.17832512008363e-11,3.958397915694633e-23,1.8190495712398843e-10,1.8190495700161323e-10,4.465665041218314e-09,-1.0932781711982823e-09,1.0932781719514503e-09,1.6819938890050953e-22,4.842683370238737e-16,-4.1129878685071227e-16,1.6056153176720012e-20,1.1754284862333943e-05,-1.1754284862333964e-05,-1.9617436667977138e-23
0.21000000000000016,1.4102842729203434e-06,1.41028427292034e-06,0.11997245061140584,0.9999999999654599,-5.8771463314213545e-06,5.877146331421369e-06,1.016491935637431e-23,1.1754292663038092e-05,-1.1754292663026185e-05,3.476384045607175e-21,6.495879339702296e-11,6.495879330065144e-11,1.6335934592576472e-09,-5.331454470460485e-10,5.331454478517435e-10,6.082446747574531e-23,5.331458927649745e-10,-5.331458206011173e-10,1.5465421097984447e-20,4.0,12.752999841935445,-3.037040225371823e-05,1.3992732229182003e-12,1.6084868176826395,1.7298178651430012e-18,0.0,0.0,-0.0003944973520756238,0.0,0.0,0.0,0.0,0.0,0.0,0.0,0.0,0.0,0.0,0.0,0.0,0.0,0.0,0.0,0.0,0.0,0.0,-5.746192394739435e-12,5.746192406786105e-12,4.0880469256142534e-23,8.871149473039209e-11,8.871149459866453e-11,2.115141069608976e-09,-5.331454470460493e-10,5.331454478517443e-10,5.135410789204658e-23,4.457189260559983e-16,-3.727493738148853e-16,1.552624556546019e-20,1.1754292662978034e-05,-1.1754292662978063e-05,-2.0329838712982672e-23
0.22000000000000017,1.4102847361315167e-06,1.4102847361315122e-06,0.11997245062291248,0.9999999999654599,-5.877148232271522e-06,5.87714823227154e-06,9.849654860323761e-24,1.1754296464743527e-05,-1.1754296464730806e-05,3.626097507773344e-21,3.1635417817366384e-11,3.1635417803905156e-11,7.738321769284578e-10,-2.596338914797055e-10,2.5963389157906724e-10,-3.141288163397916e-22,2.5963443999704654e-10,-2.5963435427705596e-10,1.489243944694176e-20,4.0,12.7529999251334,-3.0370391659456653e-05,6.834801132721068e-13,1.608486817828787,3.8818485453833527e-19,0.0,0.0,-0.00039449720565529916,0.0,0.0,0.0,0.0,0.0,0.0,0.0,0.0,0.0,0.0,0.0,0.0,0.0,0.0,0.0,0.0,0.0,0.0,-2.798310091474755e-12,2.798310096417289e-12,2.0885183284554382e-24,4.320306546590465e-11,4.320306544760513e-11,1.001827638914079e-09,-2.596338914797059e-10,2.596338915790676e-10,-3.15296733938471e-22,5.485173410175676e-16,-4.626979887221784e-16,1.457831063060197e-20,1.175429646467837e-05,-1.1754296464678405e-05,-1.9699309720874316e-23
0.23000000000000018,1.4102849615890897e-06,1.4102849615890852e-06,0.11997245062836316,0.9999999999654599,-5.877149157426163e-06,5.877149157426181e-06,8.933908992531315e-24,1.1754298315058883e-05,-1.1754298315045189e-05,3.77458277933273e-21,1.5386807978292768e-11,1.5386807981550942e-11,3.665634059106898e-10,-1.2627508797062184e-10,1.2627508794234263e-10,-2.5964985806020104e-23,1.262757457112977e-10,-1.2627564701391502e-10,1.454107937405677e-20,4.0,12.752999964540038,-3.0370386652836534e-05,3.333512633904156e-13,1.608486817898009,8.711214078703477e-20,0.0,0.0,-0.00039449713630391423,0.0,0.0,0.0,0.0,0.0,0.0,0.0,0.0,0.0,0.0,0.0,0.0,0.0,0.0,0.0,0.0,0.0,0.0,-1.3609812123884641e-12,1.360981216520997e-12,-1.0687440826598339e-24,2.1013027326779122e-11,2.1013027331240563e-11,4.745120025284714e-10,-1.2627508797062204e-10,1.2627508794234283e-10,-2.563257894684954e-23,6.577406758586098e-16,-5.590715723901487e-16,1.451511438825075e-20,1.1754298314987651e-05,-1.1754298314987687e-05,-1.7867817985268338e-23
0.24000000000000019,1.4102850711892676e-06,1.4102850711892642e-06,0.11997245063094518,0.9999999999654599,-5.8771496071466e-06,5.8771496071466156e-06,8.208543969439256e-24,1.1754299214506963e-05,-1.1754299214492421e-05,3.9185494167935e-21,7.47497385284542e-12,7.474973939539755e-12,1.7364423610933838e-10,-6.134247118346745e-11,6.134247045140529e-11,-2.340730568706013e-22,6.134325742217866e-11,-6.134318372062012e-11,1.42462463698261e-20,4.0,12.752999982983646,-3.037038428668759e-05,1.623642982612825e-13,1.6084868179307963,1.954966430298831e-20,0.0,0.0,-0.0003944971034555511,0.0,0.0,0.0,0.0,0.0,0.0,0.0,0.0,0.0,0.0,0.0,0.0,0.0,0.0,0.0,0.0,0.0,0.0,-6.611434566887696e-13,6.611434520101946e-13,-3.788877867350365e-23,1.0208194235640255e-11,1.0208194354195643e-11,2.247560158725924e-10,-6.134247118346754e-11,6.134247045140538e-11,-2.2546817726968287e-22,7.862387112075813e-16,-7.132692148270091e-16,1.4012173312955497e-20,1.1754299214428526e-05,-1.1754299214428556e-05,-1.641708793906752e-23
0.25000000000000017,1.4102851244064713e-06,1.4102851244064684e-06,0.11997245063216831,0.9999999999654599,-5.877149825503151e-06,5.877149825503164e-06,7.746836709981113e-24,1.175429965122821e-05,-1.1754299651212878e-05,4.0624031702490966e-21,3.6271921960248366e-12,3.627192265906052e-12,8.22545975780639e-11,-2.9764966786903864e-11,2.976496620633571e-11,3.843595379052282e-23,2.9765823699533606e-11,-2.9765737299666655e-11,1.4673795029743656e-20,4.0,12.75299999193925,-3.0370383168373816e-05,7.898133643915044e-14,1.6084868179463263,4.387119311486504e-21,0.0,0.0,-0.0003944970878968087,0.0,0.0,0.0,0.0,0.0,0.0,0.0,0.0,0.0,0.0,0.0,0.0,0.0,0.0,0.0,0.0,0.0,0.0,-3.2080402596136735e-13,3.2080402350876547e-13,-2.747478874705824e-23,4.953463986588402e-12,4.953464082079143e-12,1.0645473178974158e-10,-2.976496678690391e-11,2.976496620633576e-11,4.5260126588382733e-23,8.569126297428482e-16,-7.710933309427802e-16,1.471223098353418e-20,1.1754299651141627e-05,-1.1754299651141653e-05,-1.5493673420140602e-23
0.2600000000000002,1.410285150217702e-06,1.4102851502176995e-06,0.11997245063274768,0.9999999999654599,-5.8771499314057855e-06,5.877149931405798e-06,8.421482017166294e-24,1.1754299863042667e-05,-1.1754299863026807e-05,4.208306629821111e-21,1.7582277535729984e-12,1.7582277388559445e-12,3.896262221606956e-11,-1.4427617567518588e-11,1.4427617703548148e-11,3.2242232486546907e-22,1.4428602978184386e-11,-1.4428620093352342e-11,1.4325083590879636e-20,4.0,12.752999996181662,-3.0370382639838267e-05,3.837145540907324e-14,1.6084868179536818,9.844604118529193e-22,0.0,0.0,-0.0003944970805275704,0.0,0.0,0.0,0.0,0.0,0.0,0.0,0.0,0.0,0.0,0.0,0.0,0.0,0.0,0.0,0.0,0.0,0.0,-1.5549948601244007e-13,1.5549948672791858e-13,1.0838480319513652e-23,2.401114307870053e-12,2.4011142876548053e-12,5.042056428536907e-11,-1.4427617567518606e-11,1.4427617703548172e-11,3.208233929566256e-22,9.854106657978313e-16,-1.0023898041946584e-15,1.4647505915745104e-20,1.1754299862946896e-05,-1.1754299862946922e-05,-1.6842964034526498e-23
0.2700000000000002,1.410285162723773e-06,1.4102851627237708e-06,0.11997245063302213,0.9999999999654599,-5.877149982716019e-06,5.87714998271603e-06,8.380567525579133e-24,1.1754299965674297e-05,-1.1754299965658505e-05,4.35420199907215e-21,8.514069373767853e-13,8.514070254735837e-13,1.845590404686254e-11,-6.986211998402011e-12,6.9862112534846125e-12,-2.6090858808815466e-22,6.987403005941897e-12,-6.987412815251856e-12,1.4917834508298013e-20,4.0,12.752999998190486,-3.037038239001033e-05,1.86219022889109e-14,1.608486817957166,2.2091101929445703e-22,0.0,0.0,-0.00039449707703725125,0.0,0.0,0.0,0.0,0.0,0.0,0.0,0.0,0.0,0.0,0.0,0.0,0.0,0.0,0.0,0.0,0.0,0.0,-7.529669447901649e-14,7.529668590205302e-14,-3.8737372387043294e-23,1.1627173947236304e-12,1.162717515204633e-12,2.388089456103322e-11,-6.986211998402025e-12,6.98621125348462e-12,-2.5215260534490307e-22,1.1910075398854677e-15,-1.2015617672433147e-15,1.465692592020986e-20,1.1754299965567364e-05,-1.1754299965567386e-05,-1.6761135051351233e-23
0.2800000000000002,1.41028516877736e-06,1.4102851687773584e-06,0.11997245063315214,0.9999999999654599,-5.877150007552036e-06,5.8771500075520426e-06,7.749711330922735e-24,1.1754300015358483e-05,-1.1754300015342955e-05,4.504303507511587e-21,4.119342057111381e-13,4.119342920639894e-13,8.741903219369864e-12,-3.3800246579503744e-12,3.380023938614317e-12,3.8873938849314725e-24,3.3812734895957592e-12,-3.381315449011099e-12,1.50737789651496e-20,4.0,12.752999999141506,-3.0370382271924234e-05,9.026443579036309e-15,1.6084868179588159,4.956848968421958e-23,0.0,0.0,-0.0003944970753841417,0.0,0.0,0.0,0.0,0.0,0.0,0.0,0.0,0.0,0.0,0.0,0.0,0.0,0.0,0.0,0.0,0.0,0.0,-3.642953759910281e-14,3.642952785479402e-14,-3.457834572650543e-23,5.625540232525126e-13,5.6255414126597e-13,1.1310393160738664e-11,-3.3800246579503792e-12,3.380023938614322e-12,1.2342685759287e-23,1.2488316453848118e-15,-1.2915103967817689e-15,1.507766635903453e-20,1.1754300015239397e-05,-1.175430001523941e-05,-1.5499422662023913e-23
0.2900000000000002,1.4102851717051538e-06,1.4102851717051532e-06,0.11997245063321371,0.9999999999654599,-5.877150019563537e-06,5.87715001956354e-06,7.614666355593115e-24,1.1754300039394513e-05,-1.1754300039379326e-05,4.654330360711207e-21,1.991309544731291e-13,1.991310523683521e-13,4.1406927335337976e-12,-1.6338722809279651e-12,1.6338714656140543e-12,7.046220353794537e-24,1.6352174860518339e-12,-1.6352464997324357e-12,1.480612421645193e-20,4.0,12.752999999591985,-3.037038221612165e-05,4.3716018488217936e-15,1.6084868179595977,1.1122142499791557e-23,0.0,0.0,-0.0003944970746012068,0.0,0.0,0.0,0.0,0.0,0.0,0.0,0.0,0.0,0.0,0.0,0.0,0.0,0.0,0.0,0.0,0.0,0.0,-1.7609664130769987e-14,1.760965392080986e-14,-3.927563700308086e-23,2.7194090525779445e-13,2.719410390442083e-13,5.3567582963448885e-12,-1.6338722809279675e-12,1.6338714656140567e-12,1.662966469503095e-23,1.34520512386877e-15,-1.3750341183813527e-15,1.4813170436805725e-20,1.17543000392624e-05,-1.1754300039262405e-05,-1.522933271136156e-23
0.3000000000000002,1.4102851731198628e-06,1.410285173119863e-06,0.11997245063324287,0.9999999999654599,-5.877150025367317e-06,5.8771500253673155e-06,7.778081810149954e-24,1.1754300051015924e-05,-1.1754300051001077e-05,4.808470878413599e-21,9.617590381013089e-14,9.617602209426346e-14,1.961463475498045e-12,-7.891027284003392e-13,7.891017368326304e-13,-1.4509438397381838e-22,7.905186071958622e-13,-7.905602943986631e-13,1.5921148992527415e-20,4.0,12.752999999810356,-3.0370382189753853e-05,2.115207715852567e-15,1.6084868179599678,2.4960475062294066e-24,0.0,0.0,-0.00039449707423038746,0.0,0.0,0.0,0.0,0.0,0.0,0.0,0.0,0.0,0.0,0.0,0.0,0.0,0.0,0.0,0.0,0.0,0.0,-8.504812700724608e-15,8.504799995507966e-15,-4.9527334738053257e-23,1.3134134044260916e-13,1.3134150214220168e-13,2.537276734021828e-12,-7.89102728400342e-13,7.891017368326299e-13,-1.3343919958646721e-22,1.4158787955230367e-15,-1.4585575660326925e-15,1.5776054608553598e-20,1.175430005086996e-05,-1.1754300050869956e-05,-1.5556163620479004e-23
0.3100000000000002,1.4102851738013056e-06,1.4102851738013071e-06,0.11997245063325665,0.9999999999654599,-5.8771500281629e-06,5.8771500281628936e-06,7.667741148349905e-24,1.1754300056621981e-05,-1.1754300056607463e-05,4.97098360107012e-21,4.60482261816007e-14,4.6048317967536364e-14,9.21392521838212e-13,-3.779096639683104e-13,3.779089080652415e-13,2.171942087023016e-22,3.7943476610741856e-13,-3.794509893524676e-13,1.6882166543062728e-20,4.0,12.752999999881286,-3.0370382177305477e-05,9.968740256748384e-16,1.6084868179601428,5.508507537068919e-25,0.0,0.0,-0.00039449707405514846,0.0,0.0,0.0,0.0,0.0,0.0,0.0,0.0,0.0,0.0,0.0,0.0,0.0,0.0,0.0,0.0,0.0,0.0,-4.073006881888622e-15,4.0729978963666645e-15,-3.3987007906203753e-23,6.288589422550132e-14,6.288601959791734e-14,1.1917636587412962e-12,-3.7790966396830835e-13,3.779089080652447e-13,2.260793201528067e-22,1.5251021391081414e-15,-1.5420812872260572e-15,1.709936075176503e-20,1.1754300056461126e-05,-1.1754300056461113e-05,-1.5335482296876364e-23
0.32000000000000023,1.41028517412671e-06,1.410285174126713e-06,0.11997245063326312,0.9999999999654599,-5.8771500294984875e-06,5.877150029498474e-06,7.557469423727537e-24,1.1754300059309074e-05,-1.1754300059294431e-05,5.136639741701607e-21,2.1970671311321185e-14,2.1970792296929453e-14,4.3231874354258487e-13,-1.8041442131726326e-13,1.8041341331747811e-13,8.244847001685203e-24,1.8210014581082107e-13,-1.8207756787034638e-13,1.7161239792905408e-20,4.0,12.753000000234286,-3.0370382171476806e-05,4.579242590455911e-16,1.6084868179602243,1.212832828133635e-25,0.0,0.0,-0.00039449707397302123,0.0,0.0,0.0,0.0,0.0,0.0,0.0,0.0,0.0,0.0,0.0,0.0,0.0,0.0,0.0,0.0,0.0,0.0,-1.9444141713411424e-15,1.9444041786102928e-15,-4.8645252379331764e-23,3.000514608076289e-14,3.000531142618384e-14,5.591277099984522e-13,-1.8041442131726334e-13,1.8041341331747854e-13,2.009317892957986e-23,1.6857244935578085e-15,-1.6641545528682675e-15,1.7169484639907094e-20,1.17543000591323e-05,-1.1754300059132273e-05,-1.5114938847629088e-23
0.33000000000000024,1.4102851742826145e-06,1.4102851742826188e-06,0.11997245063326617,0.9999999999654599,-5.877150030139388e-06,5.87715003013937e-06,7.64722093757008e-24,1.1754300060608079e-05,-1.1754300060593212e-05,5.305319637351407e-21,1.0650855416937301e-14,1.0650930091750675e-14,2.0541166540967195e-13,-8.770222519919532e-14,8.770161787406225e-14,3.6002538352689232e-22,8.946504849401955e-14,-8.944287122819727e-14,1.6270392802915634e-20,4.0,12.75300000002844,-3.0370382168742882e-05,1.8101076845518204e-16,1.6084868179602632,2.7384280692689043e-26,0.0,0.0,-0.0003944970739343221,0.0,0.0,0.0,0.0,0.0,0.0,0.0,0.0,0.0,0.0,0.0,0.0,0.0,0.0,0.0,0.0,0.0,0.0,-9.451671904403016e-16,9.451615556300976e-16,-2.518643673794911e-23,1.4547708488038626e-14,1.4547810429657483e-14,2.6563191779418613e-13,-8.77022251991912e-14,8.770161787406666e-14,3.671640653219823e-22,1.7628232948242299e-15,-1.741253354135017e-15,1.6630418186442527e-20,1.1754300060414102e-05,-1.1754300060414066e-05,-1.5294441875316243e-23
0.34000000000000025,1.4102851743570054e-06,1.4102851743570099e-06,0.11997245063326759,0.9999999999654599,-5.877150030445751e-06,5.877150030445733e-06,1.0180949544354454e-23,1.1754300061239398e-05,-1.175430006122431e-05,5.466190621067422e-21,5.211794791821125e-15,5.212001350812169e-15,1.0156707319712062e-13,-4.302088138867954e-14,4.301908800482592e-14,-1.725053566640011e-21,4.497645255890566e-14,-4.495308923436276e-14,1.7901843518638353e-20,4.0,12.752999999961169,-3.0370382167466126e-05,7.092730067087279e-17,1.6084868179602811,6.694525088564116e-27,0.0,0.0,-0.00039449707391624167,0.0,0.0,0.0,0.0,0.0,0.0,0.0,0.0,0.0,0.0,0.0,0.0,0.0,0.0,0.0,0.0,0.0,0.0,-4.635871761220876e-16,4.63568641092108e-16,-1.060212386342354e-22,7.119477856442008e-15,7.119760702600339e-15,1.3134886731048694e-13,-4.302088138869975e-14,4.301908800480583e-14,-1.7039735944640935e-21,1.9555711702261247e-15,-1.9340012295368425e-15,1.617678995199834e-20,1.1754300061026827e-05,-1.1754300061026791e-05,-2.036189908894333e-23
0.35000000000000026,1.4102851743932358e-06,1.410285174393246e-06,0.11997245063326833,0.9999999999654599,-5.877150030596119e-06,5.877150030596077e-06,-1.7166272594663957e-23,1.1754300061560656e-05,-1.1754300061545302e-05,5.676316764448612e-21,2.0342779764616097e-15,2.035186684810566e-15,4.9477961488014355e-14,-1.7126468561647577e-14,1.7118509530723012e-14,-9.271151694157153e-21,1.9274786784768244e-14,-1.924525781315439e-14,2.4123385157599586e-20,4.0,12.753000000122622,-3.0370382166786114e-05,2.7937314195341484e-17,1.6084868179602905,1.586832472094331e-27,0.0,0.0,-0.0003944970739066575,0.0,0.0,0.0,0.0,0.0,0.0,0.0,0.0,0.0,0.0,0.0,0.0,0.0,0.0,0.0,0.0,0.0,0.0,-1.8449121522402022e-16,1.844056195879009e-16,-4.905347906059233e-22,2.7815062995901804e-15,2.782751144352793e-15,6.404738688951157e-14,-1.712646856175603e-14,1.711850953061461e-14,-9.177598855197267e-21,2.1483182231206664e-15,-2.1267482824313778e-15,1.4852233463442432e-20,1.1754300061327564e-05,-1.175430006132748e-05,3.433254518972318e-23
0.36000000000000026,1.4102851743997617e-06,1.4102851743997833e-06,0.11997245063326858,0.9999999999654599,-5.877150030625535e-06,5.877150030625442e-06,-7.443695414911008e-23,1.1754300061641883e-05,-1.1754300061626214e-05,5.9344391603726564e-21,6.685313403683858e-16,6.692755574222446e-16,1.8596120952388652e-14,-6.141628101650123e-15,6.1352852983542275e-15,-3.426278727221703e-21,8.437718809422835e-15,-8.409806065437635e-15,1.7903158430647488e-20,4.0,12.752999999886676,-3.037038216655019e-05,9.56509830241465e-17,1.6084868179602936,2.240130446423889e-28,0.0,0.0,-0.0003944970739033309,0.0,0.0,0.0,0.0,0.0,0.0,0.0,0.0,0.0,0.0,0.0,0.0,0.0,0.0,0.0,0.0,0.0,0.0,-6.609088911207625e-17,6.602287274325808e-17,-3.4790693517660707e-22,9.181718978169891e-16,9.19190067592913e-16,2.407674077646659e-14,-6.141628101689969e-15,6.135285298314401e-15,-3.3517235135825792e-21,2.2960907077727117e-15,-2.2745207670834073e-15,1.4476879703425785e-20,1.1754300061386396e-05,-1.175430006138621e-05,1.4887390829993412e-22
0.3700000000000003,1.4102851744209088e-06,1.4102851744209272e-06,0.11997245063326886,0.9999999999654599,-5.8771500307151e-06,5.877150030715023e-06,-2.1546459003721745e-23,1.1754300061843976e-05,-1.175430006182812e-05,5.9867728588046635e-21,1.3211152488065784e-15,1.3210047909544413e-15,1.8967316837740842e-14,-1.0576374747219258e-14,1.0577112422837523e-14,-4.19128037025724e-21,1.2872464833520774e-14,-1.2851632568449733e-14,2.1318852242363182e-20,4.0,12.753000000167551,-3.0370382166328147e-05,7.35552283791882e-17,1.6084868179602976,2.3434835238241685e-28,0.0,0.0,-0.00039449707389960627,0.0,0.0,0.0,0.0,0.0,0.0,0.0,0.0,0.0,0.0,0.0,0.0,0.0,0.0,0.0,0.0,0.0,0.0,-1.1388783058100013e-16,1.1389682404785183e-16,-8.398205943584062e-24,1.8020647671943206e-15,1.8019152035211102e-15,2.4488282002570536e-14,-1.057637474726859e-14,1.0577112422788223e-14,-4.199951230244595e-21,2.296090086301516e-15,-2.2745201456122102e-15,1.712757187210594e-20,1.1754300061565526e-05,-1.1754300061565372e-05,4.309291800793961e-23
0.3800000000000003,1.4102851744221581e-06,1.4102851744221797e-06,0.11997245063326893,0.9999999999654599,-5.877150030717082e-06,5.877150030716988e-06,-1.020956211305934e-22,1.1754300061870965e-05,-1.1754300061854859e-05,6.330203903758626e-21,1.031664835465309e-15,1.0313198418476586e-15,1.5270485288516645e-14,-9.340539764810304e-15,9.344058198614944e-15,1.494766654806777e-20,1.1649479592931961e-14,-1.1631428086047293e-14,3.95771437383161e-21,4.0,12.752999999736447,-3.0370382166258758e-05,1.2652691335257012e-16,1.6084868179602982,1.5178056694915257e-28,0.0,0.0,-0.0003944970738988585,0.0,0.0,0.0,0.0,0.0,0.0,0.0,0.0,0.0,0.0,0.0,0.0,0.0,0.0,0.0,0.0,0.0,0.0,-1.0056739913415641e-16,1.0060663904632219e-16,3.354451625676977e-22,1.4159148751071948e-15,1.4154384750964774e-15,1.970215233438992e-14,-9.340539764634861e-15,9.344058198790415e-15,1.4906309819316206e-20,2.3089398281216575e-15,-2.2873698874323484e-15,1.8905380921899378e-20,1.1754300061569489e-05,-1.17543000615693e-05,2.041912422635376e-22
0.3900000000000003,1.4102851744325614e-06,1.4102851744325794e-06,0.11997245063326907,0.9999999999654599,-5.877150030762197e-06,5.877150030762123e-06,-5.2719260002916354e-23,1.1754300061984375e-05,-1.1754300061968475e-05,6.42404245165216e-21,-4.871761229685612e-16,-4.86692102460867e-16,-7.952766743757913e-15,5.9778085338540985e-15,-5.9834848443560425e-15,-3.809883162096688e-20,-3.649594070907744e-15,3.567617079924075e-15,5.766045192070989e-20,4.0,12.752999999976161,-3.0370382166133858e-05,3.2621603043343344e-16,1.6084868179603,4.1095084187204316e-29,0.0,0.0,-0.00039449707389724553,0.0,0.0,0.0,0.0,0.0,0.0,0.0,0.0,0.0,0.0,0.0,0.0,0.0,0.0,0.0,0.0,0.0,0.0,6.453275689811581e-17,-6.45984427130769e-17,-6.902980939894838e-22,-6.811954090436627e-16,-6.805213814809507e-16,-1.0242905295099773e-14,5.977808533406674e-15,-5.983484844803484e-15,-3.8032110558822247e-20,2.3282144629463545e-15,-2.4158677644319673e-15,1.956162029974301e-20,1.175430006165972e-05,-1.175430006165957e-05,1.0543852000704659e-22
0.4000000000000003,1.4102851744361765e-06,1.4102851744361954e-06,0.11997245063326913,0.9999999999654599,-5.877150030780816e-06,5.877150030780956e-06,1.5147010110092316e-23,1.1754300062045989e-05,-1.1754300062029998e-05,6.491260513462169e-21,1.2101901422817528e-15,1.2098729724213655e-15,1.892866071887825e-14,-1.3451084343899367e-14,1.3456459835610355e-14,6.259230023523407e-20,1.5972045192534673e-14,-1.5872328267238995e-14,-4.421683955870803e-20,4.0,12.752999999689353,-3.0370382166092225e-05,5.717025995446803e-16,1.608486817960301,2.329583362372613e-28,0.0,0.0,-0.00039449707389655153,0.0,0.0,0.0,0.0,0.0,0.0,0.0,0.0,0.0,0.0,0.0,0.0,0.0,0.0,0.0,0.0,0.0,0.0,-1.4486083444966374e-16,1.4492403562617255e-16,9.424191034665742e-22,1.6808958326631038e-15,1.6804415093877162e-15,2.4391996050900598e-14,-1.345108434316403e-14,1.3456459836345731e-14,6.252911508404275e-20,2.520960848635306e-15,-2.4158684316286395e-15,1.8375460676526044e-20,1.1754300061696957e-05,-1.1754300061697238e-05,-3.02940202205334e-23
0.4100000000000003,1.4102851744422542e-06,1.4102851744422711e-06,0.11997245063326921,0.9999999999654599,-5.877150030814913e-06,5.8771500308152654e-06,1.8942105062879058e-22,1.1754300062139996e-05,-1.1754300062122498e-05,6.3121725201993625e-21,-7.824836174511308e-16,-7.822328592577603e-16,-1.1659193025629806e-14,8.415315618539007e-15,-8.418725650298657e-15,-2.965126515771783e-20,-5.8365314408731214e-15,6.002857018513054e-15,4.7854897081882946e-20,4.0,12.752999999920274,-3.0370382166022836e-05,3.218469817507669e-16,1.6084868179603018,8.846410706729887e-29,0.0,0.0,-0.00039449707389533506,0.0,0.0,0.0,0.0,0.0,0.0,0.0,0.0,0.0,0.0,0.0,0.0,0.0,0.0,0.0,0.0,0.0,0.0,9.081537088226754e-17,-9.084513137818916e-17,-4.877478628836921e-22,-1.0845766876904564e-15,-1.0842238962052398e-15,-1.5022277020207675e-14,8.415315618190725e-15,-8.418725650646963e-15,-2.9611182617105834e-20,2.5787841776658857e-15,-2.415868631785604e-15,1.8203631924165118e-20,1.1754300061765152e-05,-1.1754300061765856e-05,-3.7884210126194266e-22
0.4200000000000003,1.4102851744428086e-06,1.410285174442826e-06,0.11997245063326928,0.9999999999654599,-5.877150030828873e-06,5.877150030829231e-06,3.7031870936199664e-22,1.1754300062193704e-05,-1.1754300062174587e-05,6.114772218832378e-21,7.460241571432172e-16,7.459122812254578e-16,1.8144999461941385e-14,-1.2006728672376511e-14,1.2011708802196328e-14,9.042669590783435e-20,1.4585512850049742e-14,-1.4427577433981953e-14,-7.559644250855344e-20,4.0,12.75300000002227,-3.0370382165953447e-05,9.828637060068126e-16,1.6084868179603025,2.129628236498831e-28,0.0,0.0,-0.00039449707389476975,0.0,0.0,0.0,0.0,0.0,0.0,0.0,0.0,0.0,0.0,0.0,0.0,0.0,0.0,0.0,0.0,0.0,0.0,-1.2929111838767197e-16,1.2935262425031343e-16,1.2241823823192795e-21,1.0659220927175436e-15,1.0657382598130322e-15,2.3396349542194397e-14,-1.2006728671313969e-14,1.2011708803258905e-14,9.036815795510328e-20,2.5787841776732308e-15,-2.4158686317856243e-15,1.4830253399280904e-20,1.1754300061793071e-05,-1.1754300061793788e-05,-7.406374187325201e-22
0.4300000000000003,1.4102851744386128e-06,1.410285174438631e-06,0.11997245063326921,0.9999999999654599,-5.8771500308101375e-06,5.8771500308104916e-06,3.6868624581455945e-22,1.1754300062182022e-05,-1.1754300062161302e-05,6.269497419845531e-21,-6.36286234081012e-16,-6.361668917248523e-16,-9.951589904795448e-15,6.057373014227557e-15,-6.058876535128473e-15,-1.1376330017649976e-20,-3.4785888365543453e-15,3.630158080103341e-15,2.6672443251825336e-20,4.0,12.75299999984186,-3.0370382166022836e-05,1.282317103460525e-16,1.6084868179603018,6.439672209769305e-29,0.0,0.0,-0.00039449707389556187,0.0,0.0,0.0,0.0,0.0,0.0,0.0,0.0,0.0,0.0,0.0,0.0,0.0,0.0,0.0,0.0,0.0,0.0,6.540177791135072e-17,-6.541137892704526e-17,-1.9639141250470551e-22,-8.756418862247446e-16,-8.754748950158101e-16,-1.2840135740508365e-14,6.057373014093949e-15,-6.058876535262099e-15,-1.135865718026481e-20,2.578784177673212e-15,-2.4287184550251324e-15,1.529611323417536e-20,1.17543000617556e-05,-1.1754300061756308e-05,-7.373724916376081e-22
0.44000000000000034,1.4102851744370187e-06,1.4102851744370365e-06,0.11997245063326924,0.9999999999654599,-5.87715003081442e-06,5.877150030814782e-06,5.192336475699084e-22,1.1754300062216618e-05,-1.1754300062194169e-05,6.123315546036756e-21,-6.459572153115677e-16,-6.458327456019634e-16,-9.43640953892662e-15,7.084878888389053e-15,-7.086904118025084e-15,-2.071566313871973e-20,-4.409720895110396e-15,4.658185662999944e-15,3.672787306712022e-20,4.0,12.753000000255168,-3.037038216599508e-05,2.889583348483588e-16,1.608486817960302,5.79743548361434e-29,0.0,0.0,-0.0003944970738953722,0.0,0.0,0.0,0.0,0.0,0.0,0.0,0.0,0.0,0.0,0.0,0.0,0.0,0.0,0.0,0.0,0.0,0.0,7.648045205267463e-17,-7.649139146604606e-17,-3.2314583142676284e-22,-8.964381144809827e-16,-8.96260433472019e-16,-1.215395680393384e-14,7.084878888145705e-15,-7.086904118268453e-15,-2.0691857979027952e-20,2.675157993278657e-15,-2.4287184550251395e-15,1.6012209928400488e-20,1.1754300061764166e-05,-1.1754300061764889e-05,-1.0384672951517725e-21
0.45000000000000034,1.4102851744316085e-06,1.4102851744316277e-06,0.11997245063326914,0.9999999999654599,-5.877150030784415e-06,5.877150030784765e-06,4.1501917673395248e-22,1.1754300062184323e-05,-1.1754300062158896e-05,6.487309666273308e-21,5.106070364458853e-16,5.106312985166019e-16,1.2006096391472953e-14,-9.632949314894945e-15,9.63583305102041e-15,6.493413739691104e-20,1.2500854551960037e-14,-1.2199473580733309e-14,-5.086710922984257e-20,4.0,12.752999999633731,-3.0370382166078347e-05,9.127174270926271e-16,1.608486817960301,9.327648845157901e-29,0.0,0.0,-0.0003944970738964734,0.0,0.0,0.0,0.0,0.0,0.0,0.0,0.0,0.0,0.0,0.0,0.0,0.0,0.0,0.0,0.0,0.0,0.0,-1.0369383760970668e-16,1.0373890051379116e-16,8.451227776811536e-22,7.408734803756683e-16,7.408829901247945e-16,1.5453773238080416e-14,-9.632949314131902e-15,9.635833051783482e-15,6.490024108823041e-20,2.8679052370650917e-15,-2.5636405297128987e-15,1.4067028167068472e-20,1.1754300061704155e-05,-1.1754300061704855e-05,-8.30038353477461e-22
0.46000000000000035,1.410285174430203e-06,1.4102851744302238e-06,0.11997245063326911,0.9999999999654599,-5.8771500307769634e-06,5.877150030777305e-06,4.0512174607488133e-22,1.1754300062198292e-05,-1.1754300062169808e-05,6.6439453797734405e-21,-8.578772854720639e-16,-8.57595927905174e-16,-1.675020362030629e-14,1.3198952779593367e-14,-1.3204702722124135e-14,-7.102794211313641e-20,-1.0298922952605518e-14,1.060893774186044e-14,8.430877967806772e-20,4.0,12.752999999920776,-3.0370382166106102e-05,1.0271709226875433e-15,1.6084868179603007,1.8187402965715545e-28,0.0,0.0,-0.00039449707389670706,0.0,0.0,0.0,0.0,0.0,0.0,0.0,0.0,0.0,0.0,0.0,0.0,0.0,0.0,0.0,0.0,0.0,0.0,1.4238730945259006e-16,-1.424361630507409e-16,-1.0509315803220764e-21,-1.2208750418006314e-15,-1.2204644138705022e-15,-2.1564032979561704e-14,1.31989527787589e-14,-1.3204702722958639e-14,-7.096035555349104e-20,2.900029826987848e-15,-2.5957649802636942e-15,1.3280837564931313e-20,1.1754300061689252e-05,-1.1754300061689935e-05,-8.102434921590908e-22
0.47000000000000036,1.4102851744308313e-06,1.4102851744308523e-06,0.11997245063326913,0.9999999999654599,-5.877150030785698e-06,5.877150030786588e-06,4.661984971803947e-22,1.175430006224508e-05,-1.1754300062213559e-05,6.630292380907469e-21,2.0520839796228084e-17,2.066715226175988e-17,1.0279699453384419e-15,9.838906357293326e-17,-9.976761666990271e-17,-2.973819266763846e-21,2.801640763415137e-15,-2.495997363594014e-15,1.4449236749479846e-20,4.0,12.753000000121864,-3.0370382166092225e-05,4.593703419509371e-17,1.608486817960301,6.894658462181584e-31,0.0,0.0,-0.00039449707389644967,0.0,0.0,0.0,0.0,0.0,0.0,0.0,0.0,0.0,0.0,0.0,0.0,0.0,0.0,0.0,0.0,0.0,0.0,1.1908615725333001e-18,-1.1921636020644662e-18,-9.95334841313592e-23,2.5878993225945563e-17,2.6080180274804382e-17,1.3379462010152426e-15,9.838906353807347e-17,-9.976761670476278e-17,-2.9576153396011237e-21,2.9000298269880706e-15,-2.5957649802639167e-15,1.1475417482715999e-20,1.1754300061706721e-05,-1.1754300061708502e-05,-9.323969943715237e-22
0.48000000000000037,1.410285174425447e-06,1.4102851744254728e-06,0.11997245063326901,0.9999999999654599,-5.877150030731017e-06,5.877150030731869e-06,1.0310246676547841e-22,1.175430006216477e-05,-1.1754300062130128e-05,7.471897634556914e-21,-3.6834148860139213e-16,-3.6783449203570323e-16,-8.74918545020905e-15,8.461215188716187e-15,-8.468438426426614e-15,-6.162502247500995e-20,-5.516211075375466e-15,5.8276991598100444e-15,7.331932701640377e-20,4.0,12.752999999887244,-3.037038216617549e-05,9.158257427054844e-16,1.6084868179602991,4.9580575115689937e-29,0.0,0.0,-0.000394497073897834,0.0,0.0,0.0,0.0,0.0,0.0,0.0,0.0,0.0,0.0,0.0,0.0,0.0,0.0,0.0,0.0,0.0,0.0,9.132636280242755e-17,-9.139123957642365e-17,-1.0215393752219912e-21,-5.4658935761385875e-16,-5.4587346217713925e-16,-1.1238502264399504e-14,8.46121518799234e-15,-8.468438427150487e-15,-6.154011836304943e-20,2.9450041133407214e-15,-2.6407392666165698e-15,1.1694304541393818e-20,1.175430006159736e-05,-1.1754300061599064e-05,-2.0620493353333083e-22
0.4900000000000004,1.4102851744301852e-06,1.4102851744302121e-06,0.11997245063326908,0.9999999999654599,-5.87715003075908e-06,5.877150030759932e-06,1.9287740745720596e-22,1.175430006225131e-05,-1.1754300062213625e-05,7.412543840476801e-21,2.7654175928846017e-16,2.764546783390541e-16,-1.3785739326214105e-15,6.240499536689771e-16,-6.248083300599709e-16,-2.8953600700253614e-20,2.513701156870683e-15,-2.208677933755538e-15,4.103999249789971e-20,4.0,12.753000000215799,-3.037038216611998e-05,4.969894342841845e-16,1.6084868179603002,1.3228160915263697e-30,0.0,0.0,-0.0003944970738970613,0.0,0.0,0.0,0.0,0.0,0.0,0.0,0.0,0.0,0.0,0.0,0.0,0.0,0.0,0.0,0.0,0.0,0.0,6.867112831028685e-18,-6.8616721536217674e-18,-3.503401606090814e-22,3.545061694996542e-16,3.5439856801894304e-16,-1.782155128703743e-15,6.240499533287012e-16,-6.248083304002487e-16,-2.8944686512595384e-20,3.13775111053966e-15,-2.833486263815509e-15,1.2086391797646097e-20,1.1754300061653485e-05,-1.175430006165519e-05,-3.8575481491885304e-22
0.5000000000000003,1.4102851744310378e-06,1.410285174431064e-06,0.11997245063326904,0.9999999999654599,-5.877150030740351e-06,5.877150030741194e-06,-4.4930466915976107e-23,1.1754300062246193e-05,-1.175430006220545e-05,8.010378507074933e-21,5.444549972711618e-16,5.445467856970365e-16,1.150229099428805e-14,-9.323448714387591e-15,9.325031573783045e-15,4.48513754585431e-20,1.265394687781368e-14,-1.2351264890484974e-14,-3.232551230222345e-20,4.0,12.752999999721872,-3.0370382166147736e-05,8.121724655476274e-16,1.6084868179602994,8.569773141523099e-29,0.0,0.0,-0.0003944970738976165,0.0,0.0,0.0,0.0,0.0,0.0,0.0,0.0,0.0,0.0,0.0,0.0,0.0,0.0,0.0,0.0,0.0,0.0,-1.0033731706019874e-16,1.0036822917091905e-16,5.637377515966185e-22,7.82389636622801e-16,7.824970163232822e-16,1.4803788696691047e-14,-9.323448713860519e-15,9.325031574310146e-15,4.4832770048073403e-20,3.330498163426088e-15,-3.0262333167019292e-15,1.252586315631965e-20,1.1754300061616028e-05,-1.1754300061617714e-05,8.986093383298677e-23
0.5100000000000003,1.4102851744355554e-06,1.410285174435582e-06,0.11997245063326913,0.9999999999654599,-5.877150030776937e-06,5.8771500307777885e-06,1.3981720564122418e-22,1.1754300062353634e-05,-1.1754300062309867e-05,7.771579542866808e-21,-1.9919975624869363e-16,-1.994703015300039e-16,-1.178696814281719e-14,9.335113242037901e-15,-9.336518217725569e-15,-6.915557345461871e-20,-5.811868025725538e-15,6.117537848137367e-15,8.294448750097514e-20,4.0,12.75299999997554,-3.0370382166092225e-05,1.3022749628805268e-15,1.608486817960301,8.957971493624656e-29,0.0,0.0,-0.0003944970738964947,0.0,0.0,0.0,0.0,0.0,0.0,0.0,0.0,0.0,0.0,0.0,0.0,0.0,0.0,0.0,0.0,0.0,0.0,1.0077146227243555e-16,-1.007730582170499e-16,-8.172857428027478e-22,-3.336495198345294e-16,-3.339910953839067e-16,-1.5173683778229205e-14,9.335113241225138e-15,-9.33651821853836e-15,-6.913905893926845e-20,3.523245216312363e-15,-3.218980369588202e-15,1.378891404635643e-20,1.17543000616892e-05,-1.1754300061690902e-05,-2.796344112856677e-22
0.5200000000000004,1.4102851744363048e-06,1.4102851744363317e-06,0.11997245063326915,0.9999999999654599,-5.877150030791473e-06,5.877150030792328e-06,2.277761400676292e-22,1.1754300062418902e-05,-1.17543000623721e-05,7.747236428013535e-21,3.491191479565966e-16,3.4946205527715557e-16,1.810132978525312e-14,-1.5149396474985636e-14,1.5152181500074202e-14,1.0434725798377027e-19,1.8865388744184355e-14,-1.8563908922548792e-14,-8.781311047162985e-20,4.0,12.752999999669,-3.037038216606447e-05,2.0769377849325222e-15,1.6084868179603011,2.113415290045981e-28,0.0,0.0,-0.00039449707389609665,0.0,0.0,0.0,0.0,0.0,0.0,0.0,0.0,0.0,0.0,0.0,0.0,0.0,0.0,0.0,0.0,0.0,0.0,-1.6311143488853316e-16,1.6315542807180177e-16,1.267118065446055e-21,5.750686601586407e-16,5.754938290307864e-16,2.3289313247671346e-14,-1.514939647375932e-14,1.5152181501300562e-14,1.043145219488104e-19,3.715992269198719e-15,-3.41172742247459e-15,1.6534147512140417e-20,1.1754300061718272e-05,-1.1754300061719981e-05,-4.555522801405031e-22
0.5300000000000004,1.4102851744354627e-06,1.4102851744354925e-06,0.1199724506332692,0.9999999999654599,-5.877150030806348e-06,5.877150030807199e-06,3.9845658463584043e-22,1.1754300062486774e-05,-1.1754300062436921e-05,7.582197187428267e-21,-6.335857014675319e-16,-6.334224431820668e-16,-1.4930814376206908e-14,1.275523386719315e-14,-1.2759908342381027e-14,-5.974642349477569e-20,-8.8464945451082e-15,9.155433867020175e-15,7.811052798881726e-20,4.0,12.752999999926523,-3.0370382166036713e-05,1.2688985184611996e-15,1.6084868179603016,1.4428613414782967e-28,0.0,0.0,-0.00039449707389561933,0.0,0.0,0.0,0.0,0.0,0.0,0.0,0.0,0.0,0.0,0.0,0.0,0.0,0.0,0.0,0.0,0.0,0.0,1.3765039340423105e-16,-1.3768754870754937e-16,-8.757476898438426e-22,-9.2573780136025e-16,-9.254891257304183e-16,-1.920593515211949e-14,1.2755233866491215e-14,-1.2759908343082999e-14,-5.969147830255575e-20,3.9087393220849505e-15,-3.604474475360852e-15,1.8364104494041562e-20,1.1754300061748021e-05,-1.1754300061749724e-05,-7.969131692808555e-22
0.5400000000000004,1.4102851744321897e-06,1.4102851744322228e-06,0.11997245063326922,0.9999999999654599,-5.877150030817627e-06,5.877150030818476e-06,5.896323688079993e-22,1.1754300062549333e-05,-1.175430006249643e-05,7.377582014040874e-21,-2.1967594001697877e-16,-2.1937890125173007e-16,5.6955484655304146e-15,-4.835506805723176e-15,4.835996235553167e-15,5.341225712256474e-20,8.892019237028747e-15,-8.588243820134626e-15,-3.6282570860653294e-20,4.0,12.753000000098549,-3.0370382166008958e-05,1.131028375829066e-15,1.6084868179603018,2.094668748199203e-29,0.0,0.0,-0.0003944970738952873,0.0,0.0,0.0,0.0,0.0,0.0,0.0,0.0,0.0,0.0,0.0,0.0,0.0,0.0,0.0,0.0,0.0,0.0,-5.193407620657947e-17,5.19530966174556e-17,6.029441747727741e-22,-2.4689208889503925e-16,-2.465089993427419e-16,7.326840071416027e-15,-4.835506805095393e-15,4.835996236180964e-15,5.3406504210112766e-20,4.0565124313055716e-15,-3.752247584581459e-15,1.7129686261911447e-20,1.175430006177058e-05,-1.1754300061772277e-05,-1.1792647376295753e-21
0.5500000000000004,1.4102851744283834e-06,1.4102851744284164e-06,0.11997245063326911,0.9999999999654599,-5.877150030771711e-06,5.877150030772547e-06,3.755991596346159e-22,1.1754300062498069e-05,-1.1754300062442095e-05,7.97051989891773e-21,-2.9187788797131915e-16,-2.9192695965784455e-16,-8.514807703290907e-15,6.533107366937617e-15,-6.5344880954876554e-15,-3.179992294589883e-20,-2.4765938296094034e-15,2.782239404883578e-15,4.7923673001181794e-20,4.0,12.752999999825578,-3.0370382166092225e-05,6.958956476753101e-16,1.6084868179603007,4.684450330254788e-29,0.0,0.0,-0.0003944970738967087,0.0,0.0,0.0,0.0,0.0,0.0,0.0,0.0,0.0,0.0,0.0,0.0,0.0,0.0,0.0,0.0,0.0,0.0,7.059570170926839e-17,-7.059703024542763e-17,-4.11535312710345e-22,-4.3171567591650573e-16,-4.3176893207935556e-16,-1.0964708021789717e-14,6.533107366563936e-15,-6.5344880958613554e-15,-3.1783693443836084e-20,4.0565135373282136e-15,-3.752248690604077e-15,1.6123750055282966e-20,1.1754300061678747e-05,-1.175430006168042e-05,-7.511983192778802e-22
0.5600000000000004,1.4102851744277881e-06,1.410285174427822e-06,0.11997245063326914,0.9999999999654599,-5.87715003078344e-06,5.877150030784279e-06,4.732712011711218e-22,1.1754300062562091e-05,-1.1754300062503082e-05,7.938179545419873e-21,-1.4947607471357407e-17,-1.4856662947317364e-17,-6.1696243602328886e-15,5.397641911633823e-15,-5.400591949358966e-15,-3.604914857619573e-20,-1.341128374306711e-15,1.6483432587559785e-15,5.2650502142525363e-20,4.0,12.753000000185562,-3.0370382166078347e-05,8.950913387280187e-16,1.608486817960301,2.4529546809594835e-29,0.0,0.0,-0.00039449707389641595,0.0,0.0,0.0,0.0,0.0,0.0,0.0,0.0,0.0,0.0,0.0,0.0,0.0,0.0,0.0,0.0,0.0,0.0,5.83576823752619e-17,-5.837607971872702e-17,-5.34578440791697e-22,-6.263532150303273e-17,-6.249407010635673e-17,-7.934124782021301e-15,5.3976419112103015e-15,-5.400591949782503e-15,-3.601447294261108e-20,4.0565135373271115e-15,-3.7522486906029875e-15,1.6601353566329633e-20,1.1754300061702205e-05,-1.1754300061703884e-05,-9.46542402353141e-22
0.5700000000000004,1.4102851744282049e-06,1.4102851744282394e-06,0.11997245063326901,0.9999999999654599,-5.877150030728241e-06,5.8771500307290536e-06,7.924067663984371e-23,1.175430006249244e-05,-1.1754300062430333e-05,8.89672734612369e-21,2.719206749310108e-16,2.7191456728227417e-16,1.1626948169177896e-15,-1.4236907757810018e-15,1.4233801484411547e-15,-7.060298256032865e-21,5.563727592986637e-15,-5.259152118922674e-15,2.4719125145214597e-20,4.0,12.752999999783533,-3.037038216617549e-05,1.429981824149735e-16,1.6084868179602991,9.773970621368496e-31,0.0,0.0,-0.00039449707389799856,0.0,0.0,0.0,0.0,0.0,0.0,0.0,0.0,0.0,0.0,0.0,0.0,0.0,0.0,0.0,0.0,0.0,0.0,-1.5158121748059836e-17,1.516843447121393e-17,-9.106182132724135e-23,3.648837073560483e-16,3.648781394666375e-16,1.4887264268798888e-15,-1.4236907758639714e-15,1.4233801483581892e-15,-7.05664704809536e-21,4.140036817205635e-15,-3.835771970481519e-15,1.7658826889181733e-20,1.1754300061591808e-05,-1.1754300061593433e-05,-1.5848135328151198e-22
0.5800000000000004,1.4102851744325444e-06,1.4102851744325794e-06,0.11997245063326906,0.9999999999654599,-5.877150030756067e-06,5.87715003075688e-06,1.4262949641050203e-22,1.1754300062590068e-05,-1.1754300062524925e-05,8.952735876915213e-21,4.359489880529636e-16,4.361946593710388e-16,-9.436747937016357e-15,7.77087461773425e-15,-7.777716454349814e-15,-7.766700879964349e-20,-3.560164800047328e-15,3.871271483387011e-15,9.639420434864176e-20,4.0,12.753000000305999,-3.0370382166147736e-05,1.935904496900955e-15,1.6084868179603,5.756414587202342e-29,0.0,0.0,-0.00039449707389731145,0.0,0.0,0.0,0.0,0.0,0.0,0.0,0.0,0.0,0.0,0.0,0.0,0.0,0.0,0.0,0.0,0.0,0.0,8.394291059391727e-17,-8.400364069193424e-17,-1.176183774271864e-21,5.045140362811573e-16,5.048869010154388e-16,-1.2143382127459336e-14,7.77087461682181e-15,-7.777716455262275e-15,-7.758658778837708e-20,4.210709817686921e-15,-3.906444970962803e-15,1.872719554899827e-20,1.175430006164746e-05,-1.1754300061649086e-05,-2.852589928242882e-22
0.5900000000000004,1.410285174436126e-06,1.4102851744361623e-06,0.11997245063326906,0.9999999999654599,-5.877150030754343e-06,5.8771500307551405e-06,2.971045840129916e-23,1.1754300062629394e-05,-1.1754300062561178e-05,9.366678985165853e-21,2.643402090479649e-16,2.6434108425398422e-16,1.8572147869742607e-14,-1.479262264515269e-14,1.4797979226211492e-14,8.580362479370503e-20,1.9163955157754266e-14,-1.886504689208892e-14,-6.714238981830361e-20,4.0,12.753000000021986,-3.0370382166147736e-05,2.136753048657442e-15,1.6084868179603,2.2235033925980184e-28,0.0,0.0,-0.00039449707389730695,0.0,0.0,0.0,0.0,0.0,0.0,0.0,0.0,0.0,0.0,0.0,0.0,0.0,0.0,0.0,0.0,0.0,0.0,-1.592365434867209e-16,1.5930850403463935e-16,1.1927102419812047e-21,4.620226365921878e-16,4.619822945695393e-16,2.3907064633192677e-14,-1.479262264414452e-14,1.4797979227219704e-14,8.574066192080704e-20,4.3713325126015776e-15,-4.067067665877427e-15,1.8661234975401423e-20,1.175430006164401e-05,-1.1754300061645606e-05,-5.942091680328243e-23
0.6000000000000004,1.4102851744379439e-06,1.4102851744379803e-06,0.11997245063326906,0.9999999999654599,-5.87715003074612e-06,5.8771500307469116e-06,-7.152276614917917e-23,1.1754300062657626e-05,-1.1754300062586353e-05,9.745265146356389e-21,1.192148969611504e-16,1.1919705026852826e-16,-1.6117768115562244e-14,1.553286779738221e-14,-1.553972999277163e-14,-1.1037591012006905e-19,-1.0975213111955103e-14,1.128634015406869e-14,1.2704387356819578e-19,4.0,12.752999999978885,-3.0370382166147736e-05,2.8049084632140772e-15,1.6084868179603,1.674788773892453e-28,0.0,0.0,-0.00039449707389728884,0.0,0.0,0.0,0.0,0.0,0.0,0.0,0.0,0.0,0.0,0.0,0.0,0.0,0.0,0.0,0.0,0.0,0.0,1.6761656649479555e-16,-1.6767752125127388e-16,-1.5314198806797612e-21,3.066533102488028e-17,3.06952618730249e-17,-2.0704514846050924e-14,1.5532867796085318e-14,-1.553972999406857e-14,-1.1029524980115884e-19,4.557654685427108e-15,-4.25338983870294e-15,1.666796344812673e-20,1.1754300061627565e-05,-1.1754300061629149e-05,1.430455323000052e-22
0.6100000000000004,1.4102851744412371e-06,1.4102851744412716e-06,0.11997245063326911,0.9999999999654599,-5.877150030774427e-06,5.877150030775235e-06,2.345832487069587e-23,1.1754300062759819e-05,-1.1754300062685544e-05,9.729247012009757e-21,4.437359513947397e-16,4.4346021899136725e-16,1.9541550196969682e-14,-1.8746437345689486e-14,1.8755144110280196e-14,9.97677688963851e-20,2.330409261706893e-14,-2.3021384237034933e-14,-8.177095973905551e-20,4.0,12.753000000081196,-3.0370382166106102e-05,2.5544444709902888e-15,1.6084868179603007,2.465852657712576e-28,0.0,0.0,-0.0003944970738965913,0.0,0.0,0.0,0.0,0.0,0.0,0.0,0.0,0.0,0.0,0.0,0.0,0.0,0.0,0.0,0.0,0.0,0.0,-2.0184184321415988e-16,2.0194966474092493e-16,1.5083826561943491e-21,7.2689356509379735e-16,7.264670551369898e-16,2.5103999078015546e-14,-1.8746437344517412e-14,1.8755144111452327e-14,9.966542695907034e-20,4.557655271379446e-15,-4.266240126754737e-15,1.799680915732959e-20,1.1754300061684179e-05,-1.1754300061685795e-05,-4.691664974193188e-23
0.6200000000000004,1.410285174442714e-06,1.410285174442749e-06,0.11997245063326911,0.9999999999654599,-5.877150030769442e-06,5.877150030770244e-06,-5.231520295310228e-23,1.1754300062795425e-05,-1.1754300062718223e-05,1.005845338402973e-20,1.9530283492158753e-17,1.9731521722322596e-17,1.5613760342070488e-16,-5.424869746954896e-16,5.409559319429142e-16,1.3296527671269685e-21,5.10014224607561e-15,-4.807196058698313e-15,1.685115207307734e-20,4.0,12.752999999861364,-3.0370382166092225e-05,6.41614193745027e-17,1.6084868179603007,1.924726845132562e-32,0.0,0.0,-0.0003944970738966783,0.0,0.0,0.0,0.0,0.0,0.0,0.0,0.0,0.0,0.0,0.0,0.0,0.0,0.0,0.0,0.0,0.0,0.0,-5.6418553599946646e-18,5.638316984723543e-18,-6.011835048479979e-23,2.9716903476624606e-17,2.999078279230248e-17,1.9431123931410242e-16,-5.424869746797555e-16,5.409559319586498e-16,1.3476491028643247e-21,4.55765527138012e-15,-4.266240126755399e-15,1.818080484020431e-20,1.1754300061674209e-05,-1.1754300061675813e-05,1.0463040590740915e-22
0.6300000000000004,1.4102851744424888e-06,1.4102851744425265e-06,0.11997245063326922,0.9999999999654599,-5.8771500308366835e-06,5.877150030837505e-06,3.9095354346928053e-22,1.1754300062975484e-05,-1.1754300062895407e-05,9.361118659259014e-21,-2.1831630718067533e-16,-2.1826798587545736e-16,1.0059287864187047e-14,-9.89179488081193e-15,9.896508016241034e-15,7.887911791733936e-20,1.4449450152192046e-14,-1.4162748142996436e-14,-5.977379365198339e-20,4.0,12.753000000122114,-3.0370382166022836e-05,1.9876319395151175e-15,1.6084868179603018,6.527837926566116e-29,0.0,0.0,-0.0003944970738950774,0.0,0.0,0.0,0.0,0.0,0.0,0.0,0.0,0.0,0.0,0.0,0.0,0.0,0.0,0.0,0.0,0.0,0.0,-1.0640752172208718e-16,1.0647190499685937e-16,1.0861693734906645e-21,-2.0464162703002853e-16,-2.0461525235079128e-16,1.2918765939507408e-14,-9.8917948798851e-15,9.896508017167891e-15,7.882371829839445e-20,4.557655271380116e-15,-4.266240126755403e-15,1.9105324265355967e-20,1.1754300061808692e-05,-1.1754300061810336e-05,-7.81907086947563e-22
0.6400000000000005,1.4102851744375326e-06,1.410285174437568e-06,0.11997245063326917,0.9999999999654599,-5.877150030800325e-06,5.877150030801149e-06,3.0474134689203774e-22,1.1754300062948523e-05,-1.1754300062865539e-05,9.718860044663804e-21,-4.326618339756176e-16,-4.326443440659236e-16,1.2362749188898185e-15,-2.1319079001021918e-15,2.1340299570433932e-15,3.133655761093382e-20,6.773087118849424e-15,-6.483794031165896e-15,-1.2981109694445946e-20,4.0,12.752999999774335,-3.037038216605059e-05,9.738044784969275e-16,1.6084868179603014,1.2304500172420776e-30,0.0,0.0,-0.0003944970738958567,0.0,0.0,0.0,0.0,0.0,0.0,0.0,0.0,0.0,0.0,0.0,0.0,0.0,0.0,0.0,0.0,0.0,0.0,-2.276854747251778e-17,2.2804744524739273e-17,4.441562679333594e-22,-5.453887963516831e-16,-5.453825345396887e-16,1.5730294905594053e-15,-2.1319078997340024e-15,2.134029957411589e-15,3.131161431257399e-20,4.6411792187472324e-15,-4.349764074122503e-15,1.8355447916487872e-20,1.1754300061735975e-05,-1.1754300061737623e-05,-6.094826937910923e-22
0.6500000000000005,1.4102851744337805e-06,1.4102851744338177e-06,0.11997245063326921,0.9999999999654599,-5.877150030829335e-06,5.877150030830169e-06,5.658828549398742e-22,1.1754300063053919e-05,-1.1754300062968038e-05,9.382958782732555e-21,-5.345077758515894e-16,-5.344875845257073e-16,-1.2123897486360893e-14,1.362612172253541e-14,-1.3629884011354842e-14,-4.852453189707362e-20,-8.79219526098481e-15,9.087372694428984e-15,6.78415338005073e-20,4.0,12.753000000286255,-3.0370382166022836e-05,1.5566166474187732e-15,1.6084868179603018,9.541721237610255e-29,0.0,0.0,-0.00039449707389531185,0.0,0.0,0.0,0.0,0.0,0.0,0.0,0.0,0.0,0.0,0.0,0.0,0.0,0.0,0.0,0.0,0.0,0.0,1.4707842120279257e-16,-1.4710623235811846e-16,-7.09406032627914e-22,-8.03896229484428e-16,-8.038406588427363e-16,-1.5543016123426006e-14,1.3626121721965318e-14,-1.3629884011924973e-14,-4.8480308818691406e-20,4.833926461550601e-15,-4.5425113169258575e-15,1.9317001903433677e-20,1.1754300061793995e-05,-1.1754300061795663e-05,-1.1317657098927781e-21
0.6600000000000005,1.4102851744296728e-06,1.4102851744297107e-06,0.11997245063326915,0.9999999999654599,-5.877150030798384e-06,5.87715003079921e-06,4.836218153265265e-22,1.175430006304132e-05,-1.175430006295251e-05,9.744948890865031e-21,-1.4766880447470453e-16,-1.4744692934554324e-16,1.1785305368471824e-14,-1.4760127393568317e-14,1.4764503309897474e-14,8.328159259197605e-20,1.978680090800479e-14,-1.9499761679709205e-14,-6.326662566540832e-20,4.0,12.752999999694492,-3.037038216606447e-05,2.7136682529784036e-15,1.6084868179603011,8.987253598857678e-29,0.0,0.0,-0.00039449707389602743,0.0,0.0,0.0,0.0,0.0,0.0,0.0,0.0,0.0,0.0,0.0,0.0,0.0,0.0,0.0,0.0,0.0,0.0,-1.588568707235512e-16,1.5891758671308686e-16,1.1173180609712494e-21,-7.385686193794129e-17,-7.360209909518338e-17,1.508469715708733e-14,-1.4760127392589725e-14,1.476450331087611e-14,8.32301567469185e-20,5.026673514436474e-15,-4.735258369811731e-15,2.0014966926567735e-20,1.1754300061732094e-05,-1.1754300061733745e-05,-9.672436306641886e-22
0.6700000000000005,1.4102851744261604e-06,1.4102851744262002e-06,0.11997245063326917,0.9999999999654599,-5.877150030806343e-06,5.8771500308071695e-06,6.094641974684534e-22,1.1754300063107802e-05,-1.1754300063016079e-05,9.690139553512644e-21,-6.945508904029197e-16,-6.944089547041747e-16,-1.7130478426044543e-14,2.234649173786373e-14,-2.2354054482433566e-14,-8.369314984056328e-20,-1.7287693681745342e-14,1.758667157093995e-14,1.0280858400788627e-19,4.0,12.752999999977963,-3.037038216606447e-05,2.810433444639791e-15,1.6084868179603014,1.909527733199969e-28,0.0,0.0,-0.00039449707389580267,0.0,0.0,0.0,0.0,0.0,0.0,0.0,0.0,0.0,0.0,0.0,0.0,0.0,0.0,0.0,0.0,0.0,0.0,2.4107569465511475e-16,-2.411448444465278e-16,-1.2768040525162955e-21,-1.0817437204242967e-15,-1.0815000411497669e-15,-2.191201338075587e-14,2.2346491736880533e-14,-2.235405448341683e-14,-8.360425506007688e-20,5.058798056118389e-15,-4.7673829114936174e-15,1.9115434167322996e-20,1.1754300061748011e-05,-1.1754300061749664e-05,-1.2189283949509401e-21
0.6800000000000005,1.410285174423173e-06,1.410285174423215e-06,0.11997245063326917,0.9999999999654599,-5.877150030815089e-06,5.877150030815916e-06,7.07378372699888e-22,1.1754300063175887e-05,-1.1754300063081248e-05,9.678672264672682e-21,9.710448131262264e-17,9.737643066734989e-17,1.93237704870232e-14,-2.584553423096767e-14,2.5852807577399985e-14,1.2285711909821415e-19,3.090433228708635e-14,-3.062019048889388e-14,-1.0510204177587884e-19,4.0,12.752999999620146,-3.037038216606447e-05,4.248779089826881e-15,1.6084868179603014,2.4207697933776232e-28,0.0,0.0,-0.0003944970738956656,0.0,0.0,0.0,0.0,0.0,0.0,0.0,0.0,0.0,0.0,0.0,0.0,0.0,0.0,0.0,0.0,0.0,0.0,-2.7833277214658654e-16,2.784250055658314e-16,1.6879783186346376e-21,3.330524420175075e-16,3.3334975512110004e-16,2.4707310037297777e-14,-2.5845534229524114e-14,2.5852807578843616e-14,1.2277162598486804e-19,5.0587980561186825e-15,-4.767382911493895e-15,1.7755077322335305e-20,1.1754300061765504e-05,-1.1754300061767157e-05,-1.4147567454160638e-21
0.6900000000000005,1.4102851744188513e-06,1.410285174418895e-06,0.11997245063326918,0.9999999999654599,-5.877150030815498e-06,5.877150030816326e-06,8.085734725397034e-22,1.1754300063228077e-05,-1.1754300063130526e-05,9.65757763199658e-21,-7.871943281112315e-16,-7.870814482237074e-16,-1.0058738080713747e-14,1.4191282070037788e-14,-1.4195082261760456e-14,-3.614436751718684e-20,-8.95901105374669e-15,9.254226390094193e-15,5.487689025707177e-20,4.0,12.752999999923112,-3.037038216605059e-05,1.2952336563566107e-15,1.6084868179603014,6.666786060415303e-29,0.0,0.0,-0.00039449707389557575,0.0,0.0,0.0,0.0,0.0,0.0,0.0,0.0,0.0,0.0,0.0,0.0,0.0,0.0,0.0,0.0,0.0,0.0,1.531875915095384e-16,-1.5321581368875803e-16,-5.772517380388669e-22,-1.1369103261733049e-15,-1.1367337590956224e-15,-1.2849265921010106e-14,1.419128206961322e-14,-1.4195082262185067e-14,-3.609969891841812e-20,5.232271016291098e-15,-4.940855871666263e-15,1.873252273988493e-20,1.1754300061766322e-05,-1.1754300061767977e-05,-1.6171469450980247e-21
0.7000000000000005,1.4102851744140044e-06,1.41028517441405e-06,0.11997245063326925,0.9999999999654599,-5.877150030861449e-06,5.877150030862512e-06,1.0855535824632828e-21,1.1754300063373394e-05,-1.1754300063272962e-05,9.24921355039231e-21,-2.517144665339668e-16,-2.5150081584173524e-16,1.8652662886049523e-14,-2.8216195059604183e-14,2.8225662380966776e-14,1.388426605494172e-19,3.363478820670678e-14,-3.3352840383444534e-14,-1.1927443810259562e-19,4.0,12.75300000002152,-3.0370382166008958e-05,5.144583988733178e-15,1.608486817960302,2.2639808378864847e-28,0.0,0.0,-0.00039449707389489145,0.0,0.0,0.0,0.0,0.0,0.0,0.0,0.0,0.0,0.0,0.0,0.0,0.0,0.0,0.0,0.0,0.0,0.0,-3.0386723614694903e-16,3.0398333362818637e-16,1.968868149024525e-21,-1.0142992569512615e-16,-1.0122569688355703e-16,2.3796921584925972e-14,-2.821619505797288e-14,2.8225662382598162e-14,1.3873137879422157e-19,5.418593147102599e-15,-5.127178002477758e-15,1.9568222446821578e-20,1.1754300061858223e-05,-1.175430006186035e-05,-2.171107164951561e-21
0.7100000000000005,1.4102851744052507e-06,1.410285174405298e-06,0.1199724506332692,0.9999999999654599,-5.877150030824765e-06,5.877150030825821e-06,1.0951309503723308e-21,1.175430006335425e-05,-1.1754300063250942e-05,9.4321696220264e-21,-9.62825179776102e-16,-9.628253734981595e-16,-8.855651217458249e-15,1.1844151641601304e-14,-1.1845523612471204e-14,-1.6434809454389703e-20,-6.41270910430185e-15,6.6605217375214536e-15,3.7262614942849095e-20,4.0,12.752999999851301,-3.0370382166036713e-05,6.482879346036802e-16,1.6084868179603016,5.221808569172459e-29,0.0,0.0,-0.00039449707389550663,0.0,0.0,0.0,0.0,0.0,0.0,0.0,0.0,0.0,0.0,0.0,0.0,0.0,0.0,0.0,0.0,0.0,0.0,1.2789951964589876e-16,-1.2790335350179293e-16,-2.4450282333403033e-22,-1.3464345634727243e-15,-1.3464241025013911e-15,-1.1322826953044918e-14,1.1844151641408238e-14,-1.1845523612664306e-14,-1.6418682894863985e-20,5.431442537299455e-15,-5.1850018749497504e-15,2.0827805488459392e-20,1.1754300061784855e-05,-1.1754300061786968e-05,-2.190261900769878e-21
0.7200000000000005,1.4102851743993778e-06,1.4102851743994235e-06,0.11997245063326924,0.9999999999654599,-5.877150030868952e-06,5.87715003087004e-06,1.398801088832354e-21,1.175430006349712e-05,-1.1754300063392193e-05,9.037910798651329e-21,-7.362050824654655e-16,-7.361333740165538e-16,-3.8500884091718086e-15,5.490119644918738e-15,-5.490531622569439e-15,2.3238349036011287e-21,2.4846487768054507e-17,1.1278228203231636e-16,1.9086210829783375e-20,4.0,12.753000000192237,-3.0370382166022836e-05,1.0947925652522302e-16,1.608486817960302,1.0396720567276934e-29,0.0,0.0,-0.00039449707389498096,0.0,0.0,0.0,0.0,0.0,0.0,0.0,0.0,0.0,0.0,0.0,0.0,0.0,0.0,0.0,0.0,0.0,0.0,5.942015606112648e-17,-5.941846189757814e-17,5.822043965759768e-24,-1.0009898462113126e-15,-1.0008932922251634e-15,-4.917268689236622e-15,5.4901196449460895e-15,-5.490531622542104e-15,2.3286774121930223e-21,5.514966132686793e-15,-5.377749340537123e-15,2.1410045733384503e-20,1.175430006187323e-05,-1.1754300061875405e-05,-2.7976021776969162e-21
0.7300000000000005,1.4102851743914517e-06,1.4102851743914985e-06,0.11997245063326915,0.9999999999654599,-5.87715003079479e-06,5.877150030795857e-06,1.2167207285128255e-21,1.1754300063404528e-05,-1.1754300063298185e-05,9.611684809133887e-21,-3.442310597428162e-16,-3.4445284065696345e-16,3.3893692604794293e-15,-8.135886097468072e-15,8.141900029162669e-15,5.0412374428352457e-20,1.3721525907824871e-14,-1.3590323155281148e-14,-3.023642251231911e-20,4.0,12.75299999977765,-3.037038216606447e-05,1.8680467321712476e-15,1.6084868179603011,7.860110862792715e-30,0.0,0.0,-0.0003944970738961788,0.0,0.0,0.0,0.0,0.0,0.0,0.0,0.0,0.0,0.0,0.0,0.0,0.0,0.0,0.0,0.0,0.0,0.0,-8.743617699994968e-17,8.75077664758626e-17,8.4195867530887545e-22,-3.8236711141221058e-16,-3.8270273145616795e-16,4.275956218956344e-15,-8.135886096875937e-15,8.141900029754828e-15,5.034168486371898e-20,5.585639810356799e-15,-5.448423126118479e-15,2.0175951916033348e-20,1.1754300061724906e-05,-1.175430006172704e-05,-2.433441457053667e-21
0.7400000000000005,1.410285174388688e-06,1.4102851743887325e-06,0.11997245063326921,0.9999999999654599,-5.877150030850547e-06,5.877150030851649e-06,1.5180371573121487e-21,1.1754300063571896e-05,-1.1754300063464252e-05,9.204126202514028e-21,-8.206967976766976e-16,-8.203702326068835e-16,-1.1114804633094044e-14,1.9881147527896253e-14,-1.9888900064956726e-14,-6.146581746428486e-20,-1.4295507795008206e-14,1.444047701630717e-14,8.063648876075602e-20,4.0,12.753000000274406,-3.0370382166036713e-05,2.213843157336592e-15,1.6084868179603018,8.222176140840268e-29,0.0,0.0,-0.00039449707389550246,0.0,0.0,0.0,0.0,0.0,0.0,0.0,0.0,0.0,0.0,0.0,0.0,0.0,0.0,0.0,0.0,0.0,0.0,2.1452814195913243e-16,-2.146062927404918e-16,-1.0453809915172238e-21,-1.2260128059982596e-15,-1.2255272345640969e-15,-1.4131081902570807e-14,1.9881147527174335e-14,-1.9888900065678707e-14,-6.137469180899134e-20,5.585639732888047e-15,-5.448423048649555e-15,1.917067129647116e-20,1.175430006183642e-05,-1.1754300061838623e-05,-3.0360743146592512e-21
0.7500000000000006,1.410285174382227e-06,1.410285174382274e-06,0.11997245063326915,0.9999999999654599,-5.877150030804076e-06,5.877150030805161e-06,1.428537233713207e-21,1.1754300063535481e-05,-1.175430006342576e-05,9.57459898675837e-21,-1.1051793663040265e-16,-1.1067587589832896e-16,1.0722617384230307e-14,-2.202939857312528e-14,2.2039561636054427e-14,1.0757806881259322e-19,2.7775660235959342e-14,-2.748798468470416e-14,-8.838969114986499e-20,4.0,12.752999999718426,-3.0370382166078347e-05,3.895397707345295e-15,1.6084868179603011,7.623602010572676e-29,0.0,0.0,-0.00039449707389619125,0.0,0.0,0.0,0.0,0.0,0.0,0.0,0.0,0.0,0.0,0.0,0.0,0.0,0.0,0.0,0.0,0.0,0.0,-2.37171736912242e-16,2.3729568750626283e-16,1.6645045769524856e-21,3.2638170821753615e-17,3.235326651911726e-17,1.3586846773876417e-14,-2.2029398571861508e-14,2.2039561637318264e-14,1.0745860910656771e-19,5.746261662834063e-15,-5.448423048649732e-15,1.9188377662728238e-20,1.1754300061743478e-05,-1.1754300061745648e-05,-2.8570744674593066e-21
0.7600000000000006,1.410285174378822e-06,1.4102851743788667e-06,0.11997245063326921,0.9999999999654599,-5.8771500308600675e-06,5.87715003086119e-06,1.7612498260711907e-21,1.17543000637058e-05,-1.1754300063592302e-05,9.096077468963255e-21,-1.1678034796484942e-15,-1.1678498158770901e-15,-1.6691325920131592e-14,3.165300145837654e-14,-3.16610046553806e-14,-1.0050598116539815e-19,-2.5726842770308416e-14,2.6206156729161184e-14,1.1839220330098335e-19,4.0,12.752999999974264,-3.037038216605059e-05,3.720261814465494e-15,1.6084868179603018,1.8595096971719786e-28,0.0,0.0,-0.0003944970738955252,0.0,0.0,0.0,0.0,0.0,0.0,0.0,0.0,0.0,0.0,0.0,0.0,0.0,0.0,0.0,0.0,0.0,0.0,3.41419406074888e-16,-3.4148525274703733e-16,-1.4806168577710416e-21,-1.77142580300864e-15,-1.7714236226254812e-15,-2.1192205693636382e-14,3.165300145719576e-14,-3.1661004656561475e-14,-1.0041190917254753e-19,5.9261586880681225e-15,-5.454847926219417e-15,1.78862221355852e-20,1.175430006185546e-05,-1.1754300061857705e-05,-3.522499652182935e-21
0.7700000000000006,1.4102851743694206e-06,1.4102851743694687e-06,0.11997245063326921,0.9999999999654599,-5.8771500308542145e-06,5.877150030855336e-06,1.894478788358919e-21,1.175430006375432e-05,-1.1754300063636102e-05,9.018351302719861e-21,-7.125008657277389e-16,-7.117688926837254e-16,1.5476078925515595e-14,-2.931203829658326e-14,2.931918188488025e-14,1.5379251403299325e-19,3.543094403753782e-14,-3.4966776138192e-14,-1.339374365496621e-19,4.0,12.75299999965834,-3.0370382166036713e-05,5.981622319870091e-15,1.6084868179603018,1.5813805948209766e-28,0.0,0.0,-0.00039449707389560085,0.0,0.0,0.0,0.0,0.0,0.0,0.0,0.0,0.0,0.0,0.0,0.0,0.0,0.0,0.0,0.0,0.0,0.0,-3.1564673299624026e-16,3.157456535072022e-16,2.0165479281112324e-21,-6.917044140911726e-16,-6.908075371601066e-16,1.9649847328431733e-14,-2.9312038294776074e-14,2.9319181886687525e-14,1.5370854613145347e-19,6.118905740954561e-15,-5.647594253311748e-15,1.985507748333114e-20,1.1754300061843754e-05,-1.1754300061845997e-05,-3.788957576761459e-21
0.7800000000000006,1.4102851743595279e-06,1.410285174359577e-06,0.1199724506332692,0.9999999999654599,-5.877150030839804e-06,5.877150030840932e-06,2.036825873938829e-21,1.1754300063786985e-05,-1.1754300063664066e-05,8.926029510637716e-21,-1.1346771427137788e-15,-1.134862799957919e-15,-1.0881521445177501e-14,1.9998175910220586e-14,-2.0000503187106663e-14,-4.340426018907208e-20,-1.3847145910646593e-14,1.4320784747753966e-14,6.20667950330783e-20,4.0,12.752999999924869,-3.037038216605059e-05,1.7888437151743878e-15,1.6084868179603016,7.989151615922022e-29,0.0,0.0,-0.00039449707389579633,0.0,0.0,0.0,0.0,0.0,0.0,0.0,0.0,0.0,0.0,0.0,0.0,0.0,0.0,0.0,0.0,0.0,0.0,2.1581517360755376e-16,-2.158192811974301e-16,-5.836294703679947e-22,-1.63508020251677e-15,-1.6353036331872263e-15,-1.3825984684744536e-14,1.999817590971059e-14,-2.000050318761672e-14,-4.3376904672275774e-20,6.151029999573993e-15,-5.6797184393526964e-15,1.866253484400622e-20,1.1754300061814933e-05,-1.175430006181719e-05,-4.0736517479245576e-21
0.7900000000000006,1.4102851743506474e-06,1.4102851743507003e-06,0.11997245063326925,0.9999999999654599,-5.877150030889352e-06,5.877150030890495e-06,2.350259647597072e-21,1.1754300063947606e-05,-1.1754300063819987e-05,8.48679167547636e-21,-7.573750861024617e-16,-7.56644102077022e-16,1.2626009428545545e-14,-2.5881463931233983e-14,2.588680872578679e-14,1.2128242824120387e-19,3.204534372405448e-14,-3.156652716514113e-14,-1.0236586631866757e-19,4.0,12.753000000067614,-3.0370382166022836e-05,5.462804322951662e-15,1.608486817960302,1.0614448385073759e-28,0.0,0.0,-0.00039449707389528594,0.0,0.0,0.0,0.0,0.0,0.0,0.0,0.0,0.0,0.0,0.0,0.0,0.0,0.0,0.0,0.0,0.0,0.0,-2.786703854842482e-16,2.7875031668289244e-16,1.5761817009453412e-21,-7.774989804134249e-16,-7.765895190179239e-16,1.5999661207911775e-14,-2.5881463929808798e-14,2.588680872721205e-14,1.2121960390556625e-19,6.163879792820496e-15,-5.6797184393543404e-15,1.8916561922536296e-20,1.175430006191403e-05,-1.1754300061916315e-05,-4.70051929524826e-21
0.8000000000000006,1.4102851743396796e-06,1.4102851743397338e-06,0.11997245063326918,0.9999999999654599,-5.877150030829377e-06,5.8771500308305095e-06,2.3181977056782962e-21,1.1754300063889295e-05,-1.1754300063756816e-05,8.742288152809085e-21,-1.1736982754502132e-15,-1.1735374302713098e-15,-4.73172314572753e-15,8.820952897493369e-15,-8.822036317272277e-15,9.339918695299165e-22,-2.6570731046729046e-15,3.142317877917974e-15,1.815217968450587e-20,4.0,12.752999999877204,-3.037038216605059e-05,1.6287845101261928e-16,1.6084868179603014,1.669315584436024e-29,0.0,0.0,-0.00039449707389605247,0.0,0.0,0.0,0.0,0.0,0.0,0.0,0.0,0.0,0.0,0.0,0.0,0.0,0.0,0.0,0.0,0.0,0.0,9.53487373859483e-17,-9.533873370762474e-17,-4.248383834900143e-23,-1.5963823970377264e-15,-1.5961646160030507e-15,-6.01009451669925e-15,8.820952897504435e-15,-8.822036317261237e-15,9.467267105544809e-22,6.1638797928204644e-15,-5.6797184393543026e-15,1.9086171554035785e-20,1.175430006179408e-05,-1.1754300061796344e-05,-4.63639541140997e-21
0.8100000000000006,1.410285174328716e-06,1.4102851743287753e-06,0.11997245063326928,0.9999999999654599,-5.8771500309125345e-06,5.877150030913689e-06,2.7310983344206165e-21,1.1754300064117248e-05,-1.1754300063979973e-05,8.105086882017057e-21,-1.126977555762599e-15,-1.126604341048704e-15,6.302352521885892e-15,-1.2729964111221876e-14,1.2734420433440505e-14,7.45316582390315e-20,1.8893843904042342e-14,-1.8414138872794854e-14,-5.58461600251362e-20,4.0,12.753000000108141,-3.037038216599508e-05,3.754025147276729e-15,1.6084868179603025,2.7727603530251684e-29,0.0,0.0,-0.0003944970738950637,0.0,0.0,0.0,0.0,0.0,0.0,0.0,0.0,0.0,0.0,0.0,0.0,0.0,0.0,0.0,0.0,0.0,0.0,-1.369247804569721e-16,1.3699504368637905e-16,1.026367706765602e-21,-1.3631984498193278e-15,-1.3627477287624815e-15,7.989340807594371e-15,-1.2729964110346136e-14,1.2734420434316283e-14,7.44792772802353e-20,6.163879792820466e-15,-5.679718439354348e-15,1.868549821389531e-20,1.1754300061960394e-05,-1.1754300061962703e-05,-5.4621966689041184e-21
0.8200000000000006,1.4102851743163061e-06,1.4102851743163643e-06,0.1199724506332692,0.9999999999654599,-5.877150030831844e-06,5.877150030832995e-06,2.6577462847507276e-21,1.1754300064017507e-05,-1.1754300063875383e-05,8.435685900161166e-21,-1.171423769527968e-15,-1.1712198850231844e-15,-6.127851555791287e-16,-9.262892204626476e-16,9.279395687702662e-16,2.7154170974485595e-20,7.0901690132831255e-15,-6.607658008124604e-15,-9.327179754644461e-21,4.0,12.752999999786574,-3.037038216605059e-05,1.813822310793901e-15,1.6084868179603016,2.030358923306833e-30,0.0,0.0,-0.0003944970738960922,0.0,0.0,0.0,0.0,0.0,0.0,0.0,0.0,0.0,0.0,0.0,0.0,0.0,0.0,0.0,0.0,0.0,0.0,-9.706002534694294e-18,9.745742275629723e-18,3.7558498744750243e-22,-1.5154277754318815e-15,-1.515175493895388e-15,-8.114547069259737e-16,-9.262892201435848e-16,9.279395690893318e-16,2.713477228152271e-20,6.163879792820478e-15,-5.679718439354338e-15,1.7826991219841135e-20,1.1754300061799014e-05,-1.1754300061801315e-05,-5.315492569562652e-21
0.8300000000000006,1.4102851743060886e-06,1.41028517430615e-06,0.11997245063326922,0.9999999999654599,-5.877150030872757e-06,5.877150030873922e-06,2.8938408627284136e-21,1.175430006416097e-05,-1.1754300064014032e-05,8.140964034400478e-21,-8.905575793847684e-16,-8.908032238281775e-16,-1.2044757382045397e-14,2.4358188498059804e-14,-2.436133591648722e-14,-3.909179854480427e-20,-1.819430870523929e-14,1.868161747713289e-14,5.755582746975191e-20,4.0,12.753000000261771,-3.0370382166036713e-05,2.8739505172022373e-15,1.6084868179603018,9.746819843681131e-29,0.0,0.0,-0.00039449707389573426,0.0,0.0,0.0,0.0,0.0,0.0,0.0,0.0,0.0,0.0,0.0,0.0,0.0,0.0,0.0,0.0,0.0,0.0,2.628075248934623e-16,-2.6281997398010664e-16,-5.772249343067826e-22,-1.3526106464595134e-15,-1.3529054303573027e-15,-1.5268423820085217e-14,2.435818849760056e-14,-2.4361335916946533e-14,-3.9054802838845573e-20,6.163879792820515e-15,-5.679718439354331e-15,1.8464028924947638e-20,1.175430006188084e-05,-1.1754300061883169e-05,-5.78768172552346e-21
0.8400000000000006,1.410285174299547e-06,1.4102851742996058e-06,0.11997245063326914,0.9999999999654599,-5.877150030780267e-06,5.87715003078142e-06,2.721050052579091e-21,1.1754300064037629e-05,-1.1754300063886212e-05,8.679165755846217e-21,-3.0976823916253814e-16,-3.0945199835849564e-16,1.0153462303518491e-14,-2.4403195774940954e-14,2.4408756235981846e-14,6.07894907364394e-20,3.056707556776151e-14,-3.0210547606747096e-14,-4.0471190746465793e-20,4.0,12.753000000023262,-3.0370382166078347e-05,4.5792596029948886e-15,1.608486817960301,6.955857032506795e-29,0.0,0.0,-0.00039449707389692233,0.0,0.0,0.0,0.0,0.0,0.0,0.0,0.0,0.0,0.0,0.0,0.0,0.0,0.0,0.0,0.0,0.0,0.0,-2.6273774011950367e-16,2.6281451773321603e-16,9.319338640496733e-22,-2.0743373736899039e-16,-2.0706613538021043e-16,1.2809000788537963e-14,-2.4403195774226836e-14,2.4408756236696036e-14,6.072413140054385e-20,6.163879792820559e-15,-5.801791370765251e-15,2.031829998997361e-20,1.1754300061695859e-05,-1.1754300061698165e-05,-5.4421001052208355e-21
0.8500000000000006,1.4102851743000897e-06,1.4102851743001475e-06,0.1199724506332691,0.9999999999654599,-5.8771500307438385e-06,5.8771500307449846e-06,2.6479111407041363e-21,1.1754300064026411e-05,-1.1754300063872324e-05,9.031431872506284e-21,4.1833790237329414e-16,4.1777611657755557e-16,-1.781655211249949e-14,3.8974525303927934e-14,-3.8982609441372465e-14,-9.005988751226892e-20,-3.2810645511107485e-14,3.298807101771978e-14,1.1092441407847918e-19,4.0,12.75300000031587,-3.0370382166106102e-05,7.205422647750341e-15,1.6084868179603007,2.117853710520597e-28,0.0,0.0,-0.00039449707389739954,0.0,0.0,0.0,0.0,0.0,0.0,0.0,0.0,0.0,0.0,0.0,0.0,0.0,0.0,0.0,0.0,0.0,0.0,4.20340808229779e-16,-4.204211228316065e-16,-1.3711962314532003e-21,2.3198644872891473e-16,2.3131935933581057e-16,-2.253785333772067e-14,3.8974525302869964e-14,-3.8982609442430555e-14,-8.996486412265734e-20,6.163879792820449e-15,-5.994538423652686e-15,2.0864526566210262e-20,1.1754300061623002e-05,-1.1754300061625295e-05,-5.295822281469243e-21
0.8600000000000007,1.4102851743065847e-06,1.4102851743066406e-06,0.11997245063326906,0.9999999999654599,-5.877150030705139e-06,5.877150030706274e-06,2.4904589157668514e-21,1.1754300064010665e-05,-1.1754300063855154e-05,9.563325767497077e-21,8.578443218076406e-16,8.580655599003183e-16,1.4126308984196433e-14,-3.248983024890686e-14,3.24954221266986e-14,4.860859329199391e-20,3.8672984715002806e-14,-3.854135970492129e-14,-2.6101280066927678e-20,4.0,12.753000000070742,-3.037038216611998e-05,4.3002818974881235e-15,1.6084868179603,1.3530464250502501e-28,0.0,0.0,-0.00039449707389788445,0.0,0.0,0.0,0.0,0.0,0.0,0.0,0.0,0.0,0.0,0.0,0.0,0.0,0.0,0.0,0.0,0.0,0.0,-3.4989387171557865e-16,3.499608706080248e-16,8.01809719247305e-22,1.3751544956096138e-15,1.3753981478452538e-15,1.78443135496731e-14,-3.2489830248335926e-14,3.249542212726962e-14,4.854286467588319e-20,6.1831544660959466e-15,-6.0459375782226895e-15,2.250731322506623e-20,1.1754300061545604e-05,-1.1754300061547874e-05,-4.980917831591047e-21
0.8700000000000007,1.4102851743173084e-06,1.4102851743173613e-06,0.11997245063326901,0.9999999999654599,-5.877150030666281e-06,5.8771500306674065e-06,2.3454581036949836e-21,1.1754300063995743e-05,-1.1754300063838842e-05,1.007851985604209e-20,1.0769641696635269e-15,1.0767345894560264e-15,-5.292183167717009e-15,1.356986138649551e-14,-1.3574609875886314e-14,-4.404352527583096e-20,-7.193959928922196e-15,7.335925306186331e-15,6.671003598041086e-20,4.0,12.752999999898408,-3.0370382166147736e-05,3.825942485751574e-15,1.6084868179602991,2.0343434485106418e-29,0.0,0.0,-0.0003944970738982181,0.0,0.0,0.0,0.0,0.0,0.0,0.0,0.0,0.0,0.0,0.0,0.0,0.0,0.0,0.0,0.0,0.0,0.0,1.4654139303823063e-16,-1.4658686895544813e-16,-7.090826014285697e-22,1.2914594464327795e-15,1.2911982753817508e-15,-6.662679795448978e-15,1.3569861385978157e-14,-1.3574609876403707e-14,-4.3987710100640735e-20,6.375901457573314e-15,-6.2386845696999826e-15,2.26665107045799e-20,1.1754300061467887e-05,-1.1754300061470138e-05,-4.690916207443973e-21
0.8800000000000007,1.4102851743254462e-06,1.4102851743255047e-06,0.1199724506332691,0.9999999999654599,-5.877150030763134e-06,5.877150030764254e-06,2.426905677224802e-21,1.1754300064254175e-05,-1.175430006409589e-05,1.0144862531768871e-20,7.473778990896257e-16,7.475129505429054e-16,3.722184383651148e-15,-6.263463233721383e-15,6.262581715511923e-15,6.210834203973438e-21,1.2832111744180744e-14,-1.269401333809798e-14,1.6518846955942416e-20,4.0,12.753000000141931,-3.0370382166106102e-05,5.713230924775317e-18,1.6084868179603007,9.864167062474644e-30,0.0,0.0,-0.0003944970738971269,0.0,0.0,0.0,0.0,0.0,0.0,0.0,0.0,0.0,0.0,0.0,0.0,0.0,0.0,0.0,0.0,0.0,0.0,-6.721148247600457e-17,6.720807013054257e-17,2.4910687734416392e-23,1.0216906949678856e-15,1.021873413376172e-15,4.738630161287343e-15,-6.2634632336483275e-15,6.262581715584998e-15,6.221195832672699e-21,6.568648510459361e-15,-6.431431622586057e-15,2.2729681159915854e-20,1.1754300061661593e-05,-1.1754300061663833e-05,-4.8538113545054845e-21
0.8900000000000007,1.4102851743332658e-06,1.4102851743333183e-06,0.11997245063326903,0.9999999999654599,-5.8771500306703356e-06,5.8771500306714486e-06,2.2833948037547345e-21,1.175430006413523e-05,-1.1754300063975557e-05,1.0656407893358796e-20,7.461735986421856e-16,7.460380266672971e-16,1.890002865305984e-15,-4.593660871971869e-15,4.594101548036302e-15,-8.629657411389434e-21,1.135505643531751e-14,-1.1218280223508682e-14,3.127184795833793e-20,4.0,12.752999999824047,-3.0370382166133858e-05,2.7564412596383186e-16,1.6084868179602994,3.1940533251539134e-30,0.0,0.0,-0.00039449707389795416,0.0,0.0,0.0,0.0,0.0,0.0,0.0,0.0,0.0,0.0,0.0,0.0,0.0,0.0,0.0,0.0,0.0,0.0,-4.920576877838321e-17,4.921673564257202e-17,-7.084968328330842e-23,1.0067776956855824e-15,1.0065977886351934e-15,2.383500761582138e-15,-4.593660872073342e-15,4.5941015479348426e-15,-8.634837248877935e-21,6.761395563345641e-15,-6.62417867547238e-15,2.2642190546948498e-20,1.1754300061475996e-05,-1.1754300061478222e-05,-4.566789607562045e-21
0.9000000000000007,1.410285174340464e-06,1.4102851743405192e-06,0.11997245063326911,0.9999999999654599,-5.8771500307678324e-06,5.877150030768951e-06,2.343092686723802e-21,1.1754300064398799e-05,-1.175430006423777e-05,1.0767091971380382e-20,7.577255198567227e-16,7.573813103778799e-16,-3.8408061682170995e-15,1.15235841580088e-14,-1.1525012166820808e-14,-8.524075255510408e-21,-4.5694415417768856e-15,4.708086438462161e-15,3.174790749886808e-20,4.0,12.753000000199236,-3.0370382166092225e-05,3.026879077888444e-15,1.6084868179603007,1.0939983869756862e-29,0.0,0.0,-0.00039449707389699394,0.0,0.0,0.0,0.0,0.0,0.0,0.0,0.0,0.0,0.0,0.0,0.0,0.0,0.0,0.0,0.0,0.0,0.0,1.245129920337718e-16,-1.245223496680117e-16,-1.614382504624336e-22,8.928453140454503e-16,8.924091294082464e-16,-4.8086570807481305e-15,1.1523584157908721e-14,-1.152501216692092e-14,-8.507290010292199e-21,6.954142616231914e-15,-6.816925728358647e-15,2.322383224335767e-20,1.175430006167099e-05,-1.1754300061673228e-05,-4.686185373501555e-21
0.9100000000000007,1.410285174348883e-06,1.4102851743489313e-06,0.11997245063326901,0.9999999999654599,-5.8771500306393824e-06,5.877150030640489e-06,2.230403448134095e-21,1.1754300064212225e-05,-1.1754300064049798e-05,1.1226506668698554e-20,9.978514288443574e-16,9.979527866776088e-16,7.255241719557595e-15,-1.9894432198801646e-14,1.9896132201418768e-14,-3.9298452476711606e-22,2.695779813512623e-14,-2.682228124987005e-14,2.387116433925586e-20,4.0,12.75299999971234,-3.0370382166133858e-05,1.9647467862494823e-15,1.6084868179602991,3.7844495592266574e-29,0.0,0.0,-0.0003944970738981336,0.0,0.0,0.0,0.0,0.0,0.0,0.0,0.0,0.0,0.0,0.0,0.0,0.0,0.0,0.0,0.0,0.0,0.0,-2.1410241868839043e-16,2.1412708326769683e-16,8.020414190685154e-23,1.4563721765490326e-15,1.45649033542357e-15,9.113485978585223e-15,-1.9894432198806414e-14,1.9896132201414063e-14,-4.1296686553472557e-22,7.063365936324584e-15,-6.926149048451282e-15,2.3478179814488746e-20,1.175430006141409e-05,-1.1754300061416303e-05,-4.460806896319546e-21
0.9200000000000007,1.4102851743631074e-06,1.4102851743631547e-06,0.11997245063326903,0.9999999999654599,-5.8771500306580815e-06,5.877150030659185e-06,2.218990518631855e-21,1.1754300064320257e-05,-1.1754300064156453e-05,1.1490437939681543e-20,1.892812337763685e-15,1.8920337360868214e-15,-1.2717579756369031e-14,3.4375127789717754e-14,-3.43803631769237e-14,-1.437399871371777e-20,-2.731176185567232e-14,2.7454214130751604e-14,3.938612308130734e-20,4.0,12.753000000304958,-3.0370382166133858e-05,8.509786136763139e-15,1.6084868179602994,1.1466278331101722e-28,0.0,0.0,-0.00039449707389800447,0.0,0.0,0.0,0.0,0.0,0.0,0.0,0.0,0.0,0.0,0.0,0.0,0.0,0.0,0.0,0.0,0.0,0.0,3.70809547241268e-16,-3.70860315910602e-16,-4.116491179772939e-22,2.185619714088761e-15,2.1846491850225065e-15,-1.598280329024123e-14,3.4375127789549216e-14,-3.438036317709234e-14,-1.431246039965395e-20,7.063365934045435e-15,-6.926149046172099e-15,2.5012124367589567e-20,1.1754300061451488e-05,-1.1754300061453696e-05,-4.437981037314803e-21
0.9300000000000007,1.4102851743809318e-06,1.4102851743809775e-06,0.11997245063326901,0.9999999999654599,-5.877150030653878e-06,5.877150030654967e-06,2.171742666241051e-21,1.1754300064382495e-05,-1.1754300064217292e-05,1.1833730696732376e-20,1.5339071213039412e-15,1.5345563190019339e-15,1.579570697782943e-14,-4.3160648401040305e-14,4.31620566881383e-14,1.23537416691777e-21,5.0236864120118896e-14,-5.010105551934362e-14,2.325377295449367e-20,4.0,12.753000000073744,-3.0370382166133858e-05,5.154238441205975e-15,1.6084868179602991,1.7574453035823148e-28,0.0,0.0,-0.00039449707389806963,0.0,0.0,0.0,0.0,0.0,0.0,0.0,0.0,0.0,0.0,0.0,0.0,0.0,0.0,0.0,0.0,0.0,0.0,-4.6486298530634435e-16,4.648844772403634e-16,8.355601328114867e-23,2.339367583965709e-15,2.3402002944423025e-15,1.9843829313256418e-14,-4.316064840102594e-14,4.316205668815279e-14,1.2188207377194854e-21,7.076215719078591e-15,-6.9389988312053214e-15,2.448914712141144e-20,1.175430006144308e-05,-1.175430006144526e-05,-4.3434853325321074e-21
0.9400000000000007,1.4102851743976062e-06,1.4102851743976477e-06,0.119972450633269,0.9999999999654599,-5.877150030623013e-06,5.8771500306240986e-06,2.193065055260605e-21,1.1754300064391528e-05,-1.1754300064224944e-05,1.203936747376381e-20,1.593303571719032e-15,1.5926677370636963e-15,-4.18338164214529e-15,1.3784403400255413e-14,-1.3785107620530169e-14,4.838090665957665e-22,-6.708187681176884e-15,6.846108789324928e-15,2.4634974233040006e-20,4.0,12.752999999905132,-3.0370382166133858e-05,4.5919314944489895e-15,1.608486817960299,1.5478599017402716e-29,0.0,0.0,-0.0003944970738982025,0.0,0.0,0.0,0.0,0.0,0.0,0.0,0.0,0.0,0.0,0.0,0.0,0.0,0.0,0.0,0.0,0.0,0.0,1.4888542250302422e-16,-1.4888690705582645e-16,-2.8283242955580007e-23,1.9610163708977043e-15,1.9601954273489113e-15,-5.217837454170624e-15,1.3784403400261168e-14,-1.3785107620524455e-14,4.920866829174148e-22,7.076215719078529e-15,-6.938998831205241e-15,2.511878329963577e-20,1.175430006138135e-05,-1.1754300061383523e-05,-4.3861301105717066e-21
0.9500000000000007,1.4102851744101578e-06,1.410285174410201e-06,0.11997245063326908,0.9999999999654599,-5.877150030750804e-06,5.877150030751897e-06,2.1553785686765957e-21,1.1754300064717871e-05,-1.175430006454993e-05,1.2366399033311978e-20,1.1135159724621115e-15,1.113646885726545e-15,4.346182338641782e-15,-9.302214371189426e-15,9.30124227811942e-15,2.5496792484911656e-21,1.6378430090267972e-14,-1.62402411093247e-14,2.2214042668176155e-20,4.0,12.753000000134513,-3.037038216611998e-05,3.551051642489441e-18,1.6084868179603002,1.4356532787071e-29,0.0,0.0,-0.0003944970738970779,0.0,0.0,0.0,0.0,0.0,0.0,0.0,0.0,0.0,0.0,0.0,0.0,0.0,0.0,0.0,0.0,0.0,0.0,-9.994002585097114e-17,9.993562801836544e-17,-1.9085098417103902e-23,1.5219789326530924e-15,1.5221569374362841e-15,5.5012076376955146e-15,-9.302214371159402e-15,9.301242278149472e-15,2.5611055217914186e-21,7.0762157190785454e-15,-6.938998831205282e-15,2.4763721916667322e-20,1.1754300061636933e-05,-1.175430006163912e-05,-4.31075713740282e-21
0.9600000000000007,1.4102851744210758e-06,1.4102851744211165e-06,0.11997245063326903,0.9999999999654599,-5.877150030645719e-06,5.877150030646793e-06,2.225269008844371e-21,1.1754300064578648e-05,-1.175430006440929e-05,1.2470010894431031e-20,1.0500837821574068e-15,1.050081983918098e-15,2.6162532124292598e-15,-6.80978473759017e-15,6.809270170779124e-15,-2.1465417498137363e-21,1.3969524365862631e-14,-1.3831792911178303e-14,2.6716656643184892e-20,4.0,12.752999999828095,-3.037038216611998e-05,3.2957256379805295e-16,1.6084868179602994,6.220819129866827e-30,0.0,0.0,-0.0003944970738977478,0.0,0.0,0.0,0.0,0.0,0.0,0.0,0.0,0.0,0.0,0.0,0.0,0.0,0.0,0.0,0.0,0.0,0.0,-7.307306846171449e-17,7.307364639057019e-17,-4.7474562653222263e-23,1.419581814676006e-15,1.4195835591547247e-15,3.2921754562464726e-15,-6.809784737615375e-15,6.809270170753939e-15,-2.1404933768041334e-21,7.15973962827246e-15,-7.0225227403991785e-15,2.4570114893371155e-20,1.1754300061426764e-05,-1.1754300061428912e-05,-4.45053801773998e-21
0.9700000000000008,1.410285174430924e-06,1.4102851744309658e-06,0.11997245063326911,0.9999999999654599,-5.877150030767779e-06,5.877150030768866e-06,2.1826643856191082e-21,1.1754300064894943e-05,-1.1754300064724239e-05,1.280281460219554e-20,9.072740820714725e-16,9.068151376145482e-16,-3.9096681261500304e-15,1.391609251113998e-14,-1.3916317669957494e-14,1.7312912660383046e-20,-6.685679141767598e-15,6.823121188458368e-15,7.073526991726173e-21,4.0,12.753000000199282,-3.0370382166092225e-05,3.644169788955472e-15,1.6084868179603007,1.2050804216852416e-29,0.0,0.0,-0.0003944970738967898,0.0,0.0,0.0,0.0,0.0,0.0,0.0,0.0,0.0,0.0,0.0,0.0,0.0,0.0,0.0,0.0,0.0,0.0,1.5031171889397538e-16,-1.5030799133562855e-16,1.7741813573096712e-22,1.06812824404934e-15,1.0675336945324811e-15,-4.859906665373017e-15,1.3916092511343517e-14,-1.3916317669753998e-14,1.7315559242263277e-20,7.230413369372383e-15,-7.093196481499126e-15,2.4386439652109217e-20,1.1754300061670884e-05,-1.1754300061673057e-05,-4.3653287712884735e-21
0.9800000000000008,1.4102851744389836e-06,1.4102851744390209e-06,0.11997245063326906,0.9999999999654599,-5.877150030668754e-06,5.877150030669832e-06,2.2658760058536365e-21,1.1754300064769196e-05,-1.1754300064597105e-05,1.2877403701637782e-20,6.810191048852628e-16,6.814842698793619e-16,9.422351274629675e-15,-3.079520140465724e-14,3.0795833572765774e-14,-2.5688312990747318e-20,3.802561457955379e-14,-3.7889029859789145e-14,4.979207672947912e-20,4.0,12.752999999748894,-3.0370382166106102e-05,4.2621987825983666e-15,1.6084868179603,6.436749589200951e-29,0.0,0.0,-0.0003944970738974855,0.0,0.0,0.0,0.0,0.0,0.0,0.0,0.0,0.0,0.0,0.0,0.0,0.0,0.0,0.0,0.0,0.0,0.0,-3.315824396579757e-16,3.3159548757660034e-16,-2.460774991430541e-22,1.1316859187293845e-15,1.1322851648638369e-15,1.1756322585591219e-14,-3.0795201404959276e-14,3.0795833572463823e-14,-2.5695743680768456e-20,7.230413174896552e-15,-7.093196287023371e-15,2.4103763738731802e-20,1.1754300061472834e-05,-1.175430006147499e-05,-4.531752011759446e-21
0.9900000000000008,1.4102851744474152e-06,1.4102851744474543e-06,0.11997245063326911,0.9999999999654599,-5.877150030742797e-06,5.8771500307438775e-06,2.2449094898102217e-21,1.1754300064989586e-05,-1.1754300064816125e-05,1.3162331577837172e-20,1.1239643391121053e-15,1.1232628091115718e-15,-1.085661948849372e-14,3.458681975584091e-14,-3.458874414404946e-14,4.788005951453977e-20,-2.7356406580944853e-14,2.7495547857026578e-14,-2.334435296627885e-20,4.0,12.753000000260679,-3.0370382166078347e-05,7.45816603532933e-15,1.6084868179603007,8.46970739885428e-29,0.0,0.0,-0.0003944970738969773,0.0,0.0,0.0,0.0,0.0,0.0,0.0,0.0,0.0,0.0,0.0,0.0,0.0,0.0,0.0,0.0,0.0,0.0,3.7309882691486356e-16,-3.731135777872767e-16,4.2494241514069475e-22,1.1844498095737743e-15,1.1835539817597013e-15,-1.3560194319036492e-14,3.458681975640389e-14,-3.458874414348658e-14,4.790267934428709e-20,7.230413174896057e-15,-7.0931962870228816e-15,2.453570654826092e-20,1.1754300061620919e-05,-1.175430006162308e-05,-4.4898189796721335e-21
1.0000000000000007,1.4102851744559062e-06,1.4102851744559444e-06,0.1199724506332691,0.9999999999654599,-5.877150030714652e-06,5.8771500307157255e-06,2.2900452150410048e-21,1.1754300065006267e-05,-1.1754300064831421e-05,1.3322825547357507e-20,3.4527997931282264e-16,3.4635261958327862e-16,1.6308592658622958e-14,-5.625668139161276e-14,5.6256781684796644e-14,-6.774223475963262e-20,6.364771691558133e-14,-6.351060032089204e-14,9.346092386166297e-20,4.0,12.752999999671172,-3.0370382166092225e-05,9.05704217481836e-15,1.6084868179603007,1.932476632370909e-28,0.0,0.0,-0.00039449707389723035,0.0,0.0,0.0,0.0,0.0,0.0,0.0,0.0,0.0,0.0,0.0,0.0,0.0,0.0,0.0,0.0,0.0,0.0,-6.059967209218322e-16,6.060039798203808e-16,-7.274450272070254e-22,8.989081883246937e-16,9.003007344550591e-16,2.030105217158688e-14,-5.6256681392409116e-14,5.6256781684000456e-14,-6.774341362632994e-20,7.391035523968573e-15,-7.253818636095392e-15,2.5718689102030356e-20,1.175430006156463e-05,-1.1754300061566776e-05,-4.5800904301347395e-21
1.0100000000000007,1.4102851744596067e-06,1.4102851744596476e-06,0.11997245063326914,0.9999999999654599,-5.877150030759839e-06,5.877150030760907e-06,2.2733118560396085e-21,1.1754300065171464e-05,-1.1754300064995285e-05,1.3616535166214047e-20,1.5579706939134475e-16,1.5561200126153964e-16,-6.469847009840298e-15,1.8728598651317875e-14,-1.8730361961783817e-14,2.6902805254589304e-20,-1.1189790309413795e-14,1.1283796296202493e-14,-1.203631473821176e-21,4.0,12.752999999934554,-3.037038216606447e-05,3.3983701887503477e-15,1.608486817960301,2.9089458557482796e-29,0.0,0.0,-0.0003944970738969683,0.0,0.0,0.0,0.0,0.0,0.0,0.0,0.0,0.0,0.0,0.0,0.0,0.0,0.0,0.0,0.0,0.0,0.0,2.021942683633022e-16,-2.0220929320483602e-16,2.0580433620751032e-22,5.2696601743641193e-17,5.2470550103506154e-17,-8.111125905498074e-15,1.872859865163425e-14,-1.87303619614675e-14,2.6923531731149933e-20,7.53880834190408e-15,-7.446565665581324e-15,2.5699173780768127e-20,1.1754300061655003e-05,-1.175430006165714e-05,-4.546623712131562e-21
1.0200000000000007,1.410285174453526e-06,1.4102851744535735e-06,0.1199724506332692,0.9999999999654599,-5.877150030899414e-06,5.877150030900479e-06,2.006443796850847e-21,1.1754300065526002e-05,-1.1754300065349858e-05,1.4394550617219533e-20,-1.3168512830707153e-15,-1.3154352047358917e-15,1.6898597939280337e-14,-6.544165650040035e-14,6.544187607943949e-14,-1.1840523801048573e-19,7.298689018176882e-14,-7.308118879790725e-14,1.416274184465935e-19,4.0,12.753000000017865,-3.0370382166078347e-05,1.2965999388487829e-14,1.6084868179603016,2.1558818791410994e-28,0.0,0.0,-0.00039449707389622204,0.0,0.0,0.0,0.0,0.0,0.0,0.0,0.0,0.0,0.0,0.0,0.0,0.0,0.0,0.0,0.0,0.0,0.0,-7.049845925114293e-16,7.049827354892446e-16,-1.270113035562197e-21,-1.1883830197413621e-15,-1.1865457690222127e-15,2.0921096753015863e-14,-6.544165650179223e-14,6.544187607804782e-14,-1.1840781899190055e-19,7.545233681368468e-15,-7.639312718467758e-15,2.322218043610776e-20,1.1754300061934153e-05,-1.1754300061936283e-05,-4.012887593747894e-21
1.0300000000000007,1.4102851744405868e-06,1.4102851744406355e-06,0.11997245063326917,0.9999999999654599,-5.877150030846589e-06,5.877150030847649e-06,2.0336233311911346e-21,1.1754300065496716e-05,-1.1754300065321467e-05,1.457011562063555e-20,-1.4530490814730707e-15,-1.4532294062678265e-15,-6.070771330755644e-15,2.179683950438895e-14,-2.179681658774445e-14,1.5886173416727482e-20,-1.410383272883564e-14,1.4022580911797314e-14,6.5172080232299275e-21,4.0,12.752999999875016,-3.0370382166078347e-05,1.6436140283426736e-15,1.6084868179603014,3.0283399957037993e-29,0.0,0.0,-0.00039449707389654486,0.0,0.0,0.0,0.0,0.0,0.0,0.0,0.0,0.0,0.0,0.0,0.0,0.0,0.0,0.0,0.0,0.0,0.0,2.352705113795904e-16,-2.352739158619498e-16,1.7417817274089955e-22,-2.0633343663789272e-15,-2.063568717766491e-15,-7.543249381990137e-15,2.179683950457571e-14,-2.1796816587557756e-14,1.5885904045370496e-20,7.69300677555331e-15,-7.774235675947136e-15,2.2403381439957408e-20,1.1754300061828503e-05,-1.1754300061830624e-05,-4.067246662429095e-21
1.0400000000000007,1.4102851744240108e-06,1.4102851744240637e-06,0.11997245063326922,0.9999999999654599,-5.877150030947162e-06,5.877150030948229e-06,1.725889033366301e-21,1.1754300065774792e-05,-1.1754300065600368e-05,1.539989565547319e-20,-1.388220528268781e-15,-1.3881449751332193e-15,-3.2437963934865998e-15,9.610148323145922e-15,-9.610317433613328e-15,1.8119945803845352e-22,-1.917141716099289e-15,1.8360819261724336e-15,2.0642292663742894e-20,4.0,12.753000000167924,-3.0370382166078347e-05,3.324826568683683e-16,1.6084868179603018,1.007101206988961e-29,0.0,0.0,-0.00039449707389603247,0.0,0.0,0.0,0.0,0.0,0.0,0.0,0.0,0.0,0.0,0.0,0.0,0.0,0.0,0.0,0.0,0.0,0.0,1.0392346851698863e-16,-1.0392896310767632e-16,-5.36192456120233e-24,-1.881567420272321e-15,-1.88146784541316e-15,-4.063169778114776e-15,9.610148323148077e-15,-9.610317433611201e-15,1.8318723317033875e-22,7.693006607046632e-15,-7.774235507440895e-15,2.082349212178135e-20,1.175430006202965e-05,-1.1754300062031784e-05,-3.4517780667723415e-21
1.0500000000000007,1.4102851744128977e-06,1.4102851744129483e-06,0.11997245063326914,0.9999999999654599,-5.877150030800054e-06,5.8771500308011174e-06,1.9214598933351676e-21,1.175430006555789e-05,-1.1754300065383886e-05,1.5209811799496857e-20,-1.1841523420639921e-15,-1.1840175088596727e-15,3.42542321247637e-15,-1.6543579920340186e-14,1.6545958854967735e-14,-5.384820150316431e-20,2.4358660257416324e-14,-2.4320194362408563e-14,7.284200140145075e-20,4.0,12.752999999803226,-3.0370382166078347e-05,4.4820001453981056e-15,1.608486817960301,1.1222641646264893e-29,0.0,0.0,-0.0003944970738970242,0.0,0.0,0.0,0.0,0.0,0.0,0.0,0.0,0.0,0.0,0.0,0.0,0.0,0.0,0.0,0.0,0.0,0.0,-1.7795338420624894e-16,1.7798109108205428e-16,-4.653761059168639e-22,-1.4070330546310637e-15,-1.406877664513693e-15,4.188330754498449e-15,-1.6543579920973322e-14,1.654595885433465e-14,-5.387616420712752e-20,7.815080337076138e-15,-7.774235507440829e-15,1.899379989828644e-20,1.1754300061735434e-05,-1.175430006173756e-05,-3.842919786714578e-21
1.0600000000000007,1.4102851744013211e-06,1.4102851744013743e-06,0.11997245063326918,0.9999999999654599,-5.877150030915294e-06,5.877150030916367e-06,1.5968340047959172e-21,1.17543000658671e-05,-1.1754300065692128e-05,1.6045713290612785e-20,-8.988051028582562e-16,-8.988664954286721e-16,-9.861816509930662e-15,3.841092150194492e-14,-3.8414457652073235e-14,6.352607612494509e-20,-3.052516690625729e-14,3.064022214463252e-14,-4.4114670768850924e-20,4.0,12.753000000254838,-3.0370382166092225e-05,5.247032152748821e-15,1.6084868179603014,7.488140555352777e-29,0.0,0.0,-0.00039449707389640706,0.0,0.0,0.0,0.0,0.0,0.0,0.0,0.0,0.0,0.0,0.0,0.0,0.0,0.0,0.0,0.0,0.0,0.0,4.1434405432734457e-16,-4.1437749017584715e-16,5.149847594986113e-22,-1.4757555788699995e-15,-1.4758060835932955e-15,-1.2205751205534158e-14,3.8410921502691927e-14,-3.841445765132634e-14,6.356764108575622e-20,7.885754595687631e-15,-7.774235507440712e-15,1.9411405356094162e-20,1.1754300061965914e-05,-1.175430006196806e-05,-3.1936680096286023e-21
1.0700000000000007,1.410285174391041e-06,1.4102851743910947e-06,0.11997245063326913,0.9999999999654599,-5.877150030824585e-06,5.877150030825649e-06,1.6915577198860657e-21,1.175430006576454e-05,-1.1754300065588436e-05,1.6063219334472994e-20,-1.340738676664384e-15,-1.3403629218433905e-15,1.1624302460436463e-14,-4.297463404839968e-14,4.297855461532063e-14,-1.1162985729616777e-19,5.086038864247095e-14,-5.075279012276139e-14,1.3368683725791439e-19,4.0,12.75299999972688,-3.0370382166106102e-05,9.188443576980046e-15,1.608486817960301,1.0143423577081023e-28,0.0,0.0,-0.00039449707389689745,0.0,0.0,0.0,0.0,0.0,0.0,0.0,0.0,0.0,0.0,0.0,0.0,0.0,0.0,0.0,0.0,0.0,0.0,-4.628215924226517e-16,4.628692412998698e-16,-1.0151869112900428e-21,-1.3991390323063432e-15,-1.3986837016521359e-15,1.4423959606796075e-14,-4.2974634049712144e-14,4.29785546140083e-14,-1.1167594080065236e-19,7.885754594071268e-15,-7.774235507440762e-15,2.205697996174662e-20,1.1754300061784496e-05,-1.1754300061786624e-05,-3.3831154398110803e-21
1.0800000000000007,1.4102851743799202e-06,1.4102851743799763e-06,0.11997245063326915,0.9999999999654599,-5.8771500308563686e-06,5.877150030857434e-06,1.5330296528808671e-21,1.1754300065907632e-05,-1.1754300065729747e-05,1.6591009025658125e-20,-7.083411782495068e-16,-7.084171111450202e-16,-1.4446730208536222e-14,6.140052580587006e-14,-6.14070370464767e-14,1.1519656572307218e-19,-5.3360573797600844e-14,5.363280153903609e-14,-9.589665279313448e-20,4.0,12.752999999980316,-3.0370382166092225e-05,9.417694200367717e-15,1.6084868179603011,1.640119426876736e-28,0.0,0.0,-0.0003944970738965746,0.0,0.0,0.0,0.0,0.0,0.0,0.0,0.0,0.0,0.0,0.0,0.0,0.0,0.0,0.0,0.0,0.0,0.0,6.621306823639373e-16,-6.621895324141438e-16,9.282560210209687e-22,-1.4120892014652815e-15,-1.4121339811595439e-15,-1.7798277220278504e-14,6.140052580722464e-14,-6.14070370451223e-14,1.152731007828874e-19,8.039952008269211e-15,-7.774235507440611e-15,1.9299912929937706e-20,1.1754300061848062e-05,-1.1754300061850194e-05,-3.0660593057970332e-21
1.0900000000000007,1.4102851743700063e-06,1.410285174370063e-06,0.11997245063326915,0.9999999999654599,-5.877150030884149e-06,5.877150030885221e-06,1.392022175250481e-21,1.1754300066043593e-05,-1.1754300065863061e-05,1.7070121874195518e-20,-1.2363391310909298e-15,-1.236147406561595e-15,1.4585462870976823e-14,-6.237152980244082e-14,6.237925091779823e-14,-1.5003975471345471e-19,7.041790582236179e-14,-7.015348642523893e-14,1.7006290137302032e-19,4.0,12.753000000017892,-3.0370382166106102e-05,1.2332676111393033e-14,1.6084868179603011,1.6698563770727224e-28,0.0,0.0,-0.00039449707389645525,0.0,0.0,0.0,0.0,0.0,0.0,0.0,0.0,0.0,0.0,0.0,0.0,0.0,0.0,0.0,0.0,0.0,0.0,-6.718721312025793e-16,6.719683404247503e-16,-1.2446145812894317e-21,-1.1082173936916036e-15,-1.108032321362403e-15,1.7963083755780967e-14,-6.237152980420507e-14,6.237925091603417e-14,-1.5013051099931047e-19,8.046376019920969e-15,-7.7742355074407e-15,2.0023146659565606e-20,1.1754300061903623e-05,-1.1754300061905767e-05,-2.784044350533014e-21
1.1000000000000008,1.410285174360195e-06,1.4102851743602527e-06,0.11997245063326913,0.9999999999654599,-5.877150030811106e-06,5.87715003081217e-06,1.454565932057941e-21,1.1754300065978883e-05,-1.1754300065794702e-05,1.713397513498908e-20,-9.498547170956589e-16,-9.498292284878896e-16,-7.292367493831965e-15,3.637384492173645e-14,-3.6377688601297315e-14,5.857397443209256e-20,-2.8179696342379432e-14,2.8603453093856754e-14,-4.011694739424454e-20,4.0,12.752999999926278,-3.0370382166106102e-05,4.829256881115134e-15,1.608486817960301,4.650705986322837e-29,0.0,0.0,-0.00039449707389672674,0.0,0.0,0.0,0.0,0.0,0.0,0.0,0.0,0.0,0.0,0.0,0.0,0.0,0.0,0.0,0.0,0.0,0.0,3.924024933284451e-16,-3.924253967405509e-16,4.460610098181893e-22,-1.5258262684394853e-15,-1.5257614466293071e-15,-8.898058632730856e-15,3.6373844922425264e-14,-3.63776886006086e-14,5.861915418681997e-20,8.194148579357017e-15,-7.77423550744056e-15,1.8457027037848015e-20,1.1754300061757537e-05,-1.1754300061759666e-05,-2.9091318641493743e-21
1.1100000000000008,1.4102851743478028e-06,1.410285174347861e-06,0.11997245063326918,0.9999999999654599,-5.877150030929324e-06,5.877150030930409e-06,1.1145052290408486e-21,1.175430006629726e-05,-1.1754300066108923e-05,1.8006042513583057e-20,-1.229627199185485e-15,-1.2295257001416193e-15,7.224063389465482e-15,-2.8330957192750153e-14,2.833502760904532e-14,-7.873163465802383e-20,3.652510569431311e-14,-3.610926311648596e-14,9.89273245012381e-20,4.0,12.753000000080462,-3.0370382166106102e-05,6.546656538510899e-15,1.6084868179603014,4.0828217895367513e-29,0.0,0.0,-0.0003944970738960003,0.0,0.0,0.0,0.0,0.0,0.0,0.0,0.0,0.0,0.0,0.0,0.0,0.0,0.0,0.0,0.0,0.0,0.0,-3.0497950826956455e-16,3.050426679374952e-16,-6.51882176179557e-22,-1.3718398367989159e-15,-1.3717417110784062e-15,8.937949199401487e-15,-2.8330957193675912e-14,2.833502760811965e-14,-7.877947954159303e-20,8.19414850156296e-15,-7.774235507440642e-15,2.0195689843214272e-20,1.1754300061993974e-05,-1.1754300061996144e-05,-2.2290104581073594e-21
1.1200000000000008,1.4102851743386602e-06,1.41028517433872e-06,0.1199724506332691,0.9999999999654599,-5.87715003078741e-06,5.877150030788473e-06,1.3149099029934818e-21,1.1754300066095553e-05,-1.1754300065902974e-05,1.7818006274291504e-20,-1.0782379250785056e-15,-1.078195627951718e-15,-1.1555257829374076e-15,9.071016147108004e-15,-9.071312375662122e-15,2.359174970869269e-21,-7.933434978208275e-16,1.213552720497115e-15,1.923199114005762e-20,4.0,12.752999999876916,-3.037038216611998e-05,1.4440220784944227e-17,1.6084868179603007,3.2699516599152555e-30,0.0,0.0,-0.00039449707389663886,0.0,0.0,0.0,0.0,0.0,0.0,0.0,0.0,0.0,0.0,0.0,0.0,0.0,0.0,0.0,0.0,0.0,0.0,9.81390555109046e-17,-9.812338108473405e-17,1.1746915046998926e-23,-1.4742781144677417e-15,-1.4742207206276854e-15,-1.3570431836535352e-15,9.071016147135769e-15,-9.071312375634385e-15,2.3626569298358214e-21,8.277672649287177e-15,-7.857759655165007e-15,2.1591166110926888e-20,1.1754300061710145e-05,-1.1754300061712271e-05,-2.6298198060172402e-21
1.1300000000000008,1.410285174325251e-06,1.4102851743253099e-06,0.11997245063326918,0.9999999999654599,-5.877150030940824e-06,5.87715003094192e-06,9.193890670559885e-22,1.1754300066485942e-05,-1.1754300066289229e-05,1.8823372349240935e-20,-1.0426779817312592e-15,-1.0427057513714178e-15,9.874448636888331e-17,5.869315617262194e-15,-5.868787658197582e-15,-7.795513247100364e-21,2.5175808590605345e-15,-2.0981958240029074e-15,2.9166618391211986e-20,4.0,12.7530000001466,-3.0370382166106102e-05,4.787039274910663e-16,1.6084868179603014,1.9062416881817132e-30,0.0,0.0,-0.0003944970738956959,0.0,0.0,0.0,0.0,0.0,0.0,0.0,0.0,0.0,0.0,0.0,0.0,0.0,0.0,0.0,0.0,0.0,0.0,6.363637788868145e-17,-6.361174029513269e-17,-5.773916837775471e-23,-1.40243051136012e-15,-1.4024709602930552e-15,2.22273762255757e-16,5.8693156171705355e-15,-5.868787658289258e-15,-7.80171903530181e-21,8.386896476322728e-15,-7.96698348220049e-15,2.1371105144111624e-20,1.1754300062016973e-05,-1.1754300062019165e-05,-1.8387781341331465e-21
1.1400000000000008,1.4102851743164082e-06,1.4102851743164675e-06,0.11997245063326911,0.9999999999654599,-5.877150030791578e-06,5.8771500307926564e-06,1.125264886992105e-21,1.175430006627132e-05,-1.1754300066070373e-05,1.862755979314358e-20,-1.313558202853028e-15,-1.3136029455811778e-15,4.788299417132932e-15,-1.8583510435905856e-14,1.8587894378407022e-14,-5.1489233187692575e-20,2.6970406862770726e-14,-2.6554877811149672e-14,7.360087727521139e-20,4.0,12.752999999820972,-3.0370382166106102e-05,5.01145678167075e-15,1.6084868179603007,1.9108710937489547e-29,0.0,0.0,-0.00039449707389631057,0.0,0.0,0.0,0.0,0.0,0.0,0.0,0.0,0.0,0.0,0.0,0.0,0.0,0.0,0.0,0.0,0.0,0.0,-1.9991373645202377e-16,1.9998030883636165e-16,-3.414436832510059e-22,-1.5589255921791244e-15,-1.5590196530934594e-15,5.927414508408625e-15,-1.8583510436511408e-14,1.8587894377801527e-14,-5.154076335614826e-20,8.38689642686487e-15,-7.96698343274265e-15,2.2111644087518818e-20,1.1754300061718482e-05,-1.1754300061720638e-05,-2.2505297740101197e-21
1.1500000000000008,1.4102851743029175e-06,1.4102851743029757e-06,0.11997245063326917,0.9999999999654599,-5.877150030918469e-06,5.877150030919576e-06,7.969137374363635e-22,1.1754300066608969e-05,-1.175430006640388e-05,1.9511600680459968e-20,-7.293786981217513e-16,-7.294075273965515e-16,-7.965120625358941e-15,4.0542448135107233e-14,-4.0546918586065473e-14,5.899366479975745e-20,-3.215555170824248e-14,3.257993515332283e-14,-3.554477710717148e-20,4.0,12.753000000229898,-3.037038216611998e-05,5.848434363992045e-15,1.6084868179603014,5.519895918120186e-29,0.0,0.0,-0.00039449707389559076,0.0,0.0,0.0,0.0,0.0,0.0,0.0,0.0,0.0,0.0,0.0,0.0,0.0,0.0,0.0,0.0,0.0,0.0,4.3733995678506816e-16,-4.373696771571048e-16,4.200533798313855e-22,-1.2725605029613198e-15,-1.272561273512257e-15,-9.705934254096883e-15,4.0542448135801033e-14,-4.05469185853718e-14,5.904621181349005e-20,8.386896426864753e-15,-7.96698343274264e-15,2.3448887692585972e-20,1.1754300061972263e-05,-1.1754300061974477e-05,-1.5938274748910764e-21
1.1600000000000008,1.4102851742932181e-06,1.4102851742932772e-06,0.11997245063326913,0.9999999999654599,-5.877150030824392e-06,5.877150030825488e-06,8.894192697853298e-22,1.1754300066504685e-05,-1.1754300066295375e-05,1.9560260044140116e-20,-1.6335253864426597e-15,-1.633271633078139e-15,1.086740956652831e-14,-4.669854281144935e-14,4.670460481674204e-14,-1.0472174037307083e-19,5.508543923831425e-14,-5.4671588249484797e-14,1.2766248886945763e-19,4.0,12.752999999751946,-3.0370382166106102e-05,1.023467763190032e-14,1.608486817960301,9.472493522760433e-29,0.0,0.0,-0.0003944970738959487,0.0,0.0,0.0,0.0,0.0,0.0,0.0,0.0,0.0,0.0,0.0,0.0,0.0,0.0,0.0,0.0,0.0,0.0,-5.029348801760349e-16,5.030196985379221e-16,-8.3536424621956115e-22,-1.7499541092282079e-15,-1.7496744014445184e-15,1.3380398472455517e-14,-4.6698542812680765e-14,4.670460481551076e-14,-1.0479299498768308e-19,8.386896426864904e-15,-7.966983432742754e-15,2.29407484963868e-20,1.175430006178411e-05,-1.1754300061786302e-05,-1.778838539591139e-21
1.1700000000000008,1.4102851742811784e-06,1.4102851742812394e-06,0.11997245063326914,0.9999999999654599,-5.877150030861586e-06,5.877150030862689e-06,7.387285027451865e-22,1.1754300066662942e-05,-1.1754300066449445e-05,2.0084898650989222e-20,-4.3163750086287795e-16,-4.3172988695873313e-16,-1.337910174521211e-14,6.529948777675041e-14,-6.530704400762079e-14,1.0757245710080726e-19,-5.691259134988571e-14,5.734006057487822e-14,-8.583678621481167e-20,4.0,12.752999999981466,-3.037038216611998e-05,1.0470696937268624e-14,1.608486817960301,1.4965959129363091e-28,0.0,0.0,-0.00039449707389565994,0.0,0.0,0.0,0.0,0.0,0.0,0.0,0.0,0.0,0.0,0.0,0.0,0.0,0.0,0.0,0.0,0.0,0.0,7.041688952581523e-16,-7.042321729199395e-16,7.944247193656666e-22,-1.0835736821832693e-15,-1.0836316131016044e-15,-1.6347967733138214e-14,6.529948777801546e-14,-6.530704400635594e-14,1.0766127529078387e-19,8.386896426864696e-15,-7.966983432742571e-15,2.173567088599559e-20,1.1754300061858498e-05,-1.1754300061860704e-05,-1.4774570055073827e-21
1.1800000000000008,1.4102851742689174e-06,1.4102851742689781e-06,0.11997245063326915,0.9999999999654599,-5.877150030886711e-06,5.877150030887823e-06,6.080524709102224e-22,1.1754300066797057e-05,-1.1754300066579384e-05,2.0568030875157328e-20,-1.898474706833516e-15,-1.898386202202284e-15,1.4895656059751043e-14,-6.477560213460301e-14,6.478575064248654e-14,-1.397986897725274e-19,7.316249856146778e-14,-7.275273407522934e-14,1.6237979997752154e-19,4.0,12.753000000017778,-3.0370382166106102e-05,1.3677298732994205e-14,1.6084868179603011,1.7735325318993355e-28,0.0,0.0,-0.00039449707389545204,0.0,0.0,0.0,0.0,0.0,0.0,0.0,0.0,0.0,0.0,0.0,0.0,0.0,0.0,0.0,0.0,0.0,0.0,-6.977675574566578e-16,6.978968186716501e-16,-1.0145041465405841e-21,-1.9497421786498965e-15,-1.9497105474713992e-15,1.8327849872378706e-14,-6.477560213624704e-14,6.47857506408427e-14,-1.3991797835990667e-19,8.386896426864771e-15,-7.966983432742798e-15,2.2581110204994128e-20,1.1754300061908747e-05,-1.1754300061910972e-05,-1.2161049418344455e-21
1.1900000000000008,1.4102851742592885e-06,1.4102851742593506e-06,0.11997245063326911,0.9999999999654599,-5.877150030811677e-06,5.877150030812779e-06,6.62512125660552e-22,1.1754300066730911e-05,-1.1754300066509017e-05,2.068059761135492e-20,-7.15254046398341e-16,-7.151296977533832e-16,-7.371535786162255e-15,3.7441152934839796e-14,-3.744645657855539e-14,5.407113705658508e-20,-2.900928223437277e-14,2.943449887221045e-14,-3.201271798666759e-20,4.0,12.752999999931653,-3.037038216611998e-05,5.342335621291027e-15,1.6084868179603007,4.731892274339564e-29,0.0,0.0,-0.00039449707389571957,0.0,0.0,0.0,0.0,0.0,0.0,0.0,0.0,0.0,0.0,0.0,0.0,0.0,0.0,0.0,0.0,0.0,0.0,4.039164659701318e-16,-4.0395524894113496e-16,3.2578172341939047e-22,-1.2293953034625323e-15,-1.2291903559361693e-15,-8.983888603975078e-15,3.744115293547579e-14,-3.7446456577919513e-14,5.413347766868287e-20,8.431870700467027e-15,-8.01195770634494e-15,2.205841906991749e-20,1.175430006175868e-05,-1.1754300061760884e-05,-1.3250242513363587e-21
1.2000000000000008,1.410285174244385e-06,1.4102851742444474e-06,0.11997245063326917,0.9999999999654599,-5.877150030936492e-06,5.877150030937617e-06,3.5183862503557753e-22,1.175430006706577e-05,-1.1754300066839724e-05,2.1526746832649114e-20,-1.6016341354744947e-15,-1.6016244911739212e-15,7.7279919890057e-15,-2.9200143913085714e-14,2.9205886376171994e-14,-7.166902497800549e-20,3.777978721900204e-14,-3.736561668796614e-14,9.415644410778187e-20,4.0,12.753000000076412,-3.037038216611998e-05,7.220451290642146e-15,1.6084868179603014,4.711539841758788e-29,0.0,0.0,-0.00039449707389497694,0.0,0.0,0.0,0.0,0.0,0.0,0.0,0.0,0.0,0.0,0.0,0.0,0.0,0.0,0.0,0.0,0.0,0.0,-3.1433009257681134e-16,3.1441143874214127e-16,-4.932088152663261e-22,-1.8484822039635886e-15,-1.8485167527819323e-15,9.57913585128186e-15,-2.9200143913928577e-14,2.920588637532922e-14,-7.17365236022459e-20,8.579643305916328e-15,-8.159730311794147e-15,2.2487419129776378e-20,1.175430006200831e-05,-1.1754300062010559e-05,-7.036772500792564e-22
1.2100000000000009,1.4102851742349857e-06,1.4102851742350483e-06,0.11997245063326911,0.9999999999654599,-5.877150030783365e-06,5.877150030784474e-06,5.384429530648504e-22,1.1754300066845313e-05,-1.1754300066615035e-05,2.1372418660152114e-20,-1.0945736308817152e-15,-1.0944929644534705e-15,-1.056333234263626e-15,9.243254590712298e-15,-9.243950639303682e-15,3.5125838360751575e-22,-6.636113037766318e-16,1.0842203464902038e-15,2.1339158894689668e-20,4.0,12.752999999881112,-3.0370382166106102e-05,2.0625918263781042e-17,1.6084868179603007,3.2250274217400654e-30,0.0,0.0,-0.0003944970738955171,0.0,0.0,0.0,0.0,0.0,0.0,0.0,0.0,0.0,0.0,0.0,0.0,0.0,0.0,0.0,0.0,0.0,0.0,1.0000899445304679e-16,-9.999766881590305e-17,-2.962094058516716e-23,-1.4968955896272488e-15,-1.4967851492616655e-15,-1.225333824289759e-15,9.24325459071649e-15,-9.243950639299519e-15,3.5943994753876737e-22,8.579643286935666e-15,-8.159730292813478e-15,2.1690417278297184e-20,1.1754300061702056e-05,-1.1754300061704274e-05,-1.0768859061420988e-21
1.2200000000000009,1.4102851742199373e-06,1.4102851742200014e-06,0.11997245063326917,0.9999999999654599,-5.87715003095054e-06,5.877150030951674e-06,1.5921338644952917e-22,1.175430006726546e-05,-1.1754300067031033e-05,2.2347635180229657e-20,-1.1911596131909714e-15,-1.1910662692717872e-15,-4.167035327049663e-16,6.817700563000637e-15,-6.8180444920476966e-15,-5.4765436816950285e-21,1.7619427239350278e-15,-1.3416858007657298e-15,2.6955532820539277e-20,4.0,12.753000000151093,-3.0370382166133858e-05,5.276031564394161e-16,1.6084868179603014,2.5527290392660458e-30,0.0,0.0,-0.00039449707389467136,0.0,0.0,0.0,0.0,0.0,0.0,0.0,0.0,0.0,0.0,0.0,0.0,0.0,0.0,0.0,0.0,0.0,0.0,7.386661408733579e-17,-7.385145924290559e-17,-7.543876836596834e-23,-1.6030505270356479e-15,-1.6029265161330305e-15,-4.3262734986202944e-16,6.817700562936298e-15,-6.818044492112056e-15,-5.4725010357348395e-21,8.579643286935664e-15,-8.159730292813426e-15,2.1478989138844248e-20,1.1754300062036405e-05,-1.1754300062038674e-05,-3.1842677290272432e-22
1.2300000000000009,1.4102851742104774e-06,1.4102851742105422e-06,0.1199724506332691,0.9999999999654599,-5.877150030787747e-06,5.8771500307888626e-06,3.62252271685553e-22,1.175430006702567e-05,-1.1754300066787391e-05,2.2163924464722418e-20,-1.3286376209191479e-15,-1.3285443615443882e-15,5.5175169372400356e-15,-2.138915153517162e-14,2.1392831298351507e-14,-5.254541636881284e-20,2.9968794822107385e-14,-2.967463487117559e-14,7.680142859953848e-20,4.0,12.752999999816133,-3.037038216611998e-05,5.50870899792713e-15,1.6084868179603007,2.4741989309792708e-29,0.0,0.0,-0.00039449707389525445,0.0,0.0,0.0,0.0,0.0,0.0,0.0,0.0,0.0,0.0,0.0,0.0,0.0,0.0,0.0,0.0,0.0,0.0,-2.301440383487781e-16,2.3019745841613936e-16,-3.872953216147232e-22,-1.5560898594464995e-15,-1.5559989010914134e-15,6.83051213281304e-15,-2.1389151535789542e-14,2.139283129773365e-14,-5.258866940207573e-20,8.579643286935764e-15,-8.28180357282408e-15,2.425601223072564e-20,1.175430006171082e-05,-1.175430006171305e-05,-7.24504543379447e-22
1.2400000000000009,1.4102851741991682e-06,1.4102851741992337e-06,0.11997245063326914,0.9999999999654599,-5.877150030864012e-06,5.877150030865141e-06,1.6093022941237227e-22,1.1754300067263996e-05,-1.1754300067023254e-05,2.2816901209489708e-20,-2.990994169590777e-16,-2.99144190198464e-16,-1.0444542858002197e-14,6.257818705299439e-14,-6.258606459488761e-14,9.735057845773905e-20,-5.399854376605865e-14,5.4246436637903934e-14,-7.282744443245412e-20,4.0,12.753000000263262,-3.037038216611998e-05,1.0196422558694298e-14,1.608486817960301,1.03658522040313e-28,0.0,0.0,-0.000394497073894732,0.0,0.0,0.0,0.0,0.0,0.0,0.0,0.0,0.0,0.0,0.0,0.0,0.0,0.0,0.0,0.0,0.0,0.0,6.748476245400988e-16,-6.749224933035264e-16,6.68194316260559e-22,-8.89506767795992e-16,-8.89500395062793e-16,-1.2576579932612776e-14,6.257818705413931e-14,-6.258606459374287e-14,9.744317343530615e-20,8.579643286935742e-15,-8.339627956983676e-15,2.4523134025284933e-20,1.175430006186335e-05,-1.1754300061865608e-05,-3.2186045882845007e-22
1.2500000000000009,1.4102851741920805e-06,1.410285174192146e-06,0.11997245063326914,0.9999999999654599,-5.877150030844905e-06,5.877150030846036e-06,1.4631445334829837e-22,1.1754300067311706e-05,-1.1754300067069223e-05,2.310121684675855e-20,-1.0923842404044778e-15,-1.0922985658384874e-15,1.092449917816288e-14,-5.794428557198745e-14,5.795277385720122e-14,-1.0802837708911974e-19,6.655605343094101e-14,-6.646587415742738e-14,1.3490009462673283e-19,4.0,12.753000000055042,-3.0370382166106102e-05,1.1377982385679431e-14,1.608486817960301,1.0467520397270058e-28,0.0,0.0,-0.00039449707389474324,0.0,0.0,0.0,0.0,0.0,0.0,0.0,0.0,0.0,0.0,0.0,0.0,0.0,0.0,0.0,0.0,0.0,0.0,-6.241302190802853e-16,6.242269701902512e-16,-7.516814003878171e-22,-9.564873558157464e-16,-9.564456136157023e-16,1.3274661557995831e-14,-5.794428557325792e-14,5.795277385593091e-14,-1.081281509254717e-19,8.611767858953561e-15,-8.513100300226163e-15,2.687171753761309e-20,1.1754300061825135e-05,-1.1754300061827397e-05,-2.926289066999657e-22
1.260000000000001,1.4102851741887624e-06,1.4102851741888266e-06,0.11997245063326913,0.9999999999654599,-5.877150030772165e-06,5.877150030773293e-06,2.428165637523211e-22,1.1754300067253308e-05,-1.1754300067009834e-05,2.318762712843993e-20,-7.033339402021766e-16,-7.034686763035699e-16,-6.773101795050686e-16,4.510879153987956e-15,-4.509572827549691e-15,-2.4200524688260857e-21,4.2936354437125065e-15,-4.196274525562605e-15,3.1203757424143517e-20,4.0,12.752999999905082,-3.0370382166078347e-05,2.294457962908067e-16,1.608486817960301,1.168972967263711e-30,0.0,0.0,-0.00039449707389495824,0.0,0.0,0.0,0.0,0.0,0.0,0.0,0.0,0.0,0.0,0.0,0.0,0.0,0.0,0.0,0.0,0.0,0.0,4.90141064825102e-17,-4.8995458605183577e-17,3.918528624177548e-23,-9.50409837285028e-16,-9.50595483549185e-16,-8.083387692814639e-16,4.510879153959426e-15,-4.509572827578234e-15,-2.4354074214350786e-21,8.804514597700463e-15,-8.705847353112296e-15,2.8783704955317434e-20,1.1754300061679655e-05,-1.1754300061681912e-05,-4.856331275102332e-22
1.270000000000001,1.4102851741726531e-06,1.4102851741727173e-06,0.1199724506332692,0.9999999999654599,-5.877150030986984e-06,5.877150030988152e-06,-2.1750964911675294e-22,1.1754300067771867e-05,-1.1754300067527481e-05,2.4401434371082865e-20,-1.6299606638691798e-15,-1.6298823275934295e-15,3.1621208069114858e-15,-1.7353886944778914e-14,1.7357444561190083e-14,-5.114535138855699e-20,2.629332460293145e-14,-2.6198214974752615e-14,8.049508289615586e-20,4.0,12.753000000110214,-3.037038216611998e-05,5.250107769495857e-15,1.6084868179603016,1.1916843912957425e-29,0.0,0.0,-0.00039449707389411706,0.0,0.0,0.0,0.0,0.0,0.0,0.0,0.0,0.0,0.0,0.0,0.0,0.0,0.0,0.0,0.0,0.0,0.0,-1.8663614427712486e-16,1.8667927320807515e-16,-3.7779982112790105e-22,-1.980092161456033e-15,-1.9800196035544694e-15,3.8330631329162975e-15,-1.7353886945380363e-14,1.7357444560588687e-14,-5.118716867225096e-20,8.939437658152536e-15,-8.840770413562532e-15,2.9349731507598873e-20,1.1754300062109294e-05,-1.1754300062111629e-05,4.3501929823851415e-22
1.280000000000001,1.4102851741581392e-06,1.4102851741582034e-06,0.11997245063326915,0.9999999999654599,-5.877150030852647e-06,5.877150030853803e-06,-9.826342438214221e-23,1.1754300067592586e-05,-1.175430006734719e-05,2.445359280820931e-20,-2.295226973937896e-15,-2.2953401525735628e-15,1.0993676164156275e-15,-1.164258550314201e-14,1.1647843062971645e-14,-4.7442590094816056e-20,2.058202336016144e-14,-2.048861367540116e-14,7.674032606256257e-20,4.0,12.75299999988721,-3.0370382166092225e-05,5.2220759306362934e-15,1.6084868179603011,8.487113610238375e-30,0.0,0.0,-0.0003944970738946224,0.0,0.0,0.0,0.0,0.0,0.0,0.0,0.0,0.0,0.0,0.0,0.0,0.0,0.0,0.0,0.0,0.0,0.0,-1.2508018065400363e-16,1.251417991647315e-16,-2.5423966161827062e-22,-2.8906141321891295e-15,-2.890804083975575e-15,1.2428522827356614e-15,-1.1642585503700045e-14,1.1647843062413646e-14,-4.7504389024062126e-20,8.939437857019429e-15,-8.840770612429513e-15,2.9297735967746516e-20,1.1754300061840619e-05,-1.1754300061842931e-05,1.96526848766547e-22
1.290000000000001,1.4102851741285812e-06,1.4102851741286436e-06,0.11997245063326921,0.9999999999654599,-5.877150031060064e-06,5.877150031061275e-06,-6.182937796398615e-22,1.1754300068096814e-05,-1.1754300067850541e-05,2.578813677292233e-20,-2.3599136603444674e-15,-2.360010915363989e-15,-2.4202075852884154e-15,1.4057973783842752e-14,-1.4056469017947219e-14,-1.0941243974923224e-20,-5.118535926822501e-15,5.215698405516807e-15,4.0174874163317687e-20,4.0,12.753000000133545,-3.0370382166133858e-05,9.522029781891968e-16,1.6084868179603018,1.319650771985211e-29,0.0,0.0,-0.0003944970738939862,0.0,0.0,0.0,0.0,0.0,0.0,0.0,0.0,0.0,0.0,0.0,0.0,0.0,0.0,0.0,0.0,0.0,0.0,1.5191789202833432e-16,-1.5189708669114903e-16,-4.33106197317854e-23,-3.1803367793211226e-15,-3.180475424033568e-15,-2.9213516747669205e-15,1.4057973783714064e-14,-1.405646901807595e-14,-1.095893144330437e-20,8.939437857020251e-15,-8.840770612430413e-15,2.923363018839446e-20,1.1754300062255453e-05,-1.1754300062257876e-05,1.2365875592939596e-21
1.300000000000001,1.410285174106197e-06,1.4102851741062608e-06,0.11997245063326915,0.9999999999654599,-5.877150030911864e-06,5.877150030913064e-06,-5.385764328757378e-22,1.1754300067889808e-05,-1.1754300067642527e-05,2.5920737256004424e-20,-3.2188961134595635e-15,-3.2186262468853108e-15,5.610551343779304e-15,-3.78749982316665e-14,3.788182280267506e-14,-9.927253753765403e-20,4.681443608868683e-14,-4.672259341510558e-14,1.2904969009787314e-19,4.0,12.752999999808724,-3.037038216611998e-05,1.0979532839639954e-14,1.6084868179603011,4.4257720858054085e-29,0.0,0.0,-0.00039449707389449794,0.0,0.0,0.0,0.0,0.0,0.0,0.0,0.0,0.0,0.0,0.0,0.0,0.0,0.0,0.0,0.0,0.0,0.0,-4.0781062900071183e-16,4.078892857889736e-16,-7.3844321265263955e-22,-3.8815166946848475e-15,-3.881222053066988e-15,6.687655054974847e-15,-3.78749982328339e-14,3.788182280150777e-14,-9.935275557927242e-20,8.939437857020328e-15,-8.84077061243052e-15,2.977715256021911e-20,1.1754300061959053e-05,-1.1754300061961453e-05,1.0771528657638766e-21
1.310000000000001,1.4102851740824198e-06,1.4102851740824863e-06,0.11997245063326915,0.9999999999654599,-5.877150030908311e-06,5.877150030909513e-06,-6.862684432616876e-22,1.1754300067972099e-05,-1.1754300067723837e-05,2.6521387023752107e-20,-8.780490090344475e-16,-8.77883236490245e-16,-1.0750763055786107e-14,7.834222020877858e-14,-7.835362022169476e-14,1.0832418326963073e-19,-6.940278235175842e-14,6.951284960926441e-14,-7.700271846816095e-20,4.0,12.752999999986667,-3.037038216611998e-05,1.2053081433617106e-14,1.6084868179603011,1.308211898896001e-28,0.0,0.0,-0.0003944970738944581,0.0,0.0,0.0,0.0,0.0,0.0,0.0,0.0,0.0,0.0,0.0,0.0,0.0,0.0,0.0,0.0,0.0,0.0,8.447669366329192e-16,-8.448864766764308e-16,6.144241014288359e-22,-1.7682788052257949e-15,-1.7679703676280701e-15,-1.2722410514451932e-14,7.834222021005276e-14,-7.835362022042081e-14,1.0845818242699685e-19,8.939437857020158e-15,-8.84077061243035e-15,3.1321464801469774e-20,1.1754300061951948e-05,-1.1754300061954352e-05,1.3725368865391768e-21
1.320000000000001,1.4102851740642975e-06,1.410285174064365e-06,0.11997245063326915,0.9999999999654599,-5.877150030920198e-06,5.87715003092141e-06,-8.124441721492263e-22,1.1754300068085268e-05,-1.1754300067836035e-05,2.710100310870872e-20,-2.5972343734703133e-15,-2.59720241001388e-15,9.820192457897731e-15,-7.101278746458716e-14,7.102567815297455e-14,-1.388440456590637e-19,7.99522253216075e-14,-7.987287367517228e-14,1.7291470711325953e-19,4.0,12.753000000012712,-3.0370382166133858e-05,1.572414316649144e-14,1.6084868179603011,1.1245201341911016e-28,0.0,0.0,-0.0003944970738944367,0.0,0.0,0.0,0.0,0.0,0.0,0.0,0.0,0.0,0.0,0.0,0.0,0.0,0.0,0.0,0.0,0.0,0.0,-7.649663657903194e-16,7.651107068907228e-16,-8.688286506493595e-22,-2.808211506115703e-15,-2.8082753006341692e-15,1.1629929113981586e-14,-7.101278746622018e-14,7.102567815134175e-14,-1.389955666590125e-19,8.939437857020335e-15,-8.847195522197724e-15,3.4070661454195825e-20,1.1754300061975722e-05,-1.1754300061978145e-05,1.6248883443171595e-21
1.330000000000001,1.4102851740502336e-06,1.4102851740503018e-06,0.11997245063326914,0.9999999999654599,-5.87715003082158e-06,5.877150030822782e-06,-7.584684938739314e-22,1.1754300067977476e-05,-1.1754300067728216e-05,2.7335872555793476e-20,-9.720670629953184e-16,-9.720145679915293e-16,-5.752965015087773e-15,4.4250520574579275e-14,-4.425610656278935e-14,5.393691368451069e-20,-3.526610844359242e-14,3.521616380360666e-14,-1.9450550879215945e-20,4.0,12.752999999954714,-3.0370382166092225e-05,6.134589262838197e-15,1.608486817960301,4.075577139332205e-29,0.0,0.0,-0.0003944970738946603,0.0,0.0,0.0,0.0,0.0,0.0,0.0,0.0,0.0,0.0,0.0,0.0,0.0,0.0,0.0,0.0,0.0,0.0,4.773320522917881e-16,-4.773953011223278e-16,3.112752682557608e-22,-1.6177281431750035e-15,-1.6176143487737783e-15,-6.770793179945358e-15,4.425052057521372e-14,-4.4256106562155035e-14,5.400257305851208e-20,8.984412130986855e-15,-9.039942759182686e-15,3.448636280529474e-20,1.1754300061778485e-05,-1.175430006178089e-05,1.516936987765327e-21
1.340000000000001,1.4102851740327055e-06,1.4102851740327726e-06,0.11997245063326918,0.9999999999654599,-5.877150031003078e-06,5.877150031004322e-06,-1.119672028080849e-21,1.1754300068431267e-05,-1.1754300068182646e-05,2.8405093885409495e-20,-2.300343715075257e-15,-2.3005436097760292e-15,9.105802013726148e-15,-7.894368564426489e-14,7.895950488734373e-14,-1.4143893442816705e-19,8.810156998048875e-14,-8.817291999977532e-14,1.7652715288306117e-19,4.0,12.753000000037744,-3.0370382166133858e-05,1.66504681691488e-14,1.6084868179603014,1.1447301994787699e-28,0.0,0.0,-0.0003944970738942418,0.0,0.0,0.0,0.0,0.0,0.0,0.0,0.0,0.0,0.0,0.0,0.0,0.0,0.0,0.0,0.0,0.0,0.0,-8.504348801477981e-16,8.506044232475716e-16,-7.529993122211842e-22,-2.3587845074067306e-15,-2.3591731874853156e-15,1.0574302245433795e-14,-7.894368564592861e-14,7.895950488568023e-14,-1.416248785383251e-19,9.157884336223863e-15,-9.21341511243159e-15,3.508821845489412e-20,1.1754300062141481e-05,-1.175430006214397e-05,2.2393440561874792e-21
1.350000000000001,1.41028517401344e-06,1.4102851740135067e-06,0.11997245063326915,0.9999999999654599,-5.877150030844656e-06,5.877150030845892e-06,-1.0180746759518788e-21,1.1754300068206004e-05,-1.175430006795792e-05,2.8564645161318713e-20,-1.6668182232790968e-15,-1.6668111491498548e-15,-8.514501804693748e-15,7.330999715179896e-14,-7.33186745123322e-14,8.370755906960867e-20,-6.415211300903994e-14,6.410525959336569e-14,-4.663658718264514e-20,4.0,12.753000000001634,-3.0370382166092225e-05,1.0083341512251869e-14,1.6084868179603011,1.014307407026366e-28,0.0,0.0,-0.00039449707389468085,0.0,0.0,0.0,0.0,0.0,0.0,0.0,0.0,0.0,0.0,0.0,0.0,0.0,0.0,0.0,0.0,0.0,0.0,7.905400639453682e-16,-7.906369327541144e-16,4.81927017224263e-22,-2.7533999678016886e-15,-2.7533200132284625e-15,-9.895809184811652e-15,7.330999715278359e-14,-7.331867451134779e-14,8.380955535730983e-20,9.15788414275902e-15,-9.213414918966507e-15,3.707097188696353e-20,1.1754300061824637e-05,-1.1754300061827109e-05,2.0361493519271993e-21
1.360000000000001,1.4102851740073602e-06,1.4102851740074267e-06,0.11997245063326908,0.9999999999654599,-5.877150030566919e-06,5.877150030568118e-06,-6.5682489986993895e-22,1.1754300067742314e-05,-1.1754300067494713e-05,2.821424849816599e-20,5.715491539295184e-16,5.715360054093588e-16,-7.512404739070605e-15,6.05900322348616e-14,-6.05994125366855e-14,9.386745720206131e-20,-5.140644854644023e-14,5.136029807205669e-14,-5.642299578020236e-20,4.0,12.753000000002196,-3.0370382166022836e-05,1.1090489146303982e-14,1.6084868179603002,6.939018681454668e-29,0.0,0.0,-0.0003944970738955477,0.0,0.0,0.0,0.0,0.0,0.0,0.0,0.0,0.0,0.0,0.0,0.0,0.0,0.0,0.0,0.0,0.0,0.0,6.534465785955053e-16,-6.535510918511434e-16,5.574299627570767e-22,2.5822924491899103e-16,2.5828869613668993e-16,-8.796599206776575e-15,6.059003223596568e-14,-6.059941253558159e-14,9.397771607124526e-20,9.183583688421371e-15,-9.239114464628801e-15,3.7444461421858946e-20,1.1754300061269163e-05,-1.1754300061271562e-05,1.3136497997550017e-21
1.370000000000001,1.4102851740271157e-06,1.4102851740271824e-06,0.11997245063326904,0.9999999999654599,-5.87715003042987e-06,5.877150030431036e-06,-3.385545869445628e-22,1.1754300067560397e-05,-1.1754300067313222e-05,2.7954915822319176e-20,3.3997407668806986e-15,3.399667181558519e-15,2.4520061982451553e-15,-2.099746657077808e-14,2.0996999612055795e-14,1.228392572364485e-20,3.0296698534250566e-14,-3.0338912549864444e-14,2.545029329517032e-20,4.0,12.752999999944612,-3.0370382166008958e-05,1.245009772940207e-15,1.6084868179602998,2.4072577896837616e-29,0.0,0.0,-0.0003944970738959954,0.0,0.0,0.0,0.0,0.0,0.0,0.0,0.0,0.0,0.0,0.0,0.0,0.0,0.0,0.0,0.0,0.0,0.0,-2.258903134164839e-16,2.2588331516928095e-16,1.1179132693544105e-22,4.58763494662229e-15,4.5875432179160454e-15,2.8516483793779958e-15,-2.099746657063369e-14,2.0996999612200248e-14,1.2289414494934222e-20,9.299231963472485e-15,-9.341912937808649e-15,3.773421901881517e-20,1.1754300060995065e-05,-1.1754300060997397e-05,6.77109173896921e-22
1.380000000000001,1.4102851740756575e-06,1.410285174075722e-06,0.11997245063326914,0.9999999999654599,-5.877150030836009e-06,5.877150030837214e-06,-6.15180581514324e-22,1.1754300068466632e-05,-1.1754300068219961e-05,2.888228844321746e-20,6.308582084470681e-15,6.308253407105756e-15,1.7343403719802013e-14,-1.4145846292557264e-13,1.41474111930285e-13,-1.228450963935041e-19,1.509504420829876e-13,-1.5100877206203632e-13,1.6002423088448593e-19,4.0,12.752999999754095,-3.0370382166106102e-05,1.5083701560178144e-14,1.608486817960301,4.409277389098625e-28,0.0,0.0,-0.00039449707389486066,0.0,0.0,0.0,0.0,0.0,0.0,0.0,0.0,0.0,0.0,0.0,0.0,0.0,0.0,0.0,0.0,0.0,0.0,-1.5241983522872638e-15,1.524366623888107e-15,-5.599531821969442e-22,9.332923982463521e-15,9.332369544329878e-15,2.0282937631813417e-14,-1.4145846292701789e-13,1.414741119288402e-13,-1.230290394732401e-19,9.491979157414956e-15,-9.534660131751312e-15,3.717913449098184e-20,1.1754300061807344e-05,-1.1754300061809753e-05,1.2303611630428129e-21
1.390000000000001,1.4102851740828954e-06,1.4102851740829591e-06,0.11997245063326918,0.9999999999654599,-5.877150030994006e-06,5.877150030995232e-06,-8.163051350530457e-22,1.1754300068877841e-05,-1.1754300068631641e-05,2.964718717208937e-20,-5.570238480597836e-15,-5.569966433370103e-15,-1.2425548177568389e-14,9.627730536137071e-14,-9.628659697673657e-14,6.151124631238176e-20,-8.675320159527173e-14,8.671981223630124e-14,-2.600550985099822e-20,4.0,12.752999999937373,-3.0370382166133858e-05,8.460590974157808e-15,1.6084868179603014,2.3141554880681838e-28,0.0,0.0,-0.00039449707389444666,0.0,0.0,0.0,0.0,0.0,0.0,0.0,0.0,0.0,0.0,0.0,0.0,0.0,0.0,0.0,0.0,0.0,0.0,1.0380960403158045e-15,-1.038199013937672e-15,2.1136554993363602e-22,-8.011585184943517e-15,-8.011156206444596e-15,-1.4612683304715773e-14,9.627730536209452e-14,-9.628659697601304e-14,6.162046273871435e-20,9.52410376609898e-15,-9.566784740435324e-15,3.550573646138354e-20,1.1754300062123338e-05,-1.175430006212579e-05,1.6326102701248873e-21
1.400000000000001,1.4102851740685937e-06,1.4102851740686574e-06,0.11997245063326921,0.9999999999654599,-5.877150031068083e-06,5.877150031069327e-06,-9.709996277757622e-22,1.1754300069121235e-05,-1.1754300068875497e-05,3.0317377767728277e-20,-1.1925956020013128e-15,-1.192556642958311e-15,4.560654506967007e-16,-1.0518697480664158e-14,1.0521277488677457e-14,-2.668665959952358e-20,2.0042801246762948e-14,-2.0088062229112676e-14,6.338701582733258e-20,4.0,12.753000000127356,-3.0370382166147736e-05,3.4716744640855345e-15,1.6084868179603018,2.919849031292244e-30,0.0,0.0,-0.00039449707389434307,0.0,0.0,0.0,0.0,0.0,0.0,0.0,0.0,0.0,0.0,0.0,0.0,0.0,0.0,0.0,0.0,0.0,0.0,-1.1294084012034518e-16,1.1296697796489007e-16,-1.6058009550317387e-22,-1.4662058276920706e-15,-1.466176247986828e-15,4.2456330769280045e-16,-1.0518697480978034e-14,1.0521277488363611e-14,-2.671698578416029e-20,9.52410376609879e-15,-9.56678474043522e-15,3.670035622780901e-20,1.1754300062271491e-05,-1.175430006227398e-05,1.941999255573882e-21
1.410000000000001,1.4102851740393335e-06,1.4102851740393983e-06,0.11997245063326915,0.9999999999654599,-5.877150030862671e-06,5.877150030864818e-06,-8.715717717249372e-22,1.1754300068808793e-05,-1.1754300068563451e-05,3.051279208013304e-20,-1.353026790737615e-15,-1.3531917065543134e-15,1.7688709764912543e-15,-1.8931627104797854e-14,1.8937218016561322e-14,-2.8603629870828946e-20,2.845573087089661e-14,-2.8504002756996526e-14,6.76477463363429e-20,4.0,12.75299999986013,-3.0370382166106102e-05,5.1265324452214266e-15,1.6084868179603011,7.389223960488288e-30,0.0,0.0,-0.0003944970738950122,0.0,0.0,0.0,0.0,0.0,0.0,0.0,0.0,0.0,0.0,0.0,0.0,0.0,0.0,0.0,0.0,0.0,0.0,-2.0361447089490824e-16,2.0367335625460515e-16,-3.3385745249030574e-23,-1.6074404159924459e-15,-1.6076999915063398e-15,1.9965779475354646e-15,-1.8931627105134483e-14,1.8937218016224747e-14,-2.866934712127992e-20,9.524103766098759e-15,-9.566784740435204e-15,3.904411646551395e-20,1.1754300061860668e-05,-1.175430006186496e-05,1.743143543469943e-21
1.420000000000001,1.410285174034159e-06,1.4102851740342213e-06,0.11997245063326922,0.9999999999654599,-5.877150031105564e-06,5.877150031107759e-06,-1.1443023166784773e-21,1.1754300069390062e-05,-1.1754300069145245e-05,3.146154395744993e-20,-3.0384882090274076e-15,-3.038278025629726e-15,-5.9444496033079895e-15,4.467300080194258e-14,-4.467748868316409e-14,1.320546198838129e-20,-3.5052523417117297e-14,3.501433032400235e-14,2.810205307157989e-20,4.0,12.753000000193694,-3.0370382166147736e-05,3.283936665122112e-15,1.6084868179603018,5.470299019625642e-29,0.0,0.0,-0.0003944970738943893,0.0,0.0,0.0,0.0,0.0,0.0,0.0,0.0,0.0,0.0,0.0,0.0,0.0,0.0,0.0,0.0,0.0,0.0,4.819141801714233e-16,-4.819649113700493e-16,-7.550933145911875e-23,-4.307446284775547e-15,-4.3071369320213975e-15,-7.012972166498578e-15,4.4673000802098184e-14,-4.467748868300863e-14,1.3258213888880093e-20,9.620477384825286e-15,-9.663158359161743e-15,4.130751505996118e-20,1.1754300062346453e-05,-1.1754300062350843e-05,2.288604633383303e-21
1.430000000000001,1.4102851740029437e-06,1.410285174003008e-06,0.11997245063326918,0.9999999999654599,-5.877150030942232e-06,5.877150030944416e-06,-1.1087244391009488e-21,1.17543000691599e-05,-1.1754300068916153e-05,3.1801888634781606e-20,-1.5071272937580902e-15,-1.5072627715151804e-15,3.958504582828895e-15,-4.78796498858764e-14,4.7889288519550135e-14,-4.8632860188705376e-20,5.753225185138258e-14,-5.77451939566541e-14,8.927481634503665e-20,4.0,12.75299999984129,-3.0370382166106102e-05,1.025692228599789e-14,1.6084868179603014,3.4006743621202105e-29,0.0,0.0,-0.0003944970738949709,0.0,0.0,0.0,0.0,0.0,0.0,0.0,0.0,0.0,0.0,0.0,0.0,0.0,0.0,0.0,0.0,0.0,0.0,-5.156076075990207e-16,5.157032874918548e-16,-5.133312310139861e-23,-1.5761597902938692e-15,-1.5764137985732394e-15,4.379895444965295e-15,-4.787964988644878e-14,4.7889288518977895e-14,-4.8746155574160823e-20,9.652601965506174e-15,-9.855905437103966e-15,4.064195615633128e-20,1.175430006201979e-05,-1.1754300062024157e-05,2.2174488782274268e-21
1.440000000000001,1.4102851739850756e-06,1.410285173985138e-06,0.11997245063326921,0.9999999999654599,-5.877150031135815e-06,5.8771500311380434e-06,-1.3363339757184837e-21,1.1754300069643593e-05,-1.175430006940293e-05,3.2662242588168865e-20,-4.464911017734186e-15,-4.46473429248021e-15,-9.708200563439513e-15,8.27223163177899e-14,-8.273018353410992e-14,3.1921901153017724e-20,-7.306971433168724e-14,7.268153104411998e-14,9.09091711672839e-21,4.0,12.753000000207013,-3.037038216617549e-05,7.723450902511195e-15,1.6084868179603018,1.550116156896943e-28,0.0,0.0,-0.00039449707389463255,0.0,0.0,0.0,0.0,0.0,0.0,0.0,0.0,0.0,0.0,0.0,0.0,0.0,0.0,0.0,0.0,0.0,0.0,8.92007470718364e-16,-8.921108565983965e-16,-3.862546193671445e-23,-6.466210488384459e-15,-6.465917297073312e-15,-1.1297025175612402e-14,8.272231631816579e-14,-8.273018353373428e-14,3.201437476951572e-20,9.652601986102657e-15,-1.004865248998994e-14,4.1012818269746114e-20,1.1754300062406955e-05,-1.1754300062411412e-05,2.672667951467737e-21
1.450000000000001,1.4102851739503743e-06,1.4102851739504372e-06,0.11997245063326918,0.9999999999654599,-5.877150031042934e-06,5.87715003104517e-06,-1.36803097225973e-21,1.175430006955514e-05,-1.1754300069318632e-05,3.3133794426142533e-20,-1.6797923203507538e-15,-1.6800334048274948e-15,8.389283421717045e-15,-7.997070234742886e-14,7.998592618232231e-14,-6.641804625984429e-20,8.979035184079377e-14,-9.022090084626625e-14,1.06889886376943e-19,4.0,12.75300000001419,-3.0370382166161614e-05,1.5947127132392475e-14,1.6084868179603014,1.0642109945546325e-28,0.0,0.0,-0.00039449707389492176,0.0,0.0,0.0,0.0,0.0,0.0,0.0,0.0,0.0,0.0,0.0,0.0,0.0,0.0,0.0,0.0,0.0,0.0,-8.614742175507456e-16,8.616211014285925e-16,3.0458434885378856e-23,-1.5438571171670994e-15,-1.54429338035475e-15,9.626400378745279e-15,-7.997070234821072e-14,7.998592618154068e-14,-6.659699177373741e-20,9.819649493364916e-15,-1.0234974663943934e-14,4.047184011709871e-20,1.1754300062221194e-05,-1.1754300062225665e-05,2.73606194455096e-21
1.460000000000001,1.4102851739210642e-06,1.4102851739211278e-06,0.11997245063326915,0.9999999999654599,-5.8771500308735125e-06,5.877150030875737e-06,-1.3482141247449741e-21,1.1754300069314494e-05,-1.1754300069082117e-05,3.3504088912232015e-20,-3.1073872533554036e-15,-3.1072096086091104e-15,-6.973783958816219e-15,6.347972563123124e-14,-6.348651450620422e-14,2.5303362671212793e-20,-5.3660075612769646e-14,5.325153931716377e-14,1.5563509834636276e-20,4.0,12.752999999949557,-3.0370382166106102e-05,6.3779491186313764e-15,1.6084868179603011,8.427217150111601e-29,0.0,0.0,-0.0003944970738953228,0.0,0.0,0.0,0.0,0.0,0.0,0.0,0.0,0.0,0.0,0.0,0.0,0.0,0.0,0.0,0.0,0.0,0.0,6.846201744607493e-16,-6.847126999142457e-16,-5.733194475221118e-23,-4.5474838085741185e-15,-4.5471981545503514e-15,-8.050177286307661e-15,6.347972563152923e-14,-6.348651450590643e-14,2.538316114094567e-20,9.819650018461594e-15,-1.0234975189040448e-14,4.086687250584907e-20,1.175430006188235e-05,-1.1754300061886799e-05,2.696428249520992e-21
1.470000000000001,1.4102851739042246e-06,1.4102851739042868e-06,0.11997245063326918,0.9999999999654599,-5.877150031031084e-06,5.877150031033346e-06,-1.4803781059976565e-21,1.1754300069727886e-05,-1.1754300069499736e-05,3.416589852414793e-20,-1.2856119429426252e-15,-1.2857671034124033e-15,3.817977260223752e-15,-4.063053209579363e-14,4.06390921435156e-14,-3.196025471619082e-20,5.0495156486417043e-14,-5.0919041704717797e-14,7.102180700412105e-20,4.0,12.753000000058861,-3.0370382166147736e-05,8.713485347143655e-15,1.6084868179603014,2.635050694806825e-29,0.0,0.0,-0.00039449707389502893,0.0,0.0,0.0,0.0,0.0,0.0,0.0,0.0,0.0,0.0,0.0,0.0,0.0,0.0,0.0,0.0,0.0,0.0,-4.3746779647502503e-16,4.375422059369534e-16,7.626276964860618e-23,-1.346190175180557e-15,-1.3464608755371193e-15,4.313205802325836e-15,-4.0630532096169956e-14,4.06390921431394e-14,-3.2060872081057415e-20,9.864624390623412e-15,-1.0279949561202197e-14,3.9061552287930234e-20,1.1754300062197494e-05,-1.1754300062202017e-05,2.9607562120293998e-21
1.480000000000001,1.4102851738827963e-06,1.4102851738828597e-06,0.11997245063326913,0.9999999999654599,-5.877150030801227e-06,5.877150030803465e-06,-1.4069175472991406e-21,1.1754300069367603e-05,-1.1754300069143557e-05,3.44074898715468e-20,-1.903505763020216e-15,-1.90338194608573e-15,-1.7080257146446922e-15,1.567552467026007e-14,-1.567654690872385e-14,5.88102006113097e-22,-5.701676794244627e-15,5.28737386212963e-15,3.780571979744526e-20,4.0,12.752999999912266,-3.0370382166106102e-05,3.1901269056752505e-17,1.608486817960301,9.344807561258604e-30,0.0,0.0,-0.00039449707389557624,0.0,0.0,0.0,0.0,0.0,0.0,0.0,0.0,0.0,0.0,0.0,0.0,0.0,0.0,0.0,0.0,0.0,0.0,1.6939813078184898e-16,-1.6942793860058215e-16,-4.1880032037131856e-23,-2.599966923710306e-15,-2.599797774378132e-15,-1.9696139082676265e-15,1.567552467026708e-14,-1.567654690871689e-14,6.001177035990142e-22,9.973847876015444e-15,-1.0389173046594222e-14,3.839382180355836e-20,1.1754300061737779e-05,-1.1754300061742256e-05,2.8138350946306763e-21
1.490000000000001,1.410285173869756e-06,1.4102851738698198e-06,0.11997245063326917,0.9999999999654599,-5.877150031030838e-06,5.877150031033115e-06,-1.5589699103263361e-21,1.1754300069926744e-05,-1.175430006970693e-05,3.508845186755054e-20,-1.6322207253002142e-15,-1.6322730043930477e-15,-7.187777953211601e-16,1.0150549516430857e-14,-1.014957131303842e-14,-1.8612512113329936e-21,-9.317772930077813e-17,-3.231256446704619e-16,3.8643960107279467e-20,4.0,12.753000000109964,-3.0370382166161614e-05,5.860412573812461e-16,1.6084868179603014,5.077996081239775e-30,0.0,0.0,-0.0003944970738950478,0.0,0.0,0.0,0.0,0.0,0.0,0.0,0.0,0.0,0.0,0.0,0.0,0.0,0.0,0.0,0.0,0.0,0.0,1.0985431551113543e-16,-1.0986236602509582e-16,2.9755530955145795e-23,-2.2030815895836653e-15,-2.203157407811508e-15,-7.720082583944992e-16,1.0150549516408927e-14,-1.0149571313060382e-14,-1.872749307318086e-21,1.005737178713008e-14,-1.0472696957708882e-14,3.6782708895946475e-20,1.1754300062197001e-05,-1.1754300062201555e-05,3.1179398206885682e-21
1.500000000000001,1.4102851738505602e-06,1.4102851738506248e-06,0.11997245063326913,0.9999999999654599,-5.877150030797457e-06,5.877150030799711e-06,-1.4805152040028593e-21,1.1754300069561136e-05,-1.1754300069345427e-05,3.5294167118929306e-20,-1.4571924650132496e-15,-1.4567545723980506e-15,2.3060780568145155e-15,-2.865215137593225e-14,2.865408292172905e-14,-2.461961067975674e-20,3.878019746408991e-14,-3.919745418046554e-14,6.098623527373644e-20,4.0,12.752999999880556,-3.0370382166092225e-05,6.922565934706682e-15,1.608486817960301,1.3465872622180937e-29,0.0,0.0,-0.0003944970738955584,0.0,0.0,0.0,0.0,0.0,0.0,0.0,0.0,0.0,0.0,0.0,0.0,0.0,0.0,0.0,0.0,0.0,0.0,-3.0835438676441237e-16,3.0835670290893075e-16,-1.6985917489257013e-22,-1.6651227329755629e-15,-1.6645693188559498e-15,2.539446210783533e-15,-2.8652151376221814e-14,2.865408292143957e-14,-2.4642314645103574e-20,1.0128046088157656e-14,-1.0543371258736491e-14,3.6366624593979704e-20,1.175430006173024e-05,-1.1754300061734748e-05,2.9610304080398083e-21
1.5100000000000011,1.4102851738376124e-06,1.4102851738376817e-06,0.11997245063326917,0.9999999999654599,-5.877150030994679e-06,5.877150030996949e-06,-1.6198872422498926e-21,1.175430007005686e-05,-1.1754300069845338e-05,3.593272729740157e-20,-1.7321206957094211e-15,-1.7321960606499553e-15,-5.878444694786274e-15,6.233984734089864e-14,-6.234563290045404e-14,3.139962868035293e-20,-5.221180111749182e-14,5.180226150646833e-14,3.427669896197093e-21,4.0,12.75300000015023,-3.0370382166147736e-05,8.129181879282125e-15,1.6084868179603014,6.469442873668417e-29,0.0,0.0,-0.0003944970738951946,0.0,0.0,0.0,0.0,0.0,0.0,0.0,0.0,0.0,0.0,0.0,0.0,0.0,0.0,0.0,0.0,0.0,0.0,6.7234859899176765e-16,-6.724302114133748e-16,5.76671053531077e-23,-2.750510494029618e-15,-2.7505616815818104e-15,-6.644482536704763e-15,6.233984734126822e-14,-6.234563290008465e-14,3.1467633878770014e-20,1.0128046223406817e-14,-1.0543371393985709e-14,3.482729857655002e-20,1.1754300062124683e-05,-1.1754300062129223e-05,3.239774484537084e-21
1.5200000000000011,1.4102851738203459e-06,1.4102851738204164e-06,0.11997245063326914,0.9999999999654599,-5.877150030849284e-06,5.87715003085154e-06,-1.5822214142608981e-21,1.175430006986735e-05,-1.175430006965995e-05,3.619325504480903e-20,-1.4732009602284768e-15,-1.4725003659790143e-15,5.8391035835314375e-15,-7.170900080968028e-14,7.171430386119625e-14,-5.715704672642036e-20,8.183704703308713e-14,-8.225767525518214e-14,8.952232750556878e-20,4.0,12.752999999845823,-3.0370382166106102e-05,1.4251542451194175e-14,1.608486817960301,7.278260928668501e-29,0.0,0.0,-0.00039449707389552555,0.0,0.0,0.0,0.0,0.0,0.0,0.0,0.0,0.0,0.0,0.0,0.0,0.0,0.0,0.0,0.0,0.0,0.0,-7.724169710990724e-16,7.724559537765813e-16,-3.56775730057716e-22,-1.3414598469548089e-15,-1.3405924133553829e-15,6.443434734657909e-15,-7.170900081035259e-14,7.171430386052414e-14,-5.721938037695919e-20,1.0128046223406849e-14,-1.0543371393985892e-14,3.236528077914841e-20,1.1754300061833893e-05,-1.1754300061838405e-05,3.164442828558228e-21
1.5300000000000011,1.4102851738053354e-06,1.4102851738054082e-06,0.11997245063326915,0.9999999999654599,-5.87715003090712e-06,5.8771500309093835e-06,-1.6474284845404324e-21,1.1754300070084304e-05,-1.1754300069881072e-05,3.663777441018424e-20,-1.6442808400608878e-15,-1.6448614386627198e-15,-8.846461657234005e-15,1.0004852914522358e-13,-1.0005484902056828e-13,6.472452559490164e-20,-8.992048292181685e-14,8.951147762658264e-14,-3.4072196084326653e-20,4.0,12.752999999988676,-3.037038216611998e-05,1.4651810434729963e-14,1.6084868179603011,1.5222949907598597e-28,0.0,0.0,-0.00039449707389544727,0.0,0.0,0.0,0.0,0.0,0.0,0.0,0.0,0.0,0.0,0.0,0.0,0.0,0.0,0.0,0.0,0.0,0.0,1.0787692660171493e-15,-1.0788566865654861e-15,3.9205599804582623e-22,-2.9379855853281175e-15,-2.9386887689153323e-15,-9.89955431269784e-15,1.0004852914598495e-13,-1.000548490198072e-13,6.479881129665846e-20,1.0128046223406735e-14,-1.054337139398564e-14,3.0652329510574983e-20,1.1754300061949566e-05,-1.1754300061954092e-05,3.2948569691187978e-21
1.5400000000000011,1.4102851737885417e-06,1.4102851737886154e-06,0.11997245063326915,0.9999999999654599,-5.877150030930281e-06,5.877150030932551e-06,-1.7325519915964548e-21,1.1754300070231905e-05,-1.1754300070032839e-05,3.7117789984099275e-20,-1.5853636366847684e-15,-1.5848220740458826e-15,5.306067823029645e-15,-7.04748640244454e-14,7.048096749346222e-14,-6.658259227891199e-20,8.060291024785242e-14,-8.102433888744815e-14,9.791927499621627e-20,4.0,12.753000000032758,-3.0370382166133858e-05,1.4200926411647773e-14,1.6084868179603011,6.806954089990685e-29,0.0,0.0,-0.00039449707389549427,0.0,0.0,0.0,0.0,0.0,0.0,0.0,0.0,0.0,0.0,0.0,0.0,0.0,0.0,0.0,0.0,0.0,0.0,-7.591155198077247e-16,7.591632071919829e-16,-4.195708522152285e-22,-1.4971377098567736e-15,-1.4964835714998332e-15,5.77022826325396e-15,-7.047486402522855e-14,7.048096749267928e-14,-6.665433427563243e-20,1.0128046223407026e-14,-1.054337139398593e-14,3.133668271730428e-20,1.1754300061995887e-05,-1.1754300062000427e-05,3.465103983232803e-21
1.5500000000000012,1.4102851737757424e-06,1.4102851737758174e-06,0.11997245063326913,0.9999999999654599,-5.877150030819272e-06,5.877150030821529e-06,-1.6792313015607373e-21,1.1754300070111167e-05,-1.175430006991623e-05,3.7327413052431115e-20,-1.5782067714786658e-15,-1.5779591010837153e-15,-9.296563291568176e-16,1.1116253615522154e-14,-1.1118137441479892e-14,-3.508279358649873e-21,-9.882073921152483e-16,5.747660474940616e-16,3.519866603631414e-20,4.0,12.752999999942595,-3.0370382166106102e-05,3.4533439155065785e-16,1.608486817960301,5.2696758166331484e-30,0.0,0.0,-0.00039449707389572315,0.0,0.0,0.0,0.0,0.0,0.0,0.0,0.0,0.0,0.0,0.0,0.0,0.0,0.0,0.0,0.0,0.0,0.0,1.2026562451599984e-16,-1.2030480368382362e-16,-1.288402363005955e-22,-2.140611783577949e-15,-2.140274797589321e-15,-1.0306760086747886e-15,1.1116253615481064e-14,-1.1118137441521015e-14,-3.486136302644966e-21,1.0128046223406906e-14,-1.054337139398583e-14,3.1690386677664267e-20,1.175430006177387e-05,-1.1754300061778384e-05,3.35846260316014e-21
1.5600000000000012,1.410285173753528e-06,1.4102851737536096e-06,0.11997245063326917,0.9999999999654599,-5.877150031096749e-06,5.877150031099024e-06,-2.009370923112626e-21,1.1754300070767402e-05,-1.1754300070576654e-05,3.830386194682686e-20,-2.5495494017733446e-15,-2.5489846942402707e-15,4.038035090509013e-15,-4.259691340214709e-14,4.260014742003492e-14,-5.465668489105299e-20,5.2724959625554075e-14,-5.3143518814020865e-14,8.622880340131296e-20,4.0,12.753000000051708,-3.0370382166203247e-05,1.0833673526899522e-14,1.6084868179603014,3.4388155451859285e-29,0.0,0.0,-0.0003944970738951922,0.0,0.0,0.0,0.0,0.0,0.0,0.0,0.0,0.0,0.0,0.0,0.0,0.0,0.0,0.0,0.0,0.0,0.0,-4.586496820281855e-16,4.586661613764376e-16,-4.313352647702111e-22,-2.9736206171932103e-15,-2.972913244050276e-15,4.567861119723889e-15,-4.259691340278982e-14,4.2600147419392317e-14,-5.469469849996646e-20,1.0128046223406988e-14,-1.0543371393985943e-14,3.157211851025997e-20,1.1754300062328823e-05,-1.1754300062333373e-05,4.0187418462715185e-21
1.5700000000000012,1.4102851737276316e-06,1.4102851737277137e-06,0.11997245063326914,0.9999999999654599,-5.877150030905572e-06,5.877150030907836e-06,-1.9236732441226408e-21,1.1754300070486511e-05,-1.1754300070299955e-05,3.844788384793656e-20,-3.060646256593062e-15,-3.0602766036606376e-15,6.756735408154072e-16,-4.977778989937857e-15,4.9782344010108144e-15,-3.1432928576259674e-20,1.5189349063100107e-14,-1.5617979461591904e-14,6.27580328053984e-20,4.0,12.752999999900617,-3.0370382166133858e-05,5.172854776519269e-15,1.608486817960301,1.2451163747461659e-29,0.0,0.0,-0.000394497073895478,0.0,0.0,0.0,0.0,0.0,0.0,0.0,0.0,0.0,0.0,0.0,0.0,0.0,0.0,0.0,0.0,0.0,0.0,-5.319050094391582e-17,5.317618318609028e-17,-3.1633050764369183e-22,-3.939014943112718e-15,-3.938538540516007e-15,7.987265597356935e-16,-4.9777789903073674e-15,4.978234400641319e-15,-3.143828161029713e-20,1.021157007316225e-14,-1.0639745060581089e-14,3.132510422913872e-20,1.1754300061946469e-05,-1.1754300061950997e-05,3.847346488289575e-21
1.5800000000000012,1.4102851736984392e-06,1.4102851736985256e-06,0.11997245063326917,0.9999999999654599,-5.877150031023412e-06,5.877150031025686e-06,-2.153268222746665e-21,1.1754300070824887e-05,-1.1754300070642633e-05,3.9217448682156486e-20,-1.810203972390137e-15,-1.8105013339572595e-15,-5.040887009015195e-15,6.328774534135117e-14,-6.329069931162324e-14,5.367682774464435e-20,-5.300550148024617e-14,5.2580280463099496e-14,-2.2747131420401436e-20,4.0,12.753000000117845,-3.0370382166161614e-05,8.17920527655082e-15,1.6084868179603014,6.127374180806718e-29,0.0,0.0,-0.0003944970738952482,0.0,0.0,0.0,0.0,0.0,0.0,0.0,0.0,0.0,0.0,0.0,0.0,0.0,0.0,0.0,0.0,0.0,0.0,6.825720355385765e-16,-6.826234265889992e-16,4.377361196090052e-22,-2.859579285216675e-15,-2.8599413646625137e-15,-5.5405136519077046e-15,6.328774534198241e-14,-6.329069931099219e-14,5.3711549589891417e-20,1.0282243861104997e-14,-1.0710418848523743e-14,3.0929696324242914e-20,1.175430006218215e-05,-1.1754300062186698e-05,4.30653644554291e-21
1.5900000000000012,1.410285173679383e-06,1.410285173679469e-06,0.11997245063326914,0.9999999999654599,-5.877150030869307e-06,5.877150030871574e-06,-2.0844976145567132e-21,1.1754300070619499e-05,-1.1754300070441512e-05,3.938919165653812e-20,-2.5990873636986653e-15,-2.598346667186391e-15,4.332749210000874e-15,-6.200054072188778e-14,6.200366307015424e-14,-9.569062815800128e-20,7.228278452015857e-14,-7.27140818558439e-14,1.2662530919046235e-19,4.0,12.752999999878442,-3.037038216611998e-05,1.4196162333645379e-14,1.608486817960301,5.611117094525591e-29,0.0,0.0,-0.0003944970738955417,0.0,0.0,0.0,0.0,0.0,0.0,0.0,0.0,0.0,0.0,0.0,0.0,0.0,0.0,0.0,0.0,0.0,0.0,-6.677732548084236e-16,6.677879373040443e-16,-8.811205955056948e-22,-2.882795163451498e-15,-2.8818587678217236e-15,4.640528682140898e-15,-6.200054072301287e-14,6.200366306902933e-14,-9.572732916291924e-20,1.0282243798270793e-14,-1.0710418785689659e-14,3.0934681032461064e-20,1.175430006187394e-05,-1.1754300061878473e-05,4.1689952291614235e-21
1.6000000000000012,1.4102851736592756e-06,1.4102851736593637e-06,0.11997245063326915,0.9999999999654599,-5.8771500309066035e-06,5.8771500309088744e-06,-2.2039029402263395e-21,1.1754300070796915e-05,-1.1754300070623219e-05,3.9933592159557513e-20,-1.0137978972024275e-15,-1.0144850214910376e-15,-7.126153447368666e-15,9.408400582555529e-14,-9.40875106420432e-14,1.044721493138781e-19,-8.380176202728447e-14,8.337709185635365e-14,-7.442670652923214e-20,4.0,12.752999999991143,-3.037038216611998e-05,1.453102490812526e-14,1.6084868179603011,1.2186414467707085e-28,0.0,0.0,-0.00039449707389550316,0.0,0.0,0.0,0.0,0.0,0.0,0.0,0.0,0.0,0.0,0.0,0.0,0.0,0.0,0.0,0.0,0.0,0.0,1.0144912636910208e-15,-1.0145486409345997e-15,9.606160886747844e-22,-2.0706204925769637e-15,-2.0714840440658648e-15,-7.75860965545072e-15,9.408400582678366e-14,-9.40875106408151e-14,1.0451334596367563e-19,1.0282243798270818e-14,-1.0710418785689545e-14,3.004544278464596e-20,1.1754300061948532e-05,-1.1754300061953074e-05,4.407805880503425e-21
1.6100000000000012,1.4102851736411385e-06,1.4102851736412297e-06,0.11997245063326915,0.9999999999654599,-5.877150030937203e-06,5.877150030939472e-06,-2.357355122406462e-21,1.1754300070960934e-05,-1.1754300070791517e-05,4.053666620207294e-20,-2.4889815685932103e-15,-2.487831035414848e-15,5.4637291509376025e-15,-9.125236022203964e-14,9.125447065581326e-14,-1.4480501900427753e-19,1.015410289137177e-13,-1.0196488944150311e-13,1.740156188886013e-19,4.0,12.753000000008068,-3.0370382166133858e-05,1.9003760473493437e-14,1.6084868179603011,1.0682773832461788e-28,0.0,0.0,-0.0003944970738955651,0.0,0.0,0.0,0.0,0.0,0.0,0.0,0.0,0.0,0.0,0.0,0.0,0.0,0.0,0.0,0.0,0.0,0.0,-9.830464283350088e-16,9.830503891456277e-16,-1.4626577923539608e-21,-2.5056562775058037e-15,-2.504179784724425e-15,5.6427760874773535e-15,-9.1252360223742e-14,9.125447065411117e-14,-1.4482982565569196e-19,1.0288668691678063e-14,-1.0710418785689848e-14,2.921059988432377e-20,1.175430006200973e-05,-1.1754300062014269e-05,4.7147102448672036e-21
1.6200000000000012,1.4102851736258866e-06,1.4102851736259779e-06,0.11997245063326914,0.9999999999654599,-5.877150030824751e-06,5.8771500308270155e-06,-2.2683214175439613e-21,1.1754300070839829e-05,-1.1754300070673709e-05,4.0651348450234546e-20,-1.2725668342076053e-15,-1.2728041480147686e-15,-4.247936671046341e-15,5.438430374257119e-14,-5.4386803559013486e-14,5.867574167150152e-20,-4.394786257984805e-14,4.367638477332384e-14,-2.8857342464215324e-20,4.0,12.75299999997326,-3.0370382166092225e-05,7.428734472245588e-15,1.608486817960301,4.356647954189884e-29,0.0,0.0,-0.0003944970738957789,0.0,0.0,0.0,0.0,0.0,0.0,0.0,0.0,0.0,0.0,0.0,0.0,0.0,0.0,0.0,0.0,0.0,0.0,5.866185253269858e-16,-5.866580374572728e-16,5.140287584886255e-22,-2.089421554061951e-15,-2.089709124667858e-15,-4.652138585841924e-15,5.4384303743261134e-14,-5.4386803558323706e-14,5.870512525570925e-20,1.0436441162723143e-14,-1.0710418785689646e-14,2.98183992072862e-20,1.1754300061784828e-05,-1.1754300061789356e-05,4.536642835140152e-21
1.6300000000000012,1.4102851736052116e-06,1.4102851736053105e-06,0.11997245063326917,0.9999999999654599,-5.8771500309991775e-06,5.877150031001433e-06,-2.6641707116232153e-21,1.1754300071293096e-05,-1.175430007112965e-05,4.175472662323651e-20,-2.110673511208036e-15,-2.1098349102196166e-15,1.921048455778492e-15,-4.1674498572789005e-14,4.167334491874961e-14,-8.441364956897543e-20,5.215591376708163e-14,-5.238376370443937e-14,1.1685778990420606e-19,4.0,12.753000000031545,-3.0370382166147736e-05,1.0055920483060183e-14,1.6084868179603014,2.4479632066351758e-29,0.0,0.0,-0.0003944970738956666,0.0,0.0,0.0,0.0,0.0,0.0,0.0,0.0,0.0,0.0,0.0,0.0,0.0,0.0,0.0,0.0,0.0,0.0,-4.486922960194038e-16,4.486694349562127e-16,-9.690248457315671e-22,-2.4104959675218104e-15,-2.4093979076229424e-15,1.8305724071073587e-15,-4.167449857378121e-14,4.167334491775753e-14,-8.44000891613783e-20,1.0481415194292624e-14,-1.071041878568976e-14,3.2444140335230625e-20,1.175430006213368e-05,-1.1754300062138192e-05,5.3283414233077744e-21
1.6400000000000012,1.410285173592161e-06,1.4102851735922577e-06,0.11997245063326914,0.9999999999654599,-5.877150030785867e-06,5.877150030788118e-06,-2.3981110450572124e-21,1.1754300070972073e-05,-1.1754300070810123e-05,4.155569822795667e-20,-1.4940914962443956e-15,-1.4941718504336704e-15,-1.5368155177785344e-15,1.2599146003156386e-14,-1.2598645970719939e-14,-2.811153903696833e-21,-2.0085075017292135e-15,1.888227185030253e-15,3.608225395774769e-20,4.0,12.752999999948766,-3.0370382166078347e-05,2.486197805440843e-17,1.608486817960301,6.168063511957683e-30,0.0,0.0,-0.0003944970738960044,0.0,0.0,0.0,0.0,0.0,0.0,0.0,0.0,0.0,0.0,0.0,0.0,0.0,0.0,0.0,0.0,0.0,0.0,1.3626903583502714e-16,-1.3626898768730497e-16,-4.323137508748356e-24,-2.0431057209210556e-15,-2.0432142266050664e-15,-1.796275467889673e-15,1.2599146003123326e-14,-1.2598645970753034e-14,-2.8170314346634847e-21,1.0590638501427173e-14,-1.0710418785689686e-14,3.327110005405086e-20,1.1754300061707059e-05,-1.1754300061711561e-05,4.7962220901696425e-21
1.6500000000000012,1.4102851735722383e-06,1.41028517357234e-06,0.11997245063326915,0.9999999999654599,-5.877150031023463e-06,5.877150031025723e-06,-2.9293930858649448e-21,1.1754300071553171e-05,-1.1754300071392437e-05,4.294559279098975e-20,-1.6023338491471079e-15,-1.6023393443191076e-15,-1.186305430979449e-15,9.043952130011193e-15,-9.04331466194258e-15,-3.04689315354845e-21,1.5466864264510952e-15,-1.6671041237470838e-15,3.548384991912244e-20,4.0,12.753000000067377,-3.037038216617549e-05,7.314848813107332e-16,1.6084868179603011,5.2113572406369075e-30,0.0,0.0,-0.00039449707389582647,0.0,0.0,0.0,0.0,0.0,0.0,0.0,0.0,0.0,0.0,0.0,0.0,0.0,0.0,0.0,0.0,0.0,0.0,9.795149119899208e-17,-9.794994827122569e-17,-1.6456365724007867e-25,-2.1553787959763504e-15,-2.1553910881947895e-15,-1.3974972251323557e-15,9.043952129975348e-15,-9.043314661978452e-15,-3.0543861441265543e-21,1.0590638556462288e-14,-1.0710418785689664e-14,3.2436956765573995e-20,1.1754300062182251e-05,-1.175430006218677e-05,5.858786171797341e-21
1.6600000000000013,1.4102851735585481e-06,1.4102851735586462e-06,0.11997245063326913,0.9999999999654599,-5.877150030794185e-06,5.877150030796446e-06,-2.632104833231864e-21,1.1754300071200524e-05,-1.1754300071040987e-05,4.267617096934742e-20,-1.990489968035216e-15,-1.9903388819935203e-15,1.542933578544409e-15,-2.867650666256288e-14,2.867883241810936e-14,-8.18831157211802e-20,3.926714521902524e-14,-3.938925120379911e-14,1.1476224345742018e-19,4.0,12.752999999921204,-3.0370382166092225e-05,7.68113153840114e-15,1.608486817960301,1.4066868767157632e-29,0.0,0.0,-0.0003944970738961465,0.0,0.0,0.0,0.0,0.0,0.0,0.0,0.0,0.0,0.0,0.0,0.0,0.0,0.0,0.0,0.0,0.0,0.0,-3.0859605255340297e-16,3.0861595013869616e-16,-7.708154185237853e-22,-2.358211037442602e-15,-2.3580345417626215e-15,1.5469655461508224e-15,-2.867650666352556e-14,2.867883241714676e-14,-8.191045333829968e-20,1.0590638556462357e-14,-1.0710418785689747e-14,3.2879127736239984e-20,1.1754300061723696e-05,-1.1754300061728217e-05,5.264209666524334e-21
1.6700000000000013,1.410285173542286e-06,1.4102851735423859e-06,0.11997245063326914,0.9999999999654599,-5.877150030898666e-06,5.877150030900933e-06,-2.9335916924619364e-21,1.175430007151539e-05,-1.1754300071357064e-05,4.360599735798935e-20,-2.2380399728266076e-16,-2.2426849639782057e-16,-4.310590916785904e-15,8.558623865501701e-14,-8.558895891975179e-14,1.5232699498354562e-19,-7.499560009855494e-14,7.487854013406223e-14,-1.2065632341826697e-19,4.0,12.75300000009924,-3.0370382166133858e-05,1.4206365519172691e-14,1.608486817960301,8.658452988085143e-29,0.0,0.0,-0.0003944970738959995,0.0,0.0,0.0,0.0,0.0,0.0,0.0,0.0,0.0,0.0,0.0,0.0,0.0,0.0,0.0,0.0,0.0,0.0,9.229170322869154e-16,-9.229519939668793e-16,1.5171808712147032e-21,-9.756419899897514e-16,-9.762216394896612e-16,-4.234350515055639e-15,8.558623865680782e-14,-8.558895891796124e-14,1.5235896977005074e-19,1.0590638556462073e-14,-1.0710418785689558e-14,3.167067156527865e-20,1.1754300061932657e-05,-1.175430006193719e-05,5.86718338499142e-21
1.6800000000000013,1.4102851735339278e-06,1.410285173534028e-06,0.11997245063326913,0.9999999999654599,-5.877150030831455e-06,5.877150030833719e-06,-2.8837121119317455e-21,1.1754300071486928e-05,-1.1754300071329792e-05,4.3812479921062747e-20,-8.567944651726478e-16,-8.564396559554852e-16,1.1447357092741548e-15,-2.9516462844986064e-14,2.9516327890214753e-14,-6.760265825388035e-20,4.0152075770396e-14,-4.027172104485213e-14,9.77578651404433e-20,4.0,12.753000000021927,-3.037038216611998e-05,6.220021754497807e-15,1.608486817960301,1.0384266049667085e-29,0.0,0.0,-0.0003944970738961049,0.0,0.0,0.0,0.0,0.0,0.0,0.0,0.0,0.0,0.0,0.0,0.0,0.0,0.0,0.0,0.0,0.0,0.0,-3.1764711934577065e-16,3.1764025474394115e-16,-7.371495956857608e-22,-8.777071919271683e-16,-8.772459419492183e-16,1.0158885451269566e-15,-2.9516462845780725e-14,2.951632788942018e-14,-6.76010719455299e-20,1.0635612925409933e-14,-1.075539315463738e-14,3.015520688656294e-20,1.1754300061798235e-05,-1.1754300061802763e-05,5.76742422392989e-21
1.6900000000000013,1.4102851735428378e-06,1.4102851735429377e-06,0.1199724506332691,0.9999999999654599,-5.87715003058928e-06,5.877150030591525e-06,-2.3560242934228305e-21,1.1754300071109898e-05,-1.1754300070953907e-05,4.3066591479015677e-20,2.1250566164683775e-15,2.12479936190122e-15,-4.15150216528313e-15,8.800988468081013e-14,-8.801575361637936e-14,1.9847535307650264e-19,-7.718152448417051e-14,7.708688788830575e-14,-1.670133403931976e-19,4.0,12.752999999981558,-3.0370382166022836e-05,1.793983373770344e-14,1.6084868179603007,9.28719698522184e-29,0.0,0.0,-0.00039449707389632694,0.0,0.0,0.0,0.0,0.0,0.0,0.0,0.0,0.0,0.0,0.0,0.0,0.0,0.0,0.0,0.0,0.0,0.0,9.490494101700352e-16,-9.491177460432356e-16,1.8622069475099264e-21,2.058462537237678e-15,2.0581782333905764e-15,-3.988731156219744e-15,8.80098846831436e-14,-8.801575361404616e-14,1.9854433827840384e-19,1.0828360196639618e-14,-1.0928865728073612e-14,3.146201268330503e-20,1.1754300061313885e-05,-1.1754300061318376e-05,4.71204858689991e-21
1.7000000000000013,1.410285173556946e-06,1.4102851735570472e-06,0.1199724506332691,0.9999999999654599,-5.8771500306937094e-06,5.877150030695954e-06,-2.443918286495004e-21,1.1754300071427826e-05,-1.1754300071272053e-05,4.3563821707761225e-20,2.03151751136487e-15,2.0317545100110286e-15,1.1058342411161292e-15,-1.4142130271125979e-14,1.4139923515459911e-14,4.5378823250146384e-21,2.5079713658445925e-14,-2.5068789362129935e-14,2.746496626841756e-20,4.0,12.753000000035529,-3.0370382166078347e-05,4.736590386983122e-16,1.6084868179603007,8.560284808150604e-30,0.0,0.0,-0.0003944970738962094,0.0,0.0,0.0,0.0,0.0,0.0,0.0,0.0,0.0,0.0,0.0,0.0,0.0,0.0,0.0,0.0,0.0,0.0,-1.5193049179991385e-16,1.5190688304526192e-16,-5.779036612494412e-23,2.7540894570933495e-15,2.7544152819848016e-15,1.2113254237035682e-15,-1.4142130271072509e-14,1.4139923515513424e-14,4.563821192711404e-21,1.0937583387319946e-14,-1.0928865846670024e-14,3.2002848593432196e-20,1.1754300061522744e-05,-1.1754300061527234e-05,4.8878365730462805e-21
1.7100000000000013,1.4102851735905744e-06,1.4102851735906778e-06,0.11997245063326908,0.9999999999654599,-5.877150030417325e-06,5.877150030419528e-06,-1.6648745126869601e-21,1.1754300070984483e-05,-1.1754300070828545e-05,4.2320104969375694e-20,3.646604648841592e-15,3.64674645372741e-15,-1.3484130918370166e-15,4.144100653308436e-14,-4.1447526793736375e-14,1.356342117386029e-19,-3.045844911426234e-14,3.0473686669130406e-14,-1.0445575204723067e-19,4.0,12.752999999965784,-3.0370382165953447e-05,1.2189778632299102e-14,1.6084868179603002,3.3928850459072575e-29,0.0,0.0,-0.0003944970738963752,0.0,0.0,0.0,0.0,0.0,0.0,0.0,0.0,0.0,0.0,0.0,0.0,0.0,0.0,0.0,0.0,0.0,0.0,4.471412438671912e-16,-4.472117549695108e-16,1.1497647826325428e-21,4.409012538489831e-15,4.409251217073998e-15,-1.089820958491633e-15,4.144100653467916e-14,-4.14475267921417e-14,1.357108528198568e-19,1.098255741882202e-14,-1.0973840124605969e-14,3.1178459691372236e-20,1.1754300060969976e-05,-1.1754300060974382e-05,3.329749025412255e-21
1.7200000000000013,1.410285173619515e-06,1.410285173619619e-06,0.11997245063326911,0.9999999999654599,-5.877150030630293e-06,5.877150030632502e-06,-1.8290894975566266e-21,1.175430007152103e-05,-1.1754300071365011e-05,4.296623637159746e-20,3.4725778878224553e-15,3.472590614531108e-15,5.05452047462755e-16,5.086088623287667e-15,-5.088753077675599e-15,6.175152558729409e-20,6.005692057431599e-15,-5.9943103088277725e-15,-2.910935315763292e-20,4.0,12.753000000049074,-3.0370382166036713e-05,5.774251076415647e-15,1.6084868179603007,1.588934993530311e-29,0.0,0.0,-0.0003944970738961214,0.0,0.0,0.0,0.0,0.0,0.0,0.0,0.0,0.0,0.0,0.0,0.0,0.0,0.0,0.0,0.0,0.0,0.0,5.531639570059563e-17,-5.534497691925497e-17,5.392240286974882e-22,4.473641692326344e-15,4.473680540707106e-15,7.384873520831808e-16,5.0860886240137046e-15,-5.088753076949577e-15,6.178284437511411e-20,1.1091780680719266e-14,-1.1083063386503372e-14,3.264217242966117e-20,1.1754300061395911e-05,-1.175430006140033e-05,3.658178995155369e-21
1.7300000000000013,1.4102851736489754e-06,1.41028517364908e-06,0.11997245063326911,0.9999999999654599,-5.877150030599312e-06,5.877150030601507e-06,-1.5482448046933033e-21,1.1754300071569985e-05,-1.1754300071413855e-05,4.274090348839385e-20,8.703577444654342e-16,8.705151179524958e-16,3.3619600592889794e-15,-9.339867962045306e-14,9.340386669168488e-14,-1.5626919826468807e-19,1.0449046030508464e-13,-1.0448693008210059e-13,1.9096810685566798e-19,4.0,12.75299999993201,-3.0370382166022836e-05,1.4618105496159243e-14,1.6084868179603007,9.992654570401403e-29,0.0,0.0,-0.00039449707389611633,0.0,0.0,0.0,0.0,0.0,0.0,0.0,0.0,0.0,0.0,0.0,0.0,0.0,0.0,0.0,0.0,0.0,0.0,-1.0061429697484763e-15,1.0061997631084107e-15,-1.4356908555872646e-21,1.8786796855234428e-15,1.8788402741795964e-15,2.876110140919588e-15,-9.339867962229039e-14,9.340386668984783e-14,-1.5633016863438282e-19,1.109178068463158e-14,-1.1083063390415718e-14,3.469890859097991e-20,1.1754300061333949e-05,-1.175430006133834e-05,3.0964896094222558e-21
1.7400000000000013,1.4102851736634898e-06,1.4102851736635944e-06,0.11997245063326913,0.9999999999654599,-5.8771500306949436e-06,5.8771500306971425e-06,-1.6121502623167353e-21,1.1754300071872165e-05,-1.1754300071715956e-05,4.3217607186718295e-20,1.4021887712201594e-15,1.4020811027528306e-15,-1.07351203414662e-15,2.543679062396378e-14,-2.54386729063812e-14,6.699028901972058e-20,-1.434500993933234e-14,1.4355609515965652e-14,-3.232941043374609e-20,4.0,12.75299999998675,-3.037038216605059e-05,6.299399685542215e-15,1.608486817960301,9.372515593663141e-30,0.0,0.0,-0.0003944970738960576,0.0,0.0,0.0,0.0,0.0,0.0,0.0,0.0,0.0,0.0,0.0,0.0,0.0,0.0,0.0,0.0,0.0,0.0,2.7465442210367725e-16,-2.7467449561312697e-16,6.344426131541424e-22,1.619340267484674e-15,1.6192164285811104e-15,-9.885571521603652e-16,2.5436790624751373e-14,-2.5438672905593682e-14,6.701241392268707e-20,1.1091780684631441e-14,-1.1083063390415548e-14,3.4660878585974487e-20,1.1754300061525212e-05,-1.175430006152961e-05,3.2243005246705915e-21
1.7500000000000013,1.4102851736561644e-06,1.410285173656271e-06,0.11997245063326913,0.9999999999654599,-5.877150030946899e-06,5.877150030949112e-06,-2.1305958046810183e-21,1.1754300072487006e-05,-1.1754300072330729e-05,4.459450383208248e-20,-2.219669510591893e-15,-2.219343478297149e-15,2.3582661257173537e-15,-8.847200139800688e-14,8.847724053227661e-14,-1.9577759635237358e-19,9.958305682579129e-14,-9.956030392269235e-14,2.2927259465167682e-19,4.0,12.753000000010642,-3.037038216617549e-05,1.815195023443653e-14,1.608486817960301,8.906726218615355e-29,0.0,0.0,-0.0003944970738959943,0.0,0.0,0.0,0.0,0.0,0.0,0.0,0.0,0.0,0.0,0.0,0.0,0.0,0.0,0.0,0.0,0.0,0.0,-9.530428186607308e-16,9.531010417408757e-16,-1.8609616300558902e-21,-2.1777675127041493e-15,-2.177388716236682e-15,1.6501353888699882e-15,-8.84720014003086e-14,8.847724052997516e-14,-1.9583917868120165e-19,1.1111055427784409e-14,-1.1083063390415743e-14,3.3494998299303243e-20,1.1754300062029123e-05,-1.1754300062033549e-05,4.261191609411095e-21
1.7600000000000013,1.4102851736441194e-06,1.4102851736442276e-06,0.11997245063326913,0.9999999999654599,-5.877150030850841e-06,5.877150030853042e-06,-2.050735084357582e-21,1.1754300072406787e-05,-1.1754300072249424e-05,4.476366056982448e-20,-1.8504240572369053e-15,-1.8503040405132157e-15,-1.9484804156619804e-16,1.2639328505190389e-14,-1.2640080939334742e-14,-4.098125078926429e-21,-1.419049659115093e-15,1.5570175489191752e-15,3.664415395159635e-20,4.0,12.752999999981494,-3.037038216611998e-05,4.720523518920143e-16,1.608486817960301,6.561567061740187e-30,0.0,0.0,-0.00039449707389600173,0.0,0.0,0.0,0.0,0.0,0.0,0.0,0.0,0.0,0.0,0.0,0.0,0.0,0.0,0.0,0.0,0.0,0.0,1.3673039122416417e-16,-1.3673240068562225e-16,-7.992568828501028e-23,-2.506669511989572e-15,-2.506507536345622e-15,-5.106480137368547e-17,1.2639328505142289e-14,-1.264008093938288e-14,-4.089280741706779e-21,1.1220278846075296e-14,-1.1083063390415566e-14,3.254602887266992e-20,1.1754300061837007e-05,-1.175430006184141e-05,4.101470168762383e-21
1.7700000000000014,1.4102851736102599e-06,1.4102851736103687e-06,0.11997245063326913,0.9999999999654599,-5.877150031130131e-06,5.877150031132361e-06,-2.8011676615757217e-21,1.1754300073077568e-05,-1.1754300072918893e-05,4.6588297622703586e-20,-3.6538008466296275e-15,-3.6537081432861945e-15,1.2345914168506603e-15,-4.209613394561743e-14,4.2100781017906136e-14,-1.3094786294978824e-19,5.331641272266123e-14,-5.318384440832179e-14,1.6324028503099205e-19,4.0,12.753000000015803,-3.0370382166258758e-05,1.2310798195059847e-14,1.608486817960301,3.442183794844251e-29,0.0,0.0,-0.00039449707389590567,0.0,0.0,0.0,0.0,0.0,0.0,0.0,0.0,0.0,0.0,0.0,0.0,0.0,0.0,0.0,0.0,0.0,0.0,-4.532031110056036e-16,4.532598160508022e-16,-1.188225069238212e-21,-4.413141722345316e-15,-4.413060479742969e-15,9.313856048843093e-16,-4.2096133947157017e-14,4.210078101636668e-14,-1.3100248601359902e-19,1.1220278777043796e-14,-1.1083063390415655e-14,3.229242208120381e-20,1.1754300062395588e-05,-1.1754300062400047e-05,5.602335323215942e-21
1.7800000000000014,1.4102851735830138e-06,1.410285173583124e-06,0.11997245063326913,0.9999999999654599,-5.877150030923587e-06,5.8771500309258015e-06,-2.643131201612518e-21,1.1754300072776924e-05,-1.175430007261685e-05,4.6594947536893595e-20,-3.521524362687846e-15,-3.521443200959309e-15,5.493241413866536e-16,-4.87557028482928e-15,4.877553189577104e-15,-5.814494888104523e-20,1.619222267998093e-14,-1.6056990198100536e-14,9.062630763390322e-20,4.0,12.752999999968672,-3.0370382166161614e-05,5.807624972217833e-15,1.608486817960301,1.626513936791461e-29,0.0,0.0,-0.00039449707389591266,0.0,0.0,0.0,0.0,0.0,0.0,0.0,0.0,0.0,0.0,0.0,0.0,0.0,0.0,0.0,0.0,0.0,0.0,-5.203910236829835e-17,5.206683812736803e-17,-5.307878396866396e-22,-4.538961697952501e-15,-4.538872981262568e-15,6.360954788890598e-16,-4.8755702855128775e-15,4.877553188893521e-15,-5.81682565303894e-20,1.131665239515165e-14,-1.117943700852343e-14,3.2481358752857987e-20,1.17543000619825e-05,-1.1754300061986928e-05,5.286262403285895e-21
1.7900000000000014,1.410285173552783e-06,1.410285173552894e-06,0.11997245063326913,0.9999999999654599,-5.87715003095259e-06,5.877150030954812e-06,-2.9139065083890808e-21,1.1754300072948583e-05,-1.1754300072787152e-05,4.746622452654827e-20,-6.307425557442816e-16,-6.305203567891529e-16,-1.8298145397478454e-15,9.187930203991902e-14,-9.188794214839808e-14,1.4634976116642493e-19,-8.05048254710828e-14,8.065068096619023e-14,-1.1275675799772049e-19,4.0,12.753000000043956,-3.037038216617549e-05,1.469971355620745e-14,1.608486817960301,9.317655379687008e-29,0.0,0.0,-0.00039449707389585596,0.0,0.0,0.0,0.0,0.0,0.0,0.0,0.0,0.0,0.0,0.0,0.0,0.0,0.0,0.0,0.0,0.0,0.0,9.90778069524881e-16,-9.908658534053735e-16,1.1617334646720275e-21,-1.5550527499086446e-15,-1.5546924288029665e-15,-9.086036679261402e-16,9.187930204163999e-14,-9.188794214667739e-14,1.4645131957342317e-19,1.1374476568836222e-14,-1.1237261182207853e-14,3.359300316870445e-20,1.1754300062040505e-05,-1.175430006204495e-05,5.827813016845256e-21
1.8000000000000014,1.41028517353871e-06,1.410285173538823e-06,0.11997245063326913,0.9999999999654599,-5.877150030858367e-06,5.877150030860579e-06,-2.8485764523260016e-21,1.1754300072873884e-05,-1.1754300072711055e-05,4.767648687582409e-20,-1.4822046401119798e-15,-1.4820578740397938e-15,4.543366773905209e-16,-2.4959043584151274e-14,2.496075267240306e-14,-6.208241027544472e-20,3.6333520152677874e-14,-3.619801385430135e-14,9.627823428756789e-20,4.0,12.753000000009926,-3.037038216611998e-05,6.331448864854006e-15,1.608486817960301,9.028931232579702e-30,0.0,0.0,-0.0003944970738958743,0.0,0.0,0.0,0.0,0.0,0.0,0.0,0.0,0.0,0.0,0.0,0.0,0.0,0.0,0.0,0.0,0.0,0.0,-2.6849433531621554e-16,2.685190925569674e-16,-5.867873147955877e-22,-1.7271842083127683e-15,-1.7270080784435056e-15,1.912746164323045e-16,-2.4959043584881162e-14,2.4960752671673247e-14,-6.210249940289959e-20,1.13744765685266e-14,-1.1237261181898292e-14,3.4195824012123165e-20,1.1754300061852059e-05,-1.1754300061856484e-05,5.697152904717593e-21
1.8100000000000014,1.4102851735473103e-06,1.4102851735474232e-06,0.11997245063326913,0.9999999999654599,-5.877150030610742e-06,5.877150030612934e-06,-2.370004225630007e-21,1.1754300072492393e-05,-1.1754300072328139e-05,4.705387022131703e-20,2.4539890483823335e-15,2.4538503264756457e-15,-2.240221737437978e-15,8.694597968508106e-14,-8.695326425839052e-14,1.8078392301222226e-19,-7.555865330972698e-14,7.571600307649242e-14,-1.482315890232142e-19,4.0,12.752999999991092,-3.0370382166008958e-05,1.8224686307107737e-14,1.608486817960301,8.716578829493624e-29,0.0,0.0,-0.000394497073895961,0.0,0.0,0.0,0.0,0.0,0.0,0.0,0.0,0.0,0.0,0.0,0.0,0.0,0.0,0.0,0.0,0.0,0.0,9.37607823243757e-16,-9.37680282181162e-16,1.6010639778675548e-21,2.494574555165778e-15,2.4944553858163282e-15,-1.521077954802657e-15,8.69459796872067e-14,-8.695326425626517e-14,1.8086954804735802e-19,1.1387326375354084e-14,-1.1237261181898102e-14,3.255233398900805e-20,1.1754300061356809e-05,-1.1754300061361193e-05,4.740008451314585e-21
1.8200000000000014,1.4102851735583736e-06,1.410285173558487e-06,0.11997245063326913,0.9999999999654599,-5.877150030702578e-06,5.877150030704771e-06,-2.4455161509765897e-21,1.1754300072789936e-05,-1.1754300072624365e-05,4.7533019887720257e-20,1.8400411152547256e-15,1.840073627338141e-15,-2.9639979753125485e-16,-1.2613568544636562e-14,1.2613081078674423e-14,4.836499163579303e-21,2.4000894919990822e-14,-2.3933865803174212e-14,2.894248710086072e-20,4.0,12.753000000016506,-3.037038216605059e-05,4.619527613468241e-16,1.608486817960301,6.633836097264613e-30,0.0,0.0,-0.0003944970738960028,0.0,0.0,0.0,0.0,0.0,0.0,0.0,0.0,0.0,0.0,0.0,0.0,0.0,0.0,0.0,0.0,0.0,0.0,-1.3543547151766663e-16,1.354331645090755e-16,2.991429348306816e-23,2.4929556875817305e-15,2.4930019304018538e-15,-5.871353059221101e-16,-1.2613568544579698e-14,1.2613081078731326e-14,4.8422289841549016e-21,1.138732637535426e-14,-1.1320784724499789e-14,3.377898626444002e-20,1.1754300061540481e-05,-1.1754300061544867e-05,4.891032302009489e-21
1.8300000000000014,1.4102851735952528e-06,1.410285173595365e-06,0.11997245063326913,0.9999999999654599,-5.877150030435622e-06,5.877150030437785e-06,-1.7371598262994143e-21,1.1754300072369897e-05,-1.1754300072204514e-05,4.6467344226350704e-20,3.9433555399330985e-15,3.94326436907091e-15,-1.594140007382074e-15,3.9800570232514426e-14,-3.9805506044120427e-14,1.2231833276319388e-19,-2.8413243857160238e-14,2.8336948973658864e-14,-8.68337093282189e-20,4.0,12.752999999985798,-3.037038216592569e-05,1.2330786010631512e-14,1.608486817960301,3.5655071515493157e-29,0.0,0.0,-0.0003944970738961452,0.0,0.0,0.0,0.0,0.0,0.0,0.0,0.0,0.0,0.0,0.0,0.0,0.0,0.0,0.0,0.0,0.0,0.0,4.2947906479489957e-16,-4.295363918165417e-16,1.0836343702839472e-21,4.807924660767054e-15,4.807847582232381e-15,-1.4355259137619471e-15,3.9800570233952595e-14,-3.9805506042682384e-14,1.2237634975678077e-19,1.1387326375354188e-14,-1.1468557070461563e-14,3.548462343497497e-20,1.1754300061006569e-05,-1.1754300061010896e-05,3.474319652638828e-21
1.8400000000000014,1.4102851736219026e-06,1.4102851736220157e-06,0.11997245063326913,0.9999999999654599,-5.877150030639327e-06,5.877150030641497e-06,-1.8931495912800263e-21,1.1754300072891183e-05,-1.1754300072726618e-05,4.7127551131864987e-20,3.4804271152070028e-15,3.48049626153926e-15,-8.55372602583011e-16,5.157874431159971e-15,-5.161133785395486e-15,5.678013678790848e-20,6.229451944194224e-15,-6.307423123143601e-15,-2.1723909250890087e-20,4.0,12.753000000026958,-3.0370382166022836e-05,5.797622792374303e-15,1.608486817960301,1.6162073722822547e-29,0.0,0.0,-0.00039449707389620307,0.0,0.0,0.0,0.0,0.0,0.0,0.0,0.0,0.0,0.0,0.0,0.0,0.0,0.0,0.0,0.0,0.0,0.0,5.61033665346223e-17,-5.614246624735274e-17,4.563430067165023e-22,4.4832666955922994e-15,4.483383569140307e-15,-1.029431347295125e-15,5.157874431827616e-15,-5.1611337847278576e-15,5.681844820773015e-20,1.1387326375354196e-14,-1.1468556908539086e-14,3.505622753701839e-20,1.175430006141398e-05,-1.1754300061418319e-05,3.786299182603643e-21
1.8500000000000014,1.4102851736514683e-06,1.4102851736515811e-06,0.11997245063326913,0.9999999999654599,-5.8771500306076365e-06,5.877150030609796e-06,-1.6302832800621117e-21,1.1754300072941677e-05,-1.1754300072777905e-05,4.69531364774221e-20,3.41647303990811e-16,3.4143611802562176e-16,1.2366557294940621e-15,-8.925460676464047e-14,8.926326677862117e-14,-1.4168228118522652e-19,1.0064193313999485e-13,-1.0073182368716034e-13,1.7616912009103833e-19,4.0,12.75299999996206,-3.0370382166008958e-05,1.4663170219658626e-14,1.608486817960301,8.691917562696376e-29,0.0,0.0,-0.0003944970738962951,0.0,0.0,0.0,0.0,0.0,0.0,0.0,0.0,0.0,0.0,0.0,0.0,0.0,0.0,0.0,0.0,0.0,0.0,-9.61465063784616e-16,9.615555839439487e-16,-1.107186619633402e-21,1.1582319759554016e-15,1.1578858871723108e-15,1.794926733722857e-16,-8.925460676630658e-14,8.926326677695532e-14,-1.4178407356812588e-19,1.1387326375354387e-14,-1.1468556908539165e-14,3.448683890581182e-20,1.1754300061350598e-05,-1.1754300061354918e-05,3.260566560161762e-21
1.8600000000000014,1.4102851736650132e-06,1.4102851736651277e-06,0.11997245063326913,0.9999999999654599,-5.8771500306998665e-06,5.877150030702021e-06,-1.7039818754655262e-21,1.1754300073240795e-05,-1.1754300073077825e-05,4.74516985677826e-20,1.5746134661064487e-15,1.5749205517012281e-15,-8.979771762385487e-16,2.4065073581201134e-14,-2.407062200781009e-14,5.98366130860155e-20,-1.2504274932925862e-14,1.2428592826350115e-14,-2.3726727160962573e-20,4.0,12.752999999991006,-3.037038216605059e-05,6.311085238043647e-15,1.608486817960301,9.130620632279473e-30,0.0,0.0,-0.0003944970738963401,0.0,0.0,0.0,0.0,0.0,0.0,0.0,0.0,0.0,0.0,0.0,0.0,0.0,0.0,0.0,0.0,0.0,0.0,2.598911074028724e-16,-2.5995510361285356e-16,3.770831605458132e-22,1.8544365776208768e-15,1.8548811336927708e-15,-7.822802380399503e-16,2.4065073581904893e-14,-2.4070622007106403e-14,5.990183094887269e-20,1.1560798648275272e-14,-1.1642029181459974e-14,3.610988592505293e-20,1.1754300061535058e-05,-1.1754300061539368e-05,3.407963750970287e-21
1.8700000000000014,1.4102851736548704e-06,1.4102851736549824e-06,0.11997245063326913,0.9999999999654599,-5.877150030955764e-06,5.877150030957954e-06,-2.1472801609320662e-21,1.1754300073869159e-05,-1.1754300073707074e-05,4.870789847537966e-20,-3.3115685677543632e-15,-3.3122783111152038e-15,2.093422566356078e-15,-1.1143353384602887e-13,1.1145128952445414e-13,-2.1105894566535567e-19,1.2318065463610334e-13,-1.2327964084771315e-13,2.4890864489204423e-19,4.0,12.753000000002626,-3.037038216617549e-05,2.3594222833188155e-14,1.608486817960301,1.4316576998218878e-28,0.0,0.0,-0.0003944970738963269,0.0,0.0,0.0,0.0,0.0,0.0,0.0,0.0,0.0,0.0,0.0,0.0,0.0,0.0,0.0,0.0,0.0,0.0,-1.200490857466062e-15,1.2006802985922187e-15,-1.4115622327435314e-21,-3.413448092377394e-15,-3.414516181117019e-15,9.38349790704644e-16,-1.1143353384851112e-13,1.1145128952197223e-13,-2.112676512077132e-19,1.1747120790074465e-14,-1.1828351323259017e-14,3.7849699226688564e-20,1.1754300062046853e-05,-1.1754300062051233e-05,4.294560321913575e-21
1.8800000000000014,1.4102851736361912e-06,1.4102851736363047e-06,0.11997245063326913,0.9999999999654599,-5.877150030881345e-06,5.87715003088353e-06,-2.1804383270840593e-21,1.1754300073837794e-05,-1.1754300073676508e-05,4.9154630602588666e-20,-1.9493259571906727e-15,-1.9490852225162387e-15,-5.549300215245318e-16,3.3876103080614154e-14,-3.3879605758434696e-14,2.650069072973567e-20,-2.2128982486346316e-14,2.2051254630982256e-14,1.1844346338895528e-20,4.0,12.752999999982968,-3.0370382166133858e-05,2.9920771894853326e-15,1.608486817960301,1.844078416823914e-29,0.0,0.0,-0.00039449707389633144,0.0,0.0,0.0,0.0,0.0,0.0,0.0,0.0,0.0,0.0,0.0,0.0,0.0,0.0,0.0,0.0,0.0,0.0,3.6564196127119813e-16,-3.656837104504275e-16,1.1670338344711187e-22,-2.8051544310159726e-15,-2.804813030505592e-15,-1.7935698597692936e-16,3.3876103080925944e-14,-3.387960575812301e-14,2.6541862252047145e-20,1.1747120594267838e-14,-1.182835112745244e-14,3.83450370686312e-20,1.1754300061898015e-05,-1.1754300061902386e-05,4.3608766542183244e-21
1.8900000000000015,1.4102851736089328e-06,1.4102851736090448e-06,0.11997245063326913,0.9999999999654599,-5.877150030990991e-06,5.8771500309932025e-06,-2.4844788799084153e-21,1.1754300074174555e-05,-1.1754300074014137e-05,5.0148025956117214e-20,-1.2241627690451622e-15,-1.2240289142335488e-15,-7.236473893920702e-16,3.948450085290309e-14,-3.9488492614149e-14,3.537006138129452e-20,-2.7737380258635515e-14,2.7660141486696696e-14,2.5768802521661284e-21,4.0,12.753000000026605,-3.037038216618937e-05,4.969257325657215e-15,1.608486817960301,1.9645735494601128e-29,0.0,0.0,-0.0003944970738963064,0.0,0.0,0.0,0.0,0.0,0.0,0.0,0.0,0.0,0.0,0.0,0.0,0.0,0.0,0.0,0.0,0.0,0.0,4.260887311222111e-16,-4.2613579887837595e-16,1.8869993617270787e-22,-1.9073123974106546e-15,-1.9071058861446075e-15,-3.089502323824663e-16,3.9484500853319175e-14,-3.948849261373304e-14,3.5416981735691687e-20,1.1747120594267576e-14,-1.1828351127452305e-14,3.794694163346065e-20,1.1754300062117307e-05,-1.175430006212173e-05,4.9689577598740374e-21
1.9000000000000015,1.410285173599925e-06,1.4102851736000387e-06,0.11997245063326913,0.9999999999654599,-5.877150030801542e-06,5.877150030803733e-06,-2.279633645896247e-21,1.1754300073913605e-05,-1.175430007375387e-05,5.010885466343671e-20,-2.315182348440619e-15,-2.3154661585220388e-15,1.1714480551962912e-15,-5.764063963881326e-14,5.765045497465771e-14,-9.466527225697574e-20,6.952268321157932e-14,-6.960087927668901e-14,1.3107556766424598e-19,4.0,12.753000000002597,-3.0370382166106102e-05,1.3056128786378322e-14,1.608486817960301,4.0957278997110164e-29,0.0,0.0,-0.00039449707389633464,0.0,0.0,0.0,0.0,0.0,0.0,0.0,0.0,0.0,0.0,0.0,0.0,0.0,0.0,0.0,0.0,0.0,0.0,-6.207103228421954e-16,6.208139915925469e-16,-5.413175667233857e-22,-2.548543497246044e-15,-2.5489924876830007e-15,6.005428736458761e-16,-5.764063963992676e-14,5.76504549735444e-14,-9.478064464636107e-20,1.1882043572766054e-14,-1.1950424302031302e-14,3.6410295407270237e-20,1.1754300061738409e-05,-1.1754300061742792e-05,4.559267291844984e-21
1.9100000000000015,1.4102851736013667e-06,1.4102851736014812e-06,0.11997245063326913,0.9999999999654599,-5.87715003070142e-06,5.877150030703595e-06,-2.1612730306650207e-21,1.1754300073833147e-05,-1.1754300073674064e-05,5.023768760790446e-20,2.6034962650336044e-15,2.6039779422837568e-15,-2.0526970897376853e-15,9.768938717019075e-14,-9.770525733476677e-14,1.4197393321432175e-19,-8.561459654453867e-14,8.556208597984919e-14,-1.053089787706962e-19,4.0,12.753000000032461,-3.037038216605059e-05,2.026031743025239e-14,1.608486817960301,1.0856232094554916e-28,0.0,0.0,-0.00039449707389635936,0.0,0.0,0.0,0.0,0.0,0.0,0.0,0.0,0.0,0.0,0.0,0.0,0.0,0.0,0.0,0.0,0.0,0.0,1.0534297887145745e-15,-1.053605461620269e-15,7.595858580406158e-22,2.6029203240003243e-15,2.603675737325061e-15,-1.1053306870170428e-15,9.76893871718608e-14,-9.770525733309702e-14,1.421604758707253e-19,1.2074790625652073e-14,-1.2143171354917574e-14,3.666495444362555e-20,1.1754300061538165e-05,-1.1754300061542516e-05,4.322546061379806e-21
1.9200000000000015,1.41028517361642e-06,1.410285173616536e-06,0.11997245063326913,0.9999999999654599,-5.87715003067104e-06,5.877150030673199e-06,-2.0364264175511294e-21,1.1754300073893313e-05,-1.1754300073734886e-05,5.0358631908459194e-20,1.0739022899301023e-15,1.0738364865228123e-15,3.9219343843469263e-16,-4.460414530957932e-14,4.460828960233396e-14,-4.067268975177052e-20,5.669821047465443e-14,-5.6770735496674696e-14,7.754542538885204e-20,4.0,12.753000000009262,-3.0370382166036713e-05,6.050465511583628e-15,1.608486817960301,2.3831070347523634e-29,0.0,0.0,-0.00039449707389640603,0.0,0.0,0.0,0.0,0.0,0.0,0.0,0.0,0.0,0.0,0.0,0.0,0.0,0.0,0.0,0.0,0.0,0.0,-4.801949258868878e-16,4.802369196020522e-16,-2.3517645697242576e-22,1.752931230022187e-15,1.752811880487637e-15,-2.0385639826943366e-16,-4.460414531005776e-14,4.460828960185566e-14,-4.072140300653686e-20,1.2094065165075104e-14,-1.2162445894340737e-14,3.687273563708152e-20,1.1754300061477406e-05,-1.1754300061481724e-05,4.0728528351491485e-21
1.9300000000000015,1.4102851736469548e-06,1.410285173647073e-06,0.11997245063326913,0.9999999999654599,-5.877150030496183e-06,5.877150030498302e-06,-1.7094982276436133e-21,1.175430007366454e-05,-1.1754300073506715e-05,5.006197657884151e-20,4.754083887455462e-15,4.754530130803506e-15,-2.674258138523669e-15,9.950551234848903e-14,-9.952364222105214e-14,1.5245644009009538e-19,-8.740502228565816e-14,8.735477142895566e-14,-1.179380030881799e-19,4.0,12.75299999999733,-3.0370382165953447e-05,2.361004919373251e-14,1.608486817960301,1.3040965693705392e-28,0.0,0.0,-0.0003944970738965144,0.0,0.0,0.0,0.0,0.0,0.0,0.0,0.0,0.0,0.0,0.0,0.0,0.0,0.0,0.0,0.0,0.0,0.0,1.0730048639875485e-15,-1.0732051132794871e-15,7.620265339060173e-22,5.384137411969384e-15,5.384865006605386e-15,-1.8842836281571957e-15,9.950551235028245e-14,-9.952364221925903e-14,1.5266954403077689e-19,1.2100490062830872e-14,-1.2168870792096486e-14,3.4518437001915485e-20,1.1754300061127691e-05,-1.175430006113193e-05,3.4189964553265886e-21
1.9400000000000015,1.4102851736762116e-06,1.4102851736763316e-06,0.11997245063326913,0.9999999999654599,-5.8771500306140324e-06,5.877150030616142e-06,-1.694648277929197e-21,1.1754300074022208e-05,-1.175430007386496e-05,5.0373079141122033e-20,2.809086530747421e-15,2.8091908043970804e-15,1.235530795337008e-16,-4.0985183077261283e-14,4.0986152393721906e-14,-1.8644367564745812e-20,5.327842010883665e-14,-5.32899460351021e-14,5.277196847611436e-20,4.0,12.75300000001511,-3.0370382166008958e-05,2.982059804209281e-15,1.608486817960301,3.0389546587862463e-29,0.0,0.0,-0.00039449707389658883,0.0,0.0,0.0,0.0,0.0,0.0,0.0,0.0,0.0,0.0,0.0,0.0,0.0,0.0,0.0,0.0,0.0,0.0,-4.4118127749211057e-16,4.411913432490543e-16,-1.5272752807173737e-22,3.979694150105674e-15,3.979821653008665e-15,-4.95159388408841e-16,-4.098518307748057e-14,4.098615239350275e-14,-1.8655761198528938e-20,1.2293237031575365e-14,-1.2303793641380191e-14,3.4127600911368545e-20,1.175430006136339e-05,-1.175430006136761e-05,3.389296555897414e-21
1.9500000000000015,1.4102851737113776e-06,1.4102851737114992e-06,0.11997245063326913,0.9999999999654599,-5.877150030537463e-06,5.8771500305395435e-06,-1.4594596559867959e-21,1.175430007399272e-05,-1.1754300073834802e-05,5.024979565291092e-20,1.7082854949283825e-15,1.7083612467087695e-15,3.257383729515112e-16,-4.336463690170252e-14,4.336719706586248e-14,-2.922291556387434e-20,5.575424744517051e-14,-5.5670990670053274e-14,6.377740217581466e-20,4.0,12.75299999997283,-3.0370382165967325e-05,4.9427478019796745e-15,1.608486817960301,2.5375703884107496e-29,0.0,0.0,-0.00039449707389667155,0.0,0.0,0.0,0.0,0.0,0.0,0.0,0.0,0.0,0.0,0.0,0.0,0.0,0.0,0.0,0.0,0.0,0.0,-4.668223965645727e-16,4.668541007357592e-16,-1.8917941057832648e-22,2.5677007978931795e-15,2.567778326327754e-15,-2.704029425837021e-16,-4.336463690204626e-14,4.3367197065518876e-14,-2.925300849739715e-20,1.2389610543467992e-14,-1.2303793604190796e-14,3.4554486611940323e-20,1.1754300061210252e-05,-1.1754300061214412e-05,2.9189193120071966e-21
1.9600000000000015,1.4102851737233085e-06,1.4102851737234311e-06,0.11997245063326913,0.9999999999654599,-5.877150030738576e-06,5.877150030740669e-06,-1.6185819330594885e-21,1.1754300074518842e-05,-1.1754300074360091e-05,5.090978231988176e-20,2.5870301446075805e-15,2.5872323731141144e-15,-1.5013397594673433e-15,5.5163829727718966e-14,-5.5173844177231425e-14,7.708019968928914e-20,-4.2767794272843804e-14,4.286362566464393e-14,-4.32404420432304e-20,4.0,12.752999999997485,-3.037038216606447e-05,1.3020253565636163e-14,1.608486817960301,3.9817505108583795e-29,0.0,0.0,-0.0003944970738966978,0.0,0.0,0.0,0.0,0.0,0.0,0.0,0.0,0.0,0.0,0.0,0.0,0.0,0.0,0.0,0.0,0.0,0.0,5.951079971347102e-16,-5.952130486253335e-16,3.4429653764029873e-22,2.9217581935284e-15,2.9221024394661887e-15,-1.0690299206528806e-15,5.516382972862576e-14,-5.51738441763248e-14,7.719791252292454e-20,1.2396035454875162e-14,-1.2310218512587495e-14,3.3839757646058736e-20,1.1754300061612477e-05,-1.1754300061616663e-05,3.2371638661562456e-21
1.9700000000000015,1.4102851737235796e-06,1.4102851737237024e-06,0.11997245063326913,0.9999999999654599,-5.877150030845401e-06,5.877150030847504e-06,-1.7185805101116824e-21,1.1754300074857416e-05,-1.1754300074697828e-05,5.143975851855686e-20,-2.5328289132513466e-15,-2.5329643501546184e-15,1.65697099089815e-15,-9.789373740983813e-14,9.790800706440538e-14,-1.170546220331179e-19,1.1048252011662029e-13,-1.1041097282889981e-13,1.492356817782512e-19,4.0,12.752999999966658,-3.037038216611998e-05,2.0194673898627017e-14,1.608486817960301,1.0828621938894117e-28,0.0,0.0,-0.00039449707389672137,0.0,0.0,0.0,0.0,0.0,0.0,0.0,0.0,0.0,0.0,0.0,0.0,0.0,0.0,0.0,0.0,0.0,0.0,-1.0545224734996946e-15,1.0546815257553212e-15,-5.652819296309756e-22,-2.509431006482396e-15,-2.5097231045671405e-15,5.876299204904069e-16,-9.789373741121516e-14,9.790800706302863e-14,-1.1722235181808792e-19,1.2588782706782154e-14,-1.250296576449443e-14,3.218105974513328e-20,1.1754300061826128e-05,-1.1754300061830334e-05,3.437161020262936e-21
1.9800000000000015,1.4102851737090565e-06,1.4102851737091808e-06,0.11997245063326913,0.9999999999654599,-5.877150030877702e-06,5.877150030879808e-06,-1.8210864676662357e-21,1.1754300075048136e-05,-1.1754300074887645e-05,5.1969844271792386e-20,-1.0433188822531981e-15,-1.0430379035800648e-15,-7.10893664856969e-16,4.423791477681198e-14,-4.4244225135267885e-14,3.3596278087324295e-20,-3.15848829973969e-14,3.172198463613865e-14,-8.000610693626744e-22,4.0,12.752999999992696,-3.0370382166133858e-05,6.031907934347698e-15,1.608486817960301,2.3369869158034706e-29,0.0,0.0,-0.0003944970738967105,0.0,0.0,0.0,0.0,0.0,0.0,0.0,0.0,0.0,0.0,0.0,0.0,0.0,0.0,0.0,0.0,0.0,0.0,4.773612393855453e-16,-4.774239842572445e-16,5.530110555875417e-23,-1.7102602963676456e-15,-1.7098440036844755e-15,-2.162963247502379e-16,4.4237914777207384e-14,-4.424422513487261e-14,3.3670451929281577e-20,1.2653031779415083e-14,-1.2522240499129234e-14,3.279621701796162e-20,1.175430006189073e-05,-1.175430006189494e-05,3.642172935374403e-21
1.9900000000000015,1.410285173678529e-06,1.4102851736786542e-06,0.11997245063326913,0.9999999999654599,-5.8771500310515775e-06,5.877150031053716e-06,-2.092495187086544e-21,1.1754300075523382e-05,-1.1754300075360684e-05,5.2839236389208535e-20,-4.7784686098050496e-15,-4.778592776522784e-15,1.5889390468183598e-15,-9.884403232363203e-14,9.886090180069483e-14,-1.262843898558413e-19,1.1168981126223103e-13,-1.1138956719982641e-13,1.5890757365050893e-19,4.0,12.753000000002139,-3.0370382166217125e-05,2.3531954409621317e-14,1.608486817960301,1.2802497703536947e-28,0.0,0.0,-0.0003944970738966951,0.0,0.0,0.0,0.0,0.0,0.0,0.0,0.0,0.0,0.0,0.0,0.0,0.0,0.0,0.0,0.0,0.0,0.0,-1.0647529719934032e-15,1.0649507083171766e-15,-5.376574510580852e-22,-5.4211395592401026e-15,-5.421437952339897e-15,4.83962697022818e-16,-9.884403232511773e-14,9.886090179920943e-14,-1.264826787332509e-19,1.2845778938598992e-14,-1.2528665399131576e-14,3.2623183794667624e-20,1.175430006223848e-05,-1.1754300062242758e-05,4.184990374221269e-21
2.0000000000000013,1.4102851736494612e-06,1.4102851736495845e-06,0.11997245063326913,0.9999999999654599,-5.877150030934556e-06,5.877150030936703e-06,-2.097621447466443e-21,1.175430007541867e-05,-1.175430007525282e-05,5.317807724846888e-20,-2.7169178048196644e-15,-2.7169147729939604e-15,-4.896025351431531e-16,4.0139082601745756e-14,-4.014116545770519e-14,1.4411697445159633e-20,-2.7158380725350827e-14,2.74775771577534e-14,1.811344078285449e-20,4.0,12.752999999986413,-3.0370382166161614e-05,2.969003203619911e-15,1.608486817960301,2.879341508890321e-29,0.0,0.0,-0.0003944970738966884,0.0,0.0,0.0,0.0,0.0,0.0,0.0,0.0,0.0,0.0,0.0,0.0,0.0,0.0,0.0,0.0,0.0,0.0,4.3319935688951355e-16,-4.332077392687519e-16,5.505900284431255e-23,-3.8531150360714205e-15,-3.853094201263171e-15,5.7662378057737085e-18,4.0139082601915355e-14,-4.014116545753571e-14,1.443617995692818e-20,1.298070187639493e-14,-1.2663588299951792e-14,3.252513822801412e-20,1.1754300062004437e-05,-1.1754300062008731e-05,4.195242894981184e-21
