# https://github.com/mikedh/trimesh
v 0.00000000 105.00000000 6.00000000
v 0.00000000 116.00000000 13.00000000
v 0.00000000 124.00000000 13.00000000
v 0.00000000 116.00000000 19.00000000
v 11.00000000 105.00000000 15.50000000
v 3.00000000 105.00000000 15.50000000
v 0.00000000 128.75000000 14.00000000
v 0.00000000 105.00000000 27.10000038
v 0.00000000 128.75000000 20.00000000
v 0.00000000 124.00000000 19.00000000
v 3.00000000 105.00000000 21.50000000
v 3.00000000 105.00000000 27.10000038
v 0.00000000 138.25000000 20.00000000
v 47.50000000 105.00000000 18.50000000
v 0.00000000 162.00000000 6.00000000
v 0.00000000 138.25000000 14.00000000
v 3.00000000 162.00000000 15.50000000
v 11.00000000 162.00000000 15.50000000
v 0.00000000 162.00000000 27.10000038
v 3.00000000 162.00000000 21.50000000
v 3.00000000 162.00000000 27.10000038
v 47.50000000 105.00000000 9.50000000
v 107.00000000 105.00000000 6.00000000
v 11.00000000 105.00000000 21.50000000
v 96.00000000 105.00000000 21.50000000
v 11.00000000 105.00000000 27.10000038
v 107.00000000 162.00000000 6.00000000
v 11.00000000 162.00000000 21.50000000
v 49.50000000 162.00000000 19.54999924
v 49.50000000 162.00000000 13.55000019
v 11.00000000 162.00000000 27.10000038
v 96.00000000 162.00000000 27.10000038
v 96.00000000 162.00000000 21.50000000
v 2.00000000 107.00000000 27.10000038
v 2.00000000 160.00000000 27.10000038
v 96.00000000 105.00000000 27.10000038
v 105.00000000 160.00000000 27.10000038
v 59.50000000 105.00000000 9.50000000
v 59.50000000 105.00000000 18.50000000
v 96.00000000 105.00000000 15.50000000
v 57.50000000 162.00000000 13.55000019
v 57.50000000 162.00000000 19.54999924
v 96.00000000 162.00000000 15.50000000
v 104.00000000 105.00000000 15.50000000
v 107.00000000 124.00000000 13.00000000
v 107.00000000 116.00000000 13.00000000
v 107.00000000 116.00000000 19.00000000
v 107.00000000 130.45619202 15.03323364
v 107.00000000 132.20590210 14.17037106
v 107.00000000 131.58657837 14.38060188
v 107.00000000 131.00000000 14.66987324
v 107.00000000 105.00000000 27.10000038
v 107.00000000 129.96446228 15.46446609
v 107.00000000 124.00000000 19.00000000
v 104.00000000 105.00000000 21.50000000
v 104.00000000 105.00000000 27.10000038
v 107.00000000 128.50000000 19.00000000
v 107.00000000 128.54277039 19.65263176
v 107.00000000 128.67036438 20.29409599
v 107.00000000 128.88059998 20.91341782
v 107.00000000 129.16987610 21.50000000
v 107.00000000 129.53323364 22.04380798
v 107.00000000 129.96446228 22.53553391
v 107.00000000 130.45619202 22.96676636
v 107.00000000 131.00000000 23.33012772
v 107.00000000 131.58657837 23.61939812
v 107.00000000 132.20590210 23.82962990
v 107.00000000 132.84736633 23.95722389
v 107.00000000 133.50000000 24.00000000
v 107.00000000 134.15263367 23.95722389
v 107.00000000 132.84736633 14.04277611
v 107.00000000 133.50000000 14.00000000
v 107.00000000 134.15263367 14.04277611
v 107.00000000 134.79409790 14.17037106
v 107.00000000 135.41342163 14.38060188
v 107.00000000 136.00000000 14.66987324
v 107.00000000 136.54380798 15.03323364
v 107.00000000 137.03553772 15.46446609
v 107.00000000 137.46676636 15.95619297
v 104.00000000 162.00000000 15.50000000
v 107.00000000 129.53323364 15.95619297
v 107.00000000 129.16987610 16.50000000
v 107.00000000 128.88059998 17.08658218
v 107.00000000 128.67036438 17.70590401
v 107.00000000 128.54277039 18.34736824
v 107.00000000 137.83012390 16.50000000
v 107.00000000 138.11940002 17.08658218
v 107.00000000 138.32963562 17.70590401
v 107.00000000 162.00000000 27.10000038
v 107.00000000 138.45722961 18.34736824
v 107.00000000 138.50000000 19.00000000
v 107.00000000 138.45722961 19.65263176
v 107.00000000 138.32963562 20.29409599
v 107.00000000 138.11940002 20.91341782
v 107.00000000 137.46676636 22.04380798
v 107.00000000 137.03553772 22.53553391
v 107.00000000 137.83012390 21.50000000
v 107.00000000 134.79409790 23.82962990
v 107.00000000 135.41342163 23.61939812
v 107.00000000 136.54380798 22.96676636
v 107.00000000 136.00000000 23.33012772
v 104.00000000 162.00000000 21.50000000
v 104.00000000 162.00000000 27.10000038
v 105.00000000 107.00000000 27.10000038
v 2.00000000 107.00000000 8.00000000
v 4.22836161 110.85195160 8.00000000
v 4.10222244 111.22354126 8.00000000
v 4.02566528 111.60842133 8.00000000
v 4.00000000 112.00000000 8.00000000
v 5.17371559 109.61994171 8.00000000
v 4.87867975 109.87867737 8.00000000
v 5.50000000 109.40192413 8.00000000
v 5.85194969 109.22836304 8.00000000
v 4.61993980 110.17371368 8.00000000
v 4.40192366 110.50000000 8.00000000
v 6.22354269 109.10222626 8.00000000
v 6.60842133 109.02566528 8.00000000
v 7.00000000 109.00000000 8.00000000
v 7.39157867 109.02566528 8.00000000
v 7.77645731 109.10222626 8.00000000
v 2.00000000 128.75000000 20.00000000
v 2.00000000 128.75000000 14.00000000
v 2.00000000 138.25000000 20.00000000
v 51.08518600 107.00000000 14.64704800
v 2.00000000 160.00000000 8.00000000
v 4.02566528 112.39157867 8.00000000
v 4.10222244 112.77645874 8.00000000
v 4.22836161 113.14804840 8.00000000
v 4.40192366 113.50000000 8.00000000
v 4.61993980 113.82628632 8.00000000
v 4.87867975 114.12132263 8.00000000
v 5.17371559 114.38005829 8.00000000
v 5.50000000 114.59807587 8.00000000
v 5.85194969 114.77163696 8.00000000
v 6.22354269 114.89777374 8.00000000
v 6.60842133 114.97433472 8.00000000
v 7.00000000 115.00000000 8.00000000
v 7.77645731 114.89777374 8.00000000
v 8.14805031 114.77163696 8.00000000
v 8.50000000 114.59807587 8.00000000
v 7.39157867 114.97433472 8.00000000
v 9.12132072 114.12132263 8.00000000
v 8.82628441 114.38005829 8.00000000
v 9.38006020 113.82628632 8.00000000
v 9.59807587 113.50000000 8.00000000
v 9.77163887 113.14804840 8.00000000
v 9.89777756 112.77645874 8.00000000
v 6.22354269 152.10221863 8.00000000
v 5.85194969 152.22836304 8.00000000
v 4.40192366 153.50000000 8.00000000
v 4.22836161 153.85194397 8.00000000
v 4.61993980 153.17372131 8.00000000
v 5.17371559 152.61993408 8.00000000
v 4.87867975 152.87867737 8.00000000
v 5.50000000 152.40191650 8.00000000
v 2.00000000 138.25000000 14.00000000
v 4.10222244 154.22354126 8.00000000
v 4.02566528 154.60842896 8.00000000
v 4.00000000 155.00000000 8.00000000
v 4.02566528 155.39157104 8.00000000
v 4.10222244 155.77645874 8.00000000
v 4.22836161 156.14805603 8.00000000
v 4.40192366 156.50000000 8.00000000
v 4.61993980 156.82627869 8.00000000
v 4.87867975 157.12132263 8.00000000
v 5.17371559 157.38006592 8.00000000
v 5.50000000 157.59808350 8.00000000
v 5.85194969 157.77163696 8.00000000
v 6.22354269 157.89778137 8.00000000
v 6.60842133 157.97433472 8.00000000
v 7.00000000 158.00000000 8.00000000
v 7.39157867 157.97433472 8.00000000
v 6.60842133 152.02566528 8.00000000
v 7.00000000 152.00000000 8.00000000
v 7.39157867 152.02566528 8.00000000
v 88.50000000 109.00000000 8.00000000
v 86.11994171 110.17371368 8.00000000
v 8.14805031 109.22836304 8.00000000
v 85.90192413 110.50000000 8.00000000
v 8.50000000 109.40192413 8.00000000
v 51.73223114 107.00000000 12.23223305
v 51.97809601 107.00000000 12.01661682
v 51.51661682 107.00000000 12.47809601
v 51.33493805 107.00000000 12.75000000
v 52.25000000 107.00000000 11.83493614
v 52.54329300 107.00000000 11.69030094
v 52.85295105 107.00000000 11.58518505
v 53.17368317 107.00000000 11.52138805
v 51.08518600 107.00000000 13.35295200
v 51.19029999 107.00000000 13.04329109
v 51.02138901 107.00000000 13.67368412
v 51.00000000 107.00000000 14.00000000
v 51.02138901 107.00000000 14.32631588
v 9.97433472 112.39157867 8.00000000
v 88.10842133 152.02566528 8.00000000
v 100.77645874 152.10221863 8.00000000
v 8.82628441 109.61994171 8.00000000
v 100.39157867 152.02566528 8.00000000
v 9.12132072 109.87867737 8.00000000
v 100.00000000 152.00000000 8.00000000
v 9.38006020 110.17371368 8.00000000
v 99.60842133 152.02566528 8.00000000
v 9.59807587 110.50000000 8.00000000
v 99.22354126 152.10221863 8.00000000
v 9.77163887 110.85195160 8.00000000
v 98.85195160 152.22836304 8.00000000
v 9.89777756 111.22354126 8.00000000
v 105.00000000 107.00000000 8.00000000
v 51.19029999 107.00000000 14.95670891
v 51.33493805 107.00000000 15.25000000
v 51.51661682 107.00000000 15.52190399
v 51.73223114 107.00000000 15.76776695
v 51.97809601 107.00000000 15.98338318
v 52.25000000 107.00000000 16.16506386
v 52.54329300 107.00000000 16.30969810
v 52.85295105 107.00000000 16.41481400
v 53.17368317 107.00000000 16.47861290
v 53.50000000 107.00000000 16.50000000
v 53.82631683 107.00000000 16.47861290
v 54.14704895 107.00000000 16.41481400
v 87.72354126 152.10221863 8.00000000
v 7.77645731 152.10221863 8.00000000
v 8.14805031 152.22836304 8.00000000
v 87.00000000 152.40191650 8.00000000
v 8.50000000 152.40191650 8.00000000
v 8.82628441 152.61993408 8.00000000
v 86.37867737 152.87867737 8.00000000
v 9.12132072 152.87867737 8.00000000
v 9.38006020 153.17372131 8.00000000
v 85.90192413 153.50000000 8.00000000
v 9.59807587 153.50000000 8.00000000
v 85.72836304 153.85194397 8.00000000
v 9.77163887 153.85194397 8.00000000
v 9.89777756 154.22354126 8.00000000
v 85.52566528 154.60842896 8.00000000
v 9.97433472 154.60842896 8.00000000
v 10.00000000 155.00000000 8.00000000
v 85.52566528 155.39157104 8.00000000
v 9.97433472 155.39157104 8.00000000
v 9.89777756 155.77645874 8.00000000
v 9.77163887 156.14805603 8.00000000
v 85.72836304 156.14805603 8.00000000
v 9.38006020 156.82627869 8.00000000
v 9.59807587 156.50000000 8.00000000
v 85.90192413 156.50000000 8.00000000
v 9.12132072 157.12132263 8.00000000
v 86.37867737 157.12132263 8.00000000
v 8.82628441 157.38006592 8.00000000
v 88.10842133 157.97433472 8.00000000
v 7.77645731 157.89778137 8.00000000
v 87.72354126 157.89778137 8.00000000
v 8.14805031 157.77163696 8.00000000
v 8.50000000 157.59808350 8.00000000
v 87.00000000 157.59808350 8.00000000
v 97.10222626 155.77645874 8.00000000
v 9.97433472 111.60842133 8.00000000
v 10.00000000 112.00000000 8.00000000
v 86.37867737 109.87867737 8.00000000
v 86.67371368 109.61994171 8.00000000
v 87.00000000 109.40192413 8.00000000
v 87.35195160 109.22836304 8.00000000
v 87.72354126 109.10222626 8.00000000
v 85.72836304 110.85195160 8.00000000
v 85.60222626 111.22354126 8.00000000
v 85.52566528 111.60842133 8.00000000
v 85.50000000 112.00000000 8.00000000
v 85.52566528 112.39157867 8.00000000
v 85.60222626 112.77645874 8.00000000
v 85.72836304 113.14804840 8.00000000
v 88.10842133 109.02566528 8.00000000
v 98.85195160 109.22836304 8.00000000
v 99.22354126 109.10222626 8.00000000
v 99.60842133 109.02566528 8.00000000
v 100.00000000 109.00000000 8.00000000
v 101.14804840 152.22836304 8.00000000
v 53.50000000 107.00000000 11.50000000
v 53.82631683 107.00000000 11.52138805
v 54.14704895 107.00000000 11.58518505
v 54.45670700 107.00000000 11.69030094
v 54.75000000 107.00000000 11.83493614
v 55.02190399 107.00000000 12.01661682
v 55.26776886 107.00000000 12.23223305
v 55.48338318 107.00000000 12.47809601
v 55.66506195 107.00000000 12.75000000
v 55.80970001 107.00000000 13.04329109
v 55.91481400 107.00000000 13.35295200
v 55.97861099 107.00000000 13.67368412
v 56.00000000 107.00000000 14.00000000
v 55.97861099 107.00000000 14.32631588
v 55.91481400 107.00000000 14.64704800
v 55.80970001 107.00000000 14.95670891
v 55.66506195 107.00000000 15.25000000
v 54.75000000 107.00000000 16.16506386
v 54.45670700 107.00000000 16.30969810
v 55.02190399 107.00000000 15.98338318
v 55.48338318 107.00000000 15.52190399
v 55.26776886 107.00000000 15.76776695
v 88.50000000 152.00000000 8.00000000
v 88.89157867 152.02566528 8.00000000
v 89.27645874 152.10221863 8.00000000
v 89.64804840 152.22836304 8.00000000
v 90.00000000 152.40191650 8.00000000
v 97.87867737 152.87867737 8.00000000
v 97.61994171 153.17372131 8.00000000
v 98.50000000 152.40191650 8.00000000
v 98.17371368 152.61993408 8.00000000
v 97.22836304 153.85194397 8.00000000
v 97.10222626 154.22354126 8.00000000
v 97.40192413 153.50000000 8.00000000
v 97.02566528 154.60842896 8.00000000
v 97.00000000 155.00000000 8.00000000
v 97.02566528 155.39157104 8.00000000
v 87.35195160 152.22836304 8.00000000
v 86.67371368 152.61993408 8.00000000
v 86.11994171 153.17372131 8.00000000
v 85.60222626 154.22354126 8.00000000
v 85.50000000 155.00000000 8.00000000
v 85.60222626 155.77645874 8.00000000
v 86.11994171 156.82627869 8.00000000
v 86.67371368 157.38006592 8.00000000
v 88.50000000 158.00000000 8.00000000
v 87.35195160 157.77163696 8.00000000
v 98.85195160 157.77163696 8.00000000
v 99.22354126 157.89778137 8.00000000
v 99.60842133 157.97433472 8.00000000
v 100.00000000 158.00000000 8.00000000
v 105.00000000 160.00000000 8.00000000
v 88.89157867 109.02566528 8.00000000
v 89.27645874 109.10222626 8.00000000
v 89.64804840 109.22836304 8.00000000
v 90.00000000 109.40192413 8.00000000
v 98.50000000 109.40192413 8.00000000
v 90.32628632 109.61994171 8.00000000
v 98.17371368 109.61994171 8.00000000
v 90.62132263 109.87867737 8.00000000
v 97.87867737 109.87867737 8.00000000
v 90.88005829 110.17371368 8.00000000
v 97.61994171 110.17371368 8.00000000
v 91.09807587 110.50000000 8.00000000
v 97.40192413 110.50000000 8.00000000
v 91.27163696 110.85195160 8.00000000
v 97.22836304 110.85195160 8.00000000
v 91.39777374 111.22354126 8.00000000
v 97.10222626 111.22354126 8.00000000
v 91.47433472 111.60842133 8.00000000
v 97.02566528 111.60842133 8.00000000
v 91.50000000 112.00000000 8.00000000
v 97.00000000 112.00000000 8.00000000
v 91.47433472 112.39157867 8.00000000
v 97.02566528 112.39157867 8.00000000
v 91.39777374 112.77645874 8.00000000
v 97.10222626 112.77645874 8.00000000
v 91.27163696 113.14804840 8.00000000
v 91.09807587 113.50000000 8.00000000
v 97.22836304 113.14804840 8.00000000
v 97.40192413 113.50000000 8.00000000
v 90.88005829 113.82628632 8.00000000
v 90.62132263 114.12132263 8.00000000
v 97.61994171 113.82628632 8.00000000
v 97.87867737 114.12132263 8.00000000
v 90.32628632 114.38005829 8.00000000
v 98.17371368 114.38005829 8.00000000
v 100.39157867 109.02566528 8.00000000
v 100.77645874 109.10222626 8.00000000
v 101.14804840 109.22836304 8.00000000
v 101.50000000 109.40192413 8.00000000
v 101.82628632 109.61994171 8.00000000
v 102.12132263 109.87867737 8.00000000
v 102.38005829 110.17371368 8.00000000
v 102.59807587 110.50000000 8.00000000
v 102.77163696 110.85195160 8.00000000
v 102.89777374 111.22354126 8.00000000
v 102.97433472 111.60842133 8.00000000
v 103.00000000 112.00000000 8.00000000
v 105.00000000 131.00000000 14.66987324
v 105.00000000 131.58657837 14.38060188
v 105.00000000 130.45619202 15.03323364
v 105.00000000 132.20590210 14.17037106
v 105.00000000 128.54277039 19.65263176
v 105.00000000 129.16987610 16.50000000
v 105.00000000 129.53323364 15.95619297
v 105.00000000 129.96446228 15.46446609
v 105.00000000 128.88059998 17.08658218
v 105.00000000 128.67036438 17.70590401
v 105.00000000 128.54277039 18.34736824
v 105.00000000 128.50000000 19.00000000
v 105.00000000 128.67036438 20.29409599
v 105.00000000 128.88059998 20.91341782
v 105.00000000 129.16987610 21.50000000
v 105.00000000 129.53323364 22.04380798
v 105.00000000 129.96446228 22.53553391
v 105.00000000 130.45619202 22.96676636
v 105.00000000 131.00000000 23.33012772
v 105.00000000 131.58657837 23.61939812
v 105.00000000 132.20590210 23.82962990
v 105.00000000 132.84736633 23.95722389
v 105.00000000 133.50000000 24.00000000
v 105.00000000 134.15263367 23.95722389
v 85.90192413 113.50000000 8.00000000
v 86.11994171 113.82628632 8.00000000
v 86.37867737 114.12132263 8.00000000
v 86.67371368 114.38005829 8.00000000
v 87.00000000 114.59807587 8.00000000
v 87.35195160 114.77163696 8.00000000
v 87.72354126 114.89777374 8.00000000
v 88.10842133 114.97433472 8.00000000
v 88.50000000 115.00000000 8.00000000
v 88.89157867 114.97433472 8.00000000
v 89.27645874 114.89777374 8.00000000
v 89.64804840 114.77163696 8.00000000
v 90.00000000 114.59807587 8.00000000
v 101.50000000 152.40191650 8.00000000
v 101.82628632 152.61993408 8.00000000
v 102.12132263 152.87867737 8.00000000
v 102.38005829 153.17372131 8.00000000
v 102.59807587 153.50000000 8.00000000
v 102.77163696 153.85194397 8.00000000
v 90.32628632 152.61993408 8.00000000
v 90.62132263 152.87867737 8.00000000
v 90.88005829 153.17372131 8.00000000
v 91.09807587 153.50000000 8.00000000
v 91.27163696 153.85194397 8.00000000
v 91.39777374 154.22354126 8.00000000
v 91.47433472 154.60842896 8.00000000
v 90.32628632 157.38006592 8.00000000
v 98.17371368 157.38006592 8.00000000
v 90.00000000 157.59808350 8.00000000
v 91.50000000 155.00000000 8.00000000
v 91.47433472 155.39157104 8.00000000
v 91.39777374 155.77645874 8.00000000
v 91.27163696 156.14805603 8.00000000
v 90.88005829 156.82627869 8.00000000
v 91.09807587 156.50000000 8.00000000
v 97.40192413 156.50000000 8.00000000
v 97.22836304 156.14805603 8.00000000
v 90.62132263 157.12132263 8.00000000
v 97.61994171 156.82627869 8.00000000
v 97.87867737 157.12132263 8.00000000
v 88.89157867 157.97433472 8.00000000
v 89.27645874 157.89778137 8.00000000
v 89.64804840 157.77163696 8.00000000
v 98.50000000 157.59808350 8.00000000
v 98.50000000 114.59807587 8.00000000
v 98.85195160 114.77163696 8.00000000
v 99.22354126 114.89777374 8.00000000
v 99.60842133 114.97433472 8.00000000
v 100.00000000 115.00000000 8.00000000
v 101.14804840 114.77163696 8.00000000
v 100.77645874 114.89777374 8.00000000
v 100.39157867 114.97433472 8.00000000
v 101.50000000 114.59807587 8.00000000
v 101.82628632 114.38005829 8.00000000
v 102.12132263 114.12132263 8.00000000
v 102.59807587 113.50000000 8.00000000
v 102.77163696 113.14804840 8.00000000
v 102.38005829 113.82628632 8.00000000
v 102.97433472 112.39157867 8.00000000
v 102.89777374 112.77645874 8.00000000
v 105.00000000 132.84736633 14.04277611
v 105.00000000 133.50000000 14.00000000
v 105.00000000 134.15263367 14.04277611
v 105.00000000 134.79409790 14.17037106
v 105.00000000 135.41342163 14.38060188
v 105.00000000 136.00000000 14.66987324
v 105.00000000 136.54380798 15.03323364
v 102.89777374 154.22354126 8.00000000
v 102.97433472 154.60842896 8.00000000
v 103.00000000 155.00000000 8.00000000
v 102.97433472 155.39157104 8.00000000
v 102.89777374 155.77645874 8.00000000
v 102.77163696 156.14805603 8.00000000
v 100.39157867 157.97433472 8.00000000
v 100.77645874 157.89778137 8.00000000
v 101.14804840 157.77163696 8.00000000
v 101.50000000 157.59808350 8.00000000
v 101.82628632 157.38006592 8.00000000
v 102.12132263 157.12132263 8.00000000
v 102.38005829 156.82627869 8.00000000
v 102.59807587 156.50000000 8.00000000
v 105.00000000 137.03553772 15.46446609
v 105.00000000 137.46676636 15.95619297
v 105.00000000 137.83012390 16.50000000
v 105.00000000 138.11940002 17.08658218
v 105.00000000 138.32963562 17.70590401
v 105.00000000 138.45722961 18.34736824
v 105.00000000 138.50000000 19.00000000
v 105.00000000 138.45722961 19.65263176
v 105.00000000 138.32963562 20.29409599
v 105.00000000 138.11940002 20.91341782
v 105.00000000 137.83012390 21.50000000
v 105.00000000 137.46676636 22.04380798
v 105.00000000 137.03553772 22.53553391
v 105.00000000 136.00000000 23.33012772
v 105.00000000 136.54380798 22.96676636
v 105.00000000 135.41342163 23.61939812
v 105.00000000 134.79409790 23.82962990
v 87.72354126 152.10221863 14.00000000
v 88.10842133 152.02566528 14.00000000
v 87.35195160 152.22836304 14.00000000
v 85.90192413 153.50000000 14.00000000
v 85.60222626 154.22354126 14.00000000
v 85.52566528 154.60842896 14.00000000
v 85.50000000 155.00000000 14.00000000
v 85.72836304 153.85194397 14.00000000
v 85.52566528 155.39157104 14.00000000
v 85.60222626 155.77645874 14.00000000
v 85.72836304 156.14805603 14.00000000
v 85.90192413 156.50000000 14.00000000
v 86.11994171 156.82627869 14.00000000
v 86.67371368 152.61993408 14.00000000
v 86.11994171 153.17372131 14.00000000
v 87.00000000 152.40191650 14.00000000
v 86.37867737 157.12132263 14.00000000
v 86.67371368 157.38006592 14.00000000
v 86.37867737 152.87867737 14.00000000
v 88.50000000 152.00000000 14.00000000
v 88.89157867 152.02566528 14.00000000
v 89.27645874 152.10221863 14.00000000
v 89.64804840 152.22836304 14.00000000
v 90.00000000 152.40191650 14.00000000
v 90.32628632 152.61993408 14.00000000
v 90.62132263 152.87867737 14.00000000
v 90.88005829 153.17372131 14.00000000
v 91.09807587 153.50000000 14.00000000
v 91.27163696 153.85194397 14.00000000
v 91.39777374 154.22354126 14.00000000
v 91.47433472 154.60842896 14.00000000
v 90.32628632 157.38006592 14.00000000
v 90.88005829 156.82627869 14.00000000
v 91.47433472 155.39157104 14.00000000
v 91.39777374 155.77645874 14.00000000
v 91.50000000 155.00000000 14.00000000
v 91.27163696 156.14805603 14.00000000
v 91.09807587 156.50000000 14.00000000
v 90.00000000 157.59808350 14.00000000
v 90.62132263 157.12132263 14.00000000
v 87.00000000 157.59808350 14.00000000
v 87.35195160 157.77163696 14.00000000
v 87.72354126 157.89778137 14.00000000
v 88.10842133 157.97433472 14.00000000
v 88.50000000 158.00000000 14.00000000
v 88.89157867 157.97433472 14.00000000
v 89.27645874 157.89778137 14.00000000
v 89.64804840 157.77163696 14.00000000
v 87.53407288 154.74118042 14.00000000
v 87.89123535 154.20664978 14.00000000
v 87.79289246 154.29289246 14.00000000
v 88.11731720 154.07612610 14.00000000
v 88.00000000 154.13397217 14.00000000
v 87.57611847 154.61730957 14.00000000
v 87.50855255 154.86947632 14.00000000
v 87.50000000 155.00000000 14.00000000
v 87.70664978 154.39123535 14.00000000
v 87.63397217 154.50000000 14.00000000
v 87.50855255 155.13052368 14.00000000
v 87.53407288 155.25881958 14.00000000
v 87.57611847 155.38269043 14.00000000
v 87.63397217 155.50000000 14.00000000
v 87.70664978 155.60876465 14.00000000
v 87.79289246 155.70710754 14.00000000
v 87.89123535 155.79335022 14.00000000
v 88.00000000 155.86602783 14.00000000
v 88.11731720 155.92387390 14.00000000
v 88.24118042 154.03407288 14.00000000
v 88.36947632 154.00856018 14.00000000
v 88.50000000 154.00000000 14.00000000
v 88.88268280 154.07612610 14.00000000
v 88.63052368 154.00856018 14.00000000
v 88.75881958 154.03407288 14.00000000
v 89.00000000 154.13397217 14.00000000
v 89.20710754 154.29289246 14.00000000
v 89.10876465 154.20664978 14.00000000
v 89.29335022 154.39123535 14.00000000
v 89.36602783 154.50000000 14.00000000
v 89.42388153 154.61730957 14.00000000
v 89.46592712 154.74118042 14.00000000
v 89.49144745 154.86947632 14.00000000
v 89.50000000 155.00000000 14.00000000
v 88.24118042 155.96592712 14.00000000
v 88.36947632 155.99143982 14.00000000
v 88.50000000 156.00000000 14.00000000
v 88.63052368 155.99143982 14.00000000
v 88.75881958 155.96592712 14.00000000
v 88.88268280 155.92387390 14.00000000
v 89.00000000 155.86602783 14.00000000
v 89.10876465 155.79335022 14.00000000
v 89.42388153 155.38269043 14.00000000
v 89.46592712 155.25881958 14.00000000
v 89.49144745 155.13052368 14.00000000
v 89.20710754 155.70710754 14.00000000
v 89.29335022 155.60876465 14.00000000
v 89.36602783 155.50000000 14.00000000
v 86.11994171 110.17371368 14.00000000
v 86.67371368 109.61994171 14.00000000
v 87.00000000 109.40192413 14.00000000
v 87.35195160 109.22836304 14.00000000
v 87.72354126 109.10222626 14.00000000
v 88.10842133 109.02566528 14.00000000
v 86.37867737 109.87867737 14.00000000
v 85.60222626 111.22354126 14.00000000
v 85.52566528 111.60842133 14.00000000
v 85.72836304 110.85195160 14.00000000
v 85.90192413 110.50000000 14.00000000
v 85.50000000 112.00000000 14.00000000
v 85.52566528 112.39157867 14.00000000
v 85.60222626 112.77645874 14.00000000
v 85.72836304 113.14804840 14.00000000
v 85.90192413 113.50000000 14.00000000
v 86.11994171 113.82628632 14.00000000
v 86.37867737 114.12132263 14.00000000
v 86.67371368 114.38005829 14.00000000
v 87.00000000 114.59807587 14.00000000
v 87.35195160 114.77163696 14.00000000
v 87.72354126 114.89777374 14.00000000
v 88.10842133 114.97433472 14.00000000
v 88.50000000 109.00000000 14.00000000
v 88.89157867 109.02566528 14.00000000
v 89.27645874 109.10222626 14.00000000
v 89.64804840 109.22836304 14.00000000
v 90.00000000 109.40192413 14.00000000
v 90.32628632 109.61994171 14.00000000
v 90.62132263 109.87867737 14.00000000
v 90.88005829 110.17371368 14.00000000
v 88.50000000 115.00000000 14.00000000
v 88.89157867 114.97433472 14.00000000
v 89.27645874 114.89777374 14.00000000
v 89.64804840 114.77163696 14.00000000
v 91.09807587 110.50000000 14.00000000
v 91.27163696 110.85195160 14.00000000
v 91.39777374 111.22354126 14.00000000
v 91.47433472 112.39157867 14.00000000
v 91.47433472 111.60842133 14.00000000
v 91.50000000 112.00000000 14.00000000
v 90.88005829 113.82628632 14.00000000
v 90.00000000 114.59807587 14.00000000
v 90.32628632 114.38005829 14.00000000
v 91.27163696 113.14804840 14.00000000
v 91.39777374 112.77645874 14.00000000
v 91.09807587 113.50000000 14.00000000
v 90.62132263 114.12132263 14.00000000
v 87.53407288 111.74118042 14.00000000
v 87.89123535 111.20664978 14.00000000
v 87.57611847 111.61731720 14.00000000
v 87.50855255 111.86947632 14.00000000
v 87.50000000 112.00000000 14.00000000
v 87.79289246 111.29289246 14.00000000
v 87.63397217 111.50000000 14.00000000
v 87.70664978 111.39123535 14.00000000
v 88.11731720 111.07611847 14.00000000
v 88.00000000 111.13397217 14.00000000
v 87.50855255 112.13052368 14.00000000
v 87.53407288 112.25881958 14.00000000
v 87.57611847 112.38268280 14.00000000
v 87.63397217 112.50000000 14.00000000
v 87.70664978 112.60876465 14.00000000
v 87.79289246 112.70710754 14.00000000
v 87.89123535 112.79335022 14.00000000
v 88.00000000 112.86602783 14.00000000
v 88.11731720 112.92388153 14.00000000
v 88.24118042 111.03407288 14.00000000
v 88.50000000 111.00000000 14.00000000
v 88.88268280 111.07611847 14.00000000
v 89.20710754 111.29289246 14.00000000
v 88.36947632 111.00855255 14.00000000
v 88.63052368 111.00855255 14.00000000
v 88.75881958 111.03407288 14.00000000
v 89.00000000 111.13397217 14.00000000
v 89.10876465 111.20664978 14.00000000
v 89.29335022 111.39123535 14.00000000
v 89.36602783 111.50000000 14.00000000
v 89.42388153 111.61731720 14.00000000
v 89.46592712 111.74118042 14.00000000
v 89.49144745 111.86947632 14.00000000
v 89.50000000 112.00000000 14.00000000
v 88.24118042 112.96592712 14.00000000
v 88.36947632 112.99144745 14.00000000
v 88.50000000 113.00000000 14.00000000
v 88.63052368 112.99144745 14.00000000
v 88.75881958 112.96592712 14.00000000
v 88.88268280 112.92388153 14.00000000
v 89.00000000 112.86602783 14.00000000
v 89.10876465 112.79335022 14.00000000
v 89.20710754 112.70710754 14.00000000
v 89.29335022 112.60876465 14.00000000
v 89.42388153 112.38268280 14.00000000
v 89.46592712 112.25881958 14.00000000
v 89.49144745 112.13052368 14.00000000
v 89.36602783 112.50000000 14.00000000
v 6.22354269 152.10221863 14.00000000
v 6.60842133 152.02566528 14.00000000
v 7.00000000 152.00000000 14.00000000
v 7.39157867 152.02566528 14.00000000
v 5.85194969 152.22836304 14.00000000
v 4.40192366 153.50000000 14.00000000
v 4.00000000 155.00000000 14.00000000
v 4.10222244 154.22354126 14.00000000
v 4.22836161 153.85194397 14.00000000
v 4.02566528 154.60842896 14.00000000
v 4.61993980 153.17372131 14.00000000
v 5.17371559 152.61993408 14.00000000
v 5.50000000 152.40191650 14.00000000
v 4.02566528 155.39157104 14.00000000
v 4.10222244 155.77645874 14.00000000
v 4.22836161 156.14805603 14.00000000
v 4.40192366 156.50000000 14.00000000
v 4.61993980 156.82627869 14.00000000
v 4.87867975 157.12132263 14.00000000
v 5.17371559 157.38006592 14.00000000
v 4.87867975 152.87867737 14.00000000
v 5.50000000 157.59808350 14.00000000
v 5.85194969 157.77163696 14.00000000
v 6.22354269 157.89778137 14.00000000
v 6.60842133 157.97433472 14.00000000
v 7.00000000 158.00000000 14.00000000
v 7.39157867 157.97433472 14.00000000
v 7.77645731 152.10221863 14.00000000
v 8.14805031 152.22836304 14.00000000
v 8.50000000 152.40191650 14.00000000
v 8.82628441 152.61993408 14.00000000
v 9.12132072 152.87867737 14.00000000
v 8.82628441 157.38006592 14.00000000
v 9.38006020 156.82627869 14.00000000
v 9.38006020 153.17372131 14.00000000
v 9.59807587 153.50000000 14.00000000
v 9.77163887 153.85194397 14.00000000
v 9.89777756 154.22354126 14.00000000
v 9.97433472 154.60842896 14.00000000
v 10.00000000 155.00000000 14.00000000
v 9.97433472 155.39157104 14.00000000
v 9.89777756 155.77645874 14.00000000
v 9.59807587 156.50000000 14.00000000
v 9.77163887 156.14805603 14.00000000
v 8.50000000 157.59808350 14.00000000
v 9.12132072 157.12132263 14.00000000
v 7.77645731 157.89778137 14.00000000
v 8.14805031 157.77163696 14.00000000
v 6.39123869 154.20664978 14.00000000
v 6.03407431 154.74118042 14.00000000
v 6.29289341 154.29289246 14.00000000
v 6.13397455 154.50000000 14.00000000
v 6.07612038 154.61730957 14.00000000
v 6.00855494 154.86947632 14.00000000
v 6.00000000 155.00000000 14.00000000
v 6.20664644 154.39123535 14.00000000
v 6.74118090 154.03407288 14.00000000
v 6.50000000 154.13397217 14.00000000
v 6.61731672 154.07612610 14.00000000
v 6.86947393 154.00856018 14.00000000
v 7.00000000 154.00000000 14.00000000
v 7.13052607 154.00856018 14.00000000
v 7.25881910 154.03407288 14.00000000
v 7.38268328 154.07612610 14.00000000
v 6.00855494 155.13052368 14.00000000
v 6.03407431 155.25881958 14.00000000
v 6.07612038 155.38269043 14.00000000
v 6.13397455 155.50000000 14.00000000
v 6.20664644 155.60876465 14.00000000
v 6.29289341 155.70710754 14.00000000
v 6.39123869 155.79335022 14.00000000
v 6.50000000 155.86602783 14.00000000
v 6.61731672 155.92387390 14.00000000
v 6.74118090 155.96592712 14.00000000
v 6.86947393 155.99143982 14.00000000
v 7.00000000 156.00000000 14.00000000
v 7.13052607 155.99143982 14.00000000
v 7.25881910 155.96592712 14.00000000
v 7.38268328 155.92387390 14.00000000
v 7.50000000 154.13397217 14.00000000
v 7.60876131 154.20664978 14.00000000
v 7.70710659 154.29289246 14.00000000
v 7.79335356 154.39123535 14.00000000
v 7.86602545 154.50000000 14.00000000
v 7.92387962 154.61730957 14.00000000
v 7.96592569 154.74118042 14.00000000
v 7.99144506 154.86947632 14.00000000
v 8.00000000 155.00000000 14.00000000
v 7.92387962 155.38269043 14.00000000
v 7.96592569 155.25881958 14.00000000
v 7.99144506 155.13052368 14.00000000
v 7.50000000 155.86602783 14.00000000
v 7.60876131 155.79335022 14.00000000
v 7.70710659 155.70710754 14.00000000
v 7.86602545 155.50000000 14.00000000
v 7.79335356 155.60876465 14.00000000
v 99.22354126 152.10221863 14.00000000
v 99.60842133 152.02566528 14.00000000
v 98.85195160 152.22836304 14.00000000
v 97.40192413 153.50000000 14.00000000
v 97.10222626 154.22354126 14.00000000
v 97.02566528 154.60842896 14.00000000
v 97.00000000 155.00000000 14.00000000
v 97.22836304 153.85194397 14.00000000
v 97.02566528 155.39157104 14.00000000
v 97.10222626 155.77645874 14.00000000
v 97.22836304 156.14805603 14.00000000
v 97.40192413 156.50000000 14.00000000
v 97.61994171 156.82627869 14.00000000
v 98.17371368 152.61993408 14.00000000
v 97.61994171 153.17372131 14.00000000
v 98.50000000 152.40191650 14.00000000
v 97.87867737 157.12132263 14.00000000
v 98.17371368 157.38006592 14.00000000
v 97.87867737 152.87867737 14.00000000
v 98.50000000 157.59808350 14.00000000
v 98.85195160 157.77163696 14.00000000
v 99.22354126 157.89778137 14.00000000
v 99.60842133 157.97433472 14.00000000
v 100.00000000 152.00000000 14.00000000
v 100.39157867 152.02566528 14.00000000
v 100.77645874 152.10221863 14.00000000
v 101.14804840 152.22836304 14.00000000
v 101.50000000 152.40191650 14.00000000
v 101.82628632 152.61993408 14.00000000
v 102.12132263 152.87867737 14.00000000
v 102.38005829 153.17372131 14.00000000
v 102.59807587 153.50000000 14.00000000
v 102.77163696 153.85194397 14.00000000
v 102.89777374 154.22354126 14.00000000
v 102.97433472 154.60842896 14.00000000
v 101.82628632 157.38006592 14.00000000
v 102.38005829 156.82627869 14.00000000
v 102.97433472 155.39157104 14.00000000
v 102.89777374 155.77645874 14.00000000
v 103.00000000 155.00000000 14.00000000
v 102.77163696 156.14805603 14.00000000
v 102.59807587 156.50000000 14.00000000
v 101.50000000 157.59808350 14.00000000
v 102.12132263 157.12132263 14.00000000
v 100.00000000 158.00000000 14.00000000
v 100.39157867 157.97433472 14.00000000
v 100.77645874 157.89778137 14.00000000
v 101.14804840 157.77163696 14.00000000
v 99.03407288 154.74118042 14.00000000
v 99.39123535 154.20664978 14.00000000
v 99.29289246 154.29289246 14.00000000
v 99.50000000 154.13397217 14.00000000
v 99.61731720 154.07612610 14.00000000
v 99.07611847 154.61730957 14.00000000
v 99.00855255 154.86947632 14.00000000
v 99.00000000 155.00000000 14.00000000
v 99.20664978 154.39123535 14.00000000
v 99.13397217 154.50000000 14.00000000
v 99.00855255 155.13052368 14.00000000
v 99.03407288 155.25881958 14.00000000
v 99.07611847 155.38269043 14.00000000
v 99.13397217 155.50000000 14.00000000
v 99.20664978 155.60876465 14.00000000
v 99.29289246 155.70710754 14.00000000
v 99.39123535 155.79335022 14.00000000
v 99.50000000 155.86602783 14.00000000
v 99.61731720 155.92387390 14.00000000
v 99.74118042 154.03407288 14.00000000
v 99.86947632 154.00856018 14.00000000
v 100.00000000 154.00000000 14.00000000
v 100.38268280 154.07612610 14.00000000
v 100.13052368 154.00856018 14.00000000
v 100.25881958 154.03407288 14.00000000
v 100.50000000 154.13397217 14.00000000
v 100.70710754 154.29289246 14.00000000
v 100.60876465 154.20664978 14.00000000
v 100.79335022 154.39123535 14.00000000
v 100.86602783 154.50000000 14.00000000
v 100.92388153 154.61730957 14.00000000
v 100.96592712 154.74118042 14.00000000
v 100.99144745 154.86947632 14.00000000
v 101.00000000 155.00000000 14.00000000
v 99.74118042 155.96592712 14.00000000
v 99.86947632 155.99143982 14.00000000
v 100.00000000 156.00000000 14.00000000
v 100.13052368 155.99143982 14.00000000
v 100.25881958 155.96592712 14.00000000
v 100.38268280 155.92387390 14.00000000
v 100.50000000 155.86602783 14.00000000
v 100.60876465 155.79335022 14.00000000
v 100.92388153 155.38269043 14.00000000
v 100.96592712 155.25881958 14.00000000
v 100.99144745 155.13052368 14.00000000
v 100.70710754 155.70710754 14.00000000
v 100.86602783 155.50000000 14.00000000
v 100.79335022 155.60876465 14.00000000
v 4.61993980 110.17371368 14.00000000
v 5.50000000 109.40192413 14.00000000
v 5.17371559 109.61994171 14.00000000
v 5.85194969 109.22836304 14.00000000
v 6.22354269 109.10222626 14.00000000
v 6.60842133 109.02566528 14.00000000
v 7.00000000 109.00000000 14.00000000
v 7.39157867 109.02566528 14.00000000
v 4.87867975 109.87867737 14.00000000
v 4.40192366 110.50000000 14.00000000
v 4.22836161 110.85195160 14.00000000
v 4.10222244 111.22354126 14.00000000
v 4.02566528 111.60842133 14.00000000
v 4.00000000 112.00000000 14.00000000
v 4.02566528 112.39157867 14.00000000
v 4.10222244 112.77645874 14.00000000
v 4.22836161 113.14804840 14.00000000
v 4.40192366 113.50000000 14.00000000
v 4.61993980 113.82628632 14.00000000
v 4.87867975 114.12132263 14.00000000
v 5.17371559 114.38005829 14.00000000
v 5.50000000 114.59807587 14.00000000
v 5.85194969 114.77163696 14.00000000
v 6.22354269 114.89777374 14.00000000
v 6.60842133 114.97433472 14.00000000
v 7.00000000 115.00000000 14.00000000
v 7.39157867 114.97433472 14.00000000
v 7.77645731 109.10222626 14.00000000
v 8.14805031 109.22836304 14.00000000
v 8.50000000 109.40192413 14.00000000
v 8.82628441 109.61994171 14.00000000
v 9.12132072 109.87867737 14.00000000
v 9.38006020 110.17371368 14.00000000
v 8.14805031 114.77163696 14.00000000
v 7.77645731 114.89777374 14.00000000
v 9.38006020 113.82628632 14.00000000
v 8.50000000 114.59807587 14.00000000
v 8.82628441 114.38005829 14.00000000
v 9.59807587 110.50000000 14.00000000
v 9.77163887 110.85195160 14.00000000
v 9.89777756 111.22354126 14.00000000
v 9.97433472 111.60842133 14.00000000
v 10.00000000 112.00000000 14.00000000
v 9.97433472 112.39157867 14.00000000
v 9.77163887 113.14804840 14.00000000
v 9.59807587 113.50000000 14.00000000
v 9.89777756 112.77645874 14.00000000
v 9.12132072 114.12132263 14.00000000
v 6.03407431 111.74118042 14.00000000
v 6.39123869 111.20664978 14.00000000
v 6.74118090 111.03407288 14.00000000
v 7.00000000 111.00000000 14.00000000
v 6.13397455 111.50000000 14.00000000
v 6.07612038 111.61731720 14.00000000
v 6.29289341 111.29289246 14.00000000
v 6.20664644 111.39123535 14.00000000
v 6.00855494 111.86947632 14.00000000
v 6.00000000 112.00000000 14.00000000
v 6.50000000 111.13397217 14.00000000
v 6.61731672 111.07611847 14.00000000
v 6.86947393 111.00855255 14.00000000
v 7.13052607 111.00855255 14.00000000
v 7.25881910 111.03407288 14.00000000
v 7.38268328 111.07611847 14.00000000
v 6.00855494 112.13052368 14.00000000
v 6.03407431 112.25881958 14.00000000
v 6.07612038 112.38268280 14.00000000
v 6.13397455 112.50000000 14.00000000
v 6.20664644 112.60876465 14.00000000
v 6.29289341 112.70710754 14.00000000
v 6.39123869 112.79335022 14.00000000
v 6.50000000 112.86602783 14.00000000
v 6.61731672 112.92388153 14.00000000
v 6.74118090 112.96592712 14.00000000
v 6.86947393 112.99144745 14.00000000
v 7.00000000 113.00000000 14.00000000
v 7.13052607 112.99144745 14.00000000
v 7.25881910 112.96592712 14.00000000
v 7.38268328 112.92388153 14.00000000
v 7.70710659 111.29289246 14.00000000
v 7.50000000 111.13397217 14.00000000
v 7.60876131 111.20664978 14.00000000
v 7.79335356 111.39123535 14.00000000
v 7.86602545 111.50000000 14.00000000
v 7.92387962 111.61731720 14.00000000
v 7.96592569 111.74118042 14.00000000
v 7.99144506 111.86947632 14.00000000
v 8.00000000 112.00000000 14.00000000
v 7.60876131 112.79335022 14.00000000
v 7.70710659 112.70710754 14.00000000
v 7.86602545 112.50000000 14.00000000
v 7.79335356 112.60876465 14.00000000
v 7.92387962 112.38268280 14.00000000
v 7.50000000 112.86602783 14.00000000
v 7.96592569 112.25881958 14.00000000
v 7.99144506 112.13052368 14.00000000
v 97.61994171 110.17371368 14.00000000
v 98.17371368 109.61994171 14.00000000
v 98.50000000 109.40192413 14.00000000
v 98.85195160 109.22836304 14.00000000
v 99.22354126 109.10222626 14.00000000
v 99.60842133 109.02566528 14.00000000
v 97.87867737 109.87867737 14.00000000
v 97.10222626 111.22354126 14.00000000
v 97.02566528 111.60842133 14.00000000
v 97.22836304 110.85195160 14.00000000
v 97.40192413 110.50000000 14.00000000
v 97.00000000 112.00000000 14.00000000
v 97.02566528 112.39157867 14.00000000
v 97.10222626 112.77645874 14.00000000
v 97.22836304 113.14804840 14.00000000
v 97.40192413 113.50000000 14.00000000
v 97.61994171 113.82628632 14.00000000
v 97.87867737 114.12132263 14.00000000
v 98.17371368 114.38005829 14.00000000
v 98.50000000 114.59807587 14.00000000
v 98.85195160 114.77163696 14.00000000
v 99.22354126 114.89777374 14.00000000
v 99.60842133 114.97433472 14.00000000
v 100.00000000 109.00000000 14.00000000
v 100.39157867 109.02566528 14.00000000
v 100.77645874 109.10222626 14.00000000
v 101.14804840 109.22836304 14.00000000
v 101.50000000 109.40192413 14.00000000
v 101.82628632 109.61994171 14.00000000
v 102.12132263 109.87867737 14.00000000
v 102.38005829 110.17371368 14.00000000
v 100.00000000 115.00000000 14.00000000
v 100.39157867 114.97433472 14.00000000
v 100.77645874 114.89777374 14.00000000
v 101.14804840 114.77163696 14.00000000
v 102.59807587 110.50000000 14.00000000
v 102.77163696 110.85195160 14.00000000
v 102.89777374 111.22354126 14.00000000
v 102.97433472 111.60842133 14.00000000
v 102.97433472 112.39157867 14.00000000
v 103.00000000 112.00000000 14.00000000
v 102.38005829 113.82628632 14.00000000
v 101.50000000 114.59807587 14.00000000
v 101.82628632 114.38005829 14.00000000
v 102.77163696 113.14804840 14.00000000
v 102.89777374 112.77645874 14.00000000
v 102.59807587 113.50000000 14.00000000
v 102.12132263 114.12132263 14.00000000
v 99.03407288 111.74118042 14.00000000
v 99.39123535 111.20664978 14.00000000
v 99.07611847 111.61731720 14.00000000
v 99.00855255 111.86947632 14.00000000
v 99.00000000 112.00000000 14.00000000
v 99.29289246 111.29289246 14.00000000
v 99.13397217 111.50000000 14.00000000
v 99.20664978 111.39123535 14.00000000
v 99.50000000 111.13397217 14.00000000
v 99.61731720 111.07611847 14.00000000
v 99.00855255 112.13052368 14.00000000
v 99.03407288 112.25881958 14.00000000
v 99.07611847 112.38268280 14.00000000
v 99.13397217 112.50000000 14.00000000
v 99.20664978 112.60876465 14.00000000
v 99.29289246 112.70710754 14.00000000
v 99.39123535 112.79335022 14.00000000
v 99.50000000 112.86602783 14.00000000
v 99.61731720 112.92388153 14.00000000
v 99.74118042 111.03407288 14.00000000
v 100.00000000 111.00000000 14.00000000
v 100.38268280 111.07611847 14.00000000
v 100.70710754 111.29289246 14.00000000
v 99.86947632 111.00855255 14.00000000
v 100.13052368 111.00855255 14.00000000
v 100.25881958 111.03407288 14.00000000
v 100.50000000 111.13397217 14.00000000
v 100.60876465 111.20664978 14.00000000
v 100.79335022 111.39123535 14.00000000
v 100.86602783 111.50000000 14.00000000
v 100.92388153 111.61731720 14.00000000
v 100.96592712 111.74118042 14.00000000
v 100.99144745 111.86947632 14.00000000
v 101.00000000 112.00000000 14.00000000
v 99.74118042 112.96592712 14.00000000
v 99.86947632 112.99144745 14.00000000
v 100.00000000 113.00000000 14.00000000
v 100.13052368 112.99144745 14.00000000
v 100.25881958 112.96592712 14.00000000
v 100.38268280 112.92388153 14.00000000
v 100.50000000 112.86602783 14.00000000
v 100.60876465 112.79335022 14.00000000
v 100.70710754 112.70710754 14.00000000
v 100.86602783 112.50000000 14.00000000
v 100.79335022 112.60876465 14.00000000
v 100.92388153 112.38268280 14.00000000
v 100.96592712 112.25881958 14.00000000
v 100.99144745 112.13052368 14.00000000
v 87.63397217 154.50000000 9.00000000
v 87.63397217 155.50000000 9.00000000
v 87.57611847 154.61730957 9.00000000
v 87.70664978 154.39123535 9.00000000
v 87.70664978 155.60876465 9.00000000
v 87.79289246 154.29289246 9.00000000
v 87.79289246 155.70710754 9.00000000
v 87.89123535 154.20664978 9.00000000
v 87.89123535 155.79335022 9.00000000
v 88.00000000 154.13397217 9.00000000
v 88.00000000 155.86602783 9.00000000
v 88.11731720 154.07612610 9.00000000
v 88.11731720 155.92387390 9.00000000
v 87.53407288 154.74118042 9.00000000
v 87.57611847 155.38269043 9.00000000
v 87.53407288 155.25881958 9.00000000
v 87.50855255 154.86947632 9.00000000
v 87.50855255 155.13052368 9.00000000
v 87.50000000 155.00000000 9.00000000
v 88.24118042 154.03407288 9.00000000
v 88.24118042 155.96592712 9.00000000
v 88.36947632 154.00856018 9.00000000
v 88.36947632 155.99143982 9.00000000
v 88.50000000 154.00000000 9.00000000
v 88.50000000 156.00000000 9.00000000
v 88.63052368 154.00856018 9.00000000
v 88.63052368 155.99143982 9.00000000
v 88.75881958 154.03407288 9.00000000
v 88.75881958 155.96592712 9.00000000
v 88.88268280 154.07612610 9.00000000
v 88.88268280 155.92387390 9.00000000
v 89.00000000 154.13397217 9.00000000
v 89.00000000 155.86602783 9.00000000
v 89.10876465 154.20664978 9.00000000
v 89.10876465 155.79335022 9.00000000
v 89.20710754 154.29289246 9.00000000
v 89.20710754 155.70710754 9.00000000
v 89.29335022 154.39123535 9.00000000
v 89.29335022 155.60876465 9.00000000
v 89.36602783 154.50000000 9.00000000
v 89.36602783 155.50000000 9.00000000
v 89.42388153 154.61730957 9.00000000
v 89.42388153 155.38269043 9.00000000
v 89.46592712 154.74118042 9.00000000
v 89.46592712 155.25881958 9.00000000
v 89.49144745 154.86947632 9.00000000
v 89.49144745 155.13052368 9.00000000
v 89.50000000 155.00000000 9.00000000
v 87.53407288 111.74118042 9.00000000
v 87.57611847 111.61731720 9.00000000
v 87.57611847 112.38268280 9.00000000
v 87.53407288 112.25881958 9.00000000
v 87.50855255 111.86947632 9.00000000
v 87.50855255 112.13052368 9.00000000
v 87.50000000 112.00000000 9.00000000
v 87.63397217 112.50000000 9.00000000
v 87.63397217 111.50000000 9.00000000
v 87.70664978 111.39123535 9.00000000
v 87.70664978 112.60876465 9.00000000
v 87.79289246 111.29289246 9.00000000
v 87.79289246 112.70710754 9.00000000
v 87.89123535 111.20664978 9.00000000
v 87.89123535 112.79335022 9.00000000
v 88.00000000 111.13397217 9.00000000
v 88.00000000 112.86602783 9.00000000
v 88.11731720 111.07611847 9.00000000
v 88.11731720 112.92388153 9.00000000
v 88.24118042 111.03407288 9.00000000
v 88.24118042 112.96592712 9.00000000
v 88.36947632 111.00855255 9.00000000
v 88.36947632 112.99144745 9.00000000
v 88.50000000 111.00000000 9.00000000
v 88.50000000 113.00000000 9.00000000
v 88.63052368 112.99144745 9.00000000
v 88.63052368 111.00855255 9.00000000
v 88.75881958 111.03407288 9.00000000
v 88.75881958 112.96592712 9.00000000
v 88.88268280 111.07611847 9.00000000
v 88.88268280 112.92388153 9.00000000
v 89.00000000 111.13397217 9.00000000
v 89.00000000 112.86602783 9.00000000
v 89.10876465 112.79335022 9.00000000
v 89.10876465 111.20664978 9.00000000
v 89.20710754 111.29289246 9.00000000
v 89.20710754 112.70710754 9.00000000
v 89.29335022 111.39123535 9.00000000
v 89.29335022 112.60876465 9.00000000
v 89.36602783 111.50000000 9.00000000
v 89.36602783 112.50000000 9.00000000
v 89.42388153 111.61731720 9.00000000
v 89.42388153 112.38268280 9.00000000
v 89.46592712 111.74118042 9.00000000
v 89.46592712 112.25881958 9.00000000
v 89.49144745 111.86947632 9.00000000
v 89.49144745 112.13052368 9.00000000
v 89.50000000 112.00000000 9.00000000
v 6.13397455 154.50000000 9.00000000
v 6.13397455 155.50000000 9.00000000
v 6.07612038 154.61730957 9.00000000
v 6.20664644 154.39123535 9.00000000
v 6.29289341 154.29289246 9.00000000
v 6.29289341 155.70710754 9.00000000
v 6.20664644 155.60876465 9.00000000
v 6.39123869 154.20664978 9.00000000
v 6.39123869 155.79335022 9.00000000
v 6.50000000 154.13397217 9.00000000
v 6.50000000 155.86602783 9.00000000
v 6.61731672 154.07612610 9.00000000
v 6.61731672 155.92387390 9.00000000
v 6.74118090 154.03407288 9.00000000
v 6.74118090 155.96592712 9.00000000
v 6.86947393 154.00856018 9.00000000
v 6.86947393 155.99143982 9.00000000
v 7.00000000 154.00000000 9.00000000
v 7.00000000 156.00000000 9.00000000
v 7.13052607 154.00856018 9.00000000
v 7.13052607 155.99143982 9.00000000
v 7.25881910 154.03407288 9.00000000
v 7.25881910 155.96592712 9.00000000
v 7.38268328 154.07612610 9.00000000
v 7.38268328 155.92387390 9.00000000
v 6.03407431 154.74118042 9.00000000
v 6.03407431 155.25881958 9.00000000
v 6.00855494 154.86947632 9.00000000
v 6.00855494 155.13052368 9.00000000
v 6.00000000 155.00000000 9.00000000
v 6.07612038 155.38269043 9.00000000
v 7.50000000 154.13397217 9.00000000
v 7.50000000 155.86602783 9.00000000
v 7.60876131 154.20664978 9.00000000
v 7.60876131 155.79335022 9.00000000
v 7.70710659 154.29289246 9.00000000
v 7.70710659 155.70710754 9.00000000
v 7.79335356 154.39123535 9.00000000
v 7.79335356 155.60876465 9.00000000
v 7.86602545 154.50000000 9.00000000
v 7.86602545 155.50000000 9.00000000
v 7.92387962 154.61730957 9.00000000
v 7.92387962 155.38269043 9.00000000
v 7.96592569 154.74118042 9.00000000
v 7.96592569 155.25881958 9.00000000
v 7.99144506 155.13052368 9.00000000
v 7.99144506 154.86947632 9.00000000
v 8.00000000 155.00000000 9.00000000
v 99.13397217 154.50000000 9.00000000
v 99.13397217 155.50000000 9.00000000
v 99.07611847 154.61730957 9.00000000
v 99.20664978 154.39123535 9.00000000
v 99.29289246 154.29289246 9.00000000
v 99.29289246 155.70710754 9.00000000
v 99.20664978 155.60876465 9.00000000
v 99.39123535 154.20664978 9.00000000
v 99.39123535 155.79335022 9.00000000
v 99.50000000 154.13397217 9.00000000
v 99.50000000 155.86602783 9.00000000
v 99.61731720 154.07612610 9.00000000
v 99.61731720 155.92387390 9.00000000
v 99.00855255 154.86947632 9.00000000
v 99.00855255 155.13052368 9.00000000
v 99.00000000 155.00000000 9.00000000
v 99.03407288 155.25881958 9.00000000
v 99.03407288 154.74118042 9.00000000
v 99.07611847 155.38269043 9.00000000
v 99.74118042 154.03407288 9.00000000
v 99.74118042 155.96592712 9.00000000
v 99.86947632 154.00856018 9.00000000
v 99.86947632 155.99143982 9.00000000
v 100.00000000 154.00000000 9.00000000
v 100.00000000 156.00000000 9.00000000
v 100.13052368 154.00856018 9.00000000
v 100.13052368 155.99143982 9.00000000
v 100.25881958 154.03407288 9.00000000
v 100.25881958 155.96592712 9.00000000
v 100.38268280 154.07612610 9.00000000
v 100.38268280 155.92387390 9.00000000
v 100.50000000 154.13397217 9.00000000
v 100.50000000 155.86602783 9.00000000
v 100.60876465 154.20664978 9.00000000
v 100.60876465 155.79335022 9.00000000
v 100.70710754 154.29289246 9.00000000
v 100.70710754 155.70710754 9.00000000
v 100.79335022 154.39123535 9.00000000
v 100.79335022 155.60876465 9.00000000
v 100.86602783 154.50000000 9.00000000
v 100.86602783 155.50000000 9.00000000
v 100.92388153 154.61730957 9.00000000
v 100.92388153 155.38269043 9.00000000
v 100.96592712 154.74118042 9.00000000
v 100.96592712 155.25881958 9.00000000
v 100.99144745 154.86947632 9.00000000
v 100.99144745 155.13052368 9.00000000
v 101.00000000 155.00000000 9.00000000
v 6.13397455 111.50000000 9.00000000
v 6.13397455 112.50000000 9.00000000
v 6.07612038 111.61731720 9.00000000
v 6.03407431 111.74118042 9.00000000
v 6.03407431 112.25881958 9.00000000
v 6.00855494 111.86947632 9.00000000
v 6.00855494 112.13052368 9.00000000
v 6.00000000 112.00000000 9.00000000
v 6.07612038 112.38268280 9.00000000
v 6.20664644 112.60876465 9.00000000
v 6.20664644 111.39123535 9.00000000
v 6.29289341 111.29289246 9.00000000
v 6.29289341 112.70710754 9.00000000
v 6.39123869 111.20664978 9.00000000
v 6.39123869 112.79335022 9.00000000
v 6.50000000 111.13397217 9.00000000
v 6.50000000 112.86602783 9.00000000
v 6.61731672 111.07611847 9.00000000
v 6.61731672 112.92388153 9.00000000
v 6.74118090 111.03407288 9.00000000
v 6.74118090 112.96592712 9.00000000
v 6.86947393 111.00855255 9.00000000
v 6.86947393 112.99144745 9.00000000
v 7.00000000 111.00000000 9.00000000
v 7.00000000 113.00000000 9.00000000
v 7.13052607 111.00855255 9.00000000
v 7.13052607 112.99144745 9.00000000
v 7.25881910 111.03407288 9.00000000
v 7.25881910 112.96592712 9.00000000
v 7.38268328 111.07611847 9.00000000
v 7.38268328 112.92388153 9.00000000
v 7.50000000 111.13397217 9.00000000
v 7.50000000 112.86602783 9.00000000
v 7.60876131 111.20664978 9.00000000
v 7.60876131 112.79335022 9.00000000
v 7.70710659 111.29289246 9.00000000
v 7.70710659 112.70710754 9.00000000
v 7.79335356 111.39123535 9.00000000
v 7.79335356 112.60876465 9.00000000
v 7.86602545 111.50000000 9.00000000
v 7.86602545 112.50000000 9.00000000
v 7.92387962 111.61731720 9.00000000
v 7.92387962 112.38268280 9.00000000
v 7.96592569 111.74118042 9.00000000
v 7.96592569 112.25881958 9.00000000
v 7.99144506 112.13052368 9.00000000
v 7.99144506 111.86947632 9.00000000
v 8.00000000 112.00000000 9.00000000
v 99.13397217 111.50000000 9.00000000
v 99.13397217 112.50000000 9.00000000
v 99.07611847 111.61731720 9.00000000
v 99.00855255 111.86947632 9.00000000
v 99.00855255 112.13052368 9.00000000
v 99.00000000 112.00000000 9.00000000
v 99.03407288 112.25881958 9.00000000
v 99.03407288 111.74118042 9.00000000
v 99.07611847 112.38268280 9.00000000
v 99.20664978 111.39123535 9.00000000
v 99.29289246 111.29289246 9.00000000
v 99.29289246 112.70710754 9.00000000
v 99.20664978 112.60876465 9.00000000
v 99.39123535 111.20664978 9.00000000
v 99.39123535 112.79335022 9.00000000
v 99.50000000 111.13397217 9.00000000
v 99.50000000 112.86602783 9.00000000
v 99.61731720 111.07611847 9.00000000
v 99.61731720 112.92388153 9.00000000
v 99.74118042 111.03407288 9.00000000
v 99.74118042 112.96592712 9.00000000
v 99.86947632 111.00855255 9.00000000
v 99.86947632 112.99144745 9.00000000
v 100.00000000 111.00000000 9.00000000
v 100.00000000 113.00000000 9.00000000
v 100.13052368 111.00855255 9.00000000
v 100.13052368 112.99144745 9.00000000
v 100.25881958 111.03407288 9.00000000
v 100.25881958 112.96592712 9.00000000
v 100.38268280 111.07611847 9.00000000
v 100.38268280 112.92388153 9.00000000
v 100.50000000 111.13397217 9.00000000
v 100.50000000 112.86602783 9.00000000
v 100.60876465 111.20664978 9.00000000
v 100.60876465 112.79335022 9.00000000
v 100.70710754 111.29289246 9.00000000
v 100.70710754 112.70710754 9.00000000
v 100.79335022 111.39123535 9.00000000
v 100.79335022 112.60876465 9.00000000
v 100.86602783 112.50000000 9.00000000
v 100.86602783 111.50000000 9.00000000
v 100.92388153 111.61731720 9.00000000
v 100.92388153 112.38268280 9.00000000
v 100.96592712 111.74118042 9.00000000
v 100.96592712 112.25881958 9.00000000
v 100.99144745 111.86947632 9.00000000
v 100.99144745 112.13052368 9.00000000
v 101.00000000 112.00000000 9.00000000
v 3.00000000 99.00000000 21.50000000
v 3.00000000 99.00000000 27.10000038
v 11.00000000 99.00000000 27.10000038
v 11.00000000 99.00000000 21.50000000
v 7.38268328 101.07611847 27.10000038
v 6.03407431 102.25881958 27.10000038
v 6.61731672 101.07611847 27.10000038
v 6.50000000 101.13397217 27.10000038
v 6.74118090 101.03407288 27.10000038
v 6.13397455 101.50000000 27.10000038
v 6.07612038 101.61731720 27.10000038
v 6.29289341 101.29289246 27.10000038
v 6.20664644 101.39123535 27.10000038
v 6.03407431 101.74118042 27.10000038
v 6.00855494 101.86947632 27.10000038
v 6.00000000 102.00000000 27.10000038
v 6.00855494 102.13052368 27.10000038
v 6.39123869 101.20664978 27.10000038
v 6.07612038 102.38268280 27.10000038
v 6.13397455 102.50000000 27.10000038
v 6.20664644 102.60876465 27.10000038
v 6.29289341 102.70710754 27.10000038
v 6.39123869 102.79335022 27.10000038
v 6.50000000 102.86602783 27.10000038
v 6.61731672 102.92388153 27.10000038
v 6.86947393 101.00855255 27.10000038
v 7.00000000 101.00000000 27.10000038
v 7.13052607 101.00855255 27.10000038
v 7.25881910 101.03407288 27.10000038
v 7.50000000 101.13397217 27.10000038
v 7.60876131 101.20664978 27.10000038
v 7.70710659 101.29289246 27.10000038
v 7.79335356 101.39123535 27.10000038
v 7.86602545 101.50000000 27.10000038
v 7.92387962 101.61731720 27.10000038
v 7.96592569 101.74118042 27.10000038
v 6.74118090 102.96592712 27.10000038
v 6.86947393 102.99144745 27.10000038
v 7.00000000 103.00000000 27.10000038
v 7.13052607 102.99144745 27.10000038
v 7.25881910 102.96592712 27.10000038
v 7.38268328 102.92388153 27.10000038
v 7.50000000 102.86602783 27.10000038
v 7.60876131 102.79335022 27.10000038
v 7.70710659 102.70710754 27.10000038
v 7.99144506 101.86947632 27.10000038
v 8.00000000 102.00000000 27.10000038
v 7.92387962 102.38268280 27.10000038
v 7.86602545 102.50000000 27.10000038
v 7.99144506 102.13052368 27.10000038
v 7.96592569 102.25881958 27.10000038
v 7.79335356 102.60876465 27.10000038
v 6.03407431 101.74118042 22.50000000
v 6.03407431 102.25881958 22.50000000
v 6.00855494 101.86947632 22.50000000
v 6.00855494 102.13052368 22.50000000
v 6.00000000 102.00000000 22.50000000
v 6.13397455 101.50000000 22.50000000
v 6.13397455 102.50000000 22.50000000
v 6.07612038 101.61731720 22.50000000
v 6.07612038 102.38268280 22.50000000
v 6.20664644 102.60876465 22.50000000
v 6.20664644 101.39123535 22.50000000
v 6.29289341 101.29289246 22.50000000
v 6.29289341 102.70710754 22.50000000
v 6.39123869 101.20664978 22.50000000
v 6.39123869 102.79335022 22.50000000
v 6.50000000 101.13397217 22.50000000
v 6.61731672 101.07611847 22.50000000
v 6.61731672 102.92388153 22.50000000
v 6.74118090 101.03407288 22.50000000
v 6.74118090 102.96592712 22.50000000
v 6.86947393 101.00855255 22.50000000
v 6.86947393 102.99144745 22.50000000
v 6.50000000 102.86602783 22.50000000
v 7.00000000 101.00000000 22.50000000
v 7.00000000 103.00000000 22.50000000
v 7.13052607 101.00855255 22.50000000
v 7.13052607 102.99144745 22.50000000
v 7.25881910 101.03407288 22.50000000
v 7.25881910 102.96592712 22.50000000
v 7.38268328 101.07611847 22.50000000
v 7.38268328 102.92388153 22.50000000
v 7.50000000 101.13397217 22.50000000
v 7.50000000 102.86602783 22.50000000
v 7.60876131 101.20664978 22.50000000
v 7.60876131 102.79335022 22.50000000
v 7.70710659 101.29289246 22.50000000
v 7.70710659 102.70710754 22.50000000
v 7.79335356 101.39123535 22.50000000
v 7.79335356 102.60876465 22.50000000
v 7.86602545 101.50000000 22.50000000
v 7.86602545 102.50000000 22.50000000
v 7.92387962 101.61731720 22.50000000
v 7.92387962 102.38268280 22.50000000
v 7.96592569 101.74118042 22.50000000
v 7.96592569 102.25881958 22.50000000
v 7.99144506 102.13052368 22.50000000
v 7.99144506 101.86947632 22.50000000
v 8.00000000 102.00000000 22.50000000
v 96.00000000 99.00000000 21.50000000
v 104.00000000 99.00000000 27.10000038
v 96.00000000 99.00000000 27.10000038
v 104.00000000 99.00000000 21.50000000
v 99.03407288 102.25881958 27.10000038
v 99.29289246 101.29289246 27.10000038
v 99.20664978 101.39123535 27.10000038
v 99.13397217 101.50000000 27.10000038
v 99.07611847 101.61731720 27.10000038
v 99.03407288 101.74118042 27.10000038
v 99.00855255 101.86947632 27.10000038
v 99.00000000 102.00000000 27.10000038
v 99.00855255 102.13052368 27.10000038
v 99.61731720 101.07611847 27.10000038
v 99.50000000 101.13397217 27.10000038
v 99.74118042 101.03407288 27.10000038
v 99.86947632 101.00855255 27.10000038
v 100.00000000 101.00000000 27.10000038
v 99.39123535 101.20664978 27.10000038
v 100.13052368 101.00855255 27.10000038
v 100.25881958 101.03407288 27.10000038
v 100.38268280 101.07611847 27.10000038
v 99.07611847 102.38268280 27.10000038
v 99.13397217 102.50000000 27.10000038
v 99.20664978 102.60876465 27.10000038
v 99.29289246 102.70710754 27.10000038
v 99.39123535 102.79335022 27.10000038
v 99.50000000 102.86602783 27.10000038
v 99.61731720 102.92388153 27.10000038
v 99.74118042 102.96592712 27.10000038
v 99.86947632 102.99144745 27.10000038
v 100.00000000 103.00000000 27.10000038
v 100.13052368 102.99144745 27.10000038
v 100.25881958 102.96592712 27.10000038
v 100.50000000 101.13397217 27.10000038
v 100.60876465 101.20664978 27.10000038
v 100.70710754 101.29289246 27.10000038
v 100.79335022 101.39123535 27.10000038
v 100.86602783 101.50000000 27.10000038
v 100.92388153 101.61731720 27.10000038
v 100.96592712 101.74118042 27.10000038
v 100.99144745 101.86947632 27.10000038
v 101.00000000 102.00000000 27.10000038
v 100.38268280 102.92388153 27.10000038
v 100.50000000 102.86602783 27.10000038
v 100.60876465 102.79335022 27.10000038
v 100.70710754 102.70710754 27.10000038
v 100.99144745 102.13052368 27.10000038
v 100.96592712 102.25881958 27.10000038
v 100.92388153 102.38268280 27.10000038
v 100.86602783 102.50000000 27.10000038
v 100.79335022 102.60876465 27.10000038
v 99.00855255 101.86947632 22.50000000
v 99.00855255 102.13052368 22.50000000
v 99.00000000 102.00000000 22.50000000
v 99.13397217 101.50000000 22.50000000
v 99.13397217 102.50000000 22.50000000
v 99.07611847 101.61731720 22.50000000
v 99.03407288 101.74118042 22.50000000
v 99.03407288 102.25881958 22.50000000
v 99.07611847 102.38268280 22.50000000
v 99.50000000 101.13397217 22.50000000
v 99.61731720 101.07611847 22.50000000
v 99.61731720 102.92388153 22.50000000
v 99.20664978 101.39123535 22.50000000
v 99.29289246 101.29289246 22.50000000
v 99.29289246 102.70710754 22.50000000
v 99.20664978 102.60876465 22.50000000
v 99.39123535 101.20664978 22.50000000
v 99.39123535 102.79335022 22.50000000
v 99.50000000 102.86602783 22.50000000
v 99.74118042 101.03407288 22.50000000
v 99.74118042 102.96592712 22.50000000
v 99.86947632 101.00855255 22.50000000
v 99.86947632 102.99144745 22.50000000
v 100.00000000 101.00000000 22.50000000
v 100.00000000 103.00000000 22.50000000
v 100.13052368 101.00855255 22.50000000
v 100.13052368 102.99144745 22.50000000
v 100.25881958 101.03407288 22.50000000
v 100.25881958 102.96592712 22.50000000
v 100.38268280 101.07611847 22.50000000
v 100.38268280 102.92388153 22.50000000
v 100.50000000 101.13397217 22.50000000
v 100.50000000 102.86602783 22.50000000
v 100.60876465 101.20664978 22.50000000
v 100.60876465 102.79335022 22.50000000
v 100.70710754 101.29289246 22.50000000
v 100.70710754 102.70710754 22.50000000
v 100.79335022 101.39123535 22.50000000
v 100.79335022 102.60876465 22.50000000
v 100.86602783 102.50000000 22.50000000
v 100.86602783 101.50000000 22.50000000
v 100.92388153 101.61731720 22.50000000
v 100.92388153 102.38268280 22.50000000
v 100.96592712 101.74118042 22.50000000
v 100.96592712 102.25881958 22.50000000
v 100.99144745 101.86947632 22.50000000
v 100.99144745 102.13052368 22.50000000
v 101.00000000 102.00000000 22.50000000
v 96.00000000 168.00000000 21.50000000
v 104.00000000 168.00000000 21.50000000
v 96.00000000 168.00000000 27.10000038
v 104.00000000 168.00000000 27.10000038
v 99.03407288 165.25881958 27.10000038
v 99.29289246 164.29289246 27.10000038
v 99.20664978 164.39123535 27.10000038
v 99.13397217 164.50000000 27.10000038
v 99.07611847 164.61730957 27.10000038
v 99.03407288 164.74118042 27.10000038
v 99.00855255 164.86947632 27.10000038
v 99.00000000 165.00000000 27.10000038
v 99.00855255 165.13052368 27.10000038
v 99.61731720 164.07612610 27.10000038
v 99.50000000 164.13397217 27.10000038
v 99.74118042 164.03407288 27.10000038
v 99.86947632 164.00856018 27.10000038
v 100.00000000 164.00000000 27.10000038
v 99.39123535 164.20664978 27.10000038
v 100.13052368 164.00856018 27.10000038
v 100.25881958 164.03407288 27.10000038
v 100.38268280 164.07612610 27.10000038
v 99.07611847 165.38269043 27.10000038
v 99.13397217 165.50000000 27.10000038
v 99.20664978 165.60876465 27.10000038
v 99.29289246 165.70710754 27.10000038
v 99.39123535 165.79335022 27.10000038
v 99.50000000 165.86602783 27.10000038
v 99.61731720 165.92387390 27.10000038
v 99.74118042 165.96592712 27.10000038
v 99.86947632 165.99143982 27.10000038
v 100.00000000 166.00000000 27.10000038
v 100.13052368 165.99143982 27.10000038
v 100.25881958 165.96592712 27.10000038
v 100.50000000 164.13397217 27.10000038
v 100.60876465 164.20664978 27.10000038
v 100.70710754 164.29289246 27.10000038
v 100.79335022 164.39123535 27.10000038
v 100.86602783 164.50000000 27.10000038
v 100.92388153 164.61730957 27.10000038
v 100.96592712 164.74118042 27.10000038
v 100.99144745 164.86947632 27.10000038
v 101.00000000 165.00000000 27.10000038
v 100.38268280 165.92387390 27.10000038
v 100.50000000 165.86602783 27.10000038
v 100.60876465 165.79335022 27.10000038
v 100.70710754 165.70710754 27.10000038
v 100.99144745 165.13052368 27.10000038
v 100.96592712 165.25881958 27.10000038
v 100.92388153 165.38269043 27.10000038
v 100.86602783 165.50000000 27.10000038
v 100.79335022 165.60876465 27.10000038
v 99.00855255 164.86947632 22.50000000
v 99.00855255 165.13052368 22.50000000
v 99.00000000 165.00000000 22.50000000
v 99.13397217 164.50000000 22.50000000
v 99.13397217 165.50000000 22.50000000
v 99.07611847 164.61730957 22.50000000
v 99.03407288 164.74118042 22.50000000
v 99.03407288 165.25881958 22.50000000
v 99.07611847 165.38269043 22.50000000
v 99.50000000 164.13397217 22.50000000
v 99.61731720 164.07612610 22.50000000
v 99.61731720 165.92387390 22.50000000
v 99.20664978 164.39123535 22.50000000
v 99.29289246 164.29289246 22.50000000
v 99.29289246 165.70710754 22.50000000
v 99.20664978 165.60876465 22.50000000
v 99.39123535 164.20664978 22.50000000
v 99.39123535 165.79335022 22.50000000
v 99.50000000 165.86602783 22.50000000
v 99.74118042 164.03407288 22.50000000
v 99.74118042 165.96592712 22.50000000
v 99.86947632 164.00856018 22.50000000
v 99.86947632 165.99143982 22.50000000
v 100.00000000 164.00000000 22.50000000
v 100.00000000 166.00000000 22.50000000
v 100.13052368 164.00856018 22.50000000
v 100.13052368 165.99143982 22.50000000
v 100.25881958 164.03407288 22.50000000
v 100.25881958 165.96592712 22.50000000
v 100.38268280 164.07612610 22.50000000
v 100.38268280 165.92387390 22.50000000
v 100.50000000 164.13397217 22.50000000
v 100.50000000 165.86602783 22.50000000
v 100.60876465 164.20664978 22.50000000
v 100.60876465 165.79335022 22.50000000
v 100.70710754 164.29289246 22.50000000
v 100.70710754 165.70710754 22.50000000
v 100.79335022 164.39123535 22.50000000
v 100.79335022 165.60876465 22.50000000
v 100.86602783 165.50000000 22.50000000
v 100.86602783 164.50000000 22.50000000
v 100.92388153 164.61730957 22.50000000
v 100.92388153 165.38269043 22.50000000
v 100.96592712 164.74118042 22.50000000
v 100.96592712 165.25881958 22.50000000
v 100.99144745 164.86947632 22.50000000
v 100.99144745 165.13052368 22.50000000
v 101.00000000 165.00000000 22.50000000
v 3.00000000 168.00000000 21.50000000
v 11.00000000 168.00000000 21.50000000
v 3.00000000 168.00000000 27.10000038
v 11.00000000 168.00000000 27.10000038
v 7.38268328 164.07612610 27.10000038
v 6.03407431 165.25881958 27.10000038
v 6.61731672 164.07612610 27.10000038
v 6.50000000 164.13397217 27.10000038
v 6.74118090 164.03407288 27.10000038
v 6.13397455 164.50000000 27.10000038
v 6.07612038 164.61730957 27.10000038
v 6.29289341 164.29289246 27.10000038
v 6.20664644 164.39123535 27.10000038
v 6.03407431 164.74118042 27.10000038
v 6.00855494 164.86947632 27.10000038
v 6.00000000 165.00000000 27.10000038
v 6.00855494 165.13052368 27.10000038
v 6.39123869 164.20664978 27.10000038
v 6.07612038 165.38269043 27.10000038
v 6.13397455 165.50000000 27.10000038
v 6.20664644 165.60876465 27.10000038
v 6.29289341 165.70710754 27.10000038
v 6.39123869 165.79335022 27.10000038
v 6.50000000 165.86602783 27.10000038
v 6.61731672 165.92387390 27.10000038
v 6.86947393 164.00856018 27.10000038
v 7.00000000 164.00000000 27.10000038
v 7.13052607 164.00856018 27.10000038
v 7.25881910 164.03407288 27.10000038
v 7.50000000 164.13397217 27.10000038
v 7.60876131 164.20664978 27.10000038
v 7.70710659 164.29289246 27.10000038
v 7.79335356 164.39123535 27.10000038
v 7.86602545 164.50000000 27.10000038
v 7.92387962 164.61730957 27.10000038
v 7.96592569 164.74118042 27.10000038
v 6.74118090 165.96592712 27.10000038
v 6.86947393 165.99143982 27.10000038
v 7.00000000 166.00000000 27.10000038
v 7.13052607 165.99143982 27.10000038
v 7.25881910 165.96592712 27.10000038
v 7.38268328 165.92387390 27.10000038
v 7.50000000 165.86602783 27.10000038
v 7.60876131 165.79335022 27.10000038
v 7.70710659 165.70710754 27.10000038
v 7.99144506 164.86947632 27.10000038
v 8.00000000 165.00000000 27.10000038
v 7.92387962 165.38269043 27.10000038
v 7.86602545 165.50000000 27.10000038
v 7.99144506 165.13052368 27.10000038
v 7.96592569 165.25881958 27.10000038
v 7.79335356 165.60876465 27.10000038
v 6.03407431 164.74118042 22.50000000
v 6.03407431 165.25881958 22.50000000
v 6.00855494 164.86947632 22.50000000
v 6.00855494 165.13052368 22.50000000
v 6.00000000 165.00000000 22.50000000
v 6.13397455 164.50000000 22.50000000
v 6.13397455 165.50000000 22.50000000
v 6.07612038 164.61730957 22.50000000
v 6.07612038 165.38269043 22.50000000
v 6.20664644 165.60876465 22.50000000
v 6.20664644 164.39123535 22.50000000
v 6.29289341 164.29289246 22.50000000
v 6.29289341 165.70710754 22.50000000
v 6.39123869 164.20664978 22.50000000
v 6.39123869 165.79335022 22.50000000
v 6.50000000 164.13397217 22.50000000
v 6.61731672 164.07612610 22.50000000
v 6.61731672 165.92387390 22.50000000
v 6.74118090 164.03407288 22.50000000
v 6.74118090 165.96592712 22.50000000
v 6.86947393 164.00856018 22.50000000
v 6.86947393 165.99143982 22.50000000
v 6.50000000 165.86602783 22.50000000
v 7.00000000 164.00000000 22.50000000
v 7.00000000 166.00000000 22.50000000
v 7.13052607 164.00856018 22.50000000
v 7.13052607 165.99143982 22.50000000
v 7.25881910 164.03407288 22.50000000
v 7.25881910 165.96592712 22.50000000
v 7.38268328 164.07612610 22.50000000
v 7.38268328 165.92387390 22.50000000
v 7.50000000 164.13397217 22.50000000
v 7.50000000 165.86602783 22.50000000
v 7.60876131 164.20664978 22.50000000
v 7.60876131 165.79335022 22.50000000
v 7.70710659 164.29289246 22.50000000
v 7.70710659 165.70710754 22.50000000
v 7.79335356 164.39123535 22.50000000
v 7.79335356 165.60876465 22.50000000
v 7.86602545 164.50000000 22.50000000
v 7.86602545 165.50000000 22.50000000
v 7.92387962 164.61730957 22.50000000
v 7.92387962 165.38269043 22.50000000
v 7.96592569 164.74118042 22.50000000
v 7.96592569 165.25881958 22.50000000
v 7.99144506 165.13052368 22.50000000
v 7.99144506 164.86947632 22.50000000
v 8.00000000 165.00000000 22.50000000
v 15.82789516 30.75000000 8.00000000
v 13.31124020 35.85327148 7.00000000
v 15.82789516 30.75000000 7.00000000
v 13.31124020 35.85327148 8.00000000
v 11.48222637 41.24137115 7.00000000
v 11.48222637 41.24137115 8.00000000
v 18.98913002 26.01887703 8.00000000
v 18.98913002 26.01887703 7.00000000
v 22.74085426 21.74085426 8.00000000
v 22.74085426 21.74085426 7.00000000
v 22.16254234 28.45392418 8.00000000
v 25.56928253 24.56928253 8.00000000
v 19.29199600 72.25000000 8.00000000
v 10.37214851 46.82210922 7.00000000
v 10.37214851 46.82210922 8.00000000
v 10.00000000 52.50000000 7.00000000
v 10.00000000 52.50000000 8.00000000
v 15.34593010 42.27664948 8.00000000
v 14.00000000 52.50000000 8.00000000
v 14.33792782 47.34421539 8.00000000
v 14.33792782 57.65578461 8.00000000
v 10.37214851 58.17789078 7.00000000
v 10.37214851 58.17789078 8.00000000
v 11.48222637 63.75862885 7.00000000
v 11.48222637 63.75862885 8.00000000
v 17.00675774 37.38400269 8.00000000
v 19.29199600 32.75000000 8.00000000
v 15.34593010 62.72335052 8.00000000
v 17.00675774 67.61599731 8.00000000
v 22.16254234 76.54607391 8.00000000
v 13.31124020 69.14672852 7.00000000
v 13.31124020 69.14672852 8.00000000
v 15.82789516 74.25000000 7.00000000
v 15.82789516 74.25000000 8.00000000
v 18.98913002 78.98112488 7.00000000
v 18.98913002 78.98112488 8.00000000
v 22.74085426 83.25914764 7.00000000
v 22.74085426 83.25914764 8.00000000
v 27.01887703 17.98913002 8.00000000
v 27.01887703 17.98913002 7.00000000
v 31.75000000 14.82789516 8.00000000
v 31.75000000 14.82789516 7.00000000
v 36.85327148 12.31124020 8.00000000
v 36.85327148 12.31124020 7.00000000
v 29.45392418 21.16254234 8.00000000
v 25.56928253 80.43071747 8.00000000
v 33.75000000 18.29199600 8.00000000
v 38.38400269 16.00675774 8.00000000
v 29.45392418 83.83745575 8.00000000
v 42.24137115 10.48222637 8.00000000
v 42.24137115 10.48222637 7.00000000
v 47.82210922 9.37214851 8.00000000
v 47.82210922 9.37214851 7.00000000
v 53.50000000 9.00000000 8.00000000
v 53.50000000 9.00000000 7.00000000
v 45.79999924 46.50000000 6.00000000
v 46.25306702 25.45407677 6.00000000
v 42.78486252 26.63137245 6.00000000
v 47.93999100 44.85792542 6.00000000
v 49.84526825 24.73954391 6.00000000
v 45.92940521 45.84943771 6.00000000
v 45.85792542 46.06000900 6.00000000
v 45.81454468 46.27810669 6.00000000
v 46.15129852 45.46510696 6.00000000
v 46.02775574 45.65000153 6.00000000
v 46.29792023 45.29792023 6.00000000
v 46.46510696 45.15129852 6.00000000
v 46.65000153 45.02775574 6.00000000
v 46.84943771 44.92940521 6.00000000
v 47.06000900 44.85792542 6.00000000
v 47.27810669 44.81454468 6.00000000
v 47.50000000 44.79999924 6.00000000
v 47.72189331 44.81454468 6.00000000
v 48.15056229 44.92940521 6.00000000
v 48.34999847 45.02775574 6.00000000
v 48.53489304 45.15129852 6.00000000
v 48.70207977 45.29792023 6.00000000
v 48.84870148 45.46510696 6.00000000
v 48.97224426 45.65000153 6.00000000
v 49.07059479 45.84943771 6.00000000
v 49.14207458 46.06000900 6.00000000
v 49.18545532 46.27810669 6.00000000
v 53.27810669 50.81454468 6.00000000
v 53.50000000 24.50000000 6.00000000
v 43.27664948 14.34593010 8.00000000
v 39.17986679 46.56840515 8.00000000
v 48.34421539 13.33792782 8.00000000
v 45.75000000 39.07660675 8.00000000
v 44.06419754 40.20302200 8.00000000
v 41.20302200 43.06419754 8.00000000
v 40.07660675 44.75000000 8.00000000
v 38.52814865 48.48830414 8.00000000
v 38.13260651 50.47684479 8.00000000
v 38.00000000 52.50000000 8.00000000
v 42.53984451 41.53984451 8.00000000
v 47.56840515 38.17986679 8.00000000
v 49.48830414 37.52814865 8.00000000
v 53.50000000 13.00000000 8.00000000
v 51.47684479 37.13260651 8.00000000
v 53.50000000 37.00000000 8.00000000
v 25.73954391 48.84526825 6.00000000
v 25.73954391 56.15473175 6.00000000
v 26.45407677 45.25306702 6.00000000
v 26.45407677 59.74693298 6.00000000
v 27.63137245 41.78486252 6.00000000
v 27.63137245 63.21513748 6.00000000
v 29.25128937 38.50000000 6.00000000
v 25.50000000 52.50000000 6.00000000
v 29.25128937 66.50000000 6.00000000
v 31.28610611 69.54531860 6.00000000
v 31.28610611 35.45468140 6.00000000
v 33.70101166 32.70101166 6.00000000
v 36.45468140 74.71389008 6.00000000
v 36.45468140 30.28610611 6.00000000
v 39.50000000 28.25128937 6.00000000
v 33.70101166 72.29898834 6.00000000
v 33.75000000 86.70800018 8.00000000
v 38.13260651 54.52315521 8.00000000
v 38.52814865 56.51169586 8.00000000
v 39.17986679 58.43159485 8.00000000
v 40.07660675 60.25000000 8.00000000
v 39.50000000 76.74871063 6.00000000
v 45.79999924 58.50000000 6.00000000
v 45.81454468 58.72189331 6.00000000
v 45.81454468 58.27810669 6.00000000
v 45.81454468 46.72189331 6.00000000
v 42.78486252 78.36862946 6.00000000
v 46.25306702 79.54592133 6.00000000
v 45.85792542 58.06000900 6.00000000
v 45.85792542 46.93999100 6.00000000
v 45.92940521 57.84943771 6.00000000
v 45.92940521 47.15056229 6.00000000
v 46.02775574 57.65000153 6.00000000
v 46.02775574 47.34999847 6.00000000
v 46.15129852 57.46510696 6.00000000
v 46.15129852 47.53489304 6.00000000
v 46.29792023 57.29792023 6.00000000
v 46.29792023 47.70207977 6.00000000
v 46.46510696 57.15129852 6.00000000
v 46.46510696 47.84870148 6.00000000
v 46.65000153 57.02775574 6.00000000
v 46.65000153 47.97224426 6.00000000
v 46.84943771 56.92940521 6.00000000
v 46.84943771 48.07059479 6.00000000
v 47.06000900 56.85792542 6.00000000
v 47.06000900 48.14207458 6.00000000
v 47.27810669 56.81454468 6.00000000
v 47.27810669 48.18545532 6.00000000
v 47.50000000 56.79999924 6.00000000
v 47.50000000 48.20000076 6.00000000
v 47.72189331 56.81454468 6.00000000
v 47.72189331 48.18545532 6.00000000
v 47.93999100 56.85792542 6.00000000
v 47.93999100 48.14207458 6.00000000
v 48.15056229 56.92940521 6.00000000
v 48.15056229 48.07059479 6.00000000
v 48.34999847 57.02775574 6.00000000
v 48.34999847 47.97224426 6.00000000
v 48.53489304 57.15129852 6.00000000
v 48.53489304 47.84870148 6.00000000
v 48.70207977 57.29792023 6.00000000
v 48.70207977 47.70207977 6.00000000
v 48.84870148 47.53489304 6.00000000
v 48.97224426 57.65000153 6.00000000
v 48.97224426 47.34999847 6.00000000
v 48.84870148 57.46510696 6.00000000
v 49.07059479 47.15056229 6.00000000
v 49.07059479 57.84943771 6.00000000
v 49.18545532 46.72189331 6.00000000
v 49.14207458 46.93999100 6.00000000
v 49.18545532 58.27810669 6.00000000
v 49.14207458 58.06000900 6.00000000
v 49.20000076 46.50000000 6.00000000
v 49.20000076 58.50000000 6.00000000
v 52.15129852 51.46510696 6.00000000
v 52.29792023 51.29792023 6.00000000
v 52.02775574 51.65000153 6.00000000
v 52.46510696 51.15129852 6.00000000
v 51.92940521 51.84943771 6.00000000
v 51.85792542 52.06000900 6.00000000
v 51.81454468 52.27810669 6.00000000
v 51.79999924 52.50000000 6.00000000
v 52.65000153 51.02775574 6.00000000
v 52.84943771 50.92940521 6.00000000
v 53.06000900 50.85792542 6.00000000
v 53.50000000 50.79999924 6.00000000
v 53.50000000 80.50000000 6.00000000
v 51.81454468 52.72189331 6.00000000
v 51.85792542 52.93999100 6.00000000
v 51.92940521 53.15056229 6.00000000
v 52.02775574 53.34999847 6.00000000
v 52.15129852 53.53489304 6.00000000
v 52.29792023 53.70207977 6.00000000
v 52.46510696 53.84870148 6.00000000
v 52.65000153 53.97224426 6.00000000
v 52.84943771 54.07059479 6.00000000
v 53.06000900 54.14207458 6.00000000
v 53.27810669 54.18545532 6.00000000
v 53.50000000 54.20000076 6.00000000
v 45.85792542 58.93999100 6.00000000
v 45.92940521 59.15056229 6.00000000
v 46.02775574 59.34999847 6.00000000
v 46.15129852 59.53489304 6.00000000
v 46.29792023 59.70207977 6.00000000
v 46.46510696 59.84870148 6.00000000
v 46.65000153 59.97224426 6.00000000
v 46.84943771 60.07059479 6.00000000
v 47.06000900 60.14207458 6.00000000
v 47.27810669 60.18545532 6.00000000
v 47.50000000 60.20000076 6.00000000
v 47.72189331 60.18545532 6.00000000
v 49.84526825 80.26045990 6.00000000
v 47.93999100 60.14207458 6.00000000
v 48.15056229 60.07059479 6.00000000
v 48.34999847 59.97224426 6.00000000
v 48.53489304 59.84870148 6.00000000
v 49.18545532 58.72189331 6.00000000
v 49.14207458 58.93999100 6.00000000
v 49.07059479 59.15056229 6.00000000
v 48.70207977 59.70207977 6.00000000
v 48.84870148 59.53489304 6.00000000
v 48.97224426 59.34999847 6.00000000
v 41.20302200 61.93580246 8.00000000
v 42.53984451 63.46015549 8.00000000
v 44.06419754 64.79697418 8.00000000
v 38.38400269 88.99324036 8.00000000
v 45.75000000 65.92339325 8.00000000
v 47.56840515 66.82012939 8.00000000
v 49.48830414 67.47184753 8.00000000
v 43.27664948 90.65406799 8.00000000
v 51.47684479 67.86739349 8.00000000
v 48.34421539 91.66207123 8.00000000
v 53.50000000 68.00000000 8.00000000
v 53.50000000 92.00000000 8.00000000
v 27.01887703 87.01087189 7.00000000
v 27.01887703 87.01087189 8.00000000
v 31.75000000 90.17210388 7.00000000
v 31.75000000 90.17210388 8.00000000
v 36.85327148 92.68875885 7.00000000
v 36.85327148 92.68875885 8.00000000
v 42.24137115 94.51777649 7.00000000
v 42.24137115 94.51777649 8.00000000
v 47.82210922 95.62785339 7.00000000
v 47.82210922 95.62785339 8.00000000
v 53.50000000 96.00000000 7.00000000
v 53.50000000 96.00000000 8.00000000
v 59.17789078 9.37214851 8.00000000
v 59.17789078 9.37214851 7.00000000
v 64.75862885 10.48222637 8.00000000
v 64.75862885 10.48222637 7.00000000
v 70.14672852 12.31124020 8.00000000
v 70.14672852 12.31124020 7.00000000
v 58.46510696 45.15129852 6.00000000
v 57.15473175 24.73954391 6.00000000
v 57.81454468 46.27810669 6.00000000
v 57.79999924 46.50000000 6.00000000
v 57.92940521 45.84943771 6.00000000
v 58.02775574 45.65000153 6.00000000
v 58.15129852 45.46510696 6.00000000
v 58.29792023 45.29792023 6.00000000
v 57.85792542 46.06000900 6.00000000
v 59.27810669 44.81454468 6.00000000
v 60.74693298 25.45407677 6.00000000
v 58.65000153 45.02775574 6.00000000
v 58.84943771 44.92940521 6.00000000
v 59.06000900 44.85792542 6.00000000
v 59.50000000 44.79999924 6.00000000
v 59.72189331 44.81454468 6.00000000
v 59.93999100 44.85792542 6.00000000
v 60.15056229 44.92940521 6.00000000
v 60.34999847 45.02775574 6.00000000
v 60.53489304 45.15129852 6.00000000
v 60.70207977 45.29792023 6.00000000
v 60.84870148 45.46510696 6.00000000
v 60.97224426 45.65000153 6.00000000
v 61.07059479 45.84943771 6.00000000
v 61.14207458 46.06000900 6.00000000
v 61.18545532 46.27810669 6.00000000
v 58.65578461 13.33792782 8.00000000
v 55.52315521 37.13260651 8.00000000
v 63.72335052 14.34593010 8.00000000
v 57.51169586 37.52814865 8.00000000
v 68.61599731 16.00675774 8.00000000
v 59.43159485 38.17986679 8.00000000
v 61.25000000 39.07660675 8.00000000
v 64.46015167 41.53984451 8.00000000
v 73.25000000 18.29199600 8.00000000
v 62.93580246 40.20302200 8.00000000
v 65.79697418 43.06419754 8.00000000
v 66.92339325 44.75000000 8.00000000
v 75.25000000 14.82789516 8.00000000
v 75.25000000 14.82789516 7.00000000
v 79.98112488 17.98913002 8.00000000
v 79.98112488 17.98913002 7.00000000
v 84.25914764 21.74085426 8.00000000
v 84.25914764 21.74085426 7.00000000
v 67.82012939 46.56840515 8.00000000
v 68.47184753 48.48830414 8.00000000
v 68.86739349 50.47684479 8.00000000
v 69.00000000 52.50000000 8.00000000
v 53.72189331 50.81454468 6.00000000
v 53.93999100 50.85792542 6.00000000
v 54.15056229 50.92940521 6.00000000
v 54.34999847 51.02775574 6.00000000
v 54.53489304 51.15129852 6.00000000
v 54.70207977 51.29792023 6.00000000
v 54.84870148 51.46510696 6.00000000
v 54.97224426 51.65000153 6.00000000
v 55.07059479 51.84943771 6.00000000
v 55.14207458 52.06000900 6.00000000
v 55.18545532 52.27810669 6.00000000
v 55.20000076 52.50000000 6.00000000
v 57.79999924 58.50000000 6.00000000
v 57.81454468 58.72189331 6.00000000
v 57.15473175 80.26045990 6.00000000
v 57.81454468 58.27810669 6.00000000
v 57.81454468 46.72189331 6.00000000
v 57.85792542 58.06000900 6.00000000
v 57.85792542 46.93999100 6.00000000
v 57.92940521 57.84943771 6.00000000
v 57.92940521 47.15056229 6.00000000
v 58.02775574 57.65000153 6.00000000
v 58.02775574 47.34999847 6.00000000
v 58.15129852 57.46510696 6.00000000
v 58.15129852 47.53489304 6.00000000
v 58.29792023 57.29792023 6.00000000
v 58.29792023 47.70207977 6.00000000
v 58.46510696 57.15129852 6.00000000
v 58.46510696 47.84870148 6.00000000
v 58.65000153 57.02775574 6.00000000
v 58.65000153 47.97224426 6.00000000
v 58.84943771 56.92940521 6.00000000
v 58.84943771 48.07059479 6.00000000
v 59.06000900 56.85792542 6.00000000
v 59.06000900 48.14207458 6.00000000
v 59.27810669 56.81454468 6.00000000
v 59.27810669 48.18545532 6.00000000
v 59.50000000 56.79999924 6.00000000
v 59.50000000 48.20000076 6.00000000
v 59.72189331 56.81454468 6.00000000
v 59.72189331 48.18545532 6.00000000
v 59.93999100 56.85792542 6.00000000
v 59.93999100 48.14207458 6.00000000
v 60.15056229 56.92940521 6.00000000
v 60.15056229 48.07059479 6.00000000
v 60.34999847 57.02775574 6.00000000
v 60.34999847 47.97224426 6.00000000
v 60.53489304 47.84870148 6.00000000
v 60.53489304 57.15129852 6.00000000
v 60.70207977 57.29792023 6.00000000
v 60.70207977 47.70207977 6.00000000
v 60.84870148 47.53489304 6.00000000
v 60.97224426 57.65000153 6.00000000
v 60.97224426 47.34999847 6.00000000
v 60.84870148 57.46510696 6.00000000
v 61.07059479 47.15056229 6.00000000
v 61.07059479 57.84943771 6.00000000
v 61.18545532 46.72189331 6.00000000
v 61.14207458 46.93999100 6.00000000
v 61.18545532 58.27810669 6.00000000
v 61.14207458 58.06000900 6.00000000
v 53.72189331 54.18545532 6.00000000
v 53.93999100 54.14207458 6.00000000
v 54.15056229 54.07059479 6.00000000
v 54.34999847 53.97224426 6.00000000
v 54.53489304 53.84870148 6.00000000
v 55.18545532 52.72189331 6.00000000
v 55.14207458 52.93999100 6.00000000
v 55.07059479 53.15056229 6.00000000
v 54.97224426 53.34999847 6.00000000
v 54.70207977 53.70207977 6.00000000
v 54.84870148 53.53489304 6.00000000
v 64.21513367 78.36862946 6.00000000
v 64.21513367 26.63137245 6.00000000
v 61.20000076 46.50000000 6.00000000
v 61.20000076 58.50000000 6.00000000
v 67.50000000 28.25128937 6.00000000
v 67.50000000 76.74871063 6.00000000
v 70.54531860 30.28610611 6.00000000
v 57.85792542 58.93999100 6.00000000
v 57.92940521 59.15056229 6.00000000
v 58.02775574 59.34999847 6.00000000
v 58.15129852 59.53489304 6.00000000
v 58.29792023 59.70207977 6.00000000
v 58.46510696 59.84870148 6.00000000
v 58.65000153 59.97224426 6.00000000
v 58.84943771 60.07059479 6.00000000
v 59.06000900 60.14207458 6.00000000
v 61.18545532 58.72189331 6.00000000
v 60.74693298 79.54592133 6.00000000
v 59.27810669 60.18545532 6.00000000
v 59.50000000 60.20000076 6.00000000
v 59.72189331 60.18545532 6.00000000
v 59.93999100 60.14207458 6.00000000
v 60.15056229 60.07059479 6.00000000
v 60.34999847 59.97224426 6.00000000
v 60.53489304 59.84870148 6.00000000
v 60.70207977 59.70207977 6.00000000
v 60.84870148 59.53489304 6.00000000
v 60.97224426 59.34999847 6.00000000
v 61.07059479 59.15056229 6.00000000
v 61.14207458 58.93999100 6.00000000
v 55.52315521 67.86739349 8.00000000
v 57.51169586 67.47184753 8.00000000
v 58.65578461 91.66207123 8.00000000
v 59.43159485 66.82012939 8.00000000
v 61.25000000 65.92339325 8.00000000
v 62.93580246 64.79697418 8.00000000
v 64.46015167 63.46015549 8.00000000
v 63.72335052 90.65406799 8.00000000
v 65.79697418 61.93580246 8.00000000
v 68.61599731 88.99324036 8.00000000
v 68.86739349 54.52315521 8.00000000
v 68.47184753 56.51169586 8.00000000
v 67.82012939 58.43159485 8.00000000
v 66.92339325 60.25000000 8.00000000
v 73.29898834 72.29898834 6.00000000
v 73.29898834 32.70101166 6.00000000
v 75.71389008 35.45468140 6.00000000
v 70.54531860 74.71389008 6.00000000
v 75.71389008 69.54531860 6.00000000
v 77.74871063 66.50000000 6.00000000
v 77.74871063 38.50000000 6.00000000
v 79.36862946 41.78486252 6.00000000
v 79.36862946 63.21513748 6.00000000
v 80.54592133 45.25306702 6.00000000
v 80.54592133 59.74693298 6.00000000
v 81.26045990 48.84526825 6.00000000
v 81.26045990 56.15473175 6.00000000
v 81.50000000 52.50000000 6.00000000
v 77.54607391 21.16254234 8.00000000
v 81.43071747 24.56928253 8.00000000
v 73.25000000 86.70800018 8.00000000
v 77.54607391 83.83745575 8.00000000
v 84.83745575 28.45392418 8.00000000
v 81.43071747 80.43071747 8.00000000
v 88.01087189 26.01887703 8.00000000
v 88.01087189 26.01887703 7.00000000
v 91.17210388 30.75000000 8.00000000
v 91.17210388 30.75000000 7.00000000
v 93.68875885 35.85327148 8.00000000
v 93.68875885 35.85327148 7.00000000
v 95.51777649 41.24137115 8.00000000
v 95.51777649 41.24137115 7.00000000
v 87.70800018 32.75000000 8.00000000
v 89.99324036 37.38400269 8.00000000
v 87.70800018 72.25000000 8.00000000
v 91.65406799 42.27664948 8.00000000
v 92.66207123 47.34421539 8.00000000
v 89.99324036 67.61599731 8.00000000
v 84.83745575 76.54607391 8.00000000
v 91.65406799 62.72335052 8.00000000
v 96.62785339 46.82210922 8.00000000
v 96.62785339 46.82210922 7.00000000
v 97.00000000 52.50000000 8.00000000
v 97.00000000 52.50000000 7.00000000
v 93.00000000 52.50000000 8.00000000
v 92.66207123 57.65578461 8.00000000
v 96.62785339 58.17789078 8.00000000
v 96.62785339 58.17789078 7.00000000
v 95.51777649 63.75862885 8.00000000
v 95.51777649 63.75862885 7.00000000
v 84.25914764 83.25914764 8.00000000
v 88.01087189 78.98112488 7.00000000
v 84.25914764 83.25914764 7.00000000
v 88.01087189 78.98112488 8.00000000
v 91.17210388 74.25000000 7.00000000
v 91.17210388 74.25000000 8.00000000
v 93.68875885 69.14672852 8.00000000
v 93.68875885 69.14672852 7.00000000
v 59.17789078 95.62785339 7.00000000
v 59.17789078 95.62785339 8.00000000
v 64.75862885 94.51777649 7.00000000
v 64.75862885 94.51777649 8.00000000
v 70.14672852 92.68875885 7.00000000
v 70.14672852 92.68875885 8.00000000
v 75.25000000 90.17210388 7.00000000
v 75.25000000 90.17210388 8.00000000
v 79.98112488 87.01087189 7.00000000
v 79.98112488 87.01087189 8.00000000
v 44.06419754 40.20302200 16.00000000
v 45.75000000 39.07660675 16.00000000
v 47.56840515 38.17986679 16.00000000
v 49.48830414 37.52814865 16.00000000
v 51.47684479 37.13260651 16.00000000
v 53.50000000 37.00000000 16.00000000
v 42.53984451 41.53984451 16.00000000
v 47.06000900 44.85792542 16.00000000
v 48.34999847 45.02775574 16.00000000
v 52.46510696 51.15129852 16.00000000
v 38.00000000 52.50000000 16.00000000
v 38.13260651 54.52315521 16.00000000
v 39.17986679 46.56840515 16.00000000
v 40.07660675 44.75000000 16.00000000
v 41.20302200 43.06419754 16.00000000
v 38.52814865 48.48830414 16.00000000
v 38.13260651 50.47684479 16.00000000
v 38.52814865 56.51169586 16.00000000
v 39.17986679 58.43159485 16.00000000
v 40.07660675 60.25000000 16.00000000
v 41.20302200 61.93580246 16.00000000
v 42.53984451 63.46015549 16.00000000
v 44.06419754 64.79697418 16.00000000
v 45.75000000 65.92339325 16.00000000
v 47.56840515 66.82012939 16.00000000
v 49.48830414 67.47184753 16.00000000
v 51.47684479 67.86739349 16.00000000
v 45.85792542 46.06000900 16.00000000
v 45.81454468 46.27810669 16.00000000
v 45.79999924 46.50000000 16.00000000
v 45.81454468 58.27810669 16.00000000
v 45.81454468 46.72189331 16.00000000
v 45.79999924 58.50000000 16.00000000
v 45.81454468 58.72189331 16.00000000
v 45.85792542 58.93999100 16.00000000
v 46.29792023 45.29792023 16.00000000
v 46.15129852 45.46510696 16.00000000
v 46.46510696 45.15129852 16.00000000
v 46.65000153 45.02775574 16.00000000
v 46.84943771 44.92940521 16.00000000
v 46.02775574 45.65000153 16.00000000
v 45.92940521 45.84943771 16.00000000
v 47.27810669 44.81454468 16.00000000
v 47.50000000 44.79999924 16.00000000
v 47.72189331 44.81454468 16.00000000
v 47.93999100 44.85792542 16.00000000
v 48.15056229 44.92940521 16.00000000
v 48.53489304 45.15129852 16.00000000
v 48.70207977 45.29792023 16.00000000
v 48.84870148 45.46510696 16.00000000
v 48.97224426 45.65000153 16.00000000
v 49.07059479 45.84943771 16.00000000
v 49.14207458 46.06000900 16.00000000
v 49.18545532 46.27810669 16.00000000
v 49.20000076 46.50000000 16.00000000
v 45.85792542 46.93999100 16.00000000
v 45.92940521 47.15056229 16.00000000
v 45.85792542 58.06000900 16.00000000
v 46.02775574 47.34999847 16.00000000
v 45.92940521 57.84943771 16.00000000
v 46.15129852 47.53489304 16.00000000
v 46.02775574 57.65000153 16.00000000
v 46.29792023 47.70207977 16.00000000
v 46.15129852 57.46510696 16.00000000
v 46.46510696 47.84870148 16.00000000
v 46.29792023 57.29792023 16.00000000
v 46.65000153 47.97224426 16.00000000
v 46.84943771 48.07059479 16.00000000
v 47.06000900 48.14207458 16.00000000
v 47.27810669 48.18545532 16.00000000
v 47.06000900 56.85792542 16.00000000
v 47.50000000 48.20000076 16.00000000
v 47.27810669 56.81454468 16.00000000
v 47.72189331 48.18545532 16.00000000
v 47.50000000 56.79999924 16.00000000
v 47.93999100 48.14207458 16.00000000
v 47.72189331 56.81454468 16.00000000
v 48.15056229 48.07059479 16.00000000
v 47.93999100 56.85792542 16.00000000
v 48.34999847 47.97224426 16.00000000
v 48.15056229 56.92940521 16.00000000
v 48.53489304 47.84870148 16.00000000
v 48.70207977 47.70207977 16.00000000
v 48.84870148 47.53489304 16.00000000
v 48.97224426 47.34999847 16.00000000
v 48.84870148 57.46510696 16.00000000
v 49.07059479 47.15056229 16.00000000
v 48.97224426 57.65000153 16.00000000
v 49.14207458 46.93999100 16.00000000
v 49.07059479 57.84943771 16.00000000
v 49.18545532 46.72189331 16.00000000
v 49.14207458 58.06000900 16.00000000
v 52.02775574 51.65000153 16.00000000
v 51.92940521 51.84943771 16.00000000
v 51.85792542 52.06000900 16.00000000
v 51.81454468 52.27810669 16.00000000
v 52.15129852 51.46510696 16.00000000
v 52.29792023 51.29792023 16.00000000
v 52.65000153 51.02775574 16.00000000
v 52.84943771 50.92940521 16.00000000
v 53.06000900 50.85792542 16.00000000
v 53.27810669 50.81454468 16.00000000
v 53.50000000 50.79999924 16.00000000
v 51.79999924 52.50000000 16.00000000
v 46.65000153 57.02775574 16.00000000
v 46.46510696 57.15129852 16.00000000
v 46.84943771 56.92940521 16.00000000
v 48.34999847 57.02775574 16.00000000
v 48.53489304 57.15129852 16.00000000
v 48.70207977 57.29792023 16.00000000
v 49.18545532 58.27810669 16.00000000
v 49.20000076 58.50000000 16.00000000
v 45.92940521 59.15056229 16.00000000
v 46.02775574 59.34999847 16.00000000
v 46.15129852 59.53489304 16.00000000
v 46.29792023 59.70207977 16.00000000
v 46.46510696 59.84870148 16.00000000
v 46.65000153 59.97224426 16.00000000
v 46.84943771 60.07059479 16.00000000
v 47.06000900 60.14207458 16.00000000
v 47.27810669 60.18545532 16.00000000
v 47.50000000 60.20000076 16.00000000
v 47.72189331 60.18545532 16.00000000
v 47.93999100 60.14207458 16.00000000
v 48.15056229 60.07059479 16.00000000
v 48.34999847 59.97224426 16.00000000
v 49.18545532 58.72189331 16.00000000
v 48.70207977 59.70207977 16.00000000
v 48.53489304 59.84870148 16.00000000
v 48.84870148 59.53489304 16.00000000
v 48.97224426 59.34999847 16.00000000
v 49.14207458 58.93999100 16.00000000
v 49.07059479 59.15056229 16.00000000
v 51.81454468 52.72189331 16.00000000
v 51.85792542 52.93999100 16.00000000
v 51.92940521 53.15056229 16.00000000
v 52.02775574 53.34999847 16.00000000
v 52.15129852 53.53489304 16.00000000
v 52.29792023 53.70207977 16.00000000
v 52.46510696 53.84870148 16.00000000
v 52.65000153 53.97224426 16.00000000
v 52.84943771 54.07059479 16.00000000
v 53.06000900 54.14207458 16.00000000
v 53.27810669 54.18545532 16.00000000
v 53.50000000 54.20000076 16.00000000
v 53.50000000 68.00000000 16.00000000
v 55.52315521 37.13260651 16.00000000
v 57.51169586 37.52814865 16.00000000
v 59.43159485 38.17986679 16.00000000
v 61.25000000 39.07660675 16.00000000
v 62.93580246 40.20302200 16.00000000
v 64.46015167 41.53984451 16.00000000
v 58.84943771 44.92940521 16.00000000
v 59.27810669 44.81454468 16.00000000
v 65.79697418 43.06419754 16.00000000
v 66.92339325 44.75000000 16.00000000
v 67.82012939 46.56840515 16.00000000
v 68.47184753 48.48830414 16.00000000
v 68.86739349 54.52315521 16.00000000
v 68.47184753 56.51169586 16.00000000
v 65.79697418 61.93580246 16.00000000
v 66.92339325 60.25000000 16.00000000
v 67.82012939 58.43159485 16.00000000
v 55.52315521 67.86739349 16.00000000
v 57.51169586 67.47184753 16.00000000
v 59.43159485 66.82012939 16.00000000
v 61.25000000 65.92339325 16.00000000
v 62.93580246 64.79697418 16.00000000
v 68.86739349 50.47684479 16.00000000
v 69.00000000 52.50000000 16.00000000
v 53.72189331 50.81454468 16.00000000
v 53.93999100 50.85792542 16.00000000
v 54.15056229 50.92940521 16.00000000
v 54.34999847 51.02775574 16.00000000
v 54.53489304 51.15129852 16.00000000
v 54.70207977 51.29792023 16.00000000
v 54.84870148 51.46510696 16.00000000
v 54.97224426 51.65000153 16.00000000
v 55.07059479 51.84943771 16.00000000
v 55.14207458 52.06000900 16.00000000
v 55.18545532 52.27810669 16.00000000
v 55.20000076 52.50000000 16.00000000
v 57.92940521 45.84943771 16.00000000
v 57.85792542 46.06000900 16.00000000
v 58.02775574 45.65000153 16.00000000
v 57.81454468 46.27810669 16.00000000
v 58.65000153 45.02775574 16.00000000
v 58.46510696 45.15129852 16.00000000
v 58.15129852 45.46510696 16.00000000
v 58.29792023 45.29792023 16.00000000
v 57.79999924 46.50000000 16.00000000
v 59.06000900 44.85792542 16.00000000
v 59.50000000 44.79999924 16.00000000
v 59.72189331 44.81454468 16.00000000
v 59.93999100 44.85792542 16.00000000
v 60.15056229 44.92940521 16.00000000
v 60.34999847 45.02775574 16.00000000
v 60.53489304 45.15129852 16.00000000
v 60.70207977 45.29792023 16.00000000
v 60.84870148 45.46510696 16.00000000
v 60.97224426 45.65000153 16.00000000
v 61.07059479 45.84943771 16.00000000
v 61.14207458 46.06000900 16.00000000
v 57.81454468 58.27810669 16.00000000
v 57.81454468 46.72189331 16.00000000
v 57.85792542 46.93999100 16.00000000
v 57.92940521 47.15056229 16.00000000
v 57.85792542 58.06000900 16.00000000
v 58.02775574 47.34999847 16.00000000
v 57.92940521 57.84943771 16.00000000
v 58.15129852 47.53489304 16.00000000
v 58.02775574 57.65000153 16.00000000
v 58.29792023 47.70207977 16.00000000
v 58.15129852 57.46510696 16.00000000
v 57.79999924 58.50000000 16.00000000
v 58.46510696 47.84870148 16.00000000
v 58.65000153 47.97224426 16.00000000
v 58.84943771 48.07059479 16.00000000
v 59.06000900 48.14207458 16.00000000
v 58.84943771 56.92940521 16.00000000
v 59.27810669 48.18545532 16.00000000
v 59.06000900 56.85792542 16.00000000
v 59.50000000 48.20000076 16.00000000
v 59.27810669 56.81454468 16.00000000
v 59.72189331 48.18545532 16.00000000
v 59.50000000 56.79999924 16.00000000
v 59.93999100 48.14207458 16.00000000
v 59.72189331 56.81454468 16.00000000
v 60.15056229 48.07059479 16.00000000
v 59.93999100 56.85792542 16.00000000
v 60.34999847 47.97224426 16.00000000
v 60.53489304 47.84870148 16.00000000
v 60.70207977 47.70207977 16.00000000
v 60.84870148 47.53489304 16.00000000
v 60.70207977 57.29792023 16.00000000
v 60.97224426 47.34999847 16.00000000
v 60.84870148 57.46510696 16.00000000
v 61.07059479 47.15056229 16.00000000
v 60.97224426 57.65000153 16.00000000
v 61.14207458 46.93999100 16.00000000
v 61.07059479 57.84943771 16.00000000
v 61.18545532 46.72189331 16.00000000
v 61.14207458 58.06000900 16.00000000
v 55.18545532 52.72189331 16.00000000
v 53.72189331 54.18545532 16.00000000
v 53.93999100 54.14207458 16.00000000
v 54.15056229 54.07059479 16.00000000
v 54.34999847 53.97224426 16.00000000
v 54.53489304 53.84870148 16.00000000
v 54.70207977 53.70207977 16.00000000
v 54.84870148 53.53489304 16.00000000
v 54.97224426 53.34999847 16.00000000
v 55.14207458 52.93999100 16.00000000
v 55.07059479 53.15056229 16.00000000
v 58.29792023 57.29792023 16.00000000
v 58.46510696 57.15129852 16.00000000
v 58.65000153 57.02775574 16.00000000
v 60.15056229 56.92940521 16.00000000
v 60.34999847 57.02775574 16.00000000
v 60.53489304 57.15129852 16.00000000
v 61.18545532 58.27810669 16.00000000
v 57.81454468 58.72189331 16.00000000
v 57.85792542 58.93999100 16.00000000
v 57.92940521 59.15056229 16.00000000
v 58.02775574 59.34999847 16.00000000
v 58.15129852 59.53489304 16.00000000
v 58.29792023 59.70207977 16.00000000
v 58.46510696 59.84870148 16.00000000
v 58.65000153 59.97224426 16.00000000
v 58.84943771 60.07059479 16.00000000
v 59.06000900 60.14207458 16.00000000
v 59.27810669 60.18545532 16.00000000
v 59.50000000 60.20000076 16.00000000
v 59.72189331 60.18545532 16.00000000
v 59.93999100 60.14207458 16.00000000
v 61.14207458 58.93999100 16.00000000
v 61.07059479 59.15056229 16.00000000
v 60.97224426 59.34999847 16.00000000
v 60.84870148 59.53489304 16.00000000
v 60.15056229 60.07059479 16.00000000
v 60.34999847 59.97224426 16.00000000
v 60.53489304 59.84870148 16.00000000
v 60.70207977 59.70207977 16.00000000
v 61.18545532 46.27810669 16.00000000
v 61.20000076 46.50000000 16.00000000
v 64.46015167 63.46015549 16.00000000
v 61.20000076 58.50000000 16.00000000
v 61.18545532 58.72189331 16.00000000
v 13.31124020 35.85327148 43.00000000
v 11.48222637 41.24137115 43.00000000
v 15.82789516 30.75000000 43.00000000
v 18.98913002 26.01887703 43.00000000
v 10.37214851 46.82210922 43.00000000
v 10.00000000 52.50000000 43.00000000
v 10.37214851 58.17789078 43.00000000
v 11.48222637 63.75862885 43.00000000
v 13.31124020 69.14672852 43.00000000
v 15.82789516 74.25000000 43.00000000
v 18.98913002 78.98112488 43.00000000
v 22.74085426 83.25914764 43.00000000
v 22.74085426 21.74085426 43.00000000
v 27.01887703 17.98913002 43.00000000
v 31.75000000 14.82789516 43.00000000
v 42.24137115 10.48222637 43.00000000
v 36.85327148 12.31124020 43.00000000
v 47.82210922 9.37214851 43.00000000
v 13.31124020 35.85327148 51.00000000
v 15.82789516 30.75000000 51.00000000
v 14.33792782 47.34421539 51.00000000
v 18.98913002 26.01887703 51.00000000
v 17.00675774 37.38400269 51.00000000
v 22.74085426 21.74085426 51.00000000
v 22.16254234 28.45392418 51.00000000
v 19.29199600 32.75000000 51.00000000
v 15.34593010 42.27664948 51.00000000
v 11.48222637 41.24137115 51.00000000
v 10.37214851 58.17789078 51.00000000
v 10.37214851 46.82210922 51.00000000
v 11.48222637 63.75862885 51.00000000
v 14.00000000 52.50000000 51.00000000
v 10.00000000 52.50000000 51.00000000
v 13.31124020 69.14672852 51.00000000
v 14.33792782 57.65578461 51.00000000
v 15.34593010 62.72335052 51.00000000
v 17.00675774 67.61599731 51.00000000
v 15.82789516 74.25000000 51.00000000
v 19.29199600 72.25000000 51.00000000
v 18.98913002 78.98112488 51.00000000
v 22.16254234 76.54607391 51.00000000
v 25.56928253 80.43071747 51.00000000
v 22.74085426 83.25914764 51.00000000
v 53.50000000 9.00000000 43.00000000
v 27.01887703 17.98913002 51.00000000
v 31.75000000 14.82789516 51.00000000
v 29.45392418 21.16254234 51.00000000
v 36.85327148 12.31124020 51.00000000
v 33.75000000 18.29199600 51.00000000
v 38.38400269 16.00675774 51.00000000
v 25.56928253 24.56928253 51.00000000
v 42.24137115 10.48222637 51.00000000
v 43.27664948 14.34593010 51.00000000
v 47.82210922 9.37214851 51.00000000
v 48.34421539 13.33792782 51.00000000
v 53.50000000 9.00000000 51.00000000
v 53.50000000 13.00000000 51.00000000
v 29.45392418 83.83745575 51.00000000
v 47.50000000 95.56378174 18.50000000
v 47.50000000 95.56378174 9.50000000
v 47.82210922 95.62785339 9.50000000
v 53.50000000 96.00000000 9.50000000
v 27.01887703 87.01087189 43.00000000
v 31.75000000 90.17210388 43.00000000
v 36.85327148 92.68875885 43.00000000
v 42.24137115 94.51777649 43.00000000
v 47.82210922 95.62785339 43.00000000
v 47.82210922 95.62785339 18.50000000
v 53.50000000 96.00000000 43.00000000
v 53.50000000 96.00000000 18.50000000
v 27.01887703 87.01087189 51.00000000
v 33.75000000 86.70800018 51.00000000
v 31.75000000 90.17210388 51.00000000
v 38.38400269 88.99324036 51.00000000
v 36.85327148 92.68875885 51.00000000
v 43.27664948 90.65406799 51.00000000
v 42.24137115 94.51777649 51.00000000
v 48.34421539 91.66207123 51.00000000
v 47.82210922 95.62785339 51.00000000
v 53.50000000 92.00000000 51.00000000
v 53.50000000 96.00000000 51.00000000
v 59.17789078 9.37214851 43.00000000
v 64.75862885 10.48222637 43.00000000
v 70.14672852 12.31124020 43.00000000
v 75.25000000 14.82789516 43.00000000
v 79.98112488 17.98913002 43.00000000
v 84.25914764 21.74085426 43.00000000
v 88.01087189 26.01887703 43.00000000
v 91.17210388 30.75000000 43.00000000
v 93.68875885 35.85327148 43.00000000
v 95.51777649 41.24137115 43.00000000
v 96.62785339 46.82210922 43.00000000
v 97.00000000 52.50000000 43.00000000
v 96.62785339 58.17789078 43.00000000
v 88.01087189 78.98112488 43.00000000
v 91.17210388 74.25000000 43.00000000
v 95.51777649 63.75862885 43.00000000
v 93.68875885 69.14672852 43.00000000
v 59.17789078 9.37214851 51.00000000
v 58.65578461 13.33792782 51.00000000
v 64.75862885 10.48222637 51.00000000
v 63.72335052 14.34593010 51.00000000
v 70.14672852 12.31124020 51.00000000
v 68.61599731 16.00675774 51.00000000
v 75.25000000 14.82789516 51.00000000
v 73.25000000 18.29199600 51.00000000
v 79.98112488 17.98913002 51.00000000
v 77.54607391 21.16254234 51.00000000
v 84.25914764 21.74085426 51.00000000
v 81.43071747 24.56928253 51.00000000
v 77.54607391 83.83745575 51.00000000
v 81.43071747 80.43071747 51.00000000
v 79.98112488 87.01087189 51.00000000
v 84.25914764 83.25914764 51.00000000
v 84.83745575 76.54607391 51.00000000
v 88.01087189 26.01887703 51.00000000
v 84.83745575 28.45392418 51.00000000
v 87.70800018 32.75000000 51.00000000
v 91.17210388 30.75000000 51.00000000
v 89.99324036 37.38400269 51.00000000
v 93.68875885 35.85327148 51.00000000
v 91.65406799 42.27664948 51.00000000
v 92.66207123 47.34421539 51.00000000
v 84.25914764 83.25914764 43.00000000
v 93.00000000 52.50000000 51.00000000
v 95.51777649 41.24137115 51.00000000
v 93.68875885 69.14672852 51.00000000
v 96.62785339 46.82210922 51.00000000
v 95.51777649 63.75862885 51.00000000
v 92.66207123 57.65578461 51.00000000
v 97.00000000 52.50000000 51.00000000
v 96.62785339 58.17789078 51.00000000
v 91.17210388 74.25000000 51.00000000
v 91.65406799 62.72335052 51.00000000
v 89.99324036 67.61599731 51.00000000
v 88.01087189 78.98112488 51.00000000
v 87.70800018 72.25000000 51.00000000
v 59.17789078 95.62785339 9.50000000
v 59.50000000 95.56378174 9.50000000
v 70.14672852 92.68875885 43.00000000
v 64.75862885 94.51777649 43.00000000
v 59.50000000 95.56378174 18.50000000
v 75.25000000 90.17210388 43.00000000
v 79.98112488 87.01087189 43.00000000
v 59.17789078 95.62785339 43.00000000
v 59.17789078 95.62785339 18.50000000
v 58.65578461 91.66207123 51.00000000
v 59.17789078 95.62785339 51.00000000
v 63.72335052 90.65406799 51.00000000
v 64.75862885 94.51777649 51.00000000
v 68.61599731 88.99324036 51.00000000
v 70.14672852 92.68875885 51.00000000
v 73.25000000 86.70800018 51.00000000
v 75.25000000 90.17210388 51.00000000
v 53.17368317 91.97861481 11.52138805
v 51.73223114 91.88413239 12.23223305
v 51.51661682 91.87000275 12.47809601
v 51.33493805 91.85809326 12.75000000
v 52.54329300 91.93729401 11.69030094
v 52.25000000 91.91806793 11.83493614
v 51.97809601 91.90024567 12.01661682
v 52.85295105 91.95758820 11.58518505
v 53.50000000 92.00000000 11.50000000
v 51.19029999 91.84861755 13.04329109
v 51.08518600 91.84172821 13.35295200
v 51.02138901 91.83753967 13.67368412
v 51.00000000 91.83614349 14.00000000
v 51.02138901 91.83753967 14.32631588
v 51.08518600 91.84172821 14.64704800
v 51.19029999 91.84861755 14.95670891
v 51.33493805 91.85809326 15.25000000
v 51.51661682 91.87000275 15.52190399
v 51.73223114 91.88413239 15.76776695
v 51.97809601 91.90024567 15.98338318
v 52.25000000 91.91806793 16.16506386
v 52.54329300 91.93729401 16.30969810
v 52.85295105 91.95758820 16.41481400
v 53.17368317 91.97861481 16.47861290
v 53.50000000 92.00000000 16.50000000
v 53.82631683 91.97861481 11.52138805
v 54.14704895 91.95758820 11.58518505
v 54.45670700 91.93729401 11.69030094
v 54.75000000 91.91806793 11.83493614
v 55.02190399 91.90024567 12.01661682
v 55.26776886 91.88413239 12.23223305
v 55.48338318 91.87000275 12.47809601
v 55.66506195 91.85809326 12.75000000
v 55.80970001 91.84861755 13.04329109
v 55.91481400 91.84172821 13.35295200
v 55.97861099 91.83753967 13.67368412
v 56.00000000 91.83614349 14.00000000
v 55.97861099 91.83753967 14.32631588
v 55.91481400 91.84172821 14.64704800
v 55.80970001 91.84861755 14.95670891
v 55.66506195 91.85809326 15.25000000
v 53.82631683 91.97861481 16.47861290
v 55.26776886 91.88413239 15.76776695
v 55.02190399 91.90024567 15.98338318
v 54.75000000 91.91806793 16.16506386
v 54.45670700 91.93729401 16.30969810
v 55.48338318 91.87000275 15.52190399
v 54.14704895 91.95758820 16.41481400
v 99.21967316 52.19979095 45.29999924
v 99.27837372 51.90471649 45.29999924
v 99.27837372 53.09528351 45.29999924
v 99.37507629 51.61982727 45.29999924
v 99.37507629 53.38017273 45.29999924
v 99.67528534 51.09984970 45.29999924
v 99.67528534 53.90015030 45.29999924
v 99.50814056 51.34999847 45.29999924
v 99.50814056 53.65000153 45.29999924
v 99.27837372 51.90471649 51.00000000
v 99.50814056 51.34999847 51.00000000
v 99.37507629 51.61982727 51.00000000
v 99.21967316 52.19979095 51.00000000
v 99.19999695 52.50000000 45.29999924
v 99.19999695 52.50000000 51.00000000
v 99.67528534 51.09984970 51.00000000
v 99.21967316 52.80020905 45.29999924
v 99.21967316 52.80020905 51.00000000
v 99.27837372 53.09528351 51.00000000
v 99.37507629 53.38017273 51.00000000
v 99.50814056 53.65000153 51.00000000
v 99.67528534 53.90015030 51.00000000
v 99.87365723 50.87365341 45.29999924
v 99.87365723 54.12634659 45.29999924
v 100.09984589 50.67528915 45.29999924
v 100.09984589 54.32471085 45.29999924
v 100.34999847 50.50814056 45.29999924
v 100.61982727 50.37507629 45.29999924
v 100.61982727 54.62492371 45.29999924
v 100.34999847 54.49185944 45.29999924
v 100.90471649 50.27836990 45.29999924
v 100.90471649 54.72163010 45.29999924
v 101.19979095 50.21967697 45.29999924
v 101.19979095 54.78032303 45.29999924
v 101.50000000 50.20000076 45.29999924
v 101.50000000 54.79999924 45.29999924
v 101.80020905 50.21967697 45.29999924
v 101.80020905 54.78032303 45.29999924
v 102.09528351 50.27836990 45.29999924
v 102.09528351 54.72163010 45.29999924
v 102.38017273 50.37507629 45.29999924
v 102.38017273 54.62492371 45.29999924
v 102.65000153 50.50814056 45.29999924
v 102.65000153 54.49185944 45.29999924
v 102.90015411 50.67528915 45.29999924
v 102.90015411 54.32471085 45.29999924
v 103.12634277 50.87365341 45.29999924
v 103.12634277 54.12634659 45.29999924
v 103.32471466 51.09984970 45.29999924
v 103.32471466 53.90015030 45.29999924
v 103.49185944 51.34999847 45.29999924
v 103.49185944 53.65000153 45.29999924
v 99.87365723 50.87365341 51.00000000
v 100.34999847 50.50814056 51.00000000
v 100.09984589 50.67528915 51.00000000
v 100.61982727 50.37507629 51.00000000
v 100.90471649 50.27836990 51.00000000
v 101.19979095 50.21967697 51.00000000
v 101.50000000 50.20000076 51.00000000
v 101.80020905 50.21967697 51.00000000
v 102.09528351 50.27836990 51.00000000
v 102.38017273 50.37507629 51.00000000
v 102.65000153 50.50814056 51.00000000
v 102.90015411 50.67528915 51.00000000
v 103.12634277 50.87365341 51.00000000
v 103.32471466 51.09984970 51.00000000
v 103.62492371 51.61982727 45.29999924
v 103.62492371 53.38017273 45.29999924
v 103.72162628 51.90471649 45.29999924
v 103.72162628 53.09528351 45.29999924
v 103.78032684 52.19979095 45.29999924
v 103.78032684 52.80020905 45.29999924
v 103.49185944 51.34999847 51.00000000
v 103.62492371 51.61982727 51.00000000
v 103.72162628 51.90471649 51.00000000
v 103.78032684 52.19979095 51.00000000
v 103.80000305 52.50000000 45.29999924
v 103.80000305 52.50000000 51.00000000
v 99.87365723 54.12634659 51.00000000
v 100.09984589 54.32471085 51.00000000
v 100.34999847 54.49185944 51.00000000
v 100.61982727 54.62492371 51.00000000
v 100.90471649 54.72163010 51.00000000
v 101.19979095 54.78032303 51.00000000
v 101.50000000 54.79999924 51.00000000
v 101.80020905 54.78032303 51.00000000
v 102.09528351 54.72163010 51.00000000
v 102.38017273 54.62492371 51.00000000
v 103.49185944 53.65000153 51.00000000
v 102.90015411 54.32471085 51.00000000
v 102.65000153 54.49185944 51.00000000
v 103.12634277 54.12634659 51.00000000
v 103.32471466 53.90015030 51.00000000
v 103.78032684 52.80020905 51.00000000
v 103.62492371 53.38017273 51.00000000
v 103.72162628 53.09528351 51.00000000
v 75.50814056 92.91921997 45.29999924
v 75.50814056 95.21922302 45.29999924
v 75.37507629 93.18904877 45.29999924
v 75.21967316 93.76901245 45.29999924
v 75.21967316 94.36943054 45.29999924
v 75.19999695 94.06922150 45.29999924
v 75.27837372 93.47393799 45.29999924
v 75.27837372 94.66450500 45.29999924
v 75.37507629 94.94939423 45.29999924
v 75.67528534 92.66906738 45.29999924
v 75.67528534 95.46936798 45.29999924
v 75.87365723 92.44287109 45.29999924
v 75.87365723 95.69556427 45.29999924
v 76.09984589 92.24450684 45.29999924
v 76.09984589 95.89392853 45.29999924
v 76.34999847 92.07736206 45.29999924
v 76.34999847 96.06108093 45.29999924
v 76.61982727 91.94429779 45.29999924
v 76.61982727 96.19414520 45.29999924
v 75.50814056 92.91921997 51.00000000
v 75.37507629 93.18904877 51.00000000
v 75.27837372 93.47393799 51.00000000
v 75.21967316 93.76901245 51.00000000
v 75.19999695 94.06922150 51.00000000
v 75.21967316 94.36943054 51.00000000
v 75.87365723 92.44287109 51.00000000
v 75.67528534 92.66906738 51.00000000
v 76.09984589 92.24450684 51.00000000
v 76.34999847 92.07736206 51.00000000
v 75.27837372 94.66450500 51.00000000
v 76.61982727 91.94429779 51.00000000
v 75.37507629 94.94939423 51.00000000
v 75.50814056 95.21922302 51.00000000
v 75.67528534 95.46936798 51.00000000
v 75.87365723 95.69556427 51.00000000
v 76.09984589 95.89392853 51.00000000
v 76.34999847 96.06108093 51.00000000
v 76.61982727 96.19414520 51.00000000
v 76.90471649 91.84758759 45.29999924
v 76.90471649 96.29084778 45.29999924
v 77.19979095 91.78889465 45.29999924
v 77.19979095 96.34954071 45.29999924
v 77.50000000 91.76921844 45.29999924
v 77.50000000 96.36921692 45.29999924
v 77.80020905 91.78889465 45.29999924
v 77.80020905 96.34954071 45.29999924
v 78.09528351 91.84758759 45.29999924
v 78.09528351 96.29084778 45.29999924
v 78.38017273 91.94429779 45.29999924
v 78.38017273 96.19414520 45.29999924
v 78.65000153 92.07736206 45.29999924
v 78.65000153 96.06108093 45.29999924
v 78.90015411 92.24450684 45.29999924
v 78.90015411 95.89392853 45.29999924
v 79.12634277 92.44287109 45.29999924
v 79.12634277 95.69556427 45.29999924
v 79.32471466 92.66906738 45.29999924
v 79.32471466 95.46936798 45.29999924
v 79.49185944 92.91921997 45.29999924
v 79.49185944 95.21922302 45.29999924
v 79.62492371 93.18904877 45.29999924
v 79.62492371 94.94939423 45.29999924
v 79.72162628 93.47393799 45.29999924
v 79.72162628 94.66450500 45.29999924
v 79.78032684 93.76901245 45.29999924
v 79.78032684 94.36943054 45.29999924
v 79.80000305 94.06922150 45.29999924
v 76.90471649 91.84758759 51.00000000
v 77.19979095 91.78889465 51.00000000
v 77.50000000 91.76921844 51.00000000
v 77.80020905 91.78889465 51.00000000
v 78.09528351 91.84758759 51.00000000
v 78.38017273 91.94429779 51.00000000
v 78.65000153 92.07736206 51.00000000
v 78.90015411 92.24450684 51.00000000
v 79.12634277 92.44287109 51.00000000
v 79.32471466 92.66906738 51.00000000
v 79.49185944 92.91921997 51.00000000
v 79.62492371 93.18904877 51.00000000
v 79.72162628 93.47393799 51.00000000
v 79.78032684 93.76901245 51.00000000
v 79.80000305 94.06922150 51.00000000
v 79.78032684 94.36943054 51.00000000
v 76.90471649 96.29084778 51.00000000
v 77.19979095 96.34954071 51.00000000
v 77.50000000 96.36921692 51.00000000
v 77.80020905 96.34954071 51.00000000
v 78.09528351 96.29084778 51.00000000
v 78.38017273 96.19414520 51.00000000
v 79.12634277 95.69556427 51.00000000
v 79.49185944 95.21922302 51.00000000
v 79.32471466 95.46936798 51.00000000
v 78.65000153 96.06108093 51.00000000
v 78.90015411 95.89392853 51.00000000
v 79.62492371 94.94939423 51.00000000
v 79.72162628 94.66450500 51.00000000
v 27.50814247 92.91921997 45.29999924
v 27.50814247 95.21922302 45.29999924
v 27.37507629 93.18904877 45.29999924
v 27.27836990 93.47393799 45.29999924
v 27.27836990 94.66450500 45.29999924
v 27.21967697 93.76901245 45.29999924
v 27.21967697 94.36943054 45.29999924
v 27.20000076 94.06922150 45.29999924
v 27.37507629 94.94939423 45.29999924
v 27.67528725 92.66906738 45.29999924
v 27.67528725 95.46936798 45.29999924
v 27.87365532 92.44287109 45.29999924
v 27.87365532 95.69556427 45.29999924
v 28.09984779 92.24450684 45.29999924
v 28.09984779 95.89392853 45.29999924
v 28.35000038 92.07736206 45.29999924
v 28.35000038 96.06108093 45.29999924
v 28.61982727 91.94429779 45.29999924
v 28.61982727 96.19414520 45.29999924
v 28.90471649 91.84758759 45.29999924
v 28.90471649 96.29084778 45.29999924
v 29.19978905 91.78889465 45.29999924
v 29.19978905 96.34954071 45.29999924
v 29.50000000 91.76921844 45.29999924
v 29.50000000 96.36921692 45.29999924
v 29.80021095 91.78889465 45.29999924
v 29.80021095 96.34954071 45.29999924
v 30.09528351 91.84758759 45.29999924
v 30.09528351 96.29084778 45.29999924
v 30.38017273 91.94429779 45.29999924
v 30.38017273 96.19414520 45.29999924
v 27.37507629 93.18904877 51.00000000
v 27.27836990 93.47393799 51.00000000
v 27.21967697 93.76901245 51.00000000
v 27.20000076 94.06922150 51.00000000
v 27.21967697 94.36943054 51.00000000
v 27.87365532 92.44287109 51.00000000
v 27.50814247 92.91921997 51.00000000
v 27.67528725 92.66906738 51.00000000
v 28.09984779 92.24450684 51.00000000
v 28.35000038 92.07736206 51.00000000
v 28.90471649 91.84758759 51.00000000
v 29.19978905 91.78889465 51.00000000
v 29.50000000 91.76921844 51.00000000
v 29.80021095 91.78889465 51.00000000
v 28.61982727 91.94429779 51.00000000
v 30.09528351 91.84758759 51.00000000
v 27.27836990 94.66450500 51.00000000
v 30.38017273 91.94429779 51.00000000
v 27.37507629 94.94939423 51.00000000
v 27.50814247 95.21922302 51.00000000
v 27.67528725 95.46936798 51.00000000
v 27.87365532 95.69556427 51.00000000
v 28.09984779 95.89392853 51.00000000
v 28.35000038 96.06108093 51.00000000
v 28.61982727 96.19414520 51.00000000
v 28.90471649 96.29084778 51.00000000
v 29.19978905 96.34954071 51.00000000
v 29.50000000 96.36921692 51.00000000
v 29.80021095 96.34954071 51.00000000
v 30.09528351 96.29084778 51.00000000
v 30.38017273 96.19414520 51.00000000
v 30.64999962 92.07736206 45.29999924
v 30.64999962 96.06108093 45.29999924
v 30.90015221 92.24450684 45.29999924
v 30.90015221 95.89392853 45.29999924
v 31.12634468 92.44287109 45.29999924
v 31.12634468 95.69556427 45.29999924
v 31.32471275 92.66906738 45.29999924
v 31.32471275 95.46936798 45.29999924
v 31.49185753 95.21922302 45.29999924
v 31.49185753 92.91921997 45.29999924
v 31.62492371 93.18904877 45.29999924
v 31.62492371 94.94939423 45.29999924
v 31.72163010 93.47393799 45.29999924
v 31.72163010 94.66450500 45.29999924
v 31.78032303 94.36943054 45.29999924
v 31.78032303 93.76901245 45.29999924
v 31.79999924 94.06922150 45.29999924
v 30.64999962 92.07736206 51.00000000
v 30.90015221 92.24450684 51.00000000
v 31.12634468 92.44287109 51.00000000
v 31.32471275 92.66906738 51.00000000
v 31.49185753 92.91921997 51.00000000
v 31.62492371 93.18904877 51.00000000
v 31.72163010 93.47393799 51.00000000
v 31.78032303 93.76901245 51.00000000
v 31.79999924 94.06922150 51.00000000
v 31.78032303 94.36943054 51.00000000
v 31.12634468 95.69556427 51.00000000
v 31.32471275 95.46936798 51.00000000
v 30.64999962 96.06108093 51.00000000
v 30.90015221 95.89392853 51.00000000
v 31.62492371 94.94939423 51.00000000
v 31.72163010 94.66450500 51.00000000
v 31.49185753 95.21922302 51.00000000
v 3.27837062 51.90471649 45.29999924
v 3.27837062 53.09528351 45.29999924
v 3.21967673 52.19979095 45.29999924
v 3.37507701 51.61982727 45.29999924
v 3.37507701 53.38017273 45.29999924
v 3.50814152 51.34999847 45.29999924
v 3.50814152 53.65000153 45.29999924
v 3.27837062 51.90471649 51.00000000
v 3.37507701 51.61982727 51.00000000
v 3.21967673 52.19979095 51.00000000
v 3.20000005 52.50000000 45.29999924
v 3.20000005 52.50000000 51.00000000
v 3.67528725 51.09984970 45.29999924
v 3.67528725 53.90015030 45.29999924
v 3.87365437 50.87365341 45.29999924
v 3.87365437 54.12634659 45.29999924
v 4.09984875 50.67528915 45.29999924
v 4.09984875 54.32471085 45.29999924
v 4.34999990 50.50814056 45.29999924
v 4.34999990 54.49185944 45.29999924
v 4.61982822 50.37507629 45.29999924
v 4.61982822 54.62492371 45.29999924
v 4.90471601 50.27836990 45.29999924
v 4.90471601 54.72163010 45.29999924
v 5.19978952 50.21967697 45.29999924
v 5.19978952 54.78032303 45.29999924
v 5.50000000 50.20000076 45.29999924
v 5.50000000 54.79999924 45.29999924
v 5.80021048 50.21967697 45.29999924
v 5.80021048 54.78032303 45.29999924
v 6.09528399 50.27836990 45.29999924
v 6.09528399 54.72163010 45.29999924
v 6.38017178 50.37507629 45.29999924
v 6.38017178 54.62492371 45.29999924
v 6.65000010 50.50814056 45.29999924
v 6.65000010 54.49185944 45.29999924
v 6.90015125 50.67528915 45.29999924
v 6.90015125 54.32471085 45.29999924
v 7.12634563 50.87365341 45.29999924
v 7.12634563 54.12634659 45.29999924
v 7.32471275 51.09984970 45.29999924
v 7.32471275 53.90015030 45.29999924
v 3.67528725 51.09984970 51.00000000
v 3.87365437 50.87365341 51.00000000
v 4.34999990 50.50814056 51.00000000
v 4.09984875 50.67528915 51.00000000
v 3.50814152 51.34999847 51.00000000
v 4.61982822 50.37507629 51.00000000
v 4.90471601 50.27836990 51.00000000
v 5.19978952 50.21967697 51.00000000
v 5.50000000 50.20000076 51.00000000
v 5.80021048 50.21967697 51.00000000
v 6.09528399 50.27836990 51.00000000
v 6.38017178 50.37507629 51.00000000
v 6.65000010 50.50814056 51.00000000
v 6.90015125 50.67528915 51.00000000
v 7.12634563 50.87365341 51.00000000
v 7.32471275 51.09984970 51.00000000
v 3.21967673 52.80020905 45.29999924
v 3.21967673 52.80020905 51.00000000
v 3.27837062 53.09528351 51.00000000
v 3.37507701 53.38017273 51.00000000
v 3.50814152 53.65000153 51.00000000
v 3.67528725 53.90015030 51.00000000
v 3.87365437 54.12634659 51.00000000
v 4.09984875 54.32471085 51.00000000
v 4.34999990 54.49185944 51.00000000
v 4.61982822 54.62492371 51.00000000
v 4.90471601 54.72163010 51.00000000
v 5.19978952 54.78032303 51.00000000
v 5.50000000 54.79999924 51.00000000
v 5.80021048 54.78032303 51.00000000
v 6.09528399 54.72163010 51.00000000
v 6.38017178 54.62492371 51.00000000
v 6.90015125 54.32471085 51.00000000
v 6.65000010 54.49185944 51.00000000
v 7.12634563 54.12634659 51.00000000
v 7.32471275 53.90015030 51.00000000
v 7.49185848 51.34999847 45.29999924
v 7.49185848 53.65000153 45.29999924
v 7.62492275 51.61982727 45.29999924
v 7.62492275 53.38017273 45.29999924
v 7.72162962 51.90471649 45.29999924
v 7.72162962 53.09528351 45.29999924
v 7.78032303 52.19979095 45.29999924
v 7.78032303 52.80020905 45.29999924
v 7.49185848 51.34999847 51.00000000
v 7.62492275 51.61982727 51.00000000
v 7.72162962 51.90471649 51.00000000
v 7.78032303 52.19979095 51.00000000
v 7.80000019 52.50000000 45.29999924
v 7.80000019 52.50000000 51.00000000
v 7.78032303 52.80020905 51.00000000
v 7.62492275 53.38017273 51.00000000
v 7.49185848 53.65000153 51.00000000
v 7.72162962 53.09528351 51.00000000
v 27.67528725 9.53062916 45.29999924
v 27.87365532 9.30443478 45.29999924
v 27.87365532 12.55712605 45.29999924
v 28.09984779 9.10606766 45.29999924
v 28.09984779 12.75549316 45.29999924
v 28.35000038 8.93892193 45.29999924
v 28.35000038 12.92263889 45.29999924
v 28.61982727 8.80585766 45.29999924
v 28.61982727 13.05570316 45.29999924
v 28.90471649 8.70915127 45.29999924
v 28.90471649 13.15240955 45.29999924
v 29.19978905 8.65045738 45.29999924
v 29.19978905 13.21110344 45.29999924
v 29.50000000 8.63078022 45.29999924
v 29.50000000 13.23078060 45.29999924
v 29.80021095 8.65045738 45.29999924
v 29.80021095 13.21110344 45.29999924
v 30.09528351 8.70915127 45.29999924
v 30.09528351 13.15240955 45.29999924
v 30.38017273 8.80585766 45.29999924
v 30.38017273 13.05570316 45.29999924
v 27.37507629 10.05060863 45.29999924
v 27.27836990 10.33549690 45.29999924
v 27.27836990 10.33549690 51.00000000
v 27.50814247 9.78078079 45.29999924
v 27.37507629 10.05060863 51.00000000
v 28.09984779 9.10606766 51.00000000
v 28.35000038 8.93892193 51.00000000
v 27.67528725 9.53062916 51.00000000
v 27.50814247 9.78078079 51.00000000
v 27.87365532 9.30443478 51.00000000
v 28.61982727 8.80585766 51.00000000
v 28.90471649 8.70915127 51.00000000
v 29.19978905 8.65045738 51.00000000
v 29.50000000 8.63078022 51.00000000
v 29.80021095 8.65045738 51.00000000
v 30.09528351 8.70915127 51.00000000
v 27.21967697 10.63057041 51.00000000
v 30.38017273 8.80585766 51.00000000
v 27.21967697 10.63057041 45.29999924
v 27.21967697 11.23099041 45.29999924
v 27.20000076 10.93078041 45.29999924
v 27.27836990 11.52606487 45.29999924
v 27.37507629 11.81095219 45.29999924
v 27.50814247 12.08078098 45.29999924
v 27.67528725 12.33093166 45.29999924
v 27.20000076 10.93078041 51.00000000
v 27.21967697 11.23099041 51.00000000
v 27.27836990 11.52606487 51.00000000
v 27.37507629 11.81095219 51.00000000
v 27.50814247 12.08078098 51.00000000
v 27.67528725 12.33093166 51.00000000
v 27.87365532 12.55712605 51.00000000
v 28.09984779 12.75549316 51.00000000
v 28.35000038 12.92263889 51.00000000
v 28.61982727 13.05570316 51.00000000
v 28.90471649 13.15240955 51.00000000
v 30.38017273 13.05570316 51.00000000
v 29.19978905 13.21110344 51.00000000
v 29.50000000 13.23078060 51.00000000
v 29.80021095 13.21110344 51.00000000
v 30.09528351 13.15240955 51.00000000
v 30.64999962 8.93892193 45.29999924
v 30.64999962 12.92263889 45.29999924
v 30.90015221 9.10606766 45.29999924
v 30.90015221 12.75549316 45.29999924
v 31.12634468 9.30443478 45.29999924
v 31.12634468 12.55712605 45.29999924
v 31.32471275 9.53062916 45.29999924
v 31.32471275 12.33093166 45.29999924
v 31.49185753 9.78078079 45.29999924
v 31.49185753 12.08078098 45.29999924
v 30.64999962 8.93892193 51.00000000
v 30.90015221 9.10606766 51.00000000
v 31.12634468 9.30443478 51.00000000
v 31.32471275 9.53062916 51.00000000
v 31.49185753 9.78078079 51.00000000
v 31.62492371 10.05060863 45.29999924
v 31.62492371 10.05060863 51.00000000
v 31.72163010 10.33549690 45.29999924
v 31.72163010 10.33549690 51.00000000
v 31.78032303 10.63057041 45.29999924
v 31.62492371 11.81095219 45.29999924
v 31.72163010 11.52606487 45.29999924
v 31.78032303 11.23099041 45.29999924
v 31.79999924 10.93078041 45.29999924
v 30.64999962 12.92263889 51.00000000
v 30.90015221 12.75549316 51.00000000
v 31.32471275 12.33093166 51.00000000
v 31.12634468 12.55712605 51.00000000
v 31.78032303 10.63057041 51.00000000
v 31.79999924 10.93078041 51.00000000
v 31.78032303 11.23099041 51.00000000
v 31.72163010 11.52606487 51.00000000
v 31.62492371 11.81095219 51.00000000
v 31.49185753 12.08078098 51.00000000
v 75.67528534 9.53062916 45.29999924
v 75.87365723 9.30443478 45.29999924
v 75.87365723 12.55712605 45.29999924
v 76.09984589 9.10606766 45.29999924
v 76.09984589 12.75549316 45.29999924
v 76.34999847 8.93892193 45.29999924
v 76.34999847 12.92263889 45.29999924
v 76.61982727 8.80585766 45.29999924
v 76.61982727 13.05570316 45.29999924
v 75.50814056 9.78078079 45.29999924
v 75.50814056 9.78078079 51.00000000
v 75.37507629 10.05060863 45.29999924
v 75.27837372 10.33549690 45.29999924
v 75.27837372 10.33549690 51.00000000
v 75.37507629 10.05060863 51.00000000
v 76.09984589 9.10606766 51.00000000
v 76.34999847 8.93892193 51.00000000
v 75.67528534 9.53062916 51.00000000
v 75.87365723 9.30443478 51.00000000
v 75.21967316 10.63057041 51.00000000
v 76.61982727 8.80585766 51.00000000
v 75.37507629 11.81095219 45.29999924
v 75.21967316 10.63057041 45.29999924
v 75.21967316 11.23099041 45.29999924
v 75.19999695 10.93078041 45.29999924
v 75.27837372 11.52606487 45.29999924
v 75.50814056 12.08078098 45.29999924
v 75.67528534 12.33093166 45.29999924
v 75.19999695 10.93078041 51.00000000
v 75.21967316 11.23099041 51.00000000
v 75.27837372 11.52606487 51.00000000
v 75.37507629 11.81095219 51.00000000
v 75.50814056 12.08078098 51.00000000
v 75.67528534 12.33093166 51.00000000
v 75.87365723 12.55712605 51.00000000
v 76.09984589 12.75549316 51.00000000
v 76.34999847 12.92263889 51.00000000
v 76.61982727 13.05570316 51.00000000
v 76.90471649 8.70915127 45.29999924
v 76.90471649 13.15240955 45.29999924
v 77.19979095 8.65045738 45.29999924
v 77.19979095 13.21110344 45.29999924
v 77.50000000 8.63078022 45.29999924
v 77.50000000 13.23078060 45.29999924
v 77.80020905 8.65045738 45.29999924
v 77.80020905 13.21110344 45.29999924
v 78.09528351 8.70915127 45.29999924
v 78.09528351 13.15240955 45.29999924
v 78.38017273 8.80585766 45.29999924
v 78.38017273 13.05570316 45.29999924
v 78.65000153 8.93892193 45.29999924
v 78.65000153 12.92263889 45.29999924
v 78.90015411 9.10606766 45.29999924
v 78.90015411 12.75549316 45.29999924
v 79.12634277 9.30443478 45.29999924
v 79.12634277 12.55712605 45.29999924
v 79.32471466 9.53062916 45.29999924
v 79.32471466 12.33093166 45.29999924
v 79.49185944 9.78078079 45.29999924
v 79.49185944 12.08078098 45.29999924
v 76.90471649 8.70915127 51.00000000
v 77.19979095 8.65045738 51.00000000
v 77.50000000 8.63078022 51.00000000
v 77.80020905 8.65045738 51.00000000
v 78.09528351 8.70915127 51.00000000
v 78.38017273 8.80585766 51.00000000
v 78.65000153 8.93892193 51.00000000
v 78.90015411 9.10606766 51.00000000
v 79.12634277 9.30443478 51.00000000
v 79.32471466 9.53062916 51.00000000
v 79.49185944 9.78078079 51.00000000
v 79.62492371 10.05060863 45.29999924
v 79.62492371 10.05060863 51.00000000
v 79.72162628 10.33549690 45.29999924
v 79.72162628 10.33549690 51.00000000
v 79.78032684 10.63057041 45.29999924
v 79.62492371 11.81095219 45.29999924
v 79.72162628 11.52606487 45.29999924
v 79.78032684 11.23099041 45.29999924
v 79.80000305 10.93078041 45.29999924
v 76.90471649 13.15240955 51.00000000
v 78.38017273 13.05570316 51.00000000
v 77.19979095 13.21110344 51.00000000
v 77.50000000 13.23078060 51.00000000
v 77.80020905 13.21110344 51.00000000
v 78.09528351 13.15240955 51.00000000
v 78.65000153 12.92263889 51.00000000
v 78.90015411 12.75549316 51.00000000
v 79.32471466 12.33093166 51.00000000
v 79.49185944 12.08078098 51.00000000
v 79.12634277 12.55712605 51.00000000
v 79.78032684 10.63057041 51.00000000
v 79.80000305 10.93078041 51.00000000
v 79.78032684 11.23099041 51.00000000
v 79.72162628 11.52606487 51.00000000
v 79.62492371 11.81095219 51.00000000
v 4.99632454 32.40911865 43.00000000
v 8.03366661 26.25000000 43.00000000
v 4.99632454 32.40911865 51.00000000
v 8.03366661 26.25000000 51.00000000
v 2.78889418 38.91199875 43.00000000
v 2.78889418 38.91199875 51.00000000
v 1.44914472 45.64737320 51.00000000
v 11.84894943 20.54002571 43.00000000
v 16.37689400 15.37689400 43.00000000
v 21.54002571 10.84894943 43.00000000
v 11.84894943 20.54002571 51.00000000
v 16.37689400 15.37689400 51.00000000
v 21.54002571 10.84894943 51.00000000
v 8.03366661 78.75000000 51.00000000
v 1.44914472 45.64737320 43.00000000
v 2.78889418 66.08799744 43.00000000
v 8.03366661 78.75000000 43.00000000
v 4.99632454 72.59088135 43.00000000
v 1.00000000 52.50000000 43.00000000
v 1.44914472 59.35262680 43.00000000
v 1.00000000 52.50000000 51.00000000
v 1.44914472 59.35262680 51.00000000
v 2.78889418 66.08799744 51.00000000
v 4.99632454 72.59088135 51.00000000
v 11.84894943 84.45997620 43.00000000
v 16.37689400 89.62310791 43.00000000
v 11.84894943 84.45997620 51.00000000
v 16.37689400 89.62310791 51.00000000
v 27.25000000 7.03366613 43.00000000
v 33.40911865 3.99632454 43.00000000
v 27.25000000 7.03366613 51.00000000
v 33.40911865 3.99632454 51.00000000
v 39.91199875 1.78889418 43.00000000
v 39.91199875 1.78889418 51.00000000
v 46.64737320 0.44914478 43.00000000
v 53.50000000 0.00000000 43.00000000
v 46.64737320 0.44914478 51.00000000
v 53.50000000 0.00000000 51.00000000
v 21.54002571 94.15104675 43.00000000
v 21.54002571 94.15104675 51.00000000
v 27.25000000 97.96633148 43.00000000
v 33.40911865 101.00367737 43.00000000
v 39.91199875 103.21110535 43.00000000
v 27.25000000 97.96633148 51.00000000
v 33.40911865 101.00367737 51.00000000
v 39.91199875 103.21110535 51.00000000
v 46.64737320 104.55085754 43.00000000
v 53.50000000 105.00000000 43.00000000
v 46.64737320 104.55085754 51.00000000
v 53.50000000 105.00000000 51.00000000
v 60.35262680 0.44914478 43.00000000
v 67.08799744 1.78889418 43.00000000
v 60.35262680 0.44914478 51.00000000
v 67.08799744 1.78889418 51.00000000
v 73.59088135 3.99632454 51.00000000
v 73.59088135 3.99632454 43.00000000
v 79.75000000 7.03366613 43.00000000
v 85.45997620 10.84894943 43.00000000
v 79.75000000 7.03366613 51.00000000
v 85.45997620 10.84894943 51.00000000
v 90.62310791 15.37689400 43.00000000
v 90.62310791 15.37689400 51.00000000
v 95.15104675 20.54002571 51.00000000
v 95.15104675 20.54002571 43.00000000
v 98.96633148 78.75000000 43.00000000
v 98.96633148 26.25000000 43.00000000
v 98.96633148 26.25000000 51.00000000
v 102.00367737 32.40911865 43.00000000
v 102.00367737 32.40911865 51.00000000
v 104.21110535 38.91199875 43.00000000
v 105.55085754 45.64737320 43.00000000
v 104.21110535 38.91199875 51.00000000
v 95.15104675 84.45997620 51.00000000
v 98.96633148 78.75000000 51.00000000
v 90.62310791 89.62310791 43.00000000
v 95.15104675 84.45997620 43.00000000
v 90.62310791 89.62310791 51.00000000
v 102.00367737 72.59088135 43.00000000
v 104.21110535 66.08799744 43.00000000
v 105.55085754 59.35262680 43.00000000
v 106.00000000 52.50000000 43.00000000
v 105.55085754 45.64737320 51.00000000
v 106.00000000 52.50000000 51.00000000
v 104.21110535 66.08799744 51.00000000
v 105.55085754 59.35262680 51.00000000
v 102.00367737 72.59088135 51.00000000
v 60.35262680 104.55085754 43.00000000
v 67.08799744 103.21110535 43.00000000
v 73.59088135 101.00367737 43.00000000
v 60.35262680 104.55085754 51.00000000
v 67.08799744 103.21110535 51.00000000
v 79.75000000 97.96633148 43.00000000
v 85.45997620 94.15104675 43.00000000
v 73.59088135 101.00367737 51.00000000
v 79.75000000 97.96633148 51.00000000
v 85.45997620 94.15104675 51.00000000
v 92.28756714 51.79999924 0.00000000
v 92.28756714 51.79999924 5.00000000
v 92.38930511 51.64773560 0.00000000
v 92.14770508 52.13765335 0.00000000
v 92.14770508 52.13765335 5.00000000
v 92.20656586 51.96424484 0.00000000
v 92.11197662 52.31726456 0.00000000
v 92.11197662 52.31726456 5.00000000
v 92.09999847 52.50000000 0.00000000
v 92.09999847 52.50000000 5.00000000
v 92.20656586 51.96424484 5.00000000
v 92.51004791 51.51005173 0.00000000
v 92.51004791 51.51005173 5.00000000
v 92.64773560 51.38930511 0.00000000
v 92.38930511 51.64773560 5.00000000
v 92.64773560 51.38930511 5.00000000
v 92.80000305 51.28756332 0.00000000
v 92.80000305 51.28756332 5.00000000
v 92.96424103 51.20656967 0.00000000
v 93.13764954 51.14770508 0.00000000
v 92.96424103 51.20656967 5.00000000
v 93.13764954 51.14770508 5.00000000
v 93.31726074 51.11197662 0.00000000
v 93.31726074 51.11197662 5.00000000
v 93.50000000 51.09999847 0.00000000
v 93.50000000 51.09999847 5.00000000
v 93.68273926 51.11197662 0.00000000
v 93.68273926 51.11197662 5.00000000
v 93.86235046 51.14770508 0.00000000
v 93.86235046 51.14770508 5.00000000
v 94.03575897 51.20656967 0.00000000
v 94.03575897 51.20656967 5.00000000
v 94.19999695 51.28756332 0.00000000
v 94.19999695 51.28756332 5.00000000
v 94.35226440 51.38930511 0.00000000
v 94.35226440 51.38930511 5.00000000
v 94.48995209 51.51005173 0.00000000
v 94.48995209 51.51005173 5.00000000
v 94.61069489 51.64773560 0.00000000
v 94.61069489 51.64773560 5.00000000
v 94.71243286 51.79999924 0.00000000
v 94.71243286 51.79999924 5.00000000
v 94.79343414 51.96424484 0.00000000
v 94.79343414 51.96424484 5.00000000
v 94.85229492 52.13765335 0.00000000
v 94.85229492 52.13765335 5.00000000
v 94.88802338 52.31726456 0.00000000
v 94.88802338 52.31726456 5.00000000
v 94.90000153 52.50000000 0.00000000
v 94.90000153 52.50000000 5.00000000
v 92.14770508 52.86234665 5.00000000
v 92.11197662 52.68273544 5.00000000
v 92.20656586 53.03575516 5.00000000
v 92.28756714 53.20000076 5.00000000
v 92.38930511 53.35226440 5.00000000
v 92.51004791 53.48994827 5.00000000
v 92.64773560 53.61069489 5.00000000
v 92.80000305 53.71243668 5.00000000
v 92.96424103 53.79343033 5.00000000
v 93.13764954 53.85229492 5.00000000
v 93.31726074 53.88802338 5.00000000
v 93.50000000 53.90000153 5.00000000
v 93.68273926 53.88802338 5.00000000
v 93.86235046 53.85229492 5.00000000
v 94.03575897 53.79343033 5.00000000
v 94.19999695 53.71243668 5.00000000
v 94.35226440 53.61069489 5.00000000
v 94.48995209 53.48994827 5.00000000
v 94.61069489 53.35226440 5.00000000
v 94.71243286 53.20000076 5.00000000
v 94.79343414 53.03575516 5.00000000
v 94.85229492 52.86234665 5.00000000
v 92.11197662 52.68273544 0.00000000
v 92.14770508 52.86234665 0.00000000
v 92.20656586 53.03575516 0.00000000
v 92.28756714 53.20000076 0.00000000
v 92.38930511 53.35226440 0.00000000
v 92.51004791 53.48994827 0.00000000
v 92.64773560 53.61069489 0.00000000
v 92.80000305 53.71243668 0.00000000
v 92.96424103 53.79343033 0.00000000
v 93.13764954 53.85229492 0.00000000
v 93.31726074 53.88802338 0.00000000
v 93.50000000 53.90000153 0.00000000
v 93.68273926 53.88802338 0.00000000
v 93.86235046 53.85229492 0.00000000
v 94.03575897 53.79343033 0.00000000
v 94.19999695 53.71243668 0.00000000
v 94.35226440 53.61069489 0.00000000
v 94.79343414 53.03575516 0.00000000
v 94.71243286 53.20000076 0.00000000
v 94.48995209 53.48994827 0.00000000
v 94.61069489 53.35226440 0.00000000
v 94.88802338 52.68273544 0.00000000
v 94.88802338 52.68273544 5.00000000
v 94.85229492 52.86234665 0.00000000
v 52.28756332 91.80000305 0.00000000
v 52.28756332 91.80000305 5.00000000
v 52.38930511 91.64773560 0.00000000
v 52.51005173 91.51004791 0.00000000
v 52.38930511 91.64773560 5.00000000
v 52.51005173 91.51004791 5.00000000
v 52.64773560 91.38930511 0.00000000
v 52.64773560 91.38930511 5.00000000
v 52.79999924 91.28756714 0.00000000
v 52.96424484 91.20656586 0.00000000
v 52.79999924 91.28756714 5.00000000
v 52.96424484 91.20656586 5.00000000
v 53.13765335 91.14770508 0.00000000
v 53.13765335 91.14770508 5.00000000
v 53.31726456 91.11197662 0.00000000
v 53.31726456 91.11197662 5.00000000
v 53.50000000 91.09999847 0.00000000
v 52.14770508 92.13764954 0.00000000
v 52.14770508 92.13764954 5.00000000
v 52.20656967 91.96424103 0.00000000
v 52.20656967 91.96424103 5.00000000
v 52.11197662 92.31726074 0.00000000
v 52.11197662 92.31726074 5.00000000
v 52.09999847 92.50000000 0.00000000
v 52.09999847 92.50000000 5.00000000
v 52.11197662 92.68273926 0.00000000
v 52.11197662 92.68273926 5.00000000
v 52.14770508 92.86235046 0.00000000
v 52.14770508 92.86235046 5.00000000
v 52.20656967 93.03575897 0.00000000
v 52.20656967 93.03575897 5.00000000
v 52.28756332 93.19999695 0.00000000
v 52.28756332 93.19999695 5.00000000
v 52.38930511 93.35226440 0.00000000
v 52.38930511 93.35226440 5.00000000
v 52.51005173 93.48995209 0.00000000
v 52.51005173 93.48995209 5.00000000
v 52.64773560 93.61069489 0.00000000
v 52.64773560 93.61069489 5.00000000
v 52.79999924 93.71243286 0.00000000
v 52.79999924 93.71243286 5.00000000
v 52.96424484 93.79343414 0.00000000
v 52.96424484 93.79343414 5.00000000
v 53.13765335 93.85229492 0.00000000
v 53.13765335 93.85229492 5.00000000
v 53.31726456 93.88802338 0.00000000
v 53.31726456 93.88802338 5.00000000
v 53.50000000 93.90000153 0.00000000
v 53.50000000 93.90000153 5.00000000
v 53.50000000 91.09999847 5.00000000
v 53.68273544 91.11197662 0.00000000
v 53.68273544 91.11197662 5.00000000
v 53.86234665 91.14770508 0.00000000
v 53.86234665 91.14770508 5.00000000
v 54.03575516 91.20656586 0.00000000
v 54.03575516 91.20656586 5.00000000
v 54.20000076 91.28756714 0.00000000
v 54.20000076 91.28756714 5.00000000
v 54.35226440 91.38930511 0.00000000
v 54.35226440 91.38930511 5.00000000
v 54.48994827 91.51004791 0.00000000
v 54.48994827 91.51004791 5.00000000
v 54.61069489 91.64773560 0.00000000
v 54.61069489 91.64773560 5.00000000
v 54.71243668 91.80000305 0.00000000
v 54.71243668 91.80000305 5.00000000
v 54.79343033 91.96424103 0.00000000
v 53.86234665 93.85229492 0.00000000
v 54.03575516 93.79343414 0.00000000
v 54.03575516 93.79343414 5.00000000
v 53.68273544 93.88802338 0.00000000
v 53.68273544 93.88802338 5.00000000
v 53.86234665 93.85229492 5.00000000
v 54.20000076 93.71243286 0.00000000
v 54.20000076 93.71243286 5.00000000
v 54.35226440 93.61069489 0.00000000
v 54.35226440 93.61069489 5.00000000
v 54.48994827 93.48995209 0.00000000
v 54.48994827 93.48995209 5.00000000
v 54.79343033 91.96424103 5.00000000
v 54.85229492 92.13764954 0.00000000
v 54.85229492 92.13764954 5.00000000
v 54.88802338 92.31726074 0.00000000
v 54.88802338 92.31726074 5.00000000
v 54.90000153 92.50000000 0.00000000
v 54.90000153 92.50000000 5.00000000
v 54.88802338 92.68273926 0.00000000
v 54.88802338 92.68273926 5.00000000
v 54.85229492 92.86235046 0.00000000
v 54.79343033 93.03575897 0.00000000
v 54.79343033 93.03575897 5.00000000
v 54.71243668 93.19999695 0.00000000
v 54.85229492 92.86235046 5.00000000
v 54.61069489 93.35226440 0.00000000
v 54.61069489 93.35226440 5.00000000
v 54.71243668 93.19999695 5.00000000
v 12.14770412 52.13765335 0.00000000
v 12.14770412 52.13765335 5.00000000
v 12.20656872 51.96424484 0.00000000
v 12.11197758 52.31726456 0.00000000
v 12.11197758 52.31726456 5.00000000
v 12.10000038 52.50000000 0.00000000
v 12.10000038 52.50000000 5.00000000
v 13.13765335 51.14770508 0.00000000
v 12.96424294 51.20656967 0.00000000
v 12.96424294 51.20656967 5.00000000
v 12.28756428 51.79999924 0.00000000
v 12.28756428 51.79999924 5.00000000
v 12.38930511 51.64773560 0.00000000
v 12.51005077 51.51005173 0.00000000
v 12.51005077 51.51005173 5.00000000
v 12.64773369 51.38930511 0.00000000
v 12.38930511 51.64773560 5.00000000
v 12.20656872 51.96424484 5.00000000
v 12.64773369 51.38930511 5.00000000
v 12.80000019 51.28756332 0.00000000
v 12.80000019 51.28756332 5.00000000
v 13.13765335 51.14770508 5.00000000
v 13.31726360 51.11197662 0.00000000
v 13.31726360 51.11197662 5.00000000
v 13.50000000 51.09999847 0.00000000
v 13.50000000 51.09999847 5.00000000
v 13.68273640 51.11197662 0.00000000
v 13.68273640 51.11197662 5.00000000
v 13.86234665 51.14770508 0.00000000
v 13.86234665 51.14770508 5.00000000
v 14.03575706 51.20656967 0.00000000
v 14.03575706 51.20656967 5.00000000
v 14.19999981 51.28756332 0.00000000
v 14.19999981 51.28756332 5.00000000
v 14.35226631 51.38930511 0.00000000
v 14.35226631 51.38930511 5.00000000
v 14.48994923 51.51005173 0.00000000
v 14.48994923 51.51005173 5.00000000
v 14.61069489 51.64773560 0.00000000
v 14.61069489 51.64773560 5.00000000
v 14.71243572 51.79999924 0.00000000
v 14.71243572 51.79999924 5.00000000
v 14.79343128 51.96424484 0.00000000
v 14.79343128 51.96424484 5.00000000
v 14.85229588 52.13765335 0.00000000
v 14.85229588 52.13765335 5.00000000
v 14.88802242 52.31726456 0.00000000
v 14.88802242 52.31726456 5.00000000
v 14.89999962 52.50000000 0.00000000
v 14.89999962 52.50000000 5.00000000
v 12.14770412 52.86234665 5.00000000
v 12.11197758 52.68273544 5.00000000
v 12.20656872 53.03575516 5.00000000
v 12.28756428 53.20000076 5.00000000
v 12.38930511 53.35226440 5.00000000
v 12.51005077 53.48994827 5.00000000
v 12.64773369 53.61069489 5.00000000
v 12.80000019 53.71243668 5.00000000
v 12.96424294 53.79343033 5.00000000
v 13.13765335 53.85229492 5.00000000
v 13.31726360 53.88802338 5.00000000
v 13.50000000 53.90000153 5.00000000
v 13.68273640 53.88802338 5.00000000
v 13.86234665 53.85229492 5.00000000
v 14.03575706 53.79343033 5.00000000
v 14.19999981 53.71243668 5.00000000
v 14.35226631 53.61069489 5.00000000
v 14.48994923 53.48994827 5.00000000
v 14.61069489 53.35226440 5.00000000
v 14.71243572 53.20000076 5.00000000
v 14.79343128 53.03575516 5.00000000
v 14.85229588 52.86234665 5.00000000
v 12.11197758 52.68273544 0.00000000
v 12.14770412 52.86234665 0.00000000
v 12.20656872 53.03575516 0.00000000
v 12.28756428 53.20000076 0.00000000
v 12.38930511 53.35226440 0.00000000
v 12.51005077 53.48994827 0.00000000
v 12.64773369 53.61069489 0.00000000
v 12.80000019 53.71243668 0.00000000
v 12.96424294 53.79343033 0.00000000
v 13.13765335 53.85229492 0.00000000
v 13.31726360 53.88802338 0.00000000
v 13.50000000 53.90000153 0.00000000
v 13.68273640 53.88802338 0.00000000
v 13.86234665 53.85229492 0.00000000
v 14.03575706 53.79343033 0.00000000
v 14.19999981 53.71243668 0.00000000
v 14.35226631 53.61069489 0.00000000
v 14.48994923 53.48994827 0.00000000
v 14.61069489 53.35226440 0.00000000
v 14.79343128 53.03575516 0.00000000
v 14.71243572 53.20000076 0.00000000
v 14.88802242 52.68273544 0.00000000
v 14.88802242 52.68273544 5.00000000
v 14.85229588 52.86234665 0.00000000
v 52.28756332 11.80000019 0.00000000
v 52.28756332 11.80000019 5.00000000
v 52.38930511 11.64773369 0.00000000
v 52.38930511 11.64773369 5.00000000
v 52.51005173 11.51005077 0.00000000
v 52.14770508 12.13765335 0.00000000
v 52.14770508 12.13765335 5.00000000
v 52.20656967 11.96424294 0.00000000
v 52.20656967 11.96424294 5.00000000
v 52.11197662 12.31726360 0.00000000
v 52.11197662 12.31726360 5.00000000
v 52.09999847 12.50000000 0.00000000
v 52.09999847 12.50000000 5.00000000
v 52.11197662 12.68273640 0.00000000
v 52.11197662 12.68273640 5.00000000
v 52.14770508 12.86234665 0.00000000
v 52.14770508 12.86234665 5.00000000
v 52.20656967 13.03575706 0.00000000
v 52.20656967 13.03575706 5.00000000
v 52.51005173 11.51005077 5.00000000
v 52.64773560 11.38930511 0.00000000
v 52.64773560 11.38930511 5.00000000
v 52.79999924 11.28756428 0.00000000
v 52.79999924 11.28756428 5.00000000
v 52.96424484 11.20656872 0.00000000
v 53.13765335 11.14770412 0.00000000
v 53.13765335 11.14770412 5.00000000
v 53.31726456 11.11197758 0.00000000
v 53.31726456 11.11197758 5.00000000
v 53.50000000 11.10000038 0.00000000
v 52.96424484 11.20656872 5.00000000
v 52.28756332 13.19999981 0.00000000
v 52.28756332 13.19999981 5.00000000
v 52.38930511 13.35226631 0.00000000
v 52.38930511 13.35226631 5.00000000
v 52.51005173 13.48994923 0.00000000
v 52.51005173 13.48994923 5.00000000
v 52.64773560 13.61069489 0.00000000
v 52.64773560 13.61069489 5.00000000
v 52.79999924 13.71243572 0.00000000
v 52.79999924 13.71243572 5.00000000
v 52.96424484 13.79343128 0.00000000
v 52.96424484 13.79343128 5.00000000
v 53.13765335 13.85229588 0.00000000
v 53.13765335 13.85229588 5.00000000
v 53.31726456 13.88802242 0.00000000
v 53.31726456 13.88802242 5.00000000
v 53.50000000 13.89999962 0.00000000
v 53.50000000 13.89999962 5.00000000
v 53.50000000 11.10000038 5.00000000
v 53.68273544 11.11197758 0.00000000
v 53.68273544 11.11197758 5.00000000
v 53.86234665 11.14770412 0.00000000
v 53.86234665 11.14770412 5.00000000
v 54.03575516 11.20656872 0.00000000
v 54.03575516 11.20656872 5.00000000
v 54.20000076 11.28756428 0.00000000
v 54.20000076 11.28756428 5.00000000
v 54.35226440 11.38930511 0.00000000
v 54.35226440 11.38930511 5.00000000
v 54.48994827 11.51005077 0.00000000
v 54.48994827 11.51005077 5.00000000
v 54.61069489 11.64773369 0.00000000
v 54.61069489 11.64773369 5.00000000
v 54.71243668 11.80000019 0.00000000
v 54.71243668 11.80000019 5.00000000
v 54.79343033 11.96424294 0.00000000
v 54.79343033 11.96424294 5.00000000
v 54.85229492 12.13765335 0.00000000
v 54.85229492 12.13765335 5.00000000
v 54.88802338 12.31726360 0.00000000
v 54.88802338 12.31726360 5.00000000
v 54.90000153 12.50000000 0.00000000
v 54.90000153 12.50000000 5.00000000
v 54.88802338 12.68273640 0.00000000
v 54.88802338 12.68273640 5.00000000
v 54.85229492 12.86234665 0.00000000
v 54.79343033 13.03575706 0.00000000
v 54.79343033 13.03575706 5.00000000
v 54.71243668 13.19999981 0.00000000
v 54.85229492 12.86234665 5.00000000
v 53.68273544 13.88802242 0.00000000
v 53.68273544 13.88802242 5.00000000
v 53.86234665 13.85229588 0.00000000
v 53.86234665 13.85229588 5.00000000
v 54.03575516 13.79343128 0.00000000
v 54.03575516 13.79343128 5.00000000
v 54.20000076 13.71243572 0.00000000
v 54.20000076 13.71243572 5.00000000
v 54.35226440 13.61069489 0.00000000
v 54.35226440 13.61069489 5.00000000
v 54.48994827 13.48994923 0.00000000
v 54.48994827 13.48994923 5.00000000
v 54.61069489 13.35226631 0.00000000
v 54.61069489 13.35226631 5.00000000
v 54.71243668 13.19999981 5.00000000
v 4.99632454 32.40911865 0.00000000
v 8.03366661 26.25000000 0.00000000
v 4.99632454 32.40911865 7.00000000
v 8.03366661 26.25000000 7.00000000
v 2.78889418 38.91199875 0.00000000
v 2.78889418 38.91199875 7.00000000
v 1.44914472 45.64737320 7.00000000
v 11.84894943 20.54002571 0.00000000
v 16.37689400 15.37689400 0.00000000
v 11.84894943 20.54002571 7.00000000
v 16.37689400 15.37689400 7.00000000
v 21.54002571 10.84894943 0.00000000
v 21.54002571 10.84894943 7.00000000
v 21.54002571 94.15104675 0.00000000
v 8.03366661 78.75000000 7.00000000
v 1.44914472 45.64737320 0.00000000
v 2.78889418 66.08799744 0.00000000
v 1.00000000 52.50000000 7.00000000
v 1.00000000 52.50000000 0.00000000
v 8.03366661 78.75000000 0.00000000
v 4.99632454 72.59088135 0.00000000
v 1.44914472 59.35262680 0.00000000
v 1.44914472 59.35262680 7.00000000
v 2.78889418 66.08799744 7.00000000
v 4.99632454 72.59088135 7.00000000
v 11.84894943 84.45997620 0.00000000
v 16.37689400 89.62310791 0.00000000
v 11.84894943 84.45997620 7.00000000
v 16.37689400 89.62310791 7.00000000
v 27.25000000 7.03366613 0.00000000
v 27.25000000 7.03366613 7.00000000
v 33.40911865 3.99632454 7.00000000
v 27.63137245 41.78486252 0.00000000
v 33.40911865 3.99632454 0.00000000
v 39.91199875 1.78889418 0.00000000
v 39.91199875 1.78889418 7.00000000
v 33.70101166 32.70101166 0.00000000
v 36.45468140 30.28610611 0.00000000
v 39.50000000 28.25128937 0.00000000
v 29.25128937 38.50000000 0.00000000
v 31.28610611 35.45468140 0.00000000
v 25.73954391 48.84526825 0.00000000
v 26.45407677 45.25306702 0.00000000
v 25.50000000 52.50000000 0.00000000
v 46.64737320 0.44914478 0.00000000
v 46.64737320 0.44914478 7.00000000
v 49.84526825 24.73954391 0.00000000
v 42.78486252 26.63137245 0.00000000
v 46.25306702 25.45407677 0.00000000
v 53.50000000 0.00000000 0.00000000
v 53.50000000 0.00000000 7.00000000
v 53.50000000 24.50000000 0.00000000
v 27.25000000 97.96633148 0.00000000
v 25.73954391 56.15473175 0.00000000
v 26.45407677 59.74693298 0.00000000
v 27.63137245 63.21513748 0.00000000
v 29.25128937 66.50000000 0.00000000
v 31.28610611 69.54531860 0.00000000
v 33.40911865 101.00367737 0.00000000
v 33.70101166 72.29898834 0.00000000
v 36.45468140 74.71389008 0.00000000
v 46.25306702 79.54592133 0.00000000
v 49.84526825 80.26045990 0.00000000
v 53.50000000 80.50000000 0.00000000
v 21.54002571 94.15104675 7.00000000
v 27.25000000 97.96633148 7.00000000
v 39.91199875 103.21110535 0.00000000
v 33.40911865 101.00367737 7.00000000
v 39.91199875 103.21110535 7.00000000
v 39.50000000 76.74871063 0.00000000
v 42.78486252 78.36862946 0.00000000
v 46.64737320 104.55085754 0.00000000
v 46.64737320 104.55085754 7.00000000
v 53.50000000 105.00000000 0.00000000
v 53.50000000 105.00000000 7.00000000
v 60.35262680 0.44914478 0.00000000
v 60.35262680 0.44914478 7.00000000
v 57.15473175 24.73954391 0.00000000
v 60.74693298 25.45407677 0.00000000
v 67.08799744 1.78889418 0.00000000
v 67.08799744 1.78889418 7.00000000
v 64.21513367 26.63137245 0.00000000
v 67.50000000 28.25128937 0.00000000
v 70.54531860 30.28610611 0.00000000
v 73.59088135 3.99632454 7.00000000
v 73.59088135 3.99632454 0.00000000
v 79.75000000 7.03366613 7.00000000
v 75.71389008 35.45468140 0.00000000
v 79.75000000 7.03366613 0.00000000
v 85.45997620 10.84894943 0.00000000
v 85.45997620 10.84894943 7.00000000
v 73.29898834 32.70101166 0.00000000
v 77.74871063 38.50000000 0.00000000
v 79.36862946 41.78486252 0.00000000
v 80.54592133 45.25306702 0.00000000
v 81.26045990 48.84526825 0.00000000
v 81.50000000 52.50000000 0.00000000
v 85.45997620 94.15104675 0.00000000
v 73.29898834 72.29898834 0.00000000
v 70.54531860 74.71389008 0.00000000
v 73.59088135 101.00367737 0.00000000
v 79.75000000 97.96633148 0.00000000
v 75.71389008 69.54531860 0.00000000
v 81.26045990 56.15473175 0.00000000
v 80.54592133 59.74693298 0.00000000
v 79.36862946 63.21513748 0.00000000
v 77.74871063 66.50000000 0.00000000
v 90.62310791 15.37689400 0.00000000
v 90.62310791 15.37689400 7.00000000
v 95.15104675 20.54002571 0.00000000
v 95.15104675 20.54002571 7.00000000
v 90.62310791 89.62310791 0.00000000
v 98.96633148 26.25000000 0.00000000
v 98.96633148 26.25000000 7.00000000
v 98.96633148 78.75000000 0.00000000
v 102.00367737 32.40911865 0.00000000
v 102.00367737 32.40911865 7.00000000
v 104.21110535 38.91199875 0.00000000
v 105.55085754 45.64737320 0.00000000
v 104.21110535 38.91199875 7.00000000
v 95.15104675 84.45997620 0.00000000
v 95.15104675 84.45997620 7.00000000
v 98.96633148 78.75000000 7.00000000
v 90.62310791 89.62310791 7.00000000
v 102.00367737 72.59088135 0.00000000
v 104.21110535 66.08799744 0.00000000
v 105.55085754 59.35262680 0.00000000
v 106.00000000 52.50000000 0.00000000
v 105.55085754 45.64737320 7.00000000
v 106.00000000 52.50000000 7.00000000
v 105.55085754 59.35262680 7.00000000
v 102.00367737 72.59088135 7.00000000
v 104.21110535 66.08799744 7.00000000
v 57.15473175 80.26045990 0.00000000
v 60.35262680 104.55085754 0.00000000
v 60.35262680 104.55085754 7.00000000
v 67.08799744 103.21110535 0.00000000
v 60.74693298 79.54592133 0.00000000
v 64.21513367 78.36862946 0.00000000
v 67.50000000 76.74871063 0.00000000
v 67.08799744 103.21110535 7.00000000
v 73.59088135 101.00367737 7.00000000
v 79.75000000 97.96633148 7.00000000
v 85.45997620 94.15104675 7.00000000
v 109.70095825 119.25000000 13.00000000
v 109.80996704 119.08686066 13.00000000
v 109.93933868 118.93933868 13.00000000
v 110.25000000 118.70095825 13.00000000
v 110.42597198 118.61418152 13.00000000
v 110.08686066 118.80996704 13.00000000
v 109.55110931 120.38822937 13.00000000
v 109.61418152 119.42597198 13.00000000
v 109.55110931 119.61177063 13.00000000
v 109.51283264 119.80421448 13.00000000
v 109.50000000 120.00000000 13.00000000
v 109.51283264 120.19578552 13.00000000
v 110.61177063 118.55110931 13.00000000
v 110.80421448 118.51283264 13.00000000
v 111.00000000 118.50000000 13.00000000
v 111.19578552 118.51283264 13.00000000
v 111.38822937 118.55110931 13.00000000
v 111.57402802 118.61418152 13.00000000
v 109.61418152 120.57402802 13.00000000
v 109.70095825 120.75000000 13.00000000
v 109.80996704 120.91313934 13.00000000
v 109.93933868 121.06066132 13.00000000
v 110.08686066 121.19003296 13.00000000
v 110.25000000 121.29904175 13.00000000
v 110.42597198 121.38581848 13.00000000
v 110.61177063 121.44889069 13.00000000
v 110.80421448 121.48716736 13.00000000
v 111.00000000 121.50000000 13.00000000
v 111.19578552 121.48716736 13.00000000
v 111.38822937 121.44889069 13.00000000
v 115.00000000 124.00000000 13.00000000
v 115.00000000 116.00000000 13.00000000
v 111.75000000 118.70095825 13.00000000
v 111.91313934 118.80996704 13.00000000
v 112.06066132 118.93933868 13.00000000
v 112.19003296 119.08686066 13.00000000
v 112.29904175 119.25000000 13.00000000
v 112.38581848 119.42597198 13.00000000
v 112.44889069 119.61177063 13.00000000
v 112.48716736 119.80421448 13.00000000
v 112.50000000 120.00000000 13.00000000
v 112.48716736 120.19578552 13.00000000
v 112.44889069 120.38822937 13.00000000
v 115.00000000 116.00000000 19.00000000
v 111.57402802 121.38581848 13.00000000
v 111.75000000 121.29904175 13.00000000
v 111.91313934 121.19003296 13.00000000
v 112.06066132 121.06066132 13.00000000
v 112.38581848 120.57402802 13.00000000
v 112.19003296 120.91313934 13.00000000
v 112.29904175 120.75000000 13.00000000
v 109.70095825 119.25000000 19.00000000
v 109.80996704 119.08686066 19.00000000
v 109.93933868 118.93933868 19.00000000
v 110.25000000 118.70095825 19.00000000
v 110.42597198 118.61418152 19.00000000
v 110.08686066 118.80996704 19.00000000
v 109.55110931 120.38822937 19.00000000
v 109.61418152 119.42597198 19.00000000
v 109.55110931 119.61177063 19.00000000
v 109.51283264 119.80421448 19.00000000
v 109.50000000 120.00000000 19.00000000
v 109.51283264 120.19578552 19.00000000
v 109.61418152 120.57402802 19.00000000
v 109.70095825 120.75000000 19.00000000
v 109.80996704 120.91313934 19.00000000
v 109.93933868 121.06066132 19.00000000
v 110.08686066 121.19003296 19.00000000
v 110.25000000 121.29904175 19.00000000
v 110.42597198 121.38581848 19.00000000
v 110.61177063 121.44889069 19.00000000
v 110.80421448 121.48716736 19.00000000
v 111.00000000 121.50000000 19.00000000
v 111.19578552 121.48716736 19.00000000
v 111.38822937 121.44889069 19.00000000
v 111.57402802 121.38581848 19.00000000
v 110.61177063 118.55110931 19.00000000
v 110.80421448 118.51283264 19.00000000
v 111.00000000 118.50000000 19.00000000
v 111.19578552 118.51283264 19.00000000
v 111.38822937 118.55110931 19.00000000
v 111.57402802 118.61418152 19.00000000
v 111.75000000 118.70095825 19.00000000
v 111.91313934 118.80996704 19.00000000
v 112.06066132 118.93933868 19.00000000
v 112.19003296 119.08686066 19.00000000
v 112.29904175 119.25000000 19.00000000
v 112.38581848 119.42597198 19.00000000
v 112.44889069 119.61177063 19.00000000
v 115.00000000 124.00000000 19.00000000
v 111.75000000 121.29904175 19.00000000
v 111.91313934 121.19003296 19.00000000
v 112.06066132 121.06066132 19.00000000
v 112.48716736 119.80421448 19.00000000
v 112.50000000 120.00000000 19.00000000
v 112.48716736 120.19578552 19.00000000
v 112.44889069 120.38822937 19.00000000
v 112.38581848 120.57402802 19.00000000
v 112.19003296 120.91313934 19.00000000
v 112.29904175 120.75000000 19.00000000
v -8.00000000 116.00000000 13.00000000
v -5.29903793 119.25000000 13.00000000
v -5.19003010 119.08686066 13.00000000
v -5.06066036 118.93933868 13.00000000
v -8.00000000 124.00000000 13.00000000
v -5.44888878 120.38822937 13.00000000
v -5.50000000 120.00000000 13.00000000
v -5.48716736 119.80421448 13.00000000
v -5.48716736 120.19578552 13.00000000
v -5.38581944 119.42597198 13.00000000
v -5.44888878 119.61177063 13.00000000
v -4.91314220 118.80996704 13.00000000
v -4.75000000 118.70095825 13.00000000
v -4.57402515 118.61418152 13.00000000
v -4.38822842 118.55110931 13.00000000
v -4.19578934 118.51283264 13.00000000
v -4.00000000 118.50000000 13.00000000
v -3.80421066 118.51283264 13.00000000
v -3.61177135 118.55110931 13.00000000
v -3.42597485 118.61418152 13.00000000
v -5.38581944 120.57402802 13.00000000
v -5.29903793 120.75000000 13.00000000
v -5.19003010 120.91313934 13.00000000
v -5.06066036 121.06066132 13.00000000
v -4.91314220 121.19003296 13.00000000
v -4.75000000 121.29904175 13.00000000
v -4.57402515 121.38581848 13.00000000
v -4.38822842 121.44889069 13.00000000
v -4.19578934 121.48716736 13.00000000
v -4.00000000 121.50000000 13.00000000
v -3.80421066 121.48716736 13.00000000
v -3.61177135 121.44889069 13.00000000
v -8.00000000 124.00000000 19.00000000
v -3.25000000 118.70095825 13.00000000
v -3.08685780 118.80996704 13.00000000
v -2.93933988 118.93933868 13.00000000
v -2.80996990 119.08686066 13.00000000
v -2.70096183 119.25000000 13.00000000
v -2.61418080 119.42597198 13.00000000
v -2.55111122 119.61177063 13.00000000
v -2.51283264 119.80421448 13.00000000
v -2.50000000 120.00000000 13.00000000
v -2.51283264 120.19578552 13.00000000
v -2.55111122 120.38822937 13.00000000
v -3.42597485 121.38581848 13.00000000
v -2.93933988 121.06066132 13.00000000
v -2.80996990 120.91313934 13.00000000
v -2.61418080 120.57402802 13.00000000
v -2.70096183 120.75000000 13.00000000
v -3.25000000 121.29904175 13.00000000
v -3.08685780 121.19003296 13.00000000
v -8.00000000 116.00000000 19.00000000
v -5.19003010 119.08686066 19.00000000
v -5.29903793 119.25000000 19.00000000
v -5.06066036 118.93933868 19.00000000
v -5.44888878 120.38822937 19.00000000
v -5.48716736 119.80421448 19.00000000
v -5.50000000 120.00000000 19.00000000
v -5.48716736 120.19578552 19.00000000
v -5.38581944 119.42597198 19.00000000
v -5.44888878 119.61177063 19.00000000
v -4.91314220 118.80996704 19.00000000
v -4.75000000 118.70095825 19.00000000
v -4.57402515 118.61418152 19.00000000
v -5.38581944 120.57402802 19.00000000
v -5.29903793 120.75000000 19.00000000
v -5.19003010 120.91313934 19.00000000
v -5.06066036 121.06066132 19.00000000
v -4.91314220 121.19003296 19.00000000
v -4.75000000 121.29904175 19.00000000
v -4.57402515 121.38581848 19.00000000
v -4.38822842 121.44889069 19.00000000
v -4.19578934 121.48716736 19.00000000
v -4.00000000 121.50000000 19.00000000
v -3.80421066 121.48716736 19.00000000
v -3.61177135 121.44889069 19.00000000
v -3.42597485 121.38581848 19.00000000
v -4.38822842 118.55110931 19.00000000
v -4.19578934 118.51283264 19.00000000
v -4.00000000 118.50000000 19.00000000
v -3.80421066 118.51283264 19.00000000
v -3.61177135 118.55110931 19.00000000
v -3.42597485 118.61418152 19.00000000
v -3.25000000 118.70095825 19.00000000
v -3.08685780 118.80996704 19.00000000
v -2.93933988 118.93933868 19.00000000
v -2.80996990 119.08686066 19.00000000
v -2.70096183 119.25000000 19.00000000
v -2.61418080 119.42597198 19.00000000
v -2.55111122 119.61177063 19.00000000
v -2.93933988 121.06066132 19.00000000
v -2.80996990 120.91313934 19.00000000
v -2.61418080 120.57402802 19.00000000
v -2.70096183 120.75000000 19.00000000
v -2.51283264 119.80421448 19.00000000
v -2.50000000 120.00000000 19.00000000
v -2.51283264 120.19578552 19.00000000
v -2.55111122 120.38822937 19.00000000
v -3.25000000 121.29904175 19.00000000
v -3.08685780 121.19003296 19.00000000
v 53.50000000 168.00000000 13.55000019
v 53.50000000 168.00000000 19.54999924
f 1 2 3
f 1 4 2
f 1 5 6
f 1 3 7
f 1 6 8
f 1 8 4
f 9 3 10
f 6 11 8
f 8 10 4
f 11 12 8
f 8 9 10
f 8 13 9
f 1 14 5
f 1 7 15
f 7 16 15
f 15 17 18
f 7 3 9
f 16 13 15
f 8 19 13
f 15 13 19
f 15 19 17
f 17 19 20
f 20 19 21
f 1 22 14
f 1 23 22
f 5 14 24
f 24 25 26
f 24 14 25
f 1 15 27
f 15 18 27
f 18 28 29
f 18 29 30
f 28 31 32
f 28 33 29
f 8 12 34
f 34 12 26
f 8 34 19
f 34 35 19
f 34 26 36
f 19 35 37
f 19 37 21
f 21 37 31
f 1 27 23
f 22 23 38
f 14 39 25
f 26 25 36
f 38 25 39
f 38 40 25
f 18 30 27
f 27 30 41
f 33 42 29
f 28 32 33
f 33 41 42
f 43 41 33
f 38 23 44
f 23 45 46
f 23 46 47
f 23 48 45
f 23 49 50
f 23 50 51
f 23 51 48
f 38 44 40
f 23 52 44
f 23 47 52
f 53 54 45
f 44 52 55
f 52 47 54
f 55 52 56
f 52 54 57
f 52 57 58
f 52 58 59
f 52 59 60
f 52 60 61
f 52 61 62
f 52 62 63
f 52 63 64
f 52 64 65
f 52 65 66
f 52 66 67
f 52 67 68
f 52 68 69
f 52 69 70
f 27 41 43
f 23 27 49
f 49 27 71
f 71 27 72
f 72 27 73
f 73 27 74
f 74 27 75
f 75 27 76
f 76 27 77
f 77 27 78
f 78 27 79
f 27 43 80
f 48 53 45
f 53 81 54
f 81 82 54
f 82 83 54
f 83 84 54
f 85 54 84
f 85 57 54
f 79 27 86
f 86 27 87
f 87 27 88
f 88 89 90
f 90 89 91
f 91 89 92
f 92 89 93
f 93 89 94
f 95 89 96
f 94 89 97
f 95 97 89
f 98 89 70
f 98 99 89
f 96 89 100
f 101 100 89
f 101 89 99
f 27 89 88
f 27 80 89
f 80 102 89
f 102 103 89
f 34 36 56
f 34 56 52
f 34 52 104
f 31 37 32
f 104 52 89
f 52 70 89
f 104 89 37
f 32 37 103
f 37 89 103
f 105 106 107
f 105 107 108
f 105 108 109
f 105 110 111
f 105 112 110
f 105 113 112
f 105 114 115
f 105 115 106
f 105 111 114
f 105 116 113
f 105 117 116
f 105 118 117
f 105 119 118
f 105 120 119
f 105 121 34
f 105 122 121
f 34 121 123
f 105 34 124
f 105 109 125
f 109 126 125
f 126 127 125
f 127 128 125
f 128 129 125
f 129 130 125
f 130 131 125
f 131 132 125
f 132 133 125
f 133 134 125
f 134 135 125
f 135 136 125
f 136 137 125
f 138 139 125
f 139 140 125
f 137 141 125
f 141 138 125
f 142 125 143
f 140 143 125
f 142 144 125
f 145 146 125
f 145 125 144
f 147 125 146
f 105 125 122
f 147 148 149
f 147 150 151
f 147 152 150
f 147 153 154
f 147 154 152
f 147 155 153
f 147 149 155
f 147 151 125
f 122 125 156
f 157 125 151
f 157 158 125
f 158 159 125
f 159 160 125
f 160 161 125
f 161 162 125
f 162 163 125
f 163 164 125
f 164 165 125
f 165 166 125
f 166 167 125
f 125 167 168
f 125 168 169
f 125 169 170
f 125 170 171
f 125 171 172
f 147 173 148
f 147 174 173
f 147 175 174
f 34 123 35
f 156 35 123
f 156 125 35
f 105 176 120
f 120 177 178
f 178 179 180
f 105 181 182
f 105 183 181
f 105 184 183
f 105 185 186
f 105 182 185
f 105 186 187
f 105 187 188
f 105 189 190
f 105 190 184
f 105 191 189
f 105 192 191
f 105 193 192
f 105 124 193
f 194 195 147
f 180 196 197
f 197 198 199
f 199 200 201
f 201 202 203
f 203 204 205
f 205 206 207
f 105 188 208
f 34 209 124
f 34 210 209
f 34 211 210
f 34 212 211
f 34 213 212
f 34 214 213
f 34 215 214
f 34 216 215
f 34 217 216
f 34 218 217
f 34 219 218
f 34 220 219
f 147 195 175
f 175 221 222
f 222 221 223
f 223 224 225
f 225 224 226
f 226 227 228
f 228 227 229
f 229 230 231
f 231 232 233
f 233 232 234
f 234 235 236
f 236 235 237
f 237 238 239
f 239 238 240
f 241 240 242
f 243 244 245
f 241 242 244
f 246 243 247
f 248 246 247
f 125 172 249
f 172 250 251
f 252 253 254
f 250 252 251
f 248 254 253
f 207 255 256
f 256 255 257
f 257 255 194
f 125 37 35
f 120 258 177
f 178 177 179
f 120 259 258
f 120 260 259
f 120 261 260
f 120 262 261
f 180 263 264
f 180 264 265
f 180 179 263
f 180 265 266
f 180 266 267
f 180 267 268
f 180 268 269
f 120 270 262
f 120 176 270
f 105 271 176
f 105 272 271
f 105 273 272
f 105 274 273
f 180 269 275
f 105 208 274
f 188 276 208
f 276 277 208
f 277 278 208
f 278 279 208
f 279 280 208
f 280 281 208
f 281 282 208
f 282 283 208
f 283 284 208
f 284 285 208
f 285 286 208
f 286 287 208
f 287 288 208
f 288 289 208
f 289 290 208
f 291 292 208
f 290 291 208
f 34 208 220
f 293 294 208
f 293 208 295
f 292 296 208
f 296 297 208
f 297 295 208
f 220 208 294
f 34 104 208
f 194 298 195
f 194 299 298
f 194 300 299
f 194 301 300
f 194 302 301
f 194 255 302
f 207 303 304
f 207 305 306
f 207 306 303
f 207 307 308
f 207 304 309
f 207 309 307
f 207 308 310
f 207 310 311
f 207 311 312
f 207 312 255
f 175 195 221
f 223 221 313
f 226 314 227
f 229 227 315
f 229 315 230
f 223 313 224
f 226 224 314
f 231 230 232
f 234 232 316
f 234 316 235
f 237 235 317
f 237 317 238
f 240 238 318
f 240 318 242
f 244 242 245
f 243 245 319
f 243 319 247
f 248 247 320
f 248 320 254
f 125 249 321
f 252 254 322
f 252 322 251
f 172 251 249
f 125 321 323
f 125 323 324
f 125 324 325
f 125 325 326
f 205 204 206
f 207 206 305
f 203 202 204
f 201 200 202
f 199 198 200
f 197 196 198
f 180 275 196
f 125 326 327
f 125 327 37
f 176 271 328
f 328 271 329
f 329 271 330
f 330 271 331
f 331 332 333
f 333 334 335
f 335 336 337
f 333 332 334
f 337 336 338
f 335 334 336
f 337 338 339
f 339 340 341
f 341 342 343
f 343 344 345
f 345 346 347
f 347 348 349
f 349 350 351
f 351 352 353
f 354 353 355
f 354 356 357
f 358 357 359
f 358 360 361
f 341 340 342
f 343 342 344
f 345 344 346
f 339 338 340
f 347 346 348
f 349 348 350
f 351 350 352
f 353 352 355
f 354 355 356
f 357 356 359
f 358 359 360
f 361 360 362
f 331 271 332
f 274 208 363
f 363 208 364
f 364 208 365
f 365 208 366
f 366 208 367
f 367 208 368
f 368 208 369
f 369 208 370
f 370 208 371
f 371 208 372
f 372 208 373
f 373 208 374
f 208 375 376
f 208 377 375
f 208 376 378
f 208 104 379
f 208 380 381
f 208 382 377
f 208 381 382
f 208 383 380
f 208 384 383
f 208 385 384
f 208 386 385
f 208 379 386
f 104 387 379
f 104 388 387
f 104 389 388
f 104 390 389
f 104 391 390
f 104 392 391
f 104 393 392
f 104 394 393
f 104 395 394
f 104 396 395
f 104 397 396
f 104 398 397
f 269 399 275
f 399 400 275
f 400 401 275
f 401 402 275
f 402 403 275
f 403 404 275
f 404 405 275
f 405 406 275
f 406 407 275
f 407 408 275
f 409 410 327
f 408 409 327
f 410 411 327
f 411 361 327
f 361 362 327
f 408 412 275
f 408 413 412
f 408 414 413
f 408 415 414
f 408 416 415
f 408 417 416
f 408 327 417
f 302 255 418
f 418 255 419
f 419 255 420
f 420 255 421
f 421 255 422
f 422 255 423
f 423 255 424
f 425 426 427
f 424 255 428
f 428 255 429
f 429 255 430
f 431 430 255
f 432 433 434
f 433 431 435
f 436 432 437
f 425 436 438
f 431 255 435
f 433 435 434
f 432 434 437
f 436 437 438
f 425 438 426
f 321 439 323
f 439 440 323
f 440 441 323
f 441 427 442
f 427 426 442
f 441 442 323
f 362 443 327
f 443 444 327
f 444 445 327
f 445 446 327
f 446 447 327
f 448 327 449
f 447 450 327
f 450 449 327
f 448 451 327
f 452 453 327
f 451 452 327
f 454 455 327
f 456 454 327
f 453 456 327
f 374 208 327
f 374 327 457
f 457 327 458
f 458 327 455
f 208 378 327
f 378 459 327
f 459 460 327
f 460 461 327
f 461 462 327
f 462 463 327
f 463 464 327
f 464 465 327
f 417 327 466
f 466 327 467
f 467 327 468
f 468 327 469
f 469 327 470
f 471 470 327
f 326 472 327
f 472 473 327
f 473 474 327
f 474 475 327
f 476 327 475
f 476 477 327
f 478 327 477
f 478 479 327
f 471 327 479
f 465 480 327
f 480 481 327
f 481 482 327
f 482 483 327
f 483 484 327
f 484 485 37
f 485 486 37
f 486 487 37
f 487 488 37
f 488 489 37
f 489 490 37
f 491 492 37
f 491 37 490
f 493 37 494
f 493 495 37
f 496 398 37
f 496 37 495
f 492 494 37
f 327 484 37
f 104 37 398
f 7 122 16
f 122 156 16
f 7 121 122
f 7 9 121
f 16 156 13
f 156 123 13
f 9 123 121
f 9 13 123
f 376 375 51
f 375 377 48
f 375 48 51
f 382 381 81
f 382 81 53
f 377 382 53
f 377 53 48
f 376 50 378
f 378 49 459
f 378 50 49
f 459 71 460
f 460 72 461
f 459 49 71
f 460 71 72
f 461 73 462
f 462 74 463
f 461 72 73
f 462 73 74
f 463 74 75
f 376 51 50
f 463 75 464
f 75 76 464
f 464 76 465
f 76 77 465
f 381 380 82
f 381 82 81
f 380 83 82
f 380 383 83
f 383 384 84
f 383 84 83
f 385 85 384
f 385 57 85
f 385 386 57
f 384 85 84
f 465 77 480
f 480 77 78
f 480 78 481
f 78 79 481
f 481 79 482
f 482 79 86
f 482 86 483
f 483 86 87
f 483 87 484
f 87 88 484
f 484 88 485
f 485 88 90
f 485 90 486
f 90 91 486
f 386 379 58
f 386 58 57
f 379 59 58
f 379 387 59
f 387 388 60
f 387 60 59
f 388 61 60
f 388 389 61
f 389 390 62
f 389 62 61
f 390 63 62
f 390 391 63
f 391 64 63
f 391 392 64
f 392 65 64
f 392 393 65
f 393 66 65
f 393 394 66
f 394 395 67
f 394 67 66
f 395 68 67
f 493 494 100
f 496 98 398
f 496 99 98
f 493 101 495
f 493 100 101
f 496 495 99
f 495 101 99
f 395 396 68
f 396 397 69
f 396 69 68
f 397 70 69
f 397 398 70
f 398 98 70
f 486 91 487
f 487 91 92
f 487 92 488
f 92 93 488
f 488 93 489
f 489 93 94
f 489 94 490
f 94 97 490
f 491 490 97
f 491 97 95
f 491 95 492
f 492 96 494
f 492 95 96
f 96 100 494
f 313 221 497
f 221 195 498
f 313 497 499
f 221 498 497
f 230 315 500
f 316 232 501
f 316 502 235
f 235 503 317
f 230 504 232
f 317 505 238
f 238 506 318
f 318 507 242
f 242 508 245
f 245 509 319
f 227 314 510
f 227 511 315
f 314 224 512
f 313 499 224
f 319 513 247
f 247 513 320
f 320 514 254
f 315 511 500
f 232 504 501
f 316 501 502
f 235 502 503
f 230 500 504
f 317 503 505
f 238 505 506
f 318 506 507
f 242 507 508
f 245 508 509
f 227 510 515
f 227 515 511
f 314 512 510
f 224 499 512
f 319 509 513
f 320 513 514
f 195 298 516
f 298 299 517
f 299 300 518
f 300 301 519
f 195 516 498
f 298 517 516
f 299 518 517
f 300 519 518
f 301 302 520
f 302 418 521
f 418 419 522
f 419 420 522
f 420 421 523
f 421 422 524
f 422 423 525
f 423 424 526
f 424 428 527
f 425 528 436
f 436 529 432
f 429 430 530
f 431 531 430
f 428 429 532
f 433 533 431
f 432 534 433
f 301 520 519
f 302 521 520
f 418 522 521
f 420 523 522
f 421 524 523
f 422 525 524
f 423 526 525
f 424 527 526
f 428 532 527
f 425 535 528
f 432 529 534
f 436 536 529
f 436 528 536
f 430 531 530
f 431 533 531
f 429 530 532
f 433 534 533
f 254 537 322
f 322 538 251
f 251 539 249
f 254 514 537
f 322 537 538
f 251 538 539
f 249 539 540
f 249 540 321
f 321 541 439
f 439 542 440
f 440 543 441
f 441 544 427
f 425 427 535
f 321 540 541
f 439 541 542
f 440 542 543
f 441 543 544
f 427 544 535
f 501 505 502
f 501 504 506
f 500 507 504
f 500 511 508
f 502 505 503
f 501 506 505
f 504 507 506
f 500 508 507
f 511 509 508
f 515 510 513
f 515 509 511
f 510 512 514
f 499 537 512
f 499 497 545
f 497 498 546
f 497 546 547
f 498 548 549
f 498 549 546
f 497 550 545
f 499 551 552
f 499 545 551
f 497 553 554
f 497 554 550
f 497 547 553
f 515 513 509
f 510 514 513
f 514 512 537
f 499 552 538
f 499 538 537
f 552 555 538
f 555 556 538
f 556 557 538
f 557 558 538
f 558 559 538
f 559 560 538
f 560 561 539
f 561 562 539
f 562 563 539
f 560 539 538
f 563 540 539
f 498 516 564
f 498 564 548
f 516 565 564
f 516 566 565
f 516 517 566
f 517 518 567
f 517 568 566
f 517 569 568
f 517 567 569
f 518 570 567
f 518 519 571
f 518 572 570
f 518 571 572
f 519 573 571
f 519 574 573
f 519 575 574
f 519 576 575
f 519 577 576
f 519 578 577
f 519 520 544
f 563 579 540
f 579 580 540
f 580 581 540
f 581 582 541
f 581 541 540
f 582 583 541
f 583 584 542
f 584 585 542
f 585 586 542
f 583 542 541
f 587 588 543
f 589 544 588
f 519 544 578
f 578 544 589
f 520 535 544
f 586 590 543
f 590 591 543
f 592 543 591
f 587 543 592
f 586 543 542
f 588 544 543
f 520 521 535
f 521 522 528
f 522 523 536
f 523 524 529
f 524 525 534
f 525 526 533
f 526 527 531
f 521 528 535
f 522 536 528
f 523 529 536
f 525 533 534
f 527 530 531
f 526 531 533
f 524 534 529
f 527 532 530
f 177 258 593
f 258 259 594
f 259 260 595
f 260 261 596
f 261 262 597
f 262 270 598
f 258 599 593
f 258 594 599
f 259 595 594
f 260 596 595
f 261 597 596
f 262 598 597
f 264 263 600
f 264 601 265
f 263 179 602
f 177 603 179
f 265 604 266
f 266 605 267
f 267 606 268
f 268 607 269
f 269 608 399
f 399 609 400
f 400 610 401
f 401 610 402
f 402 611 403
f 403 612 404
f 404 613 405
f 405 614 406
f 263 602 600
f 264 600 601
f 179 603 602
f 177 593 603
f 265 601 604
f 266 604 605
f 267 605 606
f 268 606 607
f 269 607 608
f 399 608 609
f 400 609 610
f 402 610 611
f 403 611 612
f 404 612 613
f 405 613 614
f 406 614 615
f 270 176 616
f 176 328 617
f 328 329 618
f 329 330 619
f 330 331 620
f 331 333 621
f 333 335 622
f 335 337 622
f 270 616 598
f 176 617 616
f 328 618 617
f 329 619 618
f 330 620 619
f 331 621 620
f 333 622 621
f 337 623 622
f 406 615 407
f 407 624 408
f 408 625 409
f 409 626 410
f 410 627 411
f 337 339 623
f 339 341 628
f 341 343 629
f 343 345 630
f 349 351 631
f 345 347 632
f 347 349 633
f 358 634 357
f 411 635 361
f 358 361 636
f 354 637 353
f 351 353 638
f 354 357 639
f 407 615 624
f 408 624 625
f 410 626 627
f 409 625 626
f 411 627 635
f 339 628 623
f 341 629 628
f 343 630 629
f 345 632 630
f 351 638 631
f 347 633 632
f 349 631 633
f 358 640 634
f 357 634 639
f 361 635 636
f 358 636 640
f 354 639 637
f 353 637 638
f 596 597 641
f 597 598 642
f 602 603 607
f 593 608 603
f 600 605 601
f 600 602 606
f 601 605 604
f 600 606 605
f 602 607 606
f 603 608 607
f 593 609 608
f 593 599 609
f 599 594 610
f 594 595 611
f 595 596 612
f 599 610 609
f 594 611 610
f 611 595 612
f 597 643 641
f 596 644 645
f 596 641 644
f 597 642 646
f 597 647 643
f 597 648 647
f 597 646 648
f 598 649 650
f 598 650 642
f 596 645 613
f 596 613 612
f 645 651 613
f 651 652 613
f 652 653 613
f 653 654 613
f 654 655 613
f 655 656 613
f 656 657 614
f 657 658 614
f 656 614 613
f 658 659 614
f 614 659 615
f 598 616 660
f 616 617 661
f 617 618 662
f 618 619 663
f 598 660 649
f 616 664 660
f 616 661 664
f 617 665 661
f 617 666 665
f 617 662 666
f 618 667 662
f 618 668 667
f 618 663 668
f 619 669 663
f 619 670 669
f 619 671 670
f 619 672 671
f 619 673 672
f 619 674 673
f 619 620 627
f 619 627 674
f 659 675 615
f 675 676 615
f 676 677 615
f 677 678 624
f 624 678 679
f 679 680 625
f 681 625 680
f 681 682 625
f 677 624 615
f 624 679 625
f 682 683 626
f 683 684 626
f 685 686 626
f 687 627 686
f 688 626 684
f 685 626 688
f 686 627 626
f 674 627 687
f 620 635 627
f 682 626 625
f 620 621 635
f 621 622 636
f 622 623 640
f 623 628 634
f 635 621 636
f 622 640 636
f 623 634 640
f 628 629 639
f 629 630 637
f 630 632 638
f 629 637 639
f 628 639 634
f 630 638 637
f 632 631 638
f 632 633 631
f 149 148 689
f 148 173 690
f 173 174 691
f 174 175 692
f 149 689 693
f 148 690 689
f 173 691 690
f 174 692 691
f 150 152 694
f 158 695 159
f 157 151 696
f 150 697 151
f 157 698 158
f 154 699 152
f 154 153 700
f 153 155 701
f 159 702 160
f 160 703 161
f 161 704 162
f 162 705 163
f 163 706 164
f 164 707 165
f 165 707 166
f 166 708 167
f 149 693 155
f 151 697 696
f 150 694 697
f 157 696 698
f 158 698 695
f 152 699 694
f 154 709 699
f 154 700 709
f 153 701 700
f 159 695 702
f 160 702 703
f 161 703 704
f 162 704 705
f 163 705 706
f 164 706 707
f 166 707 708
f 155 693 701
f 167 710 168
f 168 711 169
f 169 712 170
f 170 713 171
f 171 714 172
f 167 708 710
f 168 710 711
f 169 711 712
f 170 712 713
f 171 713 714
f 172 714 715
f 175 222 716
f 222 223 717
f 175 716 692
f 222 717 716
f 223 225 718
f 225 226 719
f 226 228 720
f 228 229 720
f 248 721 246
f 246 722 243
f 229 231 723
f 231 233 724
f 233 234 725
f 234 236 726
f 236 237 727
f 237 239 728
f 239 240 729
f 241 730 240
f 243 731 244
f 241 244 732
f 223 718 717
f 225 719 718
f 226 720 719
f 229 723 720
f 248 733 721
f 246 721 734
f 246 734 722
f 231 724 723
f 233 725 724
f 234 726 725
f 236 727 726
f 237 728 727
f 239 729 728
f 240 730 729
f 241 732 730
f 243 722 731
f 244 731 732
f 172 715 250
f 250 735 252
f 252 736 253
f 248 253 733
f 250 715 735
f 252 735 736
f 253 736 733
f 696 702 698
f 696 697 703
f 694 704 697
f 694 699 705
f 709 706 699
f 709 700 707
f 700 701 708
f 698 702 695
f 696 703 702
f 697 704 703
f 694 705 704
f 699 706 705
f 709 707 706
f 707 700 708
f 701 710 708
f 689 690 737
f 693 689 738
f 689 737 739
f 693 710 701
f 689 740 741
f 689 741 738
f 693 742 743
f 693 738 742
f 689 739 744
f 689 744 740
f 690 691 745
f 690 746 737
f 690 747 746
f 690 745 747
f 691 748 745
f 691 692 749
f 691 749 748
f 692 750 749
f 692 751 750
f 692 752 751
f 693 743 711
f 693 711 710
f 743 753 711
f 753 754 711
f 754 755 711
f 755 756 711
f 756 757 711
f 757 758 711
f 758 759 712
f 759 760 712
f 758 712 711
f 760 761 712
f 761 762 713
f 713 762 763
f 713 763 764
f 761 713 712
f 713 764 714
f 764 765 714
f 765 766 714
f 766 767 715
f 766 715 714
f 692 716 752
f 716 768 752
f 716 769 768
f 716 770 769
f 716 717 770
f 717 771 770
f 717 772 771
f 717 773 772
f 717 774 773
f 717 775 774
f 717 776 775
f 717 718 736
f 718 719 733
f 719 720 721
f 720 723 734
f 717 736 776
f 777 778 735
f 776 736 779
f 779 736 778
f 767 780 715
f 780 781 715
f 781 782 735
f 783 735 784
f 777 735 783
f 782 784 735
f 781 735 715
f 778 736 735
f 718 733 736
f 719 721 733
f 720 734 721
f 723 722 734
f 723 724 722
f 724 725 731
f 725 726 732
f 726 727 730
f 725 732 731
f 724 731 722
f 727 728 729
f 726 730 732
f 727 729 730
f 206 204 785
f 204 202 786
f 206 785 787
f 204 786 785
f 309 304 788
f 307 789 308
f 308 790 310
f 310 791 311
f 309 792 307
f 311 793 312
f 312 794 255
f 255 795 435
f 435 796 434
f 434 797 437
f 303 306 798
f 304 303 799
f 306 305 800
f 206 787 305
f 437 801 438
f 438 801 426
f 426 802 442
f 304 799 788
f 307 792 789
f 308 789 790
f 310 790 791
f 309 788 792
f 311 791 793
f 312 793 794
f 255 794 795
f 435 795 796
f 434 796 797
f 303 798 803
f 303 803 799
f 306 800 798
f 305 787 800
f 437 797 801
f 426 801 802
f 442 804 323
f 323 805 324
f 324 806 325
f 442 802 804
f 323 804 805
f 324 805 806
f 325 806 807
f 202 200 808
f 200 198 809
f 198 196 810
f 196 275 811
f 202 808 786
f 200 809 808
f 198 810 809
f 196 811 810
f 275 412 812
f 412 413 813
f 413 414 814
f 414 415 814
f 415 416 815
f 416 417 816
f 417 466 817
f 466 467 818
f 467 468 819
f 476 820 477
f 478 477 821
f 469 470 822
f 471 823 470
f 468 469 824
f 471 479 825
f 478 826 479
f 275 812 811
f 412 813 812
f 413 814 813
f 415 815 814
f 416 816 815
f 417 817 816
f 466 818 817
f 467 819 818
f 468 824 819
f 476 827 820
f 477 820 828
f 478 821 826
f 477 828 821
f 469 822 824
f 470 823 822
f 471 825 823
f 479 826 825
f 325 807 326
f 326 829 472
f 472 830 473
f 473 831 474
f 474 832 475
f 476 475 827
f 326 807 829
f 472 829 830
f 473 830 831
f 474 831 832
f 475 832 827
f 789 793 790
f 792 794 789
f 788 795 792
f 788 799 796
f 790 793 791
f 789 794 793
f 792 795 794
f 788 796 795
f 799 797 796
f 803 798 801
f 799 803 797
f 798 800 802
f 787 804 800
f 787 785 833
f 785 786 834
f 785 834 835
f 786 836 834
f 786 837 836
f 785 838 833
f 787 839 840
f 787 833 839
f 785 835 841
f 785 841 842
f 785 842 838
f 803 801 797
f 798 802 801
f 800 804 802
f 787 840 805
f 787 805 804
f 840 843 805
f 843 844 805
f 844 845 805
f 845 846 805
f 846 847 805
f 847 848 805
f 848 806 805
f 848 849 806
f 849 850 806
f 850 851 806
f 851 807 806
f 786 808 852
f 786 852 837
f 808 853 852
f 808 854 853
f 808 809 854
f 809 810 855
f 854 809 856
f 856 809 857
f 857 809 855
f 810 858 855
f 810 811 859
f 810 860 858
f 810 859 860
f 811 861 859
f 811 862 861
f 811 863 862
f 811 864 863
f 811 865 864
f 811 866 865
f 811 812 832
f 851 867 807
f 867 868 807
f 868 869 807
f 869 870 829
f 869 829 807
f 870 871 829
f 871 872 830
f 872 873 830
f 873 874 830
f 871 830 829
f 875 876 831
f 866 832 877
f 877 832 876
f 811 832 866
f 812 827 832
f 874 878 831
f 879 831 880
f 878 880 831
f 875 831 879
f 874 831 830
f 876 832 831
f 812 813 827
f 813 814 820
f 814 815 828
f 815 816 821
f 816 817 826
f 817 818 825
f 818 819 823
f 813 820 827
f 820 814 828
f 815 821 828
f 817 825 826
f 819 824 822
f 818 823 825
f 819 822 823
f 816 826 821
f 114 111 881
f 110 112 882
f 111 110 883
f 112 113 884
f 113 116 885
f 116 117 886
f 117 118 887
f 118 119 888
f 111 889 881
f 110 882 883
f 111 883 889
f 112 884 882
f 113 885 884
f 116 886 885
f 117 887 886
f 118 888 887
f 114 890 115
f 106 115 891
f 107 106 892
f 107 893 108
f 108 894 109
f 109 895 126
f 126 896 127
f 127 897 128
f 128 898 129
f 129 899 130
f 130 900 131
f 131 900 132
f 132 901 133
f 133 902 134
f 134 903 135
f 135 904 136
f 136 905 137
f 137 906 141
f 115 890 891
f 106 891 892
f 107 892 893
f 109 894 895
f 108 893 894
f 126 895 896
f 114 881 890
f 127 896 897
f 128 897 898
f 129 898 899
f 130 899 900
f 132 900 901
f 133 901 902
f 134 902 903
f 135 903 904
f 136 904 905
f 137 905 906
f 141 906 907
f 119 120 908
f 120 178 909
f 178 180 910
f 180 197 911
f 197 199 912
f 199 201 912
f 119 908 888
f 120 909 908
f 178 910 909
f 180 911 910
f 197 912 911
f 201 913 912
f 141 907 138
f 139 914 140
f 138 915 139
f 142 916 144
f 140 917 143
f 142 143 918
f 201 203 913
f 203 205 919
f 205 207 920
f 207 256 921
f 256 257 922
f 257 194 923
f 194 147 924
f 145 925 146
f 145 144 926
f 147 146 927
f 138 907 915
f 139 915 914
f 142 928 916
f 140 914 917
f 143 917 918
f 142 918 928
f 203 919 913
f 205 920 919
f 207 921 920
f 256 922 921
f 257 923 922
f 194 924 923
f 147 927 924
f 145 926 925
f 144 916 926
f 146 925 927
f 884 885 929
f 885 886 930
f 886 887 931
f 887 888 932
f 891 890 897
f 881 898 890
f 892 895 893
f 892 891 896
f 893 895 894
f 892 896 895
f 896 891 897
f 890 898 897
f 881 889 899
f 889 883 900
f 883 882 901
f 881 899 898
f 889 900 899
f 883 901 900
f 882 902 901
f 882 884 902
f 885 933 934
f 885 934 929
f 885 930 935
f 885 935 936
f 885 936 933
f 884 937 938
f 884 929 937
f 884 938 903
f 884 903 902
f 886 939 930
f 886 940 939
f 886 931 940
f 887 941 931
f 887 932 941
f 888 942 932
f 888 943 942
f 888 944 943
f 938 945 903
f 945 946 903
f 946 947 903
f 947 948 903
f 948 949 903
f 949 950 903
f 950 951 904
f 951 952 904
f 950 904 903
f 952 953 904
f 953 954 905
f 905 954 955
f 905 955 956
f 956 957 906
f 957 958 906
f 958 959 907
f 953 905 904
f 905 956 906
f 958 907 906
f 888 908 944
f 908 909 960
f 908 961 944
f 908 962 961
f 908 960 962
f 909 963 960
f 909 964 963
f 909 965 964
f 909 966 965
f 909 967 966
f 909 968 967
f 909 910 914
f 909 914 968
f 910 911 917
f 911 912 918
f 912 913 928
f 911 918 917
f 912 928 918
f 913 916 928
f 969 970 915
f 971 915 972
f 973 915 971
f 970 972 915
f 974 907 959
f 974 969 907
f 973 975 915
f 968 914 976
f 976 914 975
f 975 914 915
f 969 915 907
f 910 917 914
f 913 919 916
f 919 920 926
f 919 926 916
f 920 925 926
f 920 921 925
f 921 922 927
f 922 923 924
f 921 927 925
f 922 924 927
f 338 336 977
f 336 334 978
f 334 332 979
f 332 271 980
f 271 272 981
f 272 273 982
f 336 983 977
f 336 978 983
f 334 979 978
f 332 980 979
f 271 981 980
f 272 982 981
f 342 984 344
f 344 985 346
f 342 340 986
f 338 987 340
f 346 988 348
f 348 989 350
f 350 990 352
f 352 991 355
f 355 992 356
f 356 993 359
f 359 994 360
f 360 994 362
f 362 995 443
f 443 996 444
f 444 997 445
f 445 998 446
f 342 986 984
f 344 984 985
f 340 987 986
f 338 977 987
f 346 985 988
f 348 988 989
f 350 989 990
f 352 990 991
f 355 991 992
f 356 992 993
f 359 993 994
f 362 994 995
f 443 995 996
f 444 996 997
f 445 997 998
f 446 998 999
f 273 274 1000
f 274 363 1001
f 363 364 1002
f 364 365 1003
f 365 366 1004
f 366 367 1005
f 367 368 1006
f 368 369 1006
f 273 1000 982
f 274 1001 1000
f 363 1002 1001
f 364 1003 1002
f 365 1004 1003
f 366 1005 1004
f 367 1006 1005
f 369 1007 1006
f 446 999 447
f 447 1008 450
f 450 1009 449
f 448 449 1010
f 448 1011 451
f 369 370 1007
f 370 371 1012
f 371 372 1013
f 372 373 1014
f 373 374 1015
f 457 458 1016
f 374 457 1017
f 453 1018 456
f 451 1019 452
f 452 1020 453
f 454 1021 455
f 458 455 1022
f 456 1023 454
f 447 999 1008
f 450 1008 1009
f 448 1010 1011
f 449 1009 1010
f 451 1011 1019
f 370 1012 1007
f 371 1013 1012
f 372 1014 1013
f 373 1015 1014
f 457 1016 1017
f 458 1022 1016
f 374 1017 1015
f 453 1024 1018
f 456 1018 1023
f 452 1019 1020
f 453 1020 1024
f 454 1023 1021
f 455 1021 1022
f 980 981 1025
f 981 982 1026
f 986 987 991
f 977 992 987
f 984 989 985
f 986 990 984
f 985 989 988
f 984 990 989
f 986 991 990
f 987 992 991
f 977 993 992
f 977 983 993
f 983 978 994
f 978 979 995
f 979 980 996
f 983 994 993
f 978 995 994
f 979 996 995
f 981 1027 1025
f 980 1028 1029
f 980 1025 1028
f 981 1026 1030
f 981 1031 1027
f 981 1030 1032
f 981 1032 1031
f 982 1033 1026
f 982 1034 1033
f 980 1029 997
f 980 997 996
f 1029 1035 997
f 1035 1036 997
f 1036 1037 997
f 1037 1038 997
f 1038 1039 997
f 1039 1040 997
f 1040 998 997
f 1040 1041 998
f 1041 1042 998
f 1042 1043 998
f 998 1043 999
f 982 1000 1044
f 1000 1001 1045
f 1001 1002 1046
f 1002 1003 1047
f 982 1044 1034
f 1000 1048 1044
f 1000 1045 1048
f 1045 1001 1049
f 1049 1001 1050
f 1050 1001 1046
f 1002 1051 1046
f 1002 1052 1051
f 1002 1047 1052
f 1003 1053 1047
f 1003 1054 1053
f 1003 1055 1054
f 1003 1056 1055
f 1003 1057 1056
f 1003 1058 1057
f 1003 1004 1011
f 1003 1011 1058
f 1043 1059 999
f 1059 1060 999
f 1060 1061 999
f 1061 1062 1008
f 1062 1063 1008
f 1063 1064 1009
f 1065 1009 1064
f 1065 1066 1009
f 1061 1008 999
f 1063 1009 1008
f 1066 1067 1010
f 1068 1010 1069
f 1067 1069 1010
f 1070 1071 1010
f 1058 1011 1072
f 1072 1011 1071
f 1070 1010 1068
f 1071 1011 1010
f 1004 1019 1011
f 1066 1010 1009
f 1004 1005 1019
f 1005 1006 1020
f 1006 1007 1024
f 1007 1012 1018
f 1005 1020 1019
f 1006 1024 1020
f 1007 1018 1024
f 1012 1013 1023
f 1013 1014 1021
f 1014 1015 1022
f 1015 1017 1016
f 1013 1021 1023
f 1012 1023 1018
f 1014 1022 1021
f 1015 1016 1022
f 1073 1074 1075
f 1073 1076 1077
f 1076 1078 1079
f 1080 1081 1078
f 1080 1082 1083
f 1082 1084 1085
f 1086 1075 1087
f 1086 1088 1089
f 1089 1090 1091
f 1089 1088 1090
f 1086 1087 1088
f 1075 1074 1087
f 1073 1077 1074
f 1076 1079 1077
f 1078 1081 1079
f 1080 1083 1081
f 1082 1085 1083
f 1084 1092 1093
f 1092 1094 1095
f 1094 1096 1097
f 1096 1098 1099
f 1098 1100 1101
f 1100 1102 1103
f 1102 1104 1105
f 1104 1106 1107
f 1106 1108 1109
f 1108 1110 1111
f 1110 1112 1113
f 1112 1114 1115
f 1114 1116 1117
f 1084 1093 1085
f 1092 1095 1093
f 1094 1097 1095
f 1096 1099 1097
f 1098 1101 1099
f 1100 1103 1101
f 1102 1105 1103
f 1104 1107 1105
f 1108 1111 1109
f 1106 1109 1107
f 1110 1113 1111
f 1112 1115 1113
f 1116 1118 1119
f 1118 1120 1119
f 1114 1117 1115
f 1116 1119 1117
f 1086 545 1075
f 1073 1075 550
f 1086 1089 551
f 1080 546 1082
f 1082 549 1084
f 1073 554 1076
f 1076 553 1078
f 1080 1078 547
f 1089 1091 552
f 1091 1090 555
f 1090 1088 556
f 1088 1087 557
f 1087 1074 558
f 1074 1077 559
f 1077 1079 560
f 1079 1081 561
f 1081 1083 562
f 1083 1085 563
f 1075 545 550
f 1086 551 545
f 1082 546 549
f 1084 549 548
f 1073 550 554
f 1076 554 553
f 1078 553 547
f 1080 547 546
f 1089 552 551
f 1091 555 552
f 1090 556 555
f 1088 557 556
f 1087 558 557
f 1074 559 558
f 1077 560 559
f 1079 561 560
f 1081 562 561
f 1083 563 562
f 1084 548 1092
f 1092 564 1094
f 1094 565 1096
f 1096 566 1098
f 1098 568 1100
f 1100 569 1102
f 1102 567 1104
f 1104 570 1106
f 1106 572 1108
f 1108 571 1110
f 1110 573 1112
f 1112 574 1114
f 1114 575 1116
f 1116 576 1118
f 1085 1093 579
f 1093 1095 580
f 1095 1097 581
f 1097 1099 582
f 1099 1101 583
f 1101 1103 584
f 1103 1105 585
f 1118 577 1120
f 1120 578 1119
f 1119 589 1117
f 1115 587 1113
f 1115 1117 588
f 1105 1107 586
f 1107 1109 590
f 1109 1111 591
f 1113 592 1111
f 1092 548 564
f 1094 564 565
f 1096 565 566
f 1098 566 568
f 1100 568 569
f 1102 569 567
f 1104 567 570
f 1106 570 572
f 1108 572 571
f 1110 571 573
f 1112 573 574
f 1114 574 575
f 1116 575 576
f 1118 576 577
f 1085 579 563
f 1093 580 579
f 1095 581 580
f 1097 582 581
f 1099 583 582
f 1101 584 583
f 1105 586 585
f 1103 585 584
f 1120 577 578
f 1119 578 589
f 1113 587 592
f 1115 588 587
f 1117 589 588
f 1107 590 586
f 1109 591 590
f 1111 592 591
f 1121 1122 1123
f 1121 1124 1125
f 1125 1126 1127
f 1125 1124 1126
f 1121 1123 1124
f 1122 1128 1123
f 1129 1128 1122
f 1129 1130 1131
f 1130 1132 1133
f 1129 1131 1128
f 1134 1135 1132
f 1134 1136 1137
f 1136 1138 1139
f 1130 1133 1131
f 1132 1135 1133
f 1134 1137 1135
f 1136 1139 1137
f 1138 1140 1141
f 1140 1142 1143
f 1142 1144 1145
f 1138 1141 1139
f 1140 1143 1141
f 1142 1145 1143
f 1144 1146 1145
f 1144 1147 1146
f 1147 1148 1149
f 1148 1150 1151
f 1150 1152 1153
f 1147 1149 1146
f 1148 1151 1149
f 1150 1153 1151
f 1152 1154 1153
f 1152 1155 1154
f 1155 1156 1157
f 1156 1158 1159
f 1156 1159 1157
f 1158 1160 1161
f 1160 1162 1163
f 1162 1164 1165
f 1158 1161 1159
f 1160 1163 1161
f 1164 1166 1167
f 1166 1168 1167
f 1164 1167 1165
f 1162 1165 1163
f 1155 1157 1154
f 1129 647 1130
f 1130 648 1132
f 1134 1132 646
f 1134 642 1136
f 1136 650 1138
f 1121 641 1122
f 1129 1122 643
f 1121 1125 644
f 1125 1127 645
f 1127 1126 651
f 1126 1124 652
f 1124 1123 653
f 1123 1128 654
f 1128 1131 655
f 1131 1133 656
f 1133 1135 657
f 1135 1137 658
f 1137 1139 659
f 1129 643 647
f 1130 647 648
f 1132 648 646
f 1136 642 650
f 1138 650 649
f 1134 646 642
f 1122 641 643
f 1121 644 641
f 1125 645 644
f 1127 651 645
f 1126 652 651
f 1124 653 652
f 1123 654 653
f 1128 655 654
f 1131 656 655
f 1133 657 656
f 1135 658 657
f 1137 659 658
f 1138 649 1140
f 1140 660 1142
f 1142 664 1144
f 1144 661 1147
f 1147 665 1148
f 1148 666 1150
f 1150 662 1152
f 1152 667 1155
f 1155 668 1156
f 1156 663 1158
f 1158 669 1160
f 1160 670 1162
f 1162 671 1164
f 1164 672 1166
f 1166 673 1168
f 1168 674 1167
f 1167 687 1165
f 1153 1154 682
f 1154 1157 683
f 1157 1159 684
f 1163 685 1161
f 1161 688 1159
f 1163 1165 686
f 1139 1141 675
f 1141 1143 676
f 1143 1145 677
f 1145 1146 678
f 1146 1149 679
f 1149 1151 680
f 1153 681 1151
f 1140 649 660
f 1142 660 664
f 1144 664 661
f 1147 661 665
f 1148 665 666
f 1150 666 662
f 1152 662 667
f 1153 682 681
f 1155 667 668
f 1156 668 663
f 1158 663 669
f 1160 669 670
f 1162 670 671
f 1164 671 672
f 1166 672 673
f 1168 673 674
f 1167 674 687
f 1165 687 686
f 1154 683 682
f 1157 684 683
f 1161 685 688
f 1163 686 685
f 1159 688 684
f 1139 675 659
f 1141 676 675
f 1143 677 676
f 1145 678 677
f 1146 679 678
f 1149 680 679
f 1151 681 680
f 1169 1170 1171
f 1172 1173 1174
f 1169 1172 1175
f 1176 1177 1173
f 1176 1178 1179
f 1178 1180 1181
f 1180 1182 1183
f 1182 1184 1185
f 1184 1186 1187
f 1186 1188 1189
f 1188 1190 1191
f 1190 1192 1193
f 1194 1195 1196
f 1196 1197 1198
f 1196 1195 1197
f 1194 1199 1195
f 1194 1171 1199
f 1171 1170 1199
f 1169 1175 1170
f 1172 1174 1175
f 1173 1177 1174
f 1176 1179 1177
f 1178 1181 1179
f 1180 1183 1181
f 1182 1185 1183
f 1184 1187 1185
f 1186 1189 1187
f 1188 1191 1189
f 1190 1193 1191
f 1169 740 1172
f 1194 738 1171
f 1194 1196 742
f 1169 1171 741
f 1172 744 1173
f 1176 1173 739
f 1176 737 1178
f 1178 746 1180
f 1180 747 1182
f 1182 745 1184
f 1184 748 1186
f 1186 749 1188
f 1188 750 1190
f 1190 751 1192
f 1196 1198 743
f 1198 1197 753
f 1197 1195 754
f 1195 1199 755
f 1199 1170 756
f 1170 1175 757
f 1175 1174 758
f 1174 1177 759
f 1177 1179 760
f 1179 1181 761
f 1181 1183 762
f 1183 1185 763
f 1185 1187 764
f 1187 1189 765
f 1189 1191 766
f 1191 1193 767
f 1169 741 740
f 1194 742 738
f 1171 738 741
f 1173 744 739
f 1172 740 744
f 1176 739 737
f 1178 737 746
f 1180 746 747
f 1182 747 745
f 1184 745 748
f 1186 748 749
f 1188 749 750
f 1190 750 751
f 1192 751 752
f 1196 743 742
f 1198 753 743
f 1197 754 753
f 1195 755 754
f 1199 756 755
f 1170 757 756
f 1175 758 757
f 1174 759 758
f 1177 760 759
f 1179 761 760
f 1181 762 761
f 1183 763 762
f 1185 764 763
f 1187 765 764
f 1189 766 765
f 1191 767 766
f 1192 1200 1201
f 1200 1202 1203
f 1202 1204 1205
f 1204 1206 1207
f 1206 1208 1209
f 1208 1210 1211
f 1210 1212 1213
f 1192 1201 1193
f 1200 1203 1201
f 1206 1209 1207
f 1204 1207 1205
f 1202 1205 1203
f 1210 1213 1211
f 1208 1211 1209
f 1212 1214 1213
f 1212 1215 1214
f 1215 1216 1214
f 1192 752 1200
f 1200 768 1202
f 1202 769 1204
f 1204 770 1206
f 1206 771 1208
f 1208 772 1210
f 1210 773 1212
f 1212 774 1215
f 1201 1203 781
f 1193 1201 780
f 1203 1205 782
f 1205 1207 784
f 1209 783 1207
f 1215 775 1216
f 1216 776 1214
f 1214 779 1213
f 1211 1213 778
f 1211 777 1209
f 1200 752 768
f 1202 768 769
f 1204 769 770
f 1206 770 771
f 1208 771 772
f 1210 772 773
f 1212 773 774
f 1215 774 775
f 1201 781 780
f 1193 780 767
f 1203 782 781
f 1207 783 784
f 1205 784 782
f 1216 775 776
f 1214 776 779
f 1211 778 777
f 1213 779 778
f 1209 777 783
f 1217 1218 1219
f 1220 1221 1222
f 1217 1220 1223
f 1224 1225 1221
f 1224 1226 1227
f 1226 1228 1229
f 1230 1231 1232
f 1230 1233 1231
f 1234 1233 1230
f 1234 1219 1235
f 1234 1235 1233
f 1219 1218 1235
f 1217 1223 1218
f 1220 1222 1223
f 1221 1225 1222
f 1224 1227 1225
f 1226 1229 1227
f 1234 1230 839
f 1234 833 1219
f 1217 1219 838
f 1224 834 1226
f 1226 836 1228
f 1220 841 1221
f 1217 842 1220
f 1224 1221 835
f 1230 1232 840
f 1232 1231 843
f 1231 1233 844
f 1233 1235 845
f 1235 1218 846
f 1218 1223 847
f 1223 1222 848
f 1222 1225 849
f 1225 1227 850
f 1227 1229 851
f 1217 838 842
f 1219 833 838
f 1234 839 833
f 1226 834 836
f 1228 836 837
f 1221 841 835
f 1220 842 841
f 1224 835 834
f 1230 840 839
f 1232 843 840
f 1231 844 843
f 1233 845 844
f 1235 846 845
f 1218 847 846
f 1223 848 847
f 1222 849 848
f 1225 850 849
f 1227 851 850
f 1228 1236 1237
f 1236 1238 1239
f 1238 1240 1241
f 1240 1242 1243
f 1242 1244 1245
f 1244 1246 1247
f 1246 1248 1249
f 1248 1250 1251
f 1250 1252 1253
f 1252 1254 1255
f 1254 1256 1257
f 1256 1258 1259
f 1258 1260 1261
f 1228 1237 1229
f 1236 1239 1237
f 1238 1241 1239
f 1240 1243 1241
f 1242 1245 1243
f 1244 1247 1245
f 1246 1249 1247
f 1248 1251 1249
f 1254 1257 1255
f 1252 1255 1253
f 1250 1253 1251
f 1258 1261 1259
f 1256 1259 1257
f 1260 1262 1263
f 1262 1264 1263
f 1260 1263 1261
f 1228 837 1236
f 1236 852 1238
f 1238 853 1240
f 1240 854 1242
f 1242 856 1244
f 1244 857 1246
f 1246 855 1248
f 1248 858 1250
f 1250 860 1252
f 1252 859 1254
f 1254 861 1256
f 1256 862 1258
f 1258 863 1260
f 1260 864 1262
f 1229 1237 867
f 1237 1239 868
f 1239 1241 869
f 1241 1243 870
f 1243 1245 871
f 1245 1247 872
f 1249 1251 874
f 1247 1249 873
f 1262 865 1264
f 1264 866 1263
f 1263 877 1261
f 1259 875 1257
f 1259 1261 876
f 1251 1253 878
f 1253 1255 880
f 1257 879 1255
f 1236 837 852
f 1238 852 853
f 1240 853 854
f 1242 854 856
f 1244 856 857
f 1246 857 855
f 1248 855 858
f 1250 858 860
f 1252 860 859
f 1254 859 861
f 1256 861 862
f 1258 862 863
f 1260 863 864
f 1262 864 865
f 1229 867 851
f 1237 868 867
f 1239 869 868
f 1241 870 869
f 1243 871 870
f 1245 872 871
f 1249 874 873
f 1247 873 872
f 1264 865 866
f 1263 866 877
f 1259 876 875
f 1257 875 879
f 1261 877 876
f 1251 878 874
f 1255 879 880
f 1253 880 878
f 1265 1266 1267
f 1268 1269 1270
f 1270 1271 1272
f 1270 1269 1271
f 1268 1273 1269
f 1268 1267 1273
f 1267 1266 1273
f 1265 1274 1266
f 1275 1276 1277
f 1265 1275 1274
f 1278 1279 1276
f 1275 1277 1274
f 1276 1279 1277
f 1278 1280 1281
f 1280 1282 1283
f 1282 1284 1285
f 1284 1286 1287
f 1278 1281 1279
f 1280 1283 1281
f 1282 1285 1283
f 1284 1287 1285
f 1286 1288 1289
f 1288 1290 1291
f 1290 1292 1293
f 1292 1294 1295
f 1286 1289 1287
f 1288 1291 1289
f 1290 1293 1291
f 1292 1295 1293
f 1265 933 1275
f 1275 936 1276
f 1278 1276 935
f 1268 929 1267
f 1268 1270 937
f 1265 1267 934
f 1270 1272 938
f 1272 1271 945
f 1271 1269 946
f 1269 1273 947
f 1273 1266 948
f 1266 1274 949
f 1274 1277 950
f 1277 1279 951
f 1278 930 1280
f 1280 939 1282
f 1282 940 1284
f 1284 931 1286
f 1286 941 1288
f 1288 932 1290
f 1290 942 1292
f 1292 943 1294
f 1279 1281 952
f 1281 1283 953
f 1283 1285 954
f 1285 1287 955
f 1287 1289 956
f 1289 1291 957
f 1291 1293 958
f 1293 1295 959
f 1265 934 933
f 1276 936 935
f 1275 933 936
f 1278 935 930
f 1268 937 929
f 1267 929 934
f 1270 938 937
f 1272 945 938
f 1271 946 945
f 1269 947 946
f 1273 948 947
f 1266 949 948
f 1274 950 949
f 1277 951 950
f 1280 930 939
f 1282 939 940
f 1284 940 931
f 1286 931 941
f 1288 941 932
f 1290 932 942
f 1292 942 943
f 1294 943 944
f 1279 952 951
f 1281 953 952
f 1283 954 953
f 1285 955 954
f 1287 956 955
f 1289 957 956
f 1291 958 957
f 1293 959 958
f 1294 1296 1297
f 1296 1298 1299
f 1298 1300 1301
f 1300 1302 1303
f 1302 1304 1305
f 1300 1303 1301
f 1302 1305 1303
f 1294 1297 1295
f 1296 1299 1297
f 1298 1301 1299
f 1304 1306 1307
f 1306 1308 1309
f 1308 1310 1309
f 1306 1309 1307
f 1304 1307 1305
f 1308 1311 1310
f 1311 1312 1310
f 1294 944 1296
f 1296 961 1298
f 1298 962 1300
f 1300 960 1302
f 1302 963 1304
f 1304 964 1306
f 1297 1299 969
f 1305 971 1303
f 1299 1301 970
f 1301 1303 972
f 1306 965 1308
f 1308 966 1311
f 1311 967 1312
f 1312 968 1310
f 1310 976 1309
f 1307 1309 975
f 1307 973 1305
f 1297 974 1295
f 1296 944 961
f 1298 961 962
f 1300 962 960
f 1302 960 963
f 1304 963 964
f 1297 969 974
f 1299 970 969
f 1303 971 972
f 1301 972 970
f 1306 964 965
f 1308 965 966
f 1311 966 967
f 1309 976 975
f 1312 967 968
f 1310 968 976
f 1307 975 973
f 1305 973 971
f 1295 974 959
f 1313 1314 1315
f 1316 1317 1318
f 1316 1319 1317
f 1320 1319 1316
f 1320 1315 1321
f 1320 1321 1319
f 1315 1314 1321
f 1322 1323 1324
f 1313 1322 1325
f 1326 1327 1323
f 1313 1325 1314
f 1326 1328 1329
f 1328 1330 1331
f 1322 1324 1325
f 1323 1327 1324
f 1326 1329 1327
f 1328 1331 1329
f 1322 1032 1323
f 1313 1031 1322
f 1326 1323 1030
f 1326 1026 1328
f 1328 1033 1330
f 1320 1316 1028
f 1320 1025 1315
f 1313 1315 1027
f 1316 1318 1029
f 1318 1317 1035
f 1317 1319 1036
f 1319 1321 1037
f 1321 1314 1038
f 1314 1325 1039
f 1325 1324 1040
f 1324 1327 1041
f 1327 1329 1042
f 1329 1331 1043
f 1313 1027 1031
f 1323 1032 1030
f 1322 1031 1032
f 1326 1030 1026
f 1328 1026 1033
f 1330 1033 1034
f 1315 1025 1027
f 1320 1028 1025
f 1316 1029 1028
f 1318 1035 1029
f 1317 1036 1035
f 1319 1037 1036
f 1321 1038 1037
f 1314 1039 1038
f 1325 1040 1039
f 1324 1041 1040
f 1327 1042 1041
f 1329 1043 1042
f 1330 1332 1333
f 1332 1334 1335
f 1334 1336 1337
f 1336 1338 1339
f 1330 1333 1331
f 1332 1335 1333
f 1334 1337 1335
f 1336 1339 1337
f 1338 1340 1341
f 1340 1342 1343
f 1342 1344 1345
f 1344 1346 1347
f 1338 1341 1339
f 1340 1343 1341
f 1342 1345 1343
f 1344 1347 1345
f 1346 1348 1349
f 1348 1350 1351
f 1348 1351 1349
f 1350 1352 1351
f 1350 1353 1352
f 1353 1354 1355
f 1354 1356 1357
f 1354 1357 1355
f 1353 1355 1352
f 1356 1358 1359
f 1358 1360 1359
f 1356 1359 1357
f 1346 1349 1347
f 1330 1034 1332
f 1332 1044 1334
f 1334 1048 1336
f 1336 1045 1338
f 1338 1049 1340
f 1340 1050 1342
f 1342 1046 1344
f 1344 1051 1346
f 1345 1347 1066
f 1346 1052 1348
f 1348 1047 1350
f 1350 1053 1353
f 1353 1054 1354
f 1354 1055 1356
f 1356 1056 1358
f 1358 1057 1360
f 1360 1058 1359
f 1359 1072 1357
f 1347 1349 1067
f 1349 1351 1069
f 1355 1070 1352
f 1352 1068 1351
f 1355 1357 1071
f 1331 1333 1059
f 1333 1335 1060
f 1335 1337 1061
f 1337 1339 1062
f 1339 1341 1063
f 1341 1343 1064
f 1345 1065 1343
f 1332 1034 1044
f 1334 1044 1048
f 1336 1048 1045
f 1338 1045 1049
f 1340 1049 1050
f 1342 1050 1046
f 1344 1046 1051
f 1346 1051 1052
f 1345 1066 1065
f 1348 1052 1047
f 1350 1047 1053
f 1353 1053 1054
f 1354 1054 1055
f 1356 1055 1056
f 1358 1056 1057
f 1360 1057 1058
f 1359 1058 1072
f 1357 1072 1071
f 1347 1067 1066
f 1351 1068 1069
f 1349 1069 1067
f 1355 1071 1070
f 1352 1070 1068
f 1331 1059 1043
f 1333 1060 1059
f 1335 1061 1060
f 1337 1062 1061
f 1339 1063 1062
f 1341 1064 1063
f 1343 1065 1064
f 1361 11 24
f 1361 12 11
f 1361 1362 12
f 1361 1363 1362
f 1361 24 1364
f 1361 1364 1363
f 1364 24 1363
f 1363 24 26
f 1362 1363 1365
f 1362 1366 12
f 1362 1367 1368
f 1362 1369 1367
f 1362 1370 1371
f 1362 1372 1373
f 1362 1373 1370
f 1362 1374 1375
f 1362 1371 1374
f 1362 1375 1376
f 1362 1376 1377
f 1362 1368 1378
f 1362 1378 1372
f 1362 1377 1366
f 1366 1379 12
f 1379 1380 12
f 1380 1381 12
f 1381 1382 12
f 1382 1383 12
f 1383 1384 12
f 1384 1385 12
f 1362 1386 1369
f 1362 1387 1386
f 1362 1388 1387
f 1362 1389 1388
f 1362 1365 1389
f 1385 26 12
f 1365 1363 1390
f 1390 1363 1391
f 1391 1363 1392
f 1392 1363 1393
f 1393 1363 1394
f 1394 1363 1395
f 1395 1363 1396
f 1385 1397 26
f 1397 1398 26
f 1398 1399 26
f 1399 1400 26
f 1400 1401 26
f 1401 1402 26
f 1402 1403 26
f 1404 1405 26
f 1403 1404 26
f 1396 26 1406
f 1406 26 1407
f 1408 26 1409
f 1410 26 1411
f 1407 26 1410
f 1411 26 1408
f 1405 1412 26
f 1412 1409 26
f 1396 1363 26
f 1413 1414 1415
f 1415 1416 1417
f 1418 1419 1420
f 1420 1421 1413
f 1415 1414 1416
f 1413 1421 1414
f 1420 1419 1421
f 1418 1422 1419
f 1423 1424 1425
f 1418 1423 1422
f 1424 1426 1427
f 1423 1425 1422
f 1424 1427 1425
f 1428 1429 1430
f 1429 1431 1432
f 1431 1433 1434
f 1426 1428 1435
f 1426 1435 1427
f 1428 1430 1435
f 1429 1432 1430
f 1431 1434 1432
f 1433 1436 1437
f 1436 1438 1439
f 1438 1440 1441
f 1440 1442 1443
f 1433 1437 1434
f 1436 1439 1437
f 1438 1441 1439
f 1440 1443 1441
f 1420 1413 1374
f 1418 1370 1423
f 1418 1420 1371
f 1423 1373 1424
f 1424 1372 1426
f 1413 1415 1375
f 1415 1417 1376
f 1417 1416 1377
f 1416 1414 1366
f 1414 1421 1379
f 1429 1367 1431
f 1431 1369 1433
f 1433 1386 1436
f 1436 1387 1438
f 1438 1388 1440
f 1440 1389 1442
f 1426 1378 1428
f 1428 1368 1429
f 1421 1419 1380
f 1419 1422 1381
f 1422 1425 1382
f 1425 1427 1383
f 1427 1435 1384
f 1435 1430 1385
f 1430 1432 1397
f 1432 1434 1398
f 1434 1437 1399
f 1437 1439 1400
f 1439 1441 1401
f 1441 1443 1402
f 1442 1444 1445
f 1444 1446 1447
f 1442 1445 1443
f 1444 1447 1445
f 1446 1448 1449
f 1448 1450 1451
f 1450 1452 1453
f 1446 1449 1447
f 1450 1453 1451
f 1448 1451 1449
f 1452 1454 1455
f 1454 1456 1457
f 1456 1458 1457
f 1456 1459 1458
f 1459 1460 1458
f 1454 1457 1455
f 1452 1455 1453
f 1442 1365 1444
f 1444 1390 1446
f 1446 1391 1448
f 1448 1392 1450
f 1450 1393 1452
f 1452 1394 1454
f 1454 1395 1456
f 1456 1396 1459
f 1459 1406 1460
f 1460 1407 1458
f 1457 1411 1455
f 1458 1410 1457
f 1443 1445 1403
f 1445 1447 1404
f 1451 1453 1409
f 1449 1451 1412
f 1447 1449 1405
f 1455 1408 1453
f 1418 1371 1370
f 1420 1374 1371
f 1424 1373 1372
f 1426 1372 1378
f 1423 1370 1373
f 1413 1375 1374
f 1415 1376 1375
f 1417 1377 1376
f 1416 1366 1377
f 1414 1379 1366
f 1431 1367 1369
f 1433 1369 1386
f 1436 1386 1387
f 1438 1387 1388
f 1440 1388 1389
f 1442 1389 1365
f 1428 1378 1368
f 1429 1368 1367
f 1421 1380 1379
f 1419 1381 1380
f 1422 1382 1381
f 1425 1383 1382
f 1427 1384 1383
f 1435 1385 1384
f 1430 1397 1385
f 1432 1398 1397
f 1434 1399 1398
f 1437 1400 1399
f 1439 1401 1400
f 1441 1402 1401
f 1444 1365 1390
f 1446 1390 1391
f 1448 1391 1392
f 1450 1392 1393
f 1452 1393 1394
f 1454 1394 1395
f 1456 1395 1396
f 1459 1396 1406
f 1460 1406 1407
f 1455 1411 1408
f 1457 1410 1411
f 1458 1407 1410
f 1443 1403 1402
f 1445 1404 1403
f 1451 1409 1412
f 1449 1412 1405
f 1447 1405 1404
f 1453 1408 1409
f 6 1361 11
f 6 1364 1361
f 1361 24 11
f 6 5 1364
f 5 24 1364
f 1361 1364 24
f 1461 25 55
f 1461 1462 1463
f 1461 36 25
f 1461 1463 36
f 1461 55 1464
f 1461 1464 1462
f 1464 55 1462
f 1462 55 56
f 1463 1465 36
f 1463 1466 1467
f 1463 1467 1468
f 1463 1468 1469
f 1463 1469 1470
f 1463 1470 1471
f 1463 1471 1472
f 1463 1472 1473
f 1463 1474 1475
f 1463 1476 1474
f 1463 1477 1476
f 1463 1478 1477
f 1463 1475 1479
f 1463 1479 1466
f 1463 1473 1465
f 1463 1480 1478
f 1463 1481 1480
f 1463 1482 1481
f 1465 1483 36
f 1483 1484 36
f 1484 1485 36
f 1485 1486 36
f 1486 1487 36
f 1487 1488 36
f 1488 1489 36
f 1463 1462 1482
f 1489 56 36
f 1489 1490 56
f 1490 1491 56
f 1491 1492 56
f 1492 1493 56
f 1493 1494 56
f 1482 1462 1495
f 1495 1462 1496
f 1496 1462 1497
f 1497 1462 1498
f 1498 1462 1499
f 1499 1462 1500
f 1500 1462 1501
f 1501 1462 56
f 1501 56 1502
f 1502 56 1503
f 1494 1504 56
f 1504 1505 56
f 1506 1507 56
f 1505 1506 56
f 1503 56 1508
f 1508 56 1509
f 1509 56 1510
f 1510 56 1511
f 1507 1512 56
f 1512 1511 56
f 1513 1514 1515
f 1516 1517 1518
f 1519 1520 1513
f 1519 1518 1521
f 1513 1520 1514
f 1519 1521 1520
f 1518 1517 1521
f 1522 1523 1524
f 1525 1526 1527
f 1516 1525 1528
f 1526 1529 1530
f 1516 1528 1517
f 1525 1527 1528
f 1526 1530 1527
f 1529 1522 1531
f 1529 1531 1530
f 1522 1524 1531
f 1519 1470 1518
f 1516 1518 1469
f 1519 1513 1471
f 1513 1515 1472
f 1515 1514 1473
f 1514 1520 1465
f 1520 1521 1483
f 1525 1467 1526
f 1526 1466 1529
f 1516 1468 1525
f 1529 1479 1522
f 1522 1475 1523
f 1521 1517 1484
f 1517 1528 1485
f 1528 1527 1486
f 1527 1530 1487
f 1530 1531 1488
f 1531 1524 1489
f 1532 1533 1523
f 1532 1534 1535
f 1534 1536 1537
f 1536 1538 1539
f 1523 1533 1524
f 1532 1535 1533
f 1534 1537 1535
f 1536 1539 1537
f 1538 1540 1541
f 1540 1542 1543
f 1542 1544 1545
f 1544 1546 1547
f 1538 1541 1539
f 1540 1543 1541
f 1542 1545 1543
f 1544 1547 1545
f 1546 1548 1549
f 1548 1550 1551
f 1546 1549 1547
f 1550 1552 1551
f 1548 1551 1549
f 1550 1553 1552
f 1553 1554 1555
f 1554 1556 1557
f 1556 1558 1559
f 1558 1560 1559
f 1556 1559 1557
f 1554 1557 1555
f 1553 1555 1552
f 1532 1523 1474
f 1532 1476 1534
f 1534 1477 1536
f 1536 1478 1538
f 1538 1480 1540
f 1540 1481 1542
f 1542 1482 1544
f 1544 1495 1546
f 1546 1496 1548
f 1548 1497 1550
f 1550 1498 1553
f 1553 1499 1554
f 1554 1500 1556
f 1556 1501 1558
f 1558 1502 1560
f 1560 1503 1559
f 1559 1508 1557
f 1557 1509 1555
f 1524 1533 1490
f 1533 1535 1491
f 1535 1537 1492
f 1537 1539 1493
f 1539 1541 1494
f 1541 1543 1504
f 1543 1545 1505
f 1545 1547 1506
f 1549 1551 1512
f 1547 1549 1507
f 1555 1510 1552
f 1551 1552 1511
f 1516 1469 1468
f 1518 1470 1469
f 1513 1472 1471
f 1515 1473 1472
f 1519 1471 1470
f 1514 1465 1473
f 1520 1483 1465
f 1526 1467 1466
f 1529 1466 1479
f 1525 1468 1467
f 1522 1479 1475
f 1523 1475 1474
f 1521 1484 1483
f 1517 1485 1484
f 1528 1486 1485
f 1527 1487 1486
f 1530 1488 1487
f 1531 1489 1488
f 1532 1474 1476
f 1534 1476 1477
f 1536 1477 1478
f 1538 1478 1480
f 1540 1480 1481
f 1542 1481 1482
f 1544 1482 1495
f 1546 1495 1496
f 1548 1496 1497
f 1550 1497 1498
f 1553 1498 1499
f 1554 1499 1500
f 1556 1500 1501
f 1558 1501 1502
f 1560 1502 1503
f 1555 1509 1510
f 1559 1503 1508
f 1557 1508 1509
f 1524 1490 1489
f 1533 1491 1490
f 1535 1492 1491
f 1537 1493 1492
f 1539 1494 1493
f 1541 1504 1494
f 1543 1505 1504
f 1545 1506 1505
f 1551 1511 1512
f 1549 1512 1507
f 1547 1507 1506
f 1552 1510 1511
f 40 1461 25
f 40 1464 1461
f 1461 55 25
f 40 44 1464
f 1461 1464 55
f 44 55 1464
f 33 1561 1562
f 33 1563 1561
f 1561 1563 1562
f 33 32 1563
f 33 1562 102
f 1562 1563 1564
f 102 1562 103
f 1562 1564 103
f 32 1565 1563
f 32 1566 1567
f 32 1567 1568
f 32 1568 1569
f 32 1569 1570
f 32 1570 1571
f 32 1571 1572
f 32 1572 1573
f 32 1574 1575
f 32 1576 1574
f 32 1577 1576
f 32 1578 1577
f 32 1575 1579
f 32 1579 1566
f 32 1573 1565
f 32 1580 1578
f 32 1581 1580
f 32 1582 1581
f 1563 1565 1583
f 1563 1583 1584
f 1563 1584 1585
f 1563 1585 1586
f 1563 1586 1587
f 1563 1587 1588
f 1563 1588 1589
f 32 103 1582
f 1563 1589 1564
f 1589 1590 1564
f 1590 1591 1564
f 1591 1592 1564
f 1592 1593 1564
f 1593 1594 1564
f 1582 103 1595
f 1595 103 1596
f 1596 103 1597
f 1597 103 1598
f 1598 103 1599
f 1599 103 1600
f 1600 103 1601
f 1601 103 1564
f 1601 1564 1602
f 1602 1564 1603
f 1594 1604 1564
f 1604 1605 1564
f 1606 1607 1564
f 1605 1606 1564
f 1603 1564 1608
f 1608 1564 1609
f 1609 1564 1610
f 1610 1564 1611
f 1607 1612 1564
f 1612 1611 1564
f 1613 1614 1615
f 1616 1617 1618
f 1619 1620 1613
f 1619 1618 1621
f 1613 1620 1614
f 1619 1621 1620
f 1618 1617 1621
f 1622 1623 1624
f 1625 1626 1627
f 1616 1625 1628
f 1626 1629 1630
f 1616 1628 1617
f 1625 1627 1628
f 1626 1630 1627
f 1629 1622 1631
f 1629 1631 1630
f 1622 1624 1631
f 1619 1570 1618
f 1616 1618 1569
f 1619 1613 1571
f 1613 1615 1572
f 1615 1614 1573
f 1614 1620 1565
f 1620 1621 1583
f 1625 1567 1626
f 1626 1566 1629
f 1616 1568 1625
f 1629 1579 1622
f 1622 1575 1623
f 1621 1617 1584
f 1617 1628 1585
f 1628 1627 1586
f 1627 1630 1587
f 1630 1631 1588
f 1631 1624 1589
f 1632 1633 1623
f 1632 1634 1635
f 1634 1636 1637
f 1636 1638 1639
f 1623 1633 1624
f 1632 1635 1633
f 1634 1637 1635
f 1636 1639 1637
f 1638 1640 1641
f 1640 1642 1643
f 1642 1644 1645
f 1644 1646 1647
f 1638 1641 1639
f 1640 1643 1641
f 1642 1645 1643
f 1644 1647 1645
f 1646 1648 1649
f 1648 1650 1651
f 1646 1649 1647
f 1650 1652 1651
f 1648 1651 1649
f 1650 1653 1652
f 1653 1654 1655
f 1654 1656 1657
f 1656 1658 1659
f 1658 1660 1659
f 1656 1659 1657
f 1654 1657 1655
f 1653 1655 1652
f 1632 1623 1574
f 1632 1576 1634
f 1634 1577 1636
f 1636 1578 1638
f 1638 1580 1640
f 1640 1581 1642
f 1642 1582 1644
f 1644 1595 1646
f 1646 1596 1648
f 1648 1597 1650
f 1650 1598 1653
f 1653 1599 1654
f 1654 1600 1656
f 1656 1601 1658
f 1658 1602 1660
f 1660 1603 1659
f 1659 1608 1657
f 1657 1609 1655
f 1624 1633 1590
f 1633 1635 1591
f 1635 1637 1592
f 1637 1639 1593
f 1639 1641 1594
f 1641 1643 1604
f 1643 1645 1605
f 1645 1647 1606
f 1649 1651 1612
f 1647 1649 1607
f 1655 1610 1652
f 1651 1652 1611
f 1616 1569 1568
f 1618 1570 1569
f 1613 1572 1571
f 1615 1573 1572
f 1619 1571 1570
f 1614 1565 1573
f 1620 1583 1565
f 1626 1567 1566
f 1629 1566 1579
f 1625 1568 1567
f 1622 1579 1575
f 1623 1575 1574
f 1621 1584 1583
f 1617 1585 1584
f 1628 1586 1585
f 1627 1587 1586
f 1630 1588 1587
f 1631 1589 1588
f 1632 1574 1576
f 1634 1576 1577
f 1636 1577 1578
f 1638 1578 1580
f 1640 1580 1581
f 1642 1581 1582
f 1644 1582 1595
f 1646 1595 1596
f 1648 1596 1597
f 1650 1597 1598
f 1653 1598 1599
f 1654 1599 1600
f 1656 1600 1601
f 1658 1601 1602
f 1660 1602 1603
f 1655 1609 1610
f 1659 1603 1608
f 1657 1608 1609
f 1624 1590 1589
f 1633 1591 1590
f 1635 1592 1591
f 1637 1593 1592
f 1639 1594 1593
f 1641 1604 1594
f 1643 1605 1604
f 1645 1606 1605
f 1651 1611 1612
f 1649 1612 1607
f 1647 1607 1606
f 1652 1610 1611
f 43 1561 80
f 43 33 1561
f 33 1562 1561
f 80 1561 1562
f 33 102 1562
f 80 1562 102
f 20 1661 1662
f 20 1663 1661
f 20 21 1663
f 1661 1663 1662
f 20 1662 28
f 28 1662 31
f 1662 1663 1664
f 1662 1664 31
f 21 31 1665
f 21 1666 1663
f 21 1667 1668
f 21 1669 1667
f 21 1670 1671
f 21 1672 1673
f 21 1673 1670
f 21 1674 1675
f 21 1671 1674
f 21 1675 1676
f 21 1676 1677
f 21 1668 1678
f 21 1678 1672
f 21 1677 1666
f 1663 1666 1679
f 1663 1679 1680
f 1663 1680 1681
f 1663 1681 1682
f 1663 1682 1683
f 1663 1683 1684
f 1663 1684 1685
f 21 1686 1669
f 21 1687 1686
f 21 1688 1687
f 21 1689 1688
f 21 1665 1689
f 1663 1685 1664
f 1665 31 1690
f 1690 31 1691
f 1691 31 1692
f 1692 31 1693
f 1693 31 1694
f 1694 31 1695
f 1695 31 1696
f 1685 1697 1664
f 1697 1698 1664
f 1698 1699 1664
f 1699 1700 1664
f 1700 1701 1664
f 1701 1702 1664
f 1702 1703 1664
f 1704 1705 1664
f 1703 1704 1664
f 1696 1664 1706
f 1706 1664 1707
f 1708 1664 1709
f 1710 1664 1711
f 1707 1664 1710
f 1711 1664 1708
f 1705 1712 1664
f 1712 1709 1664
f 1696 31 1664
f 1713 1714 1715
f 1715 1716 1717
f 1718 1719 1720
f 1720 1721 1713
f 1715 1714 1716
f 1713 1721 1714
f 1720 1719 1721
f 1718 1722 1719
f 1723 1724 1725
f 1718 1723 1722
f 1724 1726 1727
f 1723 1725 1722
f 1724 1727 1725
f 1728 1729 1730
f 1729 1731 1732
f 1731 1733 1734
f 1726 1728 1735
f 1726 1735 1727
f 1728 1730 1735
f 1729 1732 1730
f 1731 1734 1732
f 1733 1736 1737
f 1736 1738 1739
f 1738 1740 1741
f 1740 1742 1743
f 1733 1737 1734
f 1736 1739 1737
f 1738 1741 1739
f 1740 1743 1741
f 1720 1713 1674
f 1718 1670 1723
f 1718 1720 1671
f 1723 1673 1724
f 1724 1672 1726
f 1713 1715 1675
f 1715 1717 1676
f 1717 1716 1677
f 1716 1714 1666
f 1714 1721 1679
f 1729 1667 1731
f 1731 1669 1733
f 1733 1686 1736
f 1736 1687 1738
f 1738 1688 1740
f 1740 1689 1742
f 1726 1678 1728
f 1728 1668 1729
f 1721 1719 1680
f 1719 1722 1681
f 1722 1725 1682
f 1725 1727 1683
f 1727 1735 1684
f 1735 1730 1685
f 1730 1732 1697
f 1732 1734 1698
f 1734 1737 1699
f 1737 1739 1700
f 1739 1741 1701
f 1741 1743 1702
f 1742 1744 1745
f 1744 1746 1747
f 1742 1745 1743
f 1744 1747 1745
f 1746 1748 1749
f 1748 1750 1751
f 1750 1752 1753
f 1746 1749 1747
f 1750 1753 1751
f 1748 1751 1749
f 1752 1754 1755
f 1754 1756 1757
f 1756 1758 1757
f 1756 1759 1758
f 1759 1760 1758
f 1754 1757 1755
f 1752 1755 1753
f 1742 1665 1744
f 1744 1690 1746
f 1746 1691 1748
f 1748 1692 1750
f 1750 1693 1752
f 1752 1694 1754
f 1754 1695 1756
f 1756 1696 1759
f 1759 1706 1760
f 1760 1707 1758
f 1757 1711 1755
f 1758 1710 1757
f 1743 1745 1703
f 1745 1747 1704
f 1751 1753 1709
f 1749 1751 1712
f 1747 1749 1705
f 1755 1708 1753
f 1718 1671 1670
f 1720 1674 1671
f 1724 1673 1672
f 1726 1672 1678
f 1723 1670 1673
f 1713 1675 1674
f 1715 1676 1675
f 1717 1677 1676
f 1716 1666 1677
f 1714 1679 1666
f 1731 1667 1669
f 1733 1669 1686
f 1736 1686 1687
f 1738 1687 1688
f 1740 1688 1689
f 1742 1689 1665
f 1728 1678 1668
f 1729 1668 1667
f 1721 1680 1679
f 1719 1681 1680
f 1722 1682 1681
f 1725 1683 1682
f 1727 1684 1683
f 1735 1685 1684
f 1730 1697 1685
f 1732 1698 1697
f 1734 1699 1698
f 1737 1700 1699
f 1739 1701 1700
f 1741 1702 1701
f 1744 1665 1690
f 1746 1690 1691
f 1748 1691 1692
f 1750 1692 1693
f 1752 1693 1694
f 1754 1694 1695
f 1756 1695 1696
f 1759 1696 1706
f 1760 1706 1707
f 1755 1711 1708
f 1757 1710 1711
f 1758 1707 1710
f 1743 1703 1702
f 1745 1704 1703
f 1751 1709 1712
f 1749 1712 1705
f 1747 1705 1704
f 1753 1708 1709
f 17 1661 18
f 17 20 1661
f 20 1662 1661
f 18 1661 1662
f 18 1662 28
f 20 28 1662
f 1761 1762 1763
f 1764 1762 1761
f 1764 1765 1762
f 1764 1766 1765
f 1761 1763 1767
f 1767 1763 1768
f 1767 1768 1769
f 1769 1768 1770
f 1771 1772 1773
f 1766 1774 1765
f 1766 1775 1774
f 1775 1776 1774
f 1775 1777 1776
f 1778 1779 1780
f 1778 1781 1779
f 1777 1782 1776
f 1777 1783 1782
f 1783 1784 1782
f 1783 1785 1784
f 1786 1781 1778
f 1787 1788 1786
f 1787 1771 1773
f 1786 1788 1781
f 1787 1789 1788
f 1787 1773 1789
f 1772 1790 1773
f 1785 1791 1784
f 1785 1792 1791
f 1792 1793 1791
f 1792 1794 1793
f 1794 1795 1793
f 1794 1796 1795
f 1796 1797 1795
f 1796 1798 1797
f 1769 1770 1799
f 1799 1770 1800
f 1799 1800 1801
f 1801 1800 1802
f 1801 1802 1803
f 1803 1802 1804
f 1772 1805 1790
f 1806 1805 1807
f 1807 1808 1809
f 1810 1811 1812
f 1803 1804 1810
f 1810 1804 1811
f 1812 1811 1813
f 1812 1813 1814
f 1814 1813 1815
f 1816 1817 1818
f 1819 1820 1817
f 1821 1817 1822
f 1822 1817 1823
f 1824 1817 1825
f 1821 1825 1817
f 1824 1826 1817
f 1826 1827 1817
f 1827 1828 1817
f 1828 1829 1817
f 1829 1830 1817
f 1830 1831 1817
f 1831 1832 1817
f 1832 1833 1817
f 1833 1819 1817
f 1823 1817 1816
f 1819 1834 1820
f 1834 1835 1820
f 1835 1836 1820
f 1836 1837 1820
f 1837 1838 1820
f 1838 1839 1820
f 1839 1840 1820
f 1840 1841 1820
f 1841 1842 1820
f 1843 1844 1820
f 1808 1845 1846
f 1845 1847 1848
f 1845 1848 1849
f 1845 1850 1851
f 1845 1851 1846
f 1808 1846 1852
f 1808 1852 1853
f 1808 1853 1854
f 1845 1855 1850
f 1845 1849 1855
f 1847 1856 1848
f 1847 1857 1856
f 1847 1858 1859
f 1847 1859 1857
f 1859 1858 1860
f 1861 1862 1863
f 1863 1864 1865
f 1865 1866 1867
f 1861 1868 1862
f 1864 1863 1862
f 1865 1864 1866
f 1869 1867 1866
f 1867 1869 1870
f 1871 1870 1872
f 1867 1870 1871
f 1872 1873 1874
f 1874 1873 1875
f 1876 1872 1870
f 1872 1876 1873
f 1790 1805 1806
f 1806 1807 1809
f 1808 1854 1877
f 1808 1877 1809
f 1854 1878 1877
f 1878 1879 1877
f 1879 1880 1877
f 1880 1881 1877
f 1875 1882 1818
f 1816 1818 1883
f 1883 1818 1884
f 1816 1885 1886
f 1873 1882 1875
f 1818 1882 1887
f 1884 1818 1888
f 1816 1883 1885
f 1888 1818 1887
f 1886 1889 1890
f 1890 1891 1892
f 1892 1893 1894
f 1894 1895 1896
f 1896 1897 1898
f 1898 1899 1900
f 1900 1901 1902
f 1902 1903 1904
f 1904 1905 1906
f 1906 1907 1908
f 1908 1909 1910
f 1910 1911 1912
f 1912 1913 1914
f 1914 1915 1916
f 1916 1917 1918
f 1918 1919 1920
f 1920 1921 1922
f 1923 1924 1925
f 1923 1922 1926
f 1927 1925 1928
f 1929 1930 1931
f 1927 1932 1930
f 1933 1929 1934
f 1935 1936 1820
f 1937 1935 1820
f 1938 1820 1936
f 1939 1820 1940
f 1937 1820 1939
f 1941 1940 1820
f 1941 1820 1942
f 1938 1943 1820
f 1943 1944 1820
f 1944 1945 1820
f 1945 1843 1820
f 1843 1946 1844
f 1842 1947 1820
f 1890 1889 1891
f 1886 1885 1889
f 1892 1891 1893
f 1896 1895 1897
f 1894 1893 1895
f 1898 1897 1899
f 1900 1899 1901
f 1902 1901 1903
f 1904 1903 1905
f 1906 1905 1907
f 1908 1907 1909
f 1910 1909 1911
f 1912 1911 1913
f 1914 1913 1915
f 1916 1915 1917
f 1918 1917 1919
f 1920 1919 1921
f 1922 1921 1926
f 1923 1926 1924
f 1925 1924 1928
f 1927 1928 1932
f 1930 1932 1931
f 1929 1931 1934
f 1942 1820 1947
f 1842 1933 1947
f 1933 1934 1947
f 1942 1947 1948
f 1948 1947 1949
f 1949 1947 1950
f 1950 1947 1951
f 1951 1947 1952
f 1952 1947 1953
f 1953 1947 1954
f 1954 1947 1955
f 1955 1947 1956
f 1956 1947 1957
f 1957 1947 1958
f 1958 1947 1959
f 1884 1888 1960
f 1960 1888 1961
f 1961 1888 1962
f 1962 1888 1963
f 1963 1888 1964
f 1964 1888 1965
f 1965 1888 1966
f 1966 1888 1967
f 1967 1888 1968
f 1968 1888 1969
f 1969 1888 1970
f 1970 1888 1971
f 1971 1972 1973
f 1973 1972 1974
f 1974 1972 1975
f 1975 1972 1976
f 1971 1888 1972
f 1977 1978 1947
f 1978 1979 1947
f 1980 1947 1981
f 1980 1976 1947
f 1981 1947 1982
f 1982 1947 1979
f 1934 1977 1947
f 1976 1972 1947
f 1881 1983 1877
f 1983 1984 1877
f 1984 1985 1986
f 1985 1987 1986
f 1984 1986 1877
f 1987 1988 1986
f 1988 1989 1986
f 1989 1990 1986
f 1989 1991 1990
f 1991 1992 1990
f 1991 1993 1992
f 1992 1993 1994
f 1798 1995 1797
f 1798 1996 1995
f 1996 1997 1995
f 1996 1998 1997
f 1998 1999 1997
f 1998 2000 1999
f 2000 2001 1999
f 2000 2002 2001
f 2002 2003 2001
f 2002 2004 2003
f 2004 2005 2003
f 2004 2006 2005
f 1814 1815 2007
f 2007 1815 2008
f 2007 2008 2009
f 2009 2008 2010
f 2009 2010 2011
f 2011 2010 2012
f 2013 2014 1844
f 2015 1844 2016
f 2017 2018 1844
f 2018 2019 1844
f 2013 1844 2020
f 2019 2020 1844
f 2017 1844 2021
f 2021 1844 2015
f 2022 2023 2014
f 2013 2024 2014
f 2024 2025 2014
f 2025 2026 2014
f 2026 2022 2014
f 2022 2027 2023
f 2027 2028 2023
f 2028 2029 2023
f 2029 2030 2023
f 2030 2031 2023
f 2031 2032 2023
f 2032 2033 2023
f 2033 2034 2023
f 2034 2035 2023
f 2035 2036 2023
f 2036 2037 2023
f 2037 2038 2023
f 1858 2039 1860
f 2039 2040 1860
f 2039 2041 2040
f 2041 2042 2040
f 2041 2043 2042
f 2042 2043 2044
f 2044 2043 2045
f 2046 2043 2047
f 2045 2043 2048
f 2048 2043 2046
f 2046 2047 2049
f 2047 2050 2049
f 2011 2012 2051
f 2051 2012 2052
f 2051 2052 2053
f 2053 2052 2054
f 2053 2054 2055
f 2055 2054 2056
f 2047 2057 2050
f 2047 2058 2057
f 2047 2059 2058
f 2047 2060 2059
f 1946 2061 1844
f 2061 2062 1844
f 2062 2063 1844
f 2063 2064 1844
f 2064 2065 1844
f 2065 2066 1844
f 2066 2067 1844
f 2067 2068 1844
f 2068 2069 1844
f 2069 2070 1844
f 2070 2071 1844
f 2071 2072 1844
f 2016 1844 2073
f 2073 1844 2074
f 2072 2075 1844
f 2016 2076 2077
f 2077 2078 2079
f 2079 2080 2081
f 2081 2082 2083
f 2083 2084 2085
f 2085 2086 2087
f 2087 2088 2089
f 2089 2090 2091
f 2091 2092 2093
f 2093 2094 2095
f 2095 2096 2097
f 2097 2098 2099
f 2099 2100 2101
f 2101 2102 2103
f 2103 2104 2105
f 2105 2106 2107
f 2108 2107 2109
f 2108 2110 2111
f 2112 2113 2114
f 2111 2115 2112
f 2116 2114 2117
f 2118 2119 2120
f 2116 2121 2119
f 2074 1844 2075
f 1959 1947 2122
f 2122 2075 2123
f 2123 2075 2124
f 2124 2075 2125
f 2125 2075 2126
f 2072 2127 2075
f 2128 2075 2127
f 2129 2130 2075
f 2128 2129 2075
f 2131 2126 2075
f 2132 2075 2130
f 2131 2075 2132
f 2016 2073 2076
f 2079 2078 2080
f 2077 2076 2078
f 2081 2080 2082
f 2085 2084 2086
f 2083 2082 2084
f 2087 2086 2088
f 2089 2088 2090
f 2091 2090 2092
f 2093 2092 2094
f 2095 2094 2096
f 2097 2096 2098
f 2099 2098 2100
f 2101 2100 2102
f 2103 2102 2104
f 2105 2104 2106
f 2107 2106 2109
f 2108 2109 2110
f 2111 2110 2115
f 2112 2115 2113
f 2114 2113 2117
f 2116 2117 2121
f 2119 2121 2120
f 2023 2133 2134
f 2135 2118 2136
f 2038 2133 2023
f 2134 2133 2137
f 2137 2138 2139
f 2118 2120 2136
f 2038 2135 2133
f 2135 2136 2133
f 2138 2137 2133
f 2122 1947 2075
f 2074 2075 2140
f 2140 2075 2141
f 2141 2075 2142
f 2142 2075 2143
f 2143 2075 2144
f 2144 2075 2145
f 2145 2075 2146
f 2146 2075 2147
f 2147 2075 2148
f 2136 2149 2150
f 2148 2150 2151
f 2151 2150 2152
f 2152 2150 2153
f 2153 2150 2154
f 2154 2150 2155
f 2155 2150 2156
f 2156 2150 2157
f 2157 2150 2158
f 2158 2150 2159
f 2160 2150 2161
f 2160 2159 2150
f 2149 2162 2150
f 2162 2161 2150
f 2148 2075 2150
f 2136 2150 2133
f 1993 2163 1994
f 2163 2164 2165
f 2163 2165 1994
f 2164 2166 2165
f 2166 2167 2165
f 2168 2169 2170
f 2171 2170 2169
f 2060 2172 2173
f 2174 2173 2172
f 2174 2172 2175
f 2176 2175 2170
f 2171 2176 2170
f 2167 2168 2170
f 2167 2170 2165
f 2175 2172 2170
f 2139 2177 2178
f 2178 2177 2179
f 2180 2139 2138
f 2177 2139 2180
f 2179 2181 2182
f 2181 2179 2177
f 2179 2182 2183
f 2183 2182 2184
f 2184 2185 2186
f 2186 2187 2188
f 2184 2182 2185
f 2187 2186 2185
f 2189 2190 2188
f 2189 2188 2187
f 2047 2191 2172
f 2047 2172 2060
f 2191 2192 2193
f 2194 2192 2195
f 2191 2193 2172
f 2194 2193 2192
f 2194 2195 2196
f 2055 2056 2197
f 2197 2056 2198
f 2197 2198 2199
f 2199 2198 2200
f 2199 2200 2201
f 2201 2200 2202
f 2201 2202 2203
f 2203 2202 2204
f 2195 2205 2196
f 2205 2206 2207
f 2206 2208 2207
f 2208 2209 2210
f 2205 2207 2211
f 2208 2210 2207
f 2209 2212 2210
f 2203 2204 2213
f 2213 2204 2214
f 2213 2214 2215
f 2215 2214 2216
f 2209 2217 2212
f 2217 2218 2212
f 2219 2215 2216
f 2219 2216 2220
f 2219 2220 2221
f 2221 2220 2222
f 2205 2211 2196
f 2223 2224 2225
f 2223 2226 2224
f 2226 2227 2224
f 2226 2228 2227
f 2221 2222 2229
f 2229 2222 2230
f 2228 2229 2230
f 2228 2230 2227
f 2006 2231 2005
f 2006 2232 2231
f 2232 2233 2231
f 2234 2235 2233
f 2234 2236 2235
f 2232 2234 2233
f 2236 2237 2235
f 2236 2238 2237
f 2238 2239 2237
f 2238 2240 2239
f 2240 2225 2239
f 2223 2225 2240
f 1855 1849 2241
f 1849 1848 2242
f 1848 1856 2243
f 1856 1857 2244
f 1857 1859 2245
f 1859 1860 2246
f 1855 2241 2247
f 1849 2242 2241
f 1848 2243 2242
f 1856 2244 2243
f 1857 2245 2244
f 1859 2246 2245
f 2242 2243 2248
f 2243 2244 2249
f 2245 2246 2250
f 1853 2251 1854
f 1854 2252 1878
f 1846 1851 2253
f 1851 1850 2254
f 1855 2255 1850
f 1846 2256 1852
f 1853 1852 2257
f 1878 2258 1879
f 1879 2259 1880
f 1880 2260 1881
f 1881 2261 1983
f 1983 2262 1984
f 1984 2262 1985
f 1985 2263 1987
f 1987 2264 1988
f 1988 2265 1989
f 1989 2266 1991
f 1991 2267 1993
f 1853 2257 2251
f 1854 2251 2252
f 2257 2252 2251
f 1846 2253 2256
f 1851 2254 2253
f 2254 1850 2255
f 1852 2256 2257
f 1855 2247 2255
f 2257 2256 2252
f 2253 2258 2256
f 2253 2254 2259
f 2254 2255 2260
f 2247 2261 2255
f 2242 2268 2269
f 2242 2269 2270
f 2247 2241 2262
f 2241 2242 2263
f 2242 2270 2271
f 2270 2272 2271
f 2242 2271 2273
f 1878 2252 2258
f 1879 2258 2259
f 1880 2259 2260
f 1881 2260 2261
f 1983 2261 2262
f 2256 2258 2252
f 2253 2259 2258
f 2254 2260 2259
f 2260 2255 2261
f 2247 2262 2261
f 2241 2263 2262
f 2242 2273 2264
f 2242 2264 2263
f 2273 2274 2264
f 2274 2275 2264
f 2242 2276 2277
f 2242 2278 2276
f 2242 2279 2278
f 2242 2280 2279
f 2242 2248 2280
f 2242 2281 2282
f 2242 2277 2281
f 2242 2282 2268
f 2243 2283 2248
f 2243 2284 2283
f 2243 2285 2284
f 2243 2286 2285
f 2243 2287 2286
f 2243 2249 2287
f 2244 2288 2249
f 2244 2289 2288
f 2244 2290 2289
f 2244 2291 2290
f 2244 2292 2291
f 2244 2293 2292
f 2244 2294 2293
f 2244 2295 2294
f 2272 2296 2271
f 2296 2297 2298
f 2297 2299 2300
f 2299 2301 2302
f 2301 2303 2304
f 2303 2305 2306
f 2305 2307 2306
f 2307 2308 2306
f 2306 2308 2309
f 2309 2310 2311
f 2310 2312 2313
f 2312 2314 2315
f 2314 2316 2317
f 2316 2318 2319
f 2318 2320 2321
f 2320 2322 2321
f 2322 2323 2321
f 2324 2321 2323
f 2324 2325 2326
f 2327 2328 2325
f 2327 2329 2330
f 2331 2332 2329
f 2244 2266 2295
f 2245 2333 2334
f 2245 2334 2335
f 2245 2335 2336
f 2245 2337 2333
f 2245 2338 2337
f 2245 2250 2338
f 2250 2246 2339
f 2339 2246 2340
f 2340 2246 2341
f 2341 2246 2342
f 2342 2246 2343
f 2244 2245 2266
f 2245 2336 2344
f 2296 2298 2271
f 2297 2300 2298
f 2299 2302 2300
f 2301 2304 2302
f 2303 2306 2304
f 2345 2346 2309
f 2306 2309 2346
f 2345 2309 2347
f 2309 2311 2347
f 2310 2313 2311
f 2312 2315 2313
f 2314 2317 2315
f 2316 2319 2317
f 2318 2321 2319
f 2324 2348 2321
f 2324 2349 2348
f 2324 2350 2349
f 2295 2266 2331
f 2324 2326 2350
f 2325 2328 2326
f 2327 2330 2328
f 2329 2332 2330
f 2331 2351 2332
f 2331 2352 2351
f 2331 2266 2352
f 2275 2353 2264
f 2353 2354 2264
f 2354 2355 2264
f 2355 2356 2264
f 2356 2357 2264
f 2357 2358 2264
f 2358 2359 2264
f 2359 2360 2264
f 2360 2361 2264
f 2361 2362 2264
f 2362 2363 2264
f 2363 2364 2265
f 2364 2365 2265
f 2365 2366 2266
f 2352 2266 2367
f 2368 2266 2369
f 2368 2370 2266
f 2370 2371 2266
f 2366 2369 2266
f 2367 2266 2372
f 2371 2373 2266
f 2372 2266 2373
f 2245 2267 2266
f 2245 2344 2267
f 2344 2374 2267
f 2374 2375 2267
f 2375 2376 2267
f 2376 2377 2267
f 2377 2378 2267
f 2378 2379 2267
f 2379 2380 2267
f 2380 2381 2267
f 2381 2382 2267
f 2382 2383 2267
f 2383 2384 2267
f 2384 2385 2267
f 1985 2262 2263
f 1987 2263 2264
f 1988 2264 2265
f 1989 2265 2266
f 1991 2266 2267
f 2267 2386 1993
f 2363 2265 2264
f 2365 2266 2265
f 2267 2385 2386
f 1860 2040 2387
f 2040 2042 2388
f 2042 2044 2389
f 2044 2045 2390
f 2045 2048 2391
f 2048 2046 2392
f 1860 2387 2246
f 2040 2388 2387
f 2042 2389 2388
f 2044 2390 2389
f 2246 2387 2343
f 2388 2389 2393
f 2389 2390 2394
f 2045 2391 2390
f 2048 2392 2391
f 2046 2049 2392
f 2049 2050 2395
f 2050 2057 2396
f 2057 2058 2397
f 2058 2059 2398
f 2174 2399 2173
f 2174 2175 2400
f 2171 2169 2401
f 2171 2402 2176
f 2176 2403 2175
f 1993 2386 2163
f 2163 2404 2164
f 2164 2405 2166
f 2166 2406 2167
f 2167 2407 2168
f 2168 2408 2169
f 2059 2060 2409
f 2060 2173 2410
f 2387 2411 2343
f 2387 2412 2411
f 2387 2413 2412
f 2387 2414 2413
f 2387 2415 2414
f 2387 2416 2415
f 2387 2417 2416
f 2387 2418 2417
f 2387 2419 2418
f 2387 2420 2419
f 2387 2421 2420
f 2387 2422 2421
f 2387 2388 2404
f 2388 2423 2424
f 2388 2425 2423
f 2388 2424 2426
f 2388 2427 2428
f 2388 2429 2425
f 2388 2430 2429
f 2388 2428 2430
f 2388 2426 2431
f 2388 2393 2427
f 2389 2432 2393
f 2389 2394 2432
f 2390 2433 2394
f 2390 2434 2433
f 2390 2435 2434
f 2390 2436 2435
f 2390 2437 2436
f 2390 2438 2437
f 2390 2439 2438
f 2390 2440 2439
f 2390 2441 2440
f 2390 2442 2441
f 2390 2443 2442
f 2388 2431 2444
f 2431 2445 2444
f 2445 2446 2444
f 2446 2447 2448
f 2447 2449 2450
f 2449 2451 2452
f 2451 2453 2454
f 2388 2444 2455
f 2453 2456 2454
f 2456 2457 2454
f 2457 2458 2454
f 2458 2459 2460
f 2459 2461 2462
f 2461 2463 2464
f 2463 2465 2466
f 2465 2467 2468
f 2467 2469 2470
f 2469 2471 2470
f 2470 2472 2473
f 2470 2471 2472
f 2473 2474 2475
f 2474 2476 2477
f 2478 2479 2476
f 2478 2480 2481
f 2482 2483 2480
f 2387 2404 2422
f 2422 2404 2484
f 2388 2405 2404
f 2385 2485 2386
f 2485 2486 2386
f 2486 2487 2386
f 2487 2488 2386
f 2488 2489 2386
f 2490 2404 2489
f 2490 2491 2404
f 2491 2492 2404
f 2493 2484 2404
f 2493 2404 2494
f 2494 2404 2492
f 2388 2455 2405
f 2446 2448 2444
f 2447 2450 2448
f 2449 2452 2450
f 2451 2454 2452
f 2458 2495 2454
f 2458 2496 2495
f 2458 2497 2496
f 2458 2460 2497
f 2459 2462 2460
f 2461 2464 2462
f 2463 2466 2464
f 2465 2468 2466
f 2467 2470 2468
f 2470 2473 2498
f 2498 2473 2499
f 2473 2500 2499
f 2473 2475 2500
f 2474 2477 2475
f 2476 2479 2477
f 2478 2481 2479
f 2480 2483 2481
f 2482 2501 2483
f 2455 2502 2405
f 2502 2503 2405
f 2503 2504 2405
f 2504 2505 2405
f 2505 2506 2405
f 2506 2507 2405
f 2507 2508 2405
f 2508 2509 2405
f 2509 2510 2406
f 2510 2511 2406
f 2511 2512 2406
f 2512 2513 2406
f 2513 2514 2406
f 2514 2515 2406
f 2516 2407 2517
f 2518 2407 2519
f 2518 2517 2407
f 2515 2520 2407
f 2520 2521 2407
f 2521 2522 2407
f 2522 2523 2407
f 2523 2519 2407
f 2392 2049 2395
f 2395 2050 2396
f 2057 2397 2396
f 2058 2398 2397
f 2059 2409 2398
f 2390 2524 2443
f 2390 2525 2524
f 2390 2391 2407
f 2390 2407 2525
f 2391 2392 2408
f 2392 2395 2526
f 2395 2396 2401
f 2396 2397 2402
f 2397 2398 2403
f 2398 2409 2400
f 2401 2169 2526
f 2174 2400 2399
f 2171 2401 2402
f 2176 2402 2403
f 2175 2403 2400
f 2525 2407 2482
f 2482 2527 2501
f 2482 2407 2527
f 2391 2408 2407
f 2392 2526 2408
f 2527 2407 2528
f 2528 2407 2516
f 2395 2401 2526
f 2401 2396 2402
f 2397 2403 2402
f 2398 2400 2403
f 2409 2399 2400
f 2163 2386 2404
f 2164 2404 2405
f 2166 2405 2406
f 2167 2406 2407
f 2489 2404 2386
f 2509 2406 2405
f 2515 2407 2406
f 2168 2407 2408
f 2169 2408 2526
f 2060 2410 2409
f 2173 2399 2410
f 2409 2410 2399
f 1823 1816 2270
f 1816 1886 2272
f 1823 2270 2269
f 1816 2272 2270
f 1821 2282 1825
f 1824 1825 2281
f 1824 2277 1826
f 1826 2276 1827
f 1827 2278 1828
f 1828 2279 1829
f 1821 1822 2268
f 1822 1823 2269
f 1886 1890 2296
f 1890 1892 2297
f 1829 2280 1830
f 1830 2248 1831
f 1831 2283 1832
f 1832 2284 1833
f 1833 2285 1819
f 1819 2286 1834
f 1834 2287 1835
f 1835 2249 1836
f 1836 2288 1837
f 1837 2289 1838
f 1838 2290 1839
f 1839 2291 1840
f 1840 2292 1841
f 1841 2293 1842
f 1929 2331 1930
f 1927 2327 1925
f 1927 1930 2329
f 1842 2294 1933
f 1933 2295 1929
f 1892 1894 2299
f 1894 1896 2301
f 1896 1898 2303
f 1898 1900 2305
f 1900 1902 2307
f 1902 1904 2308
f 1904 1906 2309
f 1906 1908 2310
f 1908 1910 2312
f 1910 1912 2314
f 1912 1914 2316
f 1914 1916 2318
f 1918 1920 2322
f 1920 1922 2323
f 1916 1918 2320
f 1923 1925 2325
f 1923 2324 1922
f 1821 2268 2282
f 1825 2282 2281
f 1824 2281 2277
f 1826 2277 2276
f 1827 2276 2278
f 1828 2278 2279
f 1822 2269 2268
f 1886 2296 2272
f 1890 2297 2296
f 1892 2299 2297
f 1830 2280 2248
f 1829 2279 2280
f 1831 2248 2283
f 1832 2283 2284
f 1833 2284 2285
f 1819 2285 2286
f 1834 2286 2287
f 1835 2287 2249
f 1836 2249 2288
f 1837 2288 2289
f 1838 2289 2290
f 1839 2290 2291
f 1840 2291 2292
f 1841 2292 2293
f 1842 2293 2294
f 1930 2331 2329
f 1927 2329 2327
f 1933 2294 2295
f 1929 2295 2331
f 1894 2301 2299
f 1896 2303 2301
f 1898 2305 2303
f 1900 2307 2305
f 1902 2308 2307
f 1904 2309 2308
f 1906 2310 2309
f 1908 2312 2310
f 1910 2314 2312
f 1912 2316 2314
f 1914 2318 2316
f 1920 2323 2322
f 1916 2320 2318
f 1918 2322 2320
f 1923 2325 2324
f 1922 2324 2323
f 1925 2327 2325
f 1885 1883 2273
f 1883 1884 2274
f 1885 2273 2271
f 1883 2274 2273
f 1895 2304 1897
f 1893 2302 1895
f 1901 2345 1903
f 1897 2306 1899
f 1901 1899 2346
f 1903 2347 1905
f 1905 2311 1907
f 1907 2313 1909
f 1909 2315 1911
f 1911 2317 1913
f 1913 2319 1915
f 1915 2321 1917
f 1917 2348 1919
f 1919 2349 1921
f 1921 2350 1926
f 1926 2326 1924
f 1924 2328 1928
f 1889 2298 1891
f 1893 1891 2300
f 1889 1885 2271
f 1884 1960 2275
f 1960 1961 2353
f 1961 1962 2354
f 1962 1963 2355
f 1963 1964 2356
f 1964 1965 2357
f 1965 1966 2358
f 1966 1967 2359
f 1967 1968 2360
f 1968 1969 2361
f 1969 1970 2362
f 1970 1971 2363
f 1971 1973 2364
f 1973 1974 2365
f 1974 1975 2366
f 1975 1976 2369
f 1980 2368 1976
f 1928 2330 1932
f 1932 2332 1931
f 1977 2367 1978
f 1978 2372 1979
f 1931 2351 1934
f 1934 2352 1977
f 1980 1981 2370
f 1981 1982 2371
f 1982 1979 2373
f 1893 2300 2302
f 1897 2304 2306
f 1895 2302 2304
f 1901 2346 2345
f 1899 2306 2346
f 1903 2345 2347
f 1905 2347 2311
f 1907 2311 2313
f 1909 2313 2315
f 1911 2315 2317
f 1913 2317 2319
f 1915 2319 2321
f 1917 2321 2348
f 1919 2348 2349
f 1921 2349 2350
f 1926 2350 2326
f 1924 2326 2328
f 1891 2298 2300
f 1889 2271 2298
f 1884 2275 2274
f 1960 2353 2275
f 1961 2354 2353
f 1962 2355 2354
f 1963 2356 2355
f 1964 2357 2356
f 1965 2358 2357
f 1966 2359 2358
f 1967 2360 2359
f 1968 2361 2360
f 1969 2362 2361
f 1970 2363 2362
f 1971 2364 2363
f 1973 2365 2364
f 1974 2366 2365
f 1975 2369 2366
f 1976 2368 2369
f 1928 2328 2330
f 1932 2330 2332
f 1931 2332 2351
f 1978 2367 2372
f 1934 2351 2352
f 1977 2352 2367
f 1980 2370 2368
f 1981 2371 2370
f 1982 2373 2371
f 1979 2372 2373
f 2017 2423 2018
f 2018 2425 2019
f 2019 2429 2020
f 2015 2016 2431
f 2016 2077 2445
f 2017 2021 2424
f 2021 2015 2426
f 2077 2079 2446
f 2079 2081 2447
f 2013 2020 2430
f 2013 2428 2024
f 2024 2427 2025
f 2025 2393 2026
f 2026 2432 2022
f 2022 2394 2027
f 2027 2433 2028
f 2028 2434 2029
f 2029 2435 2030
f 2030 2436 2031
f 2031 2437 2032
f 2032 2438 2033
f 2033 2439 2034
f 2034 2440 2035
f 2035 2441 2036
f 2036 2442 2037
f 2037 2443 2038
f 2118 2482 2119
f 2116 2478 2114
f 2116 2119 2480
f 2081 2083 2449
f 2083 2085 2451
f 2085 2087 2453
f 2087 2089 2456
f 2089 2091 2457
f 2091 2093 2458
f 2093 2095 2459
f 2095 2097 2461
f 2097 2099 2463
f 2099 2101 2465
f 2101 2103 2467
f 2103 2105 2469
f 2108 2472 2107
f 2108 2111 2473
f 2105 2107 2471
f 2112 2114 2476
f 2111 2112 2474
f 2017 2424 2423
f 2018 2423 2425
f 2019 2425 2429
f 2020 2429 2430
f 2015 2431 2426
f 2016 2445 2431
f 2021 2426 2424
f 2077 2446 2445
f 2079 2447 2446
f 2081 2449 2447
f 2013 2430 2428
f 2024 2428 2427
f 2025 2427 2393
f 2026 2393 2432
f 2022 2432 2394
f 2027 2394 2433
f 2028 2433 2434
f 2029 2434 2435
f 2030 2435 2436
f 2031 2436 2437
f 2032 2437 2438
f 2033 2438 2439
f 2034 2439 2440
f 2035 2440 2441
f 2036 2441 2442
f 2037 2442 2443
f 2038 2443 2524
f 2119 2482 2480
f 2116 2480 2478
f 2083 2451 2449
f 2085 2453 2451
f 2087 2456 2453
f 2089 2457 2456
f 2091 2458 2457
f 2093 2459 2458
f 2095 2461 2459
f 2097 2463 2461
f 2099 2465 2463
f 2101 2467 2465
f 2103 2469 2467
f 2105 2471 2469
f 2108 2473 2472
f 2107 2472 2471
f 2112 2476 2474
f 2111 2474 2473
f 2114 2478 2476
f 2038 2524 2135
f 2135 2525 2118
f 2135 2524 2525
f 2118 2525 2482
f 2086 2084 2454
f 2082 2452 2084
f 2090 2497 2092
f 2086 2495 2088
f 2088 2496 2090
f 2092 2460 2094
f 2094 2462 2096
f 2096 2464 2098
f 2098 2466 2100
f 2100 2468 2102
f 2102 2470 2104
f 2104 2498 2106
f 2106 2499 2109
f 2109 2500 2110
f 2110 2475 2115
f 2115 2477 2113
f 2113 2479 2117
f 2076 2073 2455
f 2073 2074 2502
f 2078 2448 2080
f 2082 2080 2450
f 2078 2076 2444
f 2074 2140 2503
f 2140 2141 2504
f 2141 2142 2505
f 2142 2143 2506
f 2143 2144 2507
f 2144 2145 2508
f 2145 2146 2509
f 2146 2147 2510
f 2147 2148 2511
f 2148 2151 2512
f 2151 2152 2513
f 2152 2153 2514
f 2153 2154 2515
f 2154 2155 2520
f 2117 2481 2121
f 2121 2483 2120
f 2149 2528 2162
f 2162 2516 2161
f 2155 2156 2521
f 2156 2157 2522
f 2157 2158 2523
f 2158 2159 2519
f 2160 2518 2159
f 2160 2161 2517
f 2082 2450 2452
f 2086 2454 2495
f 2084 2452 2454
f 2090 2496 2497
f 2092 2497 2460
f 2088 2495 2496
f 2094 2460 2462
f 2096 2462 2464
f 2098 2464 2466
f 2100 2466 2468
f 2102 2468 2470
f 2104 2470 2498
f 2106 2498 2499
f 2109 2499 2500
f 2110 2500 2475
f 2115 2475 2477
f 2113 2477 2479
f 2076 2455 2444
f 2073 2502 2455
f 2080 2448 2450
f 2078 2444 2448
f 2074 2503 2502
f 2140 2504 2503
f 2141 2505 2504
f 2142 2506 2505
f 2143 2507 2506
f 2144 2508 2507
f 2145 2509 2508
f 2146 2510 2509
f 2147 2511 2510
f 2148 2512 2511
f 2151 2513 2512
f 2152 2514 2513
f 2153 2515 2514
f 2155 2521 2520
f 2154 2520 2515
f 2117 2479 2481
f 2121 2481 2483
f 2120 2483 2501
f 2162 2528 2516
f 2156 2522 2521
f 2157 2523 2522
f 2158 2519 2523
f 2159 2518 2519
f 2160 2517 2518
f 2161 2516 2517
f 2120 2501 2136
f 2136 2527 2149
f 2136 2501 2527
f 2149 2527 2528
f 1938 2250 1943
f 1937 1939 2334
f 1941 1942 2344
f 1939 1940 2335
f 1941 2336 1940
f 1935 2337 1936
f 1937 2333 1935
f 1938 1936 2338
f 1943 2339 1944
f 1944 2340 1945
f 1945 2341 1843
f 1843 2342 1946
f 1937 2334 2333
f 1941 2344 2336
f 1939 2335 2334
f 1940 2336 2335
f 1936 2337 2338
f 1935 2333 2337
f 1938 2338 2250
f 1943 2250 2339
f 1944 2339 2340
f 1945 2340 2341
f 1843 2341 2342
f 2342 2343 1946
f 1942 1948 2374
f 1948 1949 2375
f 1949 1950 2376
f 1950 1951 2377
f 1951 1952 2378
f 1952 1953 2379
f 1953 1954 2380
f 1954 1955 2381
f 1955 1956 2382
f 1956 1957 2383
f 1957 1958 2384
f 1958 1959 2385
f 1942 2374 2344
f 1948 2375 2374
f 1949 2376 2375
f 1950 2377 2376
f 1951 2378 2377
f 1952 2379 2378
f 1953 2380 2379
f 1954 2381 2380
f 1955 2382 2381
f 1956 2383 2382
f 1957 2384 2383
f 1958 2385 2384
f 1946 2343 2061
f 2061 2411 2062
f 2062 2412 2063
f 2063 2413 2064
f 2064 2414 2065
f 2065 2415 2066
f 2066 2416 2067
f 2067 2417 2068
f 2068 2418 2069
f 2069 2419 2070
f 2070 2420 2071
f 2071 2421 2072
f 2061 2343 2411
f 2062 2411 2412
f 2063 2412 2413
f 2064 2413 2414
f 2065 2414 2415
f 2066 2415 2416
f 2067 2416 2417
f 2068 2417 2418
f 2069 2418 2419
f 2070 2419 2420
f 2071 2420 2421
f 2072 2421 2422
f 1959 2122 2485
f 2122 2123 2486
f 2123 2124 2487
f 2124 2125 2488
f 2131 2490 2126
f 2132 2130 2492
f 2131 2132 2491
f 2128 2127 2484
f 2128 2493 2129
f 2072 2422 2127
f 2129 2494 2130
f 2125 2126 2489
f 1959 2485 2385
f 2122 2486 2485
f 2123 2487 2486
f 2124 2488 2487
f 2125 2489 2488
f 2126 2490 2489
f 2132 2492 2491
f 2131 2491 2490
f 2128 2484 2493
f 2129 2493 2494
f 2127 2422 2484
f 2130 2494 2492
f 1764 1761 2529
f 1764 2530 1766
f 1761 1767 2531
f 1767 1769 2532
f 1766 2533 1775
f 1775 2534 1777
f 1777 2535 1783
f 1783 2536 1785
f 1785 2537 1792
f 1792 2538 1794
f 1794 2539 1796
f 1796 2540 1798
f 1769 1799 2541
f 1799 1801 2542
f 1801 1803 2543
f 1810 1812 2544
f 1803 1810 2545
f 1812 1814 2546
f 1761 2531 2529
f 1764 2529 2530
f 1767 2532 2531
f 1769 2541 2532
f 2547 2548 2549
f 2548 2550 2551
f 2550 2552 2553
f 2550 2553 2554
f 2550 2554 2551
f 2548 2551 2555
f 2548 2555 2549
f 1766 2530 2533
f 1775 2533 2534
f 1777 2534 2535
f 1783 2535 2536
f 1785 2536 2537
f 1792 2537 2538
f 1794 2538 2539
f 1796 2539 2540
f 2556 2557 2558
f 2547 2559 2556
f 2547 2549 2560
f 2558 2557 2561
f 2556 2559 2557
f 2547 2562 2559
f 2547 2560 2562
f 2562 2560 2563
f 2562 2563 2564
f 2562 2564 2565
f 2562 2565 2566
f 2565 2567 2566
f 2567 2568 2566
f 2567 2569 2568
f 2568 2569 2570
f 2568 2570 2571
f 1799 2542 2541
f 1801 2543 2542
f 1803 2545 2543
f 1810 2544 2545
f 1812 2546 2544
f 2546 1814 2572
f 2573 2574 2575
f 2574 2576 2577
f 2574 2577 2575
f 2577 2576 2578
f 2552 2579 2553
f 2552 2573 2579
f 2579 2573 2575
f 2576 2580 2578
f 2578 2580 2581
f 2580 2582 2581
f 2581 2582 2583
f 2582 2584 2583
f 2583 2584 2585
f 2571 2570 2586
f 2002 2587 2588
f 2002 2588 2004
f 2004 2588 2589
f 2004 2589 2590
f 2004 2590 2006
f 1798 2591 1996
f 1996 2592 1998
f 1998 2593 2000
f 2000 2594 2002
f 2002 2595 2587
f 1798 2540 2591
f 1996 2591 2592
f 1998 2592 2593
f 2000 2593 2594
f 2002 2594 2595
f 2587 2595 2596
f 2596 2597 2598
f 2596 2595 2597
f 2571 2586 2599
f 2586 2600 2599
f 2599 2600 2601
f 2601 2600 2602
f 2601 2602 2603
f 2602 2604 2603
f 2603 2604 2605
f 2604 2606 2605
f 2605 2606 2607
f 2606 2608 2607
f 2607 2608 2609
f 1814 2007 2572
f 2007 2009 2610
f 2009 2011 2611
f 2011 2051 2612
f 2051 2053 2613
f 2053 2055 2614
f 2055 2197 2615
f 2197 2199 2616
f 2199 2201 2617
f 2201 2203 2618
f 2203 2213 2619
f 2213 2215 2620
f 2219 2621 2215
f 2219 2221 2622
f 2223 2623 2226
f 2226 2624 2228
f 2221 2229 2625
f 2228 2626 2229
f 2007 2610 2572
f 2009 2611 2610
f 2011 2612 2611
f 2051 2613 2612
f 2053 2614 2613
f 2055 2615 2614
f 2584 2627 2585
f 2627 2628 2585
f 2627 2629 2628
f 2628 2629 2630
f 2629 2631 2630
f 2630 2631 2632
f 2631 2633 2632
f 2632 2633 2634
f 2634 2633 2635
f 2634 2635 2636
f 2635 2637 2636
f 2636 2637 2638
f 2639 2640 2641
f 2640 2642 2641
f 2640 2643 2642
f 2197 2616 2615
f 2199 2617 2616
f 2201 2618 2617
f 2203 2619 2618
f 2638 2637 2644
f 2638 2644 2645
f 2645 2644 2646
f 2644 2647 2646
f 2647 2648 2646
f 2647 2649 2648
f 2648 2649 2650
f 2649 2651 2650
f 2213 2620 2619
f 2215 2621 2620
f 2219 2622 2621
f 2221 2625 2622
f 2223 2652 2623
f 2226 2623 2624
f 2229 2626 2625
f 2228 2624 2626
f 2649 2653 2651
f 2649 2654 2655
f 2654 2656 2657
f 2649 2655 2653
f 2653 2655 2658
f 2654 2657 2655
f 2656 2659 2660
f 2656 2660 2657
f 2658 2661 2662
f 2662 2661 2663
f 2663 2664 2665
f 2643 2665 2664
f 2643 2664 2642
f 2663 2661 2664
f 2658 2655 2661
f 2006 2590 2666
f 2006 2666 2232
f 2232 2667 2234
f 2232 2666 2667
f 2234 2668 2236
f 2667 2669 2234
f 2667 2670 2669
f 2236 2671 2238
f 2238 2672 2240
f 2223 2240 2652
f 2598 2673 2674
f 2674 2673 2670
f 2234 2669 2668
f 2598 2597 2673
f 2670 2673 2669
f 2236 2668 2671
f 2238 2671 2672
f 2652 2240 2672
f 2608 2675 2609
f 2675 2676 2609
f 2675 2677 2676
f 2676 2677 2678
f 2677 2679 2678
f 2678 2679 2680
f 2679 2681 2680
f 2639 2682 2681
f 2680 2681 2682
f 2639 2641 2682
f 1787 2554 1771
f 1787 1786 2551
f 1786 1778 2555
f 1778 1780 2549
f 1780 1779 2560
f 1779 1781 2563
f 1781 1788 2564
f 1788 1789 2565
f 1789 1773 2567
f 1773 1790 2569
f 1807 1805 2575
f 1807 2577 1808
f 1771 2553 1772
f 1772 2579 1805
f 1808 2578 1845
f 1845 2581 1847
f 1847 2583 1858
f 1790 1806 2570
f 1806 1809 2586
f 1771 2554 2553
f 1787 2551 2554
f 1786 2555 2551
f 1778 2549 2555
f 1780 2560 2549
f 1779 2563 2560
f 1781 2564 2563
f 1788 2565 2564
f 1789 2567 2565
f 1773 2569 2567
f 1807 2575 2577
f 1808 2577 2578
f 1772 2553 2579
f 1805 2579 2575
f 1845 2578 2581
f 1847 2581 2583
f 2583 2585 1858
f 1790 2570 2569
f 1806 2586 2570
f 1992 1994 2683
f 1992 2684 2685
f 1992 2685 2686
f 1992 2687 2688
f 1992 2689 2684
f 1992 2688 2689
f 1992 2690 2687
f 1992 2683 2690
f 2683 1994 2691
f 1992 2686 2692
f 1992 2692 2693
f 1992 2694 2695
f 1992 2693 2694
f 1992 2695 2696
f 1992 2696 2697
f 1992 2697 2698
f 1809 1877 2600
f 1877 1986 2602
f 1986 1990 2604
f 1990 1992 2606
f 1992 2698 2608
f 1809 2600 2586
f 1877 2602 2600
f 2698 2699 2608
f 2699 2700 2608
f 2700 2701 2608
f 2701 2702 2608
f 2702 2703 2608
f 2703 2704 2608
f 2704 2705 2608
f 2705 2706 2608
f 2706 2707 2608
f 1986 2604 2602
f 1990 2606 2604
f 1992 2608 2606
f 1858 2585 2039
f 2039 2628 2041
f 2041 2630 2043
f 2043 2632 2047
f 2047 2634 2191
f 2191 2636 2192
f 2192 2638 2195
f 2194 2196 2640
f 2196 2211 2643
f 2195 2645 2205
f 2205 2646 2206
f 2206 2648 2208
f 2208 2650 2209
f 2209 2651 2217
f 2217 2653 2218
f 2218 2658 2212
f 2212 2662 2210
f 2210 2663 2207
f 2211 2207 2665
f 2039 2585 2628
f 2041 2628 2630
f 2043 2630 2632
f 2047 2632 2634
f 2191 2634 2636
f 2192 2636 2638
f 2195 2638 2645
f 2194 2640 2639
f 2196 2643 2640
f 2205 2645 2646
f 2206 2646 2648
f 2208 2648 2650
f 2209 2650 2651
f 2217 2651 2653
f 2218 2653 2658
f 2212 2658 2662
f 2210 2662 2663
f 2207 2663 2665
f 2211 2665 2643
f 1994 2165 2708
f 1994 2708 2691
f 2165 2709 2708
f 2165 2710 2709
f 2165 2711 2710
f 2165 2712 2711
f 2165 2713 2712
f 2165 2714 2713
f 2165 2715 2714
f 2165 2716 2715
f 2165 2717 2716
f 2165 2718 2717
f 2165 2675 2718
f 2165 2170 2677
f 2170 2172 2679
f 2172 2193 2681
f 2194 2639 2193
f 2718 2675 2719
f 2720 2675 2721
f 2719 2675 2720
f 2721 2675 2722
f 2722 2675 2723
f 2707 2724 2675
f 2725 2675 2726
f 2727 2726 2675
f 2727 2675 2728
f 2723 2675 2729
f 2729 2675 2725
f 2724 2730 2675
f 2730 2728 2675
f 2165 2677 2675
f 2170 2679 2677
f 2172 2681 2679
f 2639 2681 2193
f 2707 2675 2608
f 2731 2732 2733
f 2734 2735 2732
f 2736 2737 2738
f 2734 2738 2739
f 2734 2732 2740
f 2736 2738 2741
f 2734 2742 2738
f 2731 2743 2732
f 2731 2744 2745
f 2736 2741 2746
f 2734 2740 2742
f 2738 2742 2741
f 2732 2743 2740
f 2731 2745 2743
f 2731 2747 2744
f 2731 2733 2747
f 2732 2735 2733
f 2734 2739 2735
f 2738 2737 2739
f 2744 2747 2748
f 2747 2733 2749
f 2733 2735 2750
f 2735 2739 2751
f 2739 2737 2752
f 2744 2748 2745
f 2747 2749 2748
f 2733 2750 2749
f 2735 2751 2750
f 2739 2752 2751
f 2736 2753 2754
f 2753 2755 2756
f 2757 2758 2759
f 2755 2757 2760
f 2758 2761 2762
f 2761 2763 2764
f 2763 2765 2766
f 2765 2767 2768
f 2767 2769 2770
f 2769 2771 2772
f 2771 2773 2774
f 2773 2775 2776
f 2775 2777 2778
f 2777 2779 2780
f 2779 2781 2782
f 2736 2746 2753
f 2753 2783 2755
f 2757 2784 2758
f 2755 2785 2757
f 2758 2786 2761
f 2761 2787 2763
f 2763 2788 2765
f 2765 2789 2767
f 2767 2790 2769
f 2769 2791 2771
f 2771 2792 2773
f 2773 2793 2775
f 2775 2794 2777
f 2777 2795 2779
f 2779 2796 2781
f 2781 2797 2798
f 2797 2799 2800
f 2799 2801 2802
f 2781 2803 2797
f 2797 2804 2799
f 2799 2805 2801
f 2801 2806 2807
f 2753 2746 2783
f 2755 2783 2785
f 2758 2784 2786
f 2757 2785 2784
f 2761 2786 2787
f 2763 2787 2788
f 2765 2788 2789
f 2767 2789 2790
f 2769 2790 2791
f 2771 2791 2792
f 2773 2792 2793
f 2775 2793 2794
f 2777 2794 2795
f 2779 2795 2796
f 2781 2796 2803
f 2797 2803 2804
f 2799 2804 2805
f 2801 2805 2806
f 2807 2806 2808
f 2736 2754 2737
f 2753 2756 2754
f 2755 2760 2756
f 2757 2759 2760
f 2758 2762 2759
f 2761 2764 2762
f 2763 2766 2764
f 2765 2768 2766
f 2767 2770 2768
f 2769 2772 2770
f 2771 2774 2772
f 2773 2776 2774
f 2775 2778 2776
f 2777 2780 2778
f 2779 2782 2780
f 2737 2754 2809
f 2754 2756 2810
f 2756 2760 2811
f 2760 2759 2812
f 2759 2762 2813
f 2762 2764 2814
f 2764 2766 2815
f 2766 2768 2816
f 2768 2770 2817
f 2770 2772 2818
f 2782 2819 2780
f 2774 2776 2820
f 2772 2774 2821
f 2776 2778 2822
f 2778 2780 2823
f 2781 2798 2782
f 2797 2800 2798
f 2799 2802 2800
f 2801 2807 2802
f 2807 2808 2802
f 2802 2824 2800
f 2798 2825 2782
f 2798 2800 2826
f 2737 2809 2752
f 2754 2810 2809
f 2756 2811 2810
f 2760 2812 2811
f 2759 2813 2812
f 2762 2814 2813
f 2764 2815 2814
f 2766 2816 2815
f 2768 2817 2816
f 2770 2818 2817
f 2772 2821 2818
f 2774 2820 2821
f 2776 2822 2820
f 2778 2823 2822
f 2780 2819 2823
f 2802 2808 2824
f 2800 2824 2826
f 2798 2826 2825
f 2782 2825 2819
f 2827 2828 2829
f 2830 2831 2832
f 2830 2833 2834
f 2833 2829 2835
f 2830 2834 2831
f 2833 2835 2834
f 2829 2828 2835
f 2827 2836 2837
f 2838 2839 2836
f 2838 2840 2841
f 2840 2842 2843
f 2842 2844 2845
f 2827 2846 2836
f 2827 2829 2847
f 2833 2848 2829
f 2830 2849 2833
f 2830 2832 2850
f 2832 2831 2851
f 2838 2852 2840
f 2838 2836 2853
f 2840 2854 2842
f 2842 2855 2844
f 2827 2847 2846
f 2829 2848 2847
f 2833 2849 2848
f 2830 2850 2849
f 2832 2851 2850
f 2831 2856 2851
f 2838 2853 2852
f 2840 2852 2854
f 2836 2846 2853
f 2842 2854 2855
f 2844 2855 2857
f 2827 2837 2828
f 2836 2839 2837
f 2838 2841 2839
f 2840 2843 2841
f 2842 2845 2843
f 2831 2834 2856
f 2834 2835 2858
f 2835 2828 2859
f 2828 2837 2860
f 2837 2839 2861
f 2839 2841 2862
f 2841 2843 2863
f 2843 2845 2864
f 2834 2858 2856
f 2835 2859 2858
f 2828 2860 2859
f 2837 2861 2860
f 2839 2862 2861
f 2841 2863 2862
f 2843 2864 2863
f 2865 2866 2844
f 2865 2867 2868
f 2867 2869 2870
f 2869 2871 2872
f 2871 2873 2874
f 2873 2875 2876
f 2875 2877 2878
f 2877 2879 2880
f 2879 2881 2882
f 2881 2883 2884
f 2883 2885 2886
f 2883 2886 2884
f 2885 2887 2888
f 2887 2889 2890
f 2885 2888 2886
f 2887 2890 2888
f 2889 2891 2892
f 2889 2892 2890
f 2891 2893 2892
f 2865 2894 2867
f 2867 2895 2869
f 2869 2896 2871
f 2871 2897 2873
f 2865 2844 2857
f 2873 2898 2875
f 2875 2899 2877
f 2877 2900 2879
f 2879 2901 2881
f 2881 2902 2883
f 2883 2903 2885
f 2885 2904 2887
f 2887 2905 2889
f 2889 2906 2891
f 2891 2907 2893
f 2893 2908 2892
f 2892 2909 2890
f 2867 2894 2895
f 2869 2895 2896
f 2871 2896 2897
f 2873 2897 2898
f 2865 2857 2894
f 2875 2898 2899
f 2877 2899 2900
f 2879 2900 2901
f 2881 2901 2902
f 2883 2902 2903
f 2885 2903 2904
f 2887 2904 2905
f 2889 2905 2906
f 2891 2906 2907
f 2893 2907 2908
f 2892 2908 2909
f 2844 2866 2845
f 2865 2868 2866
f 2867 2870 2868
f 2869 2872 2870
f 2871 2874 2872
f 2873 2876 2874
f 2875 2878 2876
f 2877 2880 2878
f 2879 2882 2880
f 2881 2884 2882
f 2845 2866 2910
f 2866 2868 2911
f 2868 2870 2912
f 2870 2872 2913
f 2872 2874 2914
f 2874 2876 2915
f 2882 2916 2880
f 2884 2886 2917
f 2882 2884 2918
f 2876 2878 2919
f 2878 2880 2920
f 2888 2921 2886
f 2890 2922 2888
f 2845 2910 2864
f 2866 2911 2910
f 2868 2912 2911
f 2870 2913 2912
f 2872 2914 2913
f 2874 2915 2914
f 2876 2919 2915
f 2882 2918 2916
f 2884 2917 2918
f 2878 2920 2919
f 2880 2916 2920
f 2886 2921 2917
f 2888 2922 2921
f 2890 2909 2922
f 2923 2924 2925
f 2926 2927 2928
f 2928 2929 2930
f 2928 2927 2929
f 2926 2931 2927
f 2925 2931 2926
f 2925 2924 2931
f 2923 2932 2933
f 2934 2935 2932
f 2934 2936 2937
f 2936 2938 2939
f 2938 2940 2941
f 2942 2943 2940
f 2942 2944 2945
f 2944 2946 2947
f 2946 2948 2949
f 2948 2950 2951
f 2950 2952 2953
f 2923 2925 2954
f 2925 2926 2955
f 2926 2928 2956
f 2928 2930 2957
f 2930 2929 2958
f 2934 2959 2936
f 2923 2960 2932
f 2934 2932 2961
f 2936 2962 2938
f 2938 2963 2940
f 2942 2964 2944
f 2944 2965 2946
f 2946 2966 2948
f 2948 2967 2950
f 2942 2940 2968
f 2950 2969 2952
f 2923 2954 2960
f 2926 2956 2955
f 2925 2955 2954
f 2928 2957 2956
f 2930 2958 2957
f 2929 2970 2958
f 2934 2961 2959
f 2936 2959 2962
f 2932 2960 2961
f 2938 2962 2963
f 2944 2964 2965
f 2946 2965 2966
f 2948 2966 2967
f 2950 2967 2969
f 2940 2963 2968
f 2942 2968 2964
f 2952 2969 2971
f 2923 2933 2924
f 2932 2935 2933
f 2934 2937 2935
f 2936 2939 2937
f 2938 2941 2939
f 2940 2943 2941
f 2942 2945 2943
f 2944 2947 2945
f 2946 2949 2947
f 2948 2951 2949
f 2950 2953 2951
f 2929 2927 2970
f 2927 2931 2972
f 2931 2924 2973
f 2924 2933 2974
f 2933 2935 2975
f 2935 2937 2976
f 2937 2939 2977
f 2939 2941 2978
f 2941 2943 2979
f 2943 2945 2980
f 2945 2947 2981
f 2947 2949 2982
f 2949 2951 2983
f 2951 2953 2984
f 2927 2972 2970
f 2931 2973 2972
f 2924 2974 2973
f 2933 2975 2974
f 2935 2976 2975
f 2937 2977 2976
f 2939 2978 2977
f 2941 2979 2978
f 2943 2980 2979
f 2945 2981 2980
f 2947 2982 2981
f 2949 2983 2982
f 2951 2984 2983
f 2952 2985 2986
f 2985 2987 2988
f 2987 2989 2990
f 2989 2991 2992
f 2991 2993 2992
f 2991 2994 2993
f 2994 2995 2996
f 2995 2997 2998
f 2994 2996 2993
f 2997 2999 2998
f 2997 3000 2999
f 3000 3001 2999
f 2995 2998 2996
f 2952 2971 2985
f 2985 3002 2987
f 2987 3003 2989
f 2989 3004 2991
f 2991 3005 2994
f 2994 3006 2995
f 2995 3007 2997
f 2997 3008 3000
f 3000 3009 3001
f 3001 3010 2999
f 2999 3011 2998
f 2985 2971 3002
f 2987 3002 3003
f 2989 3003 3004
f 2991 3004 3005
f 2994 3005 3006
f 2995 3006 3007
f 2997 3007 3008
f 3000 3008 3009
f 3001 3009 3010
f 2999 3010 3011
f 2952 2986 2953
f 2985 2988 2986
f 2987 2990 2988
f 2989 2992 2990
f 2988 2990 3012
f 2990 2992 3013
f 2953 2986 3014
f 2986 2988 3015
f 2996 3016 2993
f 2998 3017 2996
f 2992 2993 3018
f 2992 3018 3013
f 2990 3013 3012
f 2953 3014 2984
f 2986 3015 3014
f 2988 3012 3015
f 2993 3016 3018
f 2998 3011 3017
f 2996 3017 3016
f 3019 3020 3021
f 3019 3022 3023
f 3024 3025 3022
f 3019 3026 3022
f 3024 3022 3027
f 3019 3021 3028
f 3021 3029 3030
f 3031 3032 3024
f 3031 3033 3034
f 3033 3035 3036
f 3035 3037 3038
f 3037 3039 3040
f 3039 3041 3042
f 3041 3043 3044
f 3043 3045 3046
f 3045 3047 3048
f 3047 3049 3050
f 3049 3051 3052
f 3051 3053 3054
f 3053 3055 3056
f 3055 3057 3058
f 3057 3059 3060
f 3031 3061 3033
f 3033 3062 3035
f 3037 3063 3039
f 3035 3064 3037
f 3031 3024 3065
f 3039 3066 3041
f 3041 3067 3043
f 3043 3068 3045
f 3045 3069 3047
f 3047 3070 3049
f 3049 3071 3051
f 3051 3072 3053
f 3053 3073 3055
f 3055 3074 3057
f 3057 3075 3059
f 3024 3027 3065
f 3022 3026 3027
f 3019 3028 3026
f 3021 3030 3028
f 3031 3065 3061
f 3033 3061 3062
f 3035 3062 3064
f 3037 3064 3063
f 3039 3063 3066
f 3041 3066 3067
f 3043 3067 3068
f 3045 3068 3069
f 3047 3069 3070
f 3049 3070 3071
f 3051 3071 3072
f 3053 3072 3073
f 3055 3073 3074
f 3057 3074 3075
f 3059 3075 3076
f 3021 3077 3029
f 3021 3020 3077
f 3019 3023 3020
f 3022 3025 3023
f 3029 3077 3078
f 3077 3020 3079
f 3020 3023 3080
f 3023 3025 3081
f 3024 3032 3025
f 3031 3034 3032
f 3033 3036 3034
f 3035 3038 3036
f 3037 3040 3038
f 3039 3042 3040
f 3041 3044 3042
f 3043 3046 3044
f 3045 3048 3046
f 3047 3050 3048
f 3049 3052 3050
f 3053 3056 3054
f 3051 3054 3052
f 3055 3058 3056
f 3057 3060 3058
f 3025 3032 3082
f 3032 3034 3083
f 3034 3036 3084
f 3036 3038 3085
f 3038 3040 3086
f 3040 3042 3087
f 3042 3044 3088
f 3044 3046 3089
f 3046 3048 3090
f 3048 3050 3091
f 3050 3052 3092
f 3054 3056 3093
f 3052 3054 3094
f 3056 3058 3095
f 3058 3060 3096
f 3029 3078 3030
f 3077 3079 3078
f 3020 3080 3079
f 3023 3081 3080
f 3025 3082 3081
f 3032 3083 3082
f 3034 3084 3083
f 3036 3085 3084
f 3038 3086 3085
f 3040 3087 3086
f 3042 3088 3087
f 3044 3089 3088
f 3046 3090 3089
f 3048 3091 3090
f 3050 3092 3091
f 3054 3093 3094
f 3052 3094 3092
f 3056 3095 3093
f 3058 3096 3095
f 3059 3097 3098
f 3097 3099 3100
f 3099 3101 3102
f 3101 3103 3104
f 3059 3076 3097
f 3097 3105 3099
f 3099 3106 3101
f 3101 3107 3103
f 3103 3108 3109
f 3097 3076 3105
f 3099 3105 3106
f 3101 3106 3107
f 3103 3107 3108
f 3109 3108 3110
f 3097 3100 3098
f 3059 3098 3060
f 3099 3102 3100
f 3101 3104 3102
f 3103 3109 3104
f 3109 3110 3104
f 3102 3104 3111
f 3098 3100 3112
f 3098 3113 3060
f 3102 3114 3100
f 3104 3110 3111
f 3102 3111 3114
f 3098 3112 3113
f 3100 3114 3112
f 3060 3113 3096
f 3115 3116 3117
f 3118 3119 3116
f 3118 3120 3121
f 3120 3122 3123
f 3122 3124 3125
f 3124 3126 3127
f 3126 3128 3129
f 3128 3130 3131
f 3130 3132 3133
f 3132 3134 3135
f 3136 3137 3138
f 3139 3136 3140
f 3118 3141 3120
f 3120 3142 3122
f 3115 3143 3116
f 3139 3144 3115
f 3118 3116 3145
f 3122 3146 3124
f 3124 3147 3126
f 3126 3148 3128
f 3128 3149 3130
f 3130 3150 3132
f 3132 3151 3134
f 3137 3152 3138
f 3136 3138 3140
f 3139 3140 3144
f 3118 3145 3141
f 3120 3141 3142
f 3115 3144 3143
f 3116 3143 3145
f 3122 3142 3146
f 3124 3146 3147
f 3126 3147 3148
f 3128 3148 3149
f 3130 3149 3150
f 3132 3150 3151
f 3134 3151 3153
f 3154 3155 3156
f 3137 3157 3154
f 3154 3157 3155
f 3136 3158 3137
f 3139 3159 3136
f 3137 3158 3157
f 3136 3159 3158
f 3139 3115 3160
f 3139 3160 3159
f 3115 3117 3160
f 3116 3119 3117
f 3118 3121 3119
f 3120 3123 3121
f 3122 3125 3123
f 3124 3127 3125
f 3126 3129 3127
f 3128 3131 3129
f 3130 3133 3131
f 3132 3135 3133
f 3137 3154 3152
f 3154 3156 3161
f 3156 3155 3162
f 3155 3157 3163
f 3157 3158 3164
f 3158 3159 3165
f 3159 3160 3166
f 3160 3117 3167
f 3117 3119 3168
f 3119 3121 3169
f 3121 3123 3170
f 3123 3125 3171
f 3135 3172 3133
f 3125 3127 3173
f 3127 3129 3174
f 3129 3131 3175
f 3131 3133 3176
f 3154 3161 3152
f 3156 3162 3161
f 3155 3163 3162
f 3157 3164 3163
f 3158 3165 3164
f 3159 3166 3165
f 3160 3167 3166
f 3117 3168 3167
f 3119 3169 3168
f 3121 3170 3169
f 3123 3171 3170
f 3133 3172 3176
f 3125 3173 3171
f 3127 3174 3173
f 3129 3175 3174
f 3131 3176 3175
f 3134 3177 3178
f 3177 3179 3180
f 3179 3181 3182
f 3181 3183 3184
f 3183 3185 3186
f 3134 3153 3177
f 3177 3187 3179
f 3179 3188 3181
f 3181 3189 3183
f 3183 3190 3185
f 3185 3191 3192
f 3192 3193 3194
f 3194 3195 3196
f 3177 3153 3187
f 3179 3187 3188
f 3181 3188 3189
f 3183 3189 3190
f 3185 3190 3191
f 3192 3191 3193
f 3194 3193 3195
f 3134 3178 3135
f 3177 3180 3178
f 3179 3182 3180
f 3181 3184 3182
f 3183 3186 3184
f 3185 3192 3197
f 3192 3194 3198
f 3194 3196 3199
f 3192 3198 3197
f 3194 3199 3198
f 3196 3200 3199
f 3185 3197 3186
f 3135 3178 3201
f 3178 3180 3202
f 3184 3203 3182
f 3180 3182 3204
f 3196 3205 3200
f 3200 3206 3199
f 3198 3199 3207
f 3197 3198 3208
f 3197 3209 3186
f 3184 3186 3210
f 3135 3201 3172
f 3178 3202 3201
f 3184 3210 3203
f 3180 3204 3202
f 3182 3203 3204
f 3196 3195 3205
f 3200 3205 3206
f 3199 3206 3207
f 3198 3207 3208
f 3197 3208 3209
f 3186 3209 3210
f 3211 3212 3213
f 3212 3214 3215
f 3214 3216 3217
f 3216 3218 3219
f 3220 3221 3211
f 3222 3223 3224
f 3220 3222 3225
f 3214 3226 3216
f 3216 3227 3218
f 3211 3228 3212
f 3212 3229 3214
f 3222 3224 3225
f 3223 3230 3224
f 3220 3225 3221
f 3214 3229 3226
f 3216 3226 3227
f 3218 3227 3231
f 3212 3228 3229
f 3211 3221 3228
f 3222 3232 3223
f 3233 3234 3235
f 3233 3236 3234
f 3223 3236 3233
f 3220 3237 3222
f 3223 3232 3236
f 3222 3237 3232
f 3220 3238 3237
f 3220 3211 3238
f 3211 3213 3238
f 3212 3215 3213
f 3214 3217 3215
f 3216 3219 3217
f 3223 3233 3230
f 3233 3235 3239
f 3235 3234 3240
f 3234 3236 3241
f 3236 3232 3242
f 3232 3237 3243
f 3237 3238 3244
f 3238 3213 3245
f 3213 3215 3246
f 3215 3217 3247
f 3217 3219 3248
f 3233 3239 3230
f 3235 3240 3239
f 3234 3241 3240
f 3236 3242 3241
f 3232 3243 3242
f 3237 3244 3243
f 3238 3245 3244
f 3213 3246 3245
f 3215 3247 3246
f 3217 3248 3247
f 3218 3249 3250
f 3249 3251 3252
f 3251 3253 3254
f 3253 3255 3256
f 3255 3257 3258
f 3257 3259 3260
f 3259 3261 3262
f 3261 3263 3264
f 3263 3265 3266
f 3265 3267 3268
f 3267 3269 3270
f 3218 3231 3249
f 3249 3271 3251
f 3251 3272 3253
f 3253 3273 3255
f 3255 3274 3257
f 3257 3275 3259
f 3259 3276 3261
f 3261 3277 3263
f 3263 3278 3265
f 3265 3279 3267
f 3267 3280 3269
f 3269 3281 3282
f 3282 3283 3284
f 3284 3285 3286
f 3249 3231 3271
f 3251 3271 3272
f 3253 3272 3273
f 3255 3273 3274
f 3257 3274 3275
f 3259 3275 3276
f 3261 3276 3277
f 3263 3277 3278
f 3265 3278 3279
f 3267 3279 3280
f 3269 3280 3281
f 3282 3281 3283
f 3284 3283 3285
f 3218 3250 3219
f 3249 3252 3250
f 3251 3254 3252
f 3253 3256 3254
f 3255 3258 3256
f 3257 3260 3258
f 3259 3262 3260
f 3261 3264 3262
f 3263 3266 3264
f 3265 3268 3266
f 3267 3270 3268
f 3269 3282 3287
f 3282 3288 3287
f 3282 3284 3288
f 3284 3286 3289
f 3286 3290 3289
f 3284 3289 3288
f 3269 3287 3270
f 3219 3250 3291
f 3260 3292 3258
f 3250 3252 3293
f 3252 3254 3294
f 3254 3256 3295
f 3256 3258 3296
f 3260 3262 3297
f 3262 3264 3298
f 3268 3299 3266
f 3268 3270 3300
f 3264 3266 3301
f 3286 3302 3290
f 3290 3303 3289
f 3289 3304 3288
f 3288 3305 3287
f 3287 3306 3270
f 3219 3291 3248
f 3258 3292 3296
f 3260 3297 3292
f 3250 3293 3291
f 3252 3294 3293
f 3254 3295 3294
f 3256 3296 3295
f 3262 3298 3297
f 3268 3300 3299
f 3264 3301 3298
f 3266 3299 3301
f 3286 3285 3302
f 3290 3302 3303
f 3289 3303 3304
f 3287 3305 3306
f 3288 3304 3305
f 3270 3306 3300
f 3307 3308 3309
f 3308 3310 3309
f 3311 3307 3312
f 3311 3312 3313
f 3307 3309 3312
f 3309 3310 3072
f 3312 3309 3061
f 3314 2532 3315
f 3315 2541 3316
f 3314 3315 3317
f 3317 3315 3318
f 3315 3316 3319
f 3315 3319 3318
f 3318 3319 2550
f 3319 2552 2550
f 3314 3308 2529
f 3314 2529 2531
f 3308 2530 2529
f 3308 2533 2530
f 3308 2534 2533
f 3314 2531 2532
f 3315 2532 2541
f 3314 3310 3308
f 3314 3317 3310
f 3317 3318 2547
f 3317 3320 3310
f 3317 2558 2561
f 3317 2547 2556
f 3317 2556 2558
f 3318 2550 2548
f 2547 3318 2548
f 3311 3321 3322
f 3307 3323 3308
f 3311 3324 3307
f 3321 3325 3326
f 3321 3326 3322
f 3311 3322 3324
f 3307 3324 3323
f 3311 3313 3321
f 3321 3327 3325
f 3312 3061 3065
f 3321 3313 3327
f 3312 3328 3313
f 3312 3027 3026
f 3312 3065 3027
f 3312 3026 3028
f 3312 3028 3030
f 3309 3063 3064
f 3309 3066 3063
f 3309 3067 3066
f 3309 3068 3067
f 3309 3069 3068
f 3309 3070 3069
f 3309 3062 3061
f 3309 3064 3062
f 3309 3071 3070
f 3309 3072 3071
f 3310 3073 3072
f 3310 3074 3073
f 3310 3075 3074
f 3325 3328 3326
f 3325 3327 3328
f 3313 3328 3327
f 3312 3329 3328
f 3312 3030 3329
f 3030 3078 3329
f 3078 3079 3329
f 3079 3080 3329
f 3080 3081 3329
f 3326 3328 3329
f 3081 3082 3329
f 3082 3083 3329
f 3083 3084 3329
f 3084 3085 3329
f 3085 3086 3329
f 3086 3087 3329
f 3087 3088 3329
f 3088 3089 3330
f 3089 3090 3330
f 3093 3095 3330
f 3095 3096 3330
f 3090 3091 3330
f 3091 3092 3330
f 3092 3094 3330
f 3094 3093 3330
f 3326 3329 3322
f 3322 3330 3324
f 3322 3329 3330
f 3088 3330 3329
f 3096 3320 3330
f 3324 3320 3323
f 3324 3330 3320
f 3308 3331 2534
f 3310 3076 3075
f 3310 3105 3076
f 3310 3106 3105
f 3310 3107 3106
f 3310 3108 3107
f 3310 3110 3108
f 3317 2561 3320
f 3310 3320 3110
f 3114 3111 3320
f 3110 3320 3111
f 3113 3112 3320
f 3114 3320 3112
f 3113 3320 3096
f 3308 3323 3331
f 2534 3331 2535
f 2535 3331 2536
f 2536 3331 2537
f 2537 3331 3332
f 2537 3332 2538
f 2538 3332 2539
f 2561 2557 3320
f 2557 2559 3320
f 2559 2562 3320
f 3323 3333 3331
f 2562 3333 3320
f 3323 3320 3333
f 2562 2566 3333
f 2566 2568 3333
f 2568 2571 3334
f 3316 2541 2542
f 3316 2543 3335
f 3316 2542 2543
f 3335 2545 3336
f 3336 2545 2544
f 3335 2543 2545
f 3316 3335 3337
f 3316 3337 3319
f 3335 3338 3337
f 3337 3140 3138
f 3337 3143 3144
f 3337 3144 3140
f 3337 3138 3152
f 3337 3141 3145
f 3337 3142 3141
f 3337 3145 3143
f 3337 3146 3142
f 3337 3338 3146
f 3146 3338 3147
f 3319 3337 2552
f 2552 3337 3152
f 2552 3152 3161
f 2552 3161 3162
f 2552 3162 3163
f 2552 3163 2573
f 3163 3164 2573
f 3164 3165 2573
f 3165 3166 2573
f 3166 3167 2573
f 3167 3168 2573
f 3168 3169 2573
f 3169 3170 2573
f 3170 3171 2573
f 3171 3173 2573
f 3173 3174 2573
f 3174 3175 2573
f 3175 3176 2573
f 2573 3176 3172
f 2573 3172 2574
f 3335 3336 3338
f 3336 3339 3340
f 3147 3338 3148
f 3148 3338 3149
f 3149 3338 3150
f 3150 3338 3151
f 3338 3153 3151
f 3338 3187 3153
f 3338 3188 3187
f 3338 3189 3188
f 3338 3190 3189
f 3338 3191 3190
f 3338 3193 3191
f 3338 3195 3193
f 3338 3205 3195
f 3338 3206 3205
f 3338 3207 3206
f 3338 3208 3207
f 3338 2574 3208
f 3338 2576 2574
f 3336 3340 3338
f 3338 3340 2576
f 3209 2574 3210
f 3203 3210 2574
f 3209 3208 2574
f 3172 3201 2574
f 3201 3202 2574
f 3202 3204 2574
f 3203 2574 3204
f 3336 2544 3339
f 3339 2546 3341
f 3339 2544 2546
f 3341 2546 2572
f 3341 2572 3342
f 3339 3341 3343
f 3340 2580 2576
f 3339 3343 3340
f 3340 3343 2580
f 2580 3343 2582
f 3341 3342 3344
f 3341 3344 3343
f 3343 3344 2582
f 2582 3344 2584
f 2539 3332 3345
f 2539 3345 2540
f 3331 3334 3332
f 3331 3333 3334
f 3332 3334 3345
f 2568 3334 3333
f 2571 3346 3334
f 3345 3334 3346
f 2540 3345 3347
f 2540 3347 2591
f 2591 3347 2592
f 2592 3347 3348
f 2592 3348 2593
f 3348 3349 2593
f 2571 2599 3346
f 3346 2599 2956
f 3346 2956 2957
f 3346 2957 2958
f 3346 2958 2970
f 2599 2960 2954
f 2599 2961 2960
f 2599 2959 2961
f 2599 2955 2956
f 2599 2954 2955
f 2599 2963 2962
f 2599 2968 2963
f 2599 2964 2968
f 2599 2965 2964
f 2599 2962 2959
f 2599 2966 2965
f 2599 2601 2966
f 2966 2601 2967
f 3345 3346 3347
f 3347 3350 3348
f 3346 3350 3347
f 3346 2970 3350
f 2970 2972 3350
f 2972 2973 3350
f 2973 2974 3350
f 2974 2975 3350
f 2975 2976 3350
f 2976 2977 3350
f 2977 2978 3350
f 3350 2978 2979
f 3350 2979 3351
f 2967 2601 2969
f 2969 2601 2971
f 2601 3002 2971
f 2601 2603 3002
f 3002 2603 3003
f 3003 2603 3004
f 3004 2603 3005
f 3005 2603 3006
f 3006 2603 3007
f 3007 2603 3008
f 3348 3351 3349
f 3008 3351 3009
f 3009 3351 3010
f 3010 3351 3011
f 3011 3351 3017
f 3016 3351 3018
f 3017 3351 3016
f 2979 2980 3351
f 2980 2981 3351
f 2981 2982 3351
f 2982 2983 3351
f 2983 2984 3351
f 2984 3014 3351
f 3014 3015 3351
f 3015 3012 3351
f 3012 3013 3351
f 3013 3018 3351
f 3008 2603 3351
f 3348 3350 3351
f 3351 2603 2605
f 3349 3351 3352
f 2593 3349 2594
f 2594 3353 2595
f 3349 3353 2594
f 3353 3354 2595
f 2595 3354 2597
f 3349 3352 3353
f 3351 2605 3352
f 3352 2605 2607
f 3352 3355 3353
f 3352 2607 3355
f 3353 3355 3354
f 3355 2607 2609
f 3355 3356 3354
f 3355 2609 3356
f 3342 2572 2610
f 3342 2610 3357
f 3357 2611 3358
f 2610 2611 3357
f 2611 2612 3358
f 3342 3357 3359
f 3342 3359 3344
f 3344 3359 2584
f 2584 3359 2627
f 3357 3358 3360
f 3357 3360 3359
f 2627 3359 3360
f 2627 3360 2629
f 2629 3360 3361
f 3358 2612 3362
f 2612 2613 3362
f 3362 2613 3363
f 3363 2613 2614
f 3363 2614 2615
f 3363 2615 3364
f 3358 3362 3361
f 3358 3361 3360
f 2629 3361 2631
f 3362 3365 3361
f 2631 3361 3241
f 3361 3228 3221
f 3361 3229 3228
f 3361 3226 3229
f 3361 3227 3226
f 3361 3231 3227
f 3361 3271 3231
f 3361 3272 3271
f 3361 3273 3272
f 3361 3274 3273
f 3361 3275 3274
f 3361 3225 3224
f 3361 3221 3225
f 3361 3224 3230
f 3361 3230 3239
f 3361 3239 3240
f 3361 3240 3241
f 2631 3241 3242
f 2631 3242 3243
f 2631 3243 3244
f 2631 3244 3245
f 2631 3245 3246
f 2631 3246 3247
f 2631 3247 2633
f 3247 3248 2633
f 3248 3291 2633
f 2633 3291 3293
f 3362 3363 3365
f 3363 3364 3366
f 3361 3365 3275
f 3275 3365 3276
f 3276 3365 3277
f 3365 3278 3277
f 3365 3279 3278
f 3365 3280 3279
f 3365 3281 3280
f 3365 3283 3281
f 3365 3285 3283
f 3363 3366 3365
f 3365 3366 3285
f 2633 3293 3294
f 2633 3294 2635
f 3294 3295 2635
f 3298 3301 2635
f 3295 3296 2635
f 3292 2635 3296
f 3292 3297 2635
f 3297 3298 2635
f 3305 2635 3306
f 3304 2635 3305
f 3299 2635 3301
f 3299 3300 2635
f 3306 2635 3300
f 3285 3366 3302
f 3302 3366 3303
f 3303 3366 3304
f 3304 3366 2635
f 2635 3366 2637
f 3364 2615 2616
f 3364 2616 3367
f 3364 3367 3368
f 3364 3368 3366
f 3366 3368 2637
f 3368 3369 2644
f 3367 3370 3368
f 3368 3370 3369
f 3367 2616 2617
f 3367 2617 2618
f 3367 2618 3370
f 3370 2618 2619
f 3370 2619 2620
f 3370 2620 2621
f 3370 3371 3372
f 3368 2644 2637
f 2644 3369 2647
f 3370 3372 3369
f 2647 3369 2649
f 3369 3372 3373
f 3369 3373 2649
f 3373 2654 2649
f 3373 2656 2654
f 3373 2659 2656
f 3372 3374 3373
f 3374 3375 3373
f 3374 3376 3375
f 3376 3377 3378
f 3373 3375 2746
f 3375 3378 2790
f 3376 3378 3375
f 3370 2621 3371
f 3373 2746 2741
f 3373 2742 2740
f 3373 2741 2742
f 3373 2743 2745
f 3373 2740 2743
f 3373 3379 2659
f 3373 2745 3380
f 2745 2748 3380
f 2748 2749 3380
f 2749 2750 3380
f 2750 2751 3380
f 2751 2752 3380
f 2752 2809 3380
f 2652 3381 2623
f 2623 3382 2624
f 2622 3371 2621
f 2622 2625 3371
f 2625 2626 3371
f 2624 3382 2626
f 2626 3382 3371
f 2661 2655 3383
f 2664 2661 3383
f 2660 3379 2657
f 2657 3379 2655
f 2660 2659 3379
f 3373 3380 3379
f 3371 3382 3380
f 2655 3379 3383
f 3380 3382 3379
f 3372 3384 3374
f 3374 3385 3376
f 3376 3386 3377
f 3374 3384 3385
f 3372 3371 3384
f 3376 3385 3386
f 3377 3386 3387
f 3377 3387 3388
f 3375 2784 2785
f 3375 2786 2784
f 3375 2787 2786
f 3375 2788 2787
f 3375 2783 2746
f 3375 2785 2783
f 3375 2789 2788
f 3375 2790 2789
f 3378 2791 2790
f 3378 2792 2791
f 3378 2793 2792
f 3378 2794 2793
f 3378 2795 2794
f 3378 3377 3388
f 3378 2796 2795
f 3378 2803 2796
f 3387 3389 3388
f 3378 2804 2803
f 3378 2805 2804
f 3378 2806 2805
f 3378 2808 2806
f 3378 3388 3390
f 3387 3386 3389
f 3386 3385 3391
f 2809 2810 3380
f 2810 2811 3380
f 2811 2812 3380
f 2812 2813 3392
f 2813 2814 3392
f 2820 2822 3392
f 2822 2823 3392
f 2814 2815 3392
f 2815 2816 3392
f 2816 2817 3392
f 2817 2818 3392
f 2818 2821 3392
f 2821 2820 3392
f 3386 3391 3389
f 3378 3390 2808
f 2808 3390 2824
f 2824 3390 2826
f 2825 3390 2819
f 2825 2826 3390
f 3388 3391 3390
f 3388 3389 3391
f 2819 3390 2823
f 3384 3390 3385
f 2823 3390 3392
f 3384 3392 3390
f 2812 3392 3380
f 3391 3385 3390
f 3371 3392 3384
f 3371 3380 3392
f 2597 3354 3393
f 2597 3393 2673
f 2673 3394 2669
f 2673 3393 3394
f 2669 3394 3395
f 3393 3354 3356
f 2609 2676 3356
f 3393 3356 3396
f 2676 3396 3356
f 3393 3396 3394
f 2676 2678 3396
f 3396 3397 3394
f 3396 2678 3397
f 2678 2680 3397
f 2668 3398 2671
f 2669 3395 2668
f 2668 3395 3398
f 2671 3399 2672
f 2671 3398 3399
f 2652 2672 3399
f 2682 2852 2853
f 2682 2854 2852
f 2682 2855 2854
f 2682 2857 2855
f 2682 2847 2848
f 2682 2853 2846
f 2682 2846 2847
f 3394 3397 3395
f 3395 3400 3398
f 2680 3400 3397
f 3395 3397 3400
f 2680 2682 3400
f 2682 2848 3400
f 2849 3400 2848
f 2849 2850 3400
f 2850 2851 3400
f 2851 2856 3400
f 2856 2858 3400
f 2858 2859 3400
f 2859 2860 3400
f 2860 2861 3400
f 2861 2862 3400
f 2862 2863 3400
f 2863 2864 3400
f 2864 2910 3400
f 2910 2911 3400
f 3400 2911 2912
f 3400 2912 2913
f 3400 2913 2914
f 2682 2641 2857
f 2894 2857 2641
f 2894 2641 2895
f 2641 2896 2895
f 2641 2897 2896
f 2641 2898 2897
f 2641 2899 2898
f 2641 2900 2899
f 2641 2901 2900
f 2641 2902 2901
f 2641 2903 2902
f 2641 2904 2903
f 2641 2905 2904
f 2641 2906 2905
f 2642 2906 2641
f 2642 2907 2906
f 2642 2908 2907
f 2642 2909 2908
f 2642 3401 2909
f 2642 3402 3401
f 3398 3401 3399
f 3398 3400 3401
f 3400 2914 2915
f 3400 2915 3401
f 2915 2919 3401
f 2916 2918 3401
f 2919 2920 3401
f 2916 3401 2920
f 2909 3401 2922
f 2921 3401 2917
f 2918 2917 3401
f 2922 3401 2921
f 3401 3402 3399
f 2652 3399 3381
f 2623 3381 3382
f 3399 3402 3381
f 2642 2664 3402
f 2664 3383 3402
f 3381 3402 3383
f 3381 3379 3382
f 3381 3383 3379
f 2588 22 2589
f 2589 22 2590
f 22 2666 2590
f 2588 14 22
f 2588 2587 14
f 2587 2596 14
f 2596 39 14
f 22 38 2666
f 2666 38 2667
f 2667 38 2670
f 38 39 2670
f 2596 2598 39
f 2598 2674 39
f 2674 2670 39
f 2685 183 2686
f 2687 186 2688
f 2688 185 2689
f 2690 2683 188
f 2683 2691 276
f 2690 187 2687
f 2684 2689 182
f 2685 2684 181
f 2686 183 184
f 2688 186 185
f 2683 276 188
f 2687 187 186
f 2690 188 187
f 2684 182 181
f 2689 185 182
f 2685 181 183
f 2686 184 2692
f 2692 190 2693
f 2693 189 2694
f 2694 191 2695
f 2695 192 2696
f 2696 193 2697
f 2697 124 2698
f 2698 209 2699
f 2699 210 2700
f 2700 211 2701
f 2701 212 2702
f 2692 184 190
f 2693 190 189
f 2694 189 191
f 2695 191 192
f 2696 192 193
f 2697 193 124
f 2698 124 209
f 2699 209 210
f 2700 210 211
f 2701 211 212
f 2702 212 213
f 2702 213 2703
f 2703 214 2704
f 2704 215 2705
f 2705 216 2706
f 2706 217 2707
f 2703 213 214
f 2704 214 215
f 2705 215 216
f 2706 216 217
f 217 218 2707
f 2691 2708 277
f 2708 2709 278
f 2709 2710 279
f 2710 2711 280
f 2711 2712 281
f 2712 2713 282
f 2714 283 2713
f 2714 2715 284
f 2691 277 276
f 2708 278 277
f 2709 279 278
f 2710 280 279
f 2711 281 280
f 2712 282 281
f 2713 283 282
f 2714 284 283
f 2715 2716 285
f 2716 2717 286
f 2717 2718 287
f 2718 2719 288
f 2719 2720 289
f 2729 2725 297
f 2725 2726 295
f 2720 2721 290
f 2721 2722 291
f 2722 2723 292
f 2723 2729 296
f 2715 285 284
f 2716 286 285
f 2717 287 286
f 2718 288 287
f 2719 289 288
f 2729 297 296
f 2725 295 297
f 2720 290 289
f 2721 291 290
f 2722 292 291
f 2723 296 292
f 2707 218 2724
f 2724 219 2730
f 2730 220 2728
f 2727 293 2726
f 2727 2728 294
f 2724 218 219
f 2730 219 220
f 2728 220 294
f 2726 293 295
f 2727 294 293
f 3403 3404 3405
f 3406 3407 3408
f 3406 3409 3410
f 3409 3411 3412
f 3403 3408 3413
f 3414 3415 3416
f 3405 3417 3414
f 3416 3418 3419
f 3419 3420 3421
f 3422 3421 3423
f 3422 3424 3425
f 3425 3426 3427
f 3427 3428 3429
f 3429 3430 3431
f 3431 3432 3433
f 3433 3434 3435
f 3435 3436 3437
f 3437 3438 3439
f 3439 3440 3441
f 3441 3442 3443
f 3443 3444 3445
f 3445 3446 3447
f 3447 3448 3449
f 3449 3450 3451
f 3405 3404 3417
f 3406 3410 3407
f 3409 3412 3410
f 3403 3413 3404
f 3408 3407 3413
f 3416 3415 3418
f 3414 3417 3415
f 3419 3418 3420
f 3422 3423 3424
f 3425 3424 3426
f 3427 3426 3428
f 3429 3428 3430
f 3431 3430 3432
f 3421 3420 3423
f 3433 3432 3434
f 3435 3434 3436
f 3437 3436 3438
f 3439 3438 3440
f 3441 3440 3442
f 3443 3442 3444
f 3445 3444 3446
f 3447 3446 3448
f 3449 3448 3450
f 3451 3450 3452
f 3407 3453 3413
f 3407 3410 3454
f 3404 3413 3455
f 3404 3456 3417
f 3417 3457 3415
f 3415 3458 3418
f 3418 3459 3420
f 3420 3460 3423
f 3424 3423 3461
f 3424 3462 3426
f 3426 3463 3428
f 3428 3464 3430
f 3430 3465 3432
f 3432 3466 3434
f 3434 3467 3436
f 3436 3468 3438
f 3438 3469 3440
f 3440 3470 3442
f 3442 3471 3444
f 3444 3472 3446
f 3446 3473 3448
f 3448 3474 3450
f 3411 3475 3454
f 3475 3476 3453
f 3476 3477 3455
f 3477 3478 3456
f 3478 3479 3457
f 3479 3480 3458
f 3480 3481 3459
f 3481 3482 3460
f 3482 3483 3461
f 3483 3484 3462
f 3484 3485 3463
f 3485 3486 3464
f 3486 3487 3465
f 3487 3488 3466
f 3489 3490 3468
f 3490 3491 3469
f 3492 3473 3493
f 3494 3495 3471
f 3491 3494 3470
f 3495 3493 3472
f 3489 3467 3488
f 3451 3452 3496
f 3496 3497 3498
f 3492 3498 3474
f 3411 3454 3412
f 3475 3453 3454
f 3476 3455 3453
f 3477 3456 3455
f 3478 3457 3456
f 3479 3458 3457
f 3480 3459 3458
f 3481 3460 3459
f 3482 3461 3460
f 3483 3462 3461
f 3484 3463 3462
f 3485 3464 3463
f 3486 3465 3464
f 3487 3466 3465
f 3489 3468 3467
f 3490 3469 3468
f 3492 3474 3473
f 3493 3473 3472
f 3494 3471 3470
f 3491 3470 3469
f 3495 3472 3471
f 3488 3467 3466
f 3496 3452 3497
f 3498 3497 3474
f 3410 3412 3454
f 3407 3454 3453
f 3413 3453 3455
f 3404 3455 3456
f 3417 3456 3457
f 3415 3457 3458
f 3418 3458 3459
f 3420 3459 3460
f 3423 3460 3461
f 3424 3461 3462
f 3426 3462 3463
f 3428 3463 3464
f 3430 3464 3465
f 3432 3465 3466
f 3434 3466 3467
f 3436 3467 3468
f 3438 3468 3469
f 3440 3469 3470
f 3442 3470 3471
f 3444 3471 3472
f 3446 3472 3473
f 3450 3497 3452
f 3450 3474 3497
f 3448 3473 3474
f 3499 3500 3501
f 3502 3501 3503
f 3502 3504 3505
f 3505 3506 3507
f 3508 3507 3509
f 3508 3510 3511
f 3511 3512 3513
f 3513 3514 3515
f 3516 3517 3518
f 3499 3518 3519
f 3516 3520 3521
f 3520 3522 3523
f 3522 3524 3525
f 3524 3526 3527
f 3526 3528 3529
f 3528 3530 3531
f 3530 3532 3533
f 3532 3534 3535
f 3534 3536 3537
f 3536 3538 3539
f 3538 3540 3541
f 3540 3542 3543
f 3542 3544 3545
f 3544 3546 3547
f 3499 3519 3500
f 3501 3500 3503
f 3502 3503 3504
f 3505 3504 3506
f 3507 3506 3509
f 3508 3509 3510
f 3511 3510 3512
f 3513 3512 3514
f 3514 3548 3515
f 3516 3521 3517
f 3518 3517 3519
f 3520 3523 3521
f 3522 3525 3523
f 3524 3527 3525
f 3526 3529 3527
f 3528 3531 3529
f 3530 3533 3531
f 3532 3535 3533
f 3534 3537 3535
f 3536 3539 3537
f 3538 3541 3539
f 3540 3543 3541
f 3542 3545 3543
f 3544 3547 3545
f 3517 3527 3519
f 3517 3521 3525
f 3521 3523 3525
f 3500 3519 3529
f 3504 3503 3533
f 3500 3531 3503
f 3517 3525 3527
f 3519 3527 3529
f 3500 3529 3531
f 3503 3531 3533
f 3504 3533 3535
f 3504 3535 3506
f 3506 3537 3509
f 3510 3509 3539
f 3506 3535 3537
f 3509 3537 3539
f 3510 3539 3541
f 3510 3541 3512
f 3512 3543 3514
f 3514 3545 3548
f 3512 3541 3543
f 3514 3543 3545
f 3545 3547 3548
f 3515 3548 3549
f 3549 3550 3551
f 3551 3552 3553
f 3553 3554 3555
f 3555 3556 3557
f 3557 3558 3559
f 3559 3560 3561
f 3561 3562 3563
f 3563 3564 3565
f 3566 3567 3568
f 3546 3569 3570
f 3569 3566 3571
f 3567 3572 3573
f 3572 3574 3575
f 3574 3576 3577
f 3565 3578 3579
f 3579 3580 3581
f 3581 3582 3583
f 3583 3584 3585
f 3585 3586 3587
f 3588 3589 3590
f 3588 3587 3591
f 3576 3592 3593
f 3592 3590 3594
f 3549 3548 3550
f 3551 3550 3552
f 3553 3552 3554
f 3555 3554 3556
f 3557 3556 3558
f 3559 3558 3560
f 3561 3560 3562
f 3563 3562 3564
f 3566 3568 3571
f 3546 3570 3547
f 3569 3571 3570
f 3567 3573 3568
f 3572 3575 3573
f 3574 3577 3575
f 3565 3564 3578
f 3579 3578 3580
f 3581 3580 3582
f 3583 3582 3584
f 3585 3584 3586
f 3587 3586 3591
f 3588 3591 3589
f 3590 3589 3594
f 3576 3593 3577
f 3592 3594 3593
f 3548 3547 3550
f 3550 3570 3552
f 3552 3571 3554
f 3550 3547 3570
f 3552 3570 3571
f 3554 3571 3568
f 3554 3568 3556
f 3556 3573 3558
f 3558 3575 3560
f 3556 3568 3573
f 3558 3573 3575
f 3560 3575 3577
f 3560 3577 3562
f 3562 3593 3564
f 3564 3594 3578
f 3578 3589 3580
f 3580 3591 3582
f 3582 3586 3584
f 3562 3577 3593
f 3564 3593 3594
f 3578 3594 3589
f 3580 3589 3591
f 3582 3591 3586
f 3595 3596 3597
f 3595 3598 3599
f 3598 3600 3601
f 3602 3603 3604
f 3605 3606 3607
f 3608 3609 3610
f 3607 3611 3608
f 3605 3597 3612
f 3610 3613 3614
f 3614 3615 3603
f 3602 3616 3617
f 3617 3618 3619
f 3619 3620 3621
f 3621 3622 3623
f 3623 3624 3625
f 3625 3626 3627
f 3627 3628 3629
f 3629 3630 3631
f 3631 3632 3633
f 3633 3634 3635
f 3635 3636 3637
f 3637 3638 3639
f 3639 3640 3641
f 3641 3642 3643
f 3595 3599 3596
f 3598 3601 3599
f 3602 3604 3616
f 3607 3606 3611
f 3610 3609 3613
f 3608 3611 3609
f 3605 3612 3606
f 3597 3596 3612
f 3614 3613 3615
f 3603 3615 3604
f 3617 3616 3618
f 3619 3618 3620
f 3621 3620 3622
f 3623 3622 3624
f 3625 3624 3626
f 3627 3626 3628
f 3629 3628 3630
f 3631 3630 3632
f 3633 3632 3634
f 3635 3634 3636
f 3637 3636 3638
f 3639 3638 3640
f 3641 3640 3642
f 3643 3642 3644
f 3596 3645 3612
f 3596 3599 3646
f 3606 3612 3647
f 3606 3648 3611
f 3611 3649 3609
f 3609 3650 3613
f 3613 3651 3615
f 3615 3652 3604
f 3616 3604 3653
f 3616 3654 3618
f 3618 3655 3620
f 3620 3656 3622
f 3622 3657 3624
f 3624 3658 3626
f 3626 3659 3628
f 3628 3660 3630
f 3630 3661 3632
f 3632 3662 3634
f 3634 3663 3636
f 3636 3664 3638
f 3638 3665 3640
f 3640 3666 3642
f 3600 3667 3646
f 3667 3668 3645
f 3668 3669 3647
f 3669 3670 3648
f 3670 3671 3649
f 3671 3672 3650
f 3672 3673 3651
f 3673 3674 3652
f 3674 3675 3653
f 3675 3676 3654
f 3676 3677 3655
f 3677 3678 3656
f 3678 3679 3657
f 3679 3680 3658
f 3681 3659 3680
f 3681 3682 3660
f 3682 3683 3661
f 3684 3685 3663
f 3683 3684 3662
f 3686 3665 3687
f 3643 3644 3688
f 3688 3689 3690
f 3686 3690 3666
f 3685 3687 3664
f 3600 3646 3601
f 3667 3645 3646
f 3668 3647 3645
f 3669 3648 3647
f 3670 3649 3648
f 3671 3650 3649
f 3672 3651 3650
f 3673 3652 3651
f 3674 3653 3652
f 3675 3654 3653
f 3681 3660 3659
f 3676 3655 3654
f 3677 3656 3655
f 3678 3657 3656
f 3679 3658 3657
f 3680 3659 3658
f 3682 3661 3660
f 3684 3663 3662
f 3683 3662 3661
f 3686 3666 3665
f 3687 3665 3664
f 3688 3644 3689
f 3690 3689 3666
f 3685 3664 3663
f 3599 3601 3646
f 3596 3646 3645
f 3612 3645 3647
f 3606 3647 3648
f 3611 3648 3649
f 3609 3649 3650
f 3613 3650 3651
f 3615 3651 3652
f 3604 3652 3653
f 3616 3653 3654
f 3618 3654 3655
f 3620 3655 3656
f 3622 3656 3657
f 3624 3657 3658
f 3626 3658 3659
f 3628 3659 3660
f 3630 3660 3661
f 3632 3661 3662
f 3634 3662 3663
f 3636 3663 3664
f 3638 3664 3665
f 3642 3689 3644
f 3642 3666 3689
f 3640 3665 3666
f 3691 3692 3693
f 3693 3694 3695
f 3696 3697 3698
f 3691 3698 3699
f 3696 3700 3701
f 3700 3702 3703
f 3702 3704 3705
f 3704 3706 3707
f 3706 3708 3709
f 3695 3710 3711
f 3711 3712 3713
f 3713 3714 3715
f 3716 3717 3718
f 3718 3719 3720
f 3715 3721 3716
f 3708 3722 3723
f 3722 3724 3725
f 3724 3726 3727
f 3726 3728 3729
f 3728 3730 3731
f 3730 3732 3733
f 3732 3734 3735
f 3734 3736 3737
f 3736 3738 3739
f 3693 3692 3694
f 3695 3694 3710
f 3691 3699 3692
f 3698 3697 3699
f 3696 3701 3697
f 3700 3703 3701
f 3702 3705 3703
f 3704 3707 3705
f 3706 3709 3707
f 3708 3723 3709
f 3711 3710 3712
f 3713 3712 3714
f 3715 3714 3721
f 3718 3717 3719
f 3719 3740 3720
f 3716 3721 3717
f 3722 3725 3723
f 3724 3727 3725
f 3726 3729 3727
f 3728 3731 3729
f 3730 3733 3731
f 3732 3735 3733
f 3734 3737 3735
f 3736 3739 3737
f 3697 3701 3705
f 3697 3707 3699
f 3692 3699 3709
f 3692 3723 3694
f 3694 3725 3710
f 3701 3703 3705
f 3697 3705 3707
f 3699 3707 3709
f 3692 3709 3723
f 3694 3723 3725
f 3710 3725 3727
f 3710 3727 3712
f 3712 3729 3714
f 3714 3731 3721
f 3712 3727 3729
f 3714 3729 3731
f 3721 3731 3733
f 3721 3733 3717
f 3717 3735 3719
f 3719 3737 3740
f 3717 3733 3735
f 3719 3735 3737
f 3737 3739 3740
f 3720 3740 3741
f 3741 3742 3743
f 3743 3744 3745
f 3745 3746 3747
f 3747 3748 3749
f 3749 3750 3751
f 3751 3752 3753
f 3753 3754 3755
f 3755 3756 3757
f 3757 3758 3759
f 3759 3760 3761
f 3761 3762 3763
f 3763 3764 3765
f 3765 3766 3767
f 3768 3769 3770
f 3768 3767 3771
f 3738 3772 3773
f 3772 3774 3775
f 3774 3776 3777
f 3778 3779 3776
f 3778 3780 3781
f 3780 3782 3783
f 3784 3785 3782
f 3784 3770 3786
f 3741 3740 3742
f 3743 3742 3744
f 3745 3744 3746
f 3747 3746 3748
f 3749 3748 3750
f 3751 3750 3752
f 3753 3752 3754
f 3755 3754 3756
f 3757 3756 3758
f 3759 3758 3760
f 3761 3760 3762
f 3763 3762 3764
f 3765 3764 3766
f 3768 3771 3769
f 3767 3766 3771
f 3738 3773 3739
f 3772 3775 3773
f 3774 3777 3775
f 3776 3779 3777
f 3778 3781 3779
f 3780 3783 3781
f 3782 3785 3783
f 3784 3786 3785
f 3770 3769 3786
f 3740 3739 3742
f 3742 3773 3744
f 3744 3775 3746
f 3742 3739 3773
f 3744 3773 3775
f 3746 3775 3777
f 3746 3777 3748
f 3748 3779 3750
f 3750 3781 3752
f 3748 3777 3779
f 3750 3779 3781
f 3752 3781 3783
f 3752 3783 3754
f 3754 3785 3756
f 3756 3786 3758
f 3758 3769 3760
f 3760 3771 3762
f 3756 3785 3786
f 3754 3783 3785
f 3758 3786 3769
f 3762 3766 3764
f 3762 3771 3766
f 3760 3769 3771
f 3787 3788 3789
f 3788 3790 3789
f 3791 3787 3792
f 3791 3792 3793
f 3787 3789 3792
f 3794 3795 3796
f 3795 3797 3796
f 3795 3798 3799
f 3795 3799 3797
f 3797 3799 1768
f 3799 1770 1768
f 3794 3790 3788
f 3794 3629 3795
f 3794 3796 3790
f 3794 3605 3607
f 3794 3598 3595
f 3794 3597 3605
f 3794 3595 3597
f 3794 3600 3598
f 3794 3607 3608
f 3794 3608 3610
f 3794 3614 3603
f 3794 3603 3602
f 3794 3610 3614
f 3794 3602 3617
f 3794 3617 3619
f 3794 3619 3621
f 3794 3621 3623
f 3794 3623 3625
f 3794 3625 3627
f 3794 3627 3629
f 3795 3629 3631
f 3795 3631 3633
f 3795 3633 3635
f 3795 3635 3637
f 3795 3637 3639
f 3795 3639 3641
f 3795 3641 3643
f 3795 3800 3798
f 3796 3797 1762
f 3796 3801 3790
f 3796 1774 1776
f 3796 1762 1765
f 3796 1765 1774
f 3797 1768 1763
f 3797 1763 1762
f 3791 3793 3802
f 3791 3802 3803
f 3802 3804 3805
f 3787 3806 3788
f 3791 3807 3787
f 3802 3793 3804
f 3802 3805 3808
f 3802 3808 3803
f 3805 3809 3808
f 3791 3803 3807
f 3787 3807 3806
f 3805 3804 3809
f 3808 3809 3810
f 3792 3789 3810
f 3792 3809 3793
f 3789 3790 3811
f 3793 3809 3804
f 3792 3810 3809
f 3789 3811 3810
f 3790 3801 3811
f 3808 3810 3803
f 3803 3811 3807
f 3803 3810 3811
f 3807 3801 3806
f 3807 3811 3801
f 3794 3788 3812
f 3794 3812 3600
f 3795 3643 3813
f 3796 1776 3801
f 3788 3806 3812
f 3600 3812 3667
f 3667 3812 3668
f 3668 3812 3669
f 3669 3812 3670
f 3670 3812 3671
f 3671 3812 3672
f 3672 3812 3673
f 3673 3812 3674
f 3674 3812 3675
f 3675 3812 3676
f 3676 3812 3677
f 3677 3812 3678
f 3678 3812 3679
f 3679 3812 3680
f 3681 3680 3813
f 3681 3813 3682
f 3682 3813 3683
f 3806 3814 3812
f 3680 3812 3813
f 3806 3801 3814
f 3643 3688 3813
f 3686 3687 3813
f 3683 3813 3684
f 3684 3813 3685
f 3685 3813 3687
f 3688 3690 3813
f 3686 3813 3690
f 3795 3813 3800
f 3801 1776 1782
f 3801 1782 1784
f 3801 1784 1791
f 3801 1791 3814
f 3814 1791 1793
f 3814 1793 1795
f 3815 1795 1797
f 3798 3816 3817
f 3798 3817 3799
f 3816 3818 3817
f 3798 3819 3816
f 3816 3820 3818
f 3820 3821 3822
f 3820 3822 3818
f 3816 3823 3820
f 3820 3824 3825
f 3799 3817 1770
f 3817 1800 1770
f 3817 1802 1800
f 3817 3818 1802
f 3818 1804 1802
f 3818 3822 1804
f 3816 3819 3826
f 3816 3826 3827
f 3798 3828 3829
f 3798 3829 3819
f 3798 3830 3828
f 3816 3827 3823
f 3820 3823 3824
f 3821 3831 3832
f 3821 3833 3831
f 3821 3832 3822
f 3820 3834 3821
f 3820 3825 3834
f 3821 3834 3835
f 3821 3835 3833
f 3831 3720 3836
f 3831 3836 3837
f 3831 3695 3711
f 3831 3693 3695
f 3831 3711 3713
f 3831 3713 3715
f 3831 3715 3716
f 3831 3716 3718
f 3831 3718 3720
f 3831 3696 3698
f 3831 3700 3696
f 3831 3702 3700
f 3831 3691 3693
f 3831 3698 3691
f 3831 3704 3702
f 3831 3706 3704
f 3831 3708 3706
f 3831 3837 3832
f 3831 3833 3708
f 3708 3833 3722
f 3722 3833 3724
f 3724 3833 3726
f 3726 3833 3728
f 3728 3833 3730
f 3730 3838 3732
f 3732 3838 3734
f 3734 3838 3736
f 3736 3838 3738
f 3730 3833 3838
f 3822 1811 1804
f 3822 3832 1811
f 3832 1813 1811
f 3832 3837 1813
f 3837 1815 1813
f 3798 3839 3830
f 3798 3800 3839
f 3830 3839 3840
f 3840 3839 3841
f 3841 3839 3842
f 3842 3839 3843
f 3843 3839 3844
f 3844 3845 3846
f 3846 3845 3847
f 3848 3505 3849
f 3849 3515 3850
f 3812 3815 3813
f 3812 3814 3815
f 3813 3815 3800
f 3800 3815 3851
f 3814 1795 3815
f 3815 1797 3851
f 3800 3851 3839
f 3839 3852 3845
f 3851 3852 3839
f 3844 3839 3845
f 3847 3845 3853
f 3845 3854 3853
f 3845 3852 3854
f 3853 3854 3855
f 3851 1797 1995
f 3851 1995 1997
f 3851 1997 3852
f 3852 1997 1999
f 3852 1999 3854
f 3854 1999 2001
f 3847 3853 3856
f 3856 3853 3857
f 3857 3858 3848
f 3857 3853 3858
f 3853 3855 3858
f 3858 3855 3859
f 3848 3858 3528
f 3848 3518 3499
f 3848 3516 3518
f 3848 3499 3501
f 3848 3501 3502
f 3848 3502 3505
f 3848 3520 3516
f 3848 3522 3520
f 3848 3524 3522
f 3848 3526 3524
f 3848 3528 3526
f 3849 3505 3507
f 3849 3507 3508
f 3849 3508 3511
f 3849 3511 3513
f 3849 3513 3515
f 3858 3859 3860
f 3528 3858 3530
f 3530 3858 3532
f 3532 3858 3534
f 3534 3858 3536
f 3536 3860 3538
f 3538 3860 3540
f 3540 3860 3542
f 3542 3860 3544
f 3544 3860 3546
f 3536 3858 3860
f 3859 3861 3860
f 3854 2001 3855
f 3855 2001 2003
f 3855 2003 3859
f 3859 2003 2005
f 3859 2005 3861
f 3836 3749 3862
f 3836 3720 3741
f 3836 3741 3743
f 3836 3743 3745
f 3836 3745 3747
f 3836 3747 3749
f 3862 3749 3751
f 3862 3751 3753
f 3862 3753 3755
f 3862 3755 3757
f 3836 3862 3863
f 3836 3863 3837
f 3738 3864 3772
f 3772 3864 3774
f 3774 3864 3776
f 3778 3776 3864
f 3778 3864 3780
f 3757 3759 3865
f 3759 3761 3865
f 3761 3763 3865
f 3763 3765 3865
f 3765 3767 3865
f 3780 3865 3782
f 3784 3782 3865
f 3784 3865 3770
f 3768 3865 3767
f 3768 3770 3865
f 3862 3757 3865
f 3862 3866 3867
f 3862 3868 3866
f 3862 3867 3863
f 3862 3865 3868
f 3866 3868 3869
f 3866 3869 3870
f 3837 3863 1815
f 3863 2008 1815
f 3863 3867 2008
f 3867 2010 2008
f 3867 3871 2010
f 3738 3838 3864
f 3780 3864 3865
f 3866 3872 3871
f 3866 3871 3867
f 3872 3873 3871
f 3866 3870 3872
f 3872 3874 3875
f 3872 3875 3873
f 3875 3876 3877
f 3875 3877 3873
f 3871 2012 2010
f 3871 3873 2012
f 3873 2052 2012
f 3873 3877 2052
f 3877 2054 2052
f 3877 2056 2054
f 3872 3870 3878
f 3872 3878 3874
f 3875 3874 3879
f 3875 3879 3880
f 3875 3880 3881
f 3875 3881 3882
f 3875 3882 3883
f 3875 3884 3876
f 3875 3883 3884
f 3885 3886 3887
f 3885 3888 3889
f 3883 3890 3884
f 3891 3892 3884
f 3890 3891 3884
f 3889 3888 3893
f 3893 3888 3892
f 3876 3894 3895
f 3876 3895 3877
f 3894 3896 3895
f 3896 3897 3895
f 3877 3895 2056
f 3895 3897 2198
f 3876 3898 3894
f 3894 3406 3408
f 3894 3409 3406
f 3894 3403 3405
f 3894 3405 3414
f 3894 3414 3416
f 3894 3408 3403
f 3894 3411 3409
f 3894 3422 3896
f 3896 3899 3897
f 3899 3900 3897
f 3894 3416 3419
f 3894 3419 3421
f 3894 3421 3422
f 3896 3422 3425
f 3896 3425 3427
f 3896 3427 3429
f 3896 3429 3431
f 3896 3431 3433
f 3896 3433 3435
f 3896 3435 3437
f 3896 3437 3439
f 3896 3439 3441
f 3896 3441 3443
f 3896 3443 3445
f 3896 3445 3447
f 3896 3447 3449
f 3896 3449 3451
f 3896 3901 3899
f 3895 2198 2056
f 3897 2200 2198
f 3897 2202 2200
f 3897 3900 2202
f 3900 2204 2202
f 3900 2214 2204
f 3900 2216 2214
f 3899 3902 3900
f 3902 3903 3900
f 3902 3904 3903
f 3904 3905 3906
f 3904 3906 3903
f 3894 3898 3411
f 3896 3451 3907
f 3896 3907 3901
f 3900 3908 2216
f 3876 3884 3898
f 3411 3898 3475
f 3475 3898 3476
f 3476 3898 3477
f 3477 3898 3478
f 3478 3898 3479
f 3479 3898 3480
f 3480 3898 3481
f 3481 3907 3482
f 3482 3907 3483
f 3483 3907 3484
f 3484 3907 3485
f 3485 3907 3486
f 3486 3907 3487
f 3487 3907 3488
f 3490 3907 3491
f 3489 3488 3907
f 3489 3907 3490
f 3491 3907 3494
f 3494 3907 3495
f 3451 3496 3907
f 3492 3907 3498
f 3492 3493 3907
f 3496 3498 3907
f 3495 3907 3493
f 3481 3898 3907
f 3901 3907 3909
f 3909 3907 3908
f 3910 2227 2230
f 3910 2224 2227
f 3908 2222 2220
f 3908 2230 2222
f 3908 2220 2216
f 3900 3909 3908
f 3910 2230 3908
f 3899 3911 3902
f 3902 3912 3904
f 3904 3913 3905
f 3905 3914 3915
f 3906 3905 3915
f 3914 3916 3915
f 3902 3911 3912
f 3899 3901 3911
f 3904 3912 3913
f 3905 3913 3914
f 3914 3913 3916
f 3913 3912 3917
f 3913 3917 3916
f 3900 3903 3909
f 3903 3906 3918
f 3906 3915 3919
f 3903 3918 3909
f 3915 3917 3919
f 3915 3916 3917
f 3906 3919 3918
f 3911 3919 3912
f 3911 3918 3919
f 3912 3919 3917
f 3901 3918 3911
f 3901 3909 3918
f 3850 3555 3920
f 3850 3515 3549
f 3850 3549 3551
f 3850 3551 3553
f 3850 3553 3555
f 3920 3555 3557
f 3920 3557 3559
f 3920 3559 3561
f 3920 3561 3563
f 3920 3563 3565
f 3920 3565 3921
f 3565 3579 3921
f 3579 3581 3921
f 3581 3583 3921
f 3588 3590 3921
f 3592 3921 3590
f 3583 3585 3921
f 3585 3587 3921
f 3588 3921 3587
f 3546 3921 3569
f 3569 3921 3566
f 3566 3921 3567
f 3567 3921 3572
f 3572 3921 3574
f 3576 3921 3592
f 3574 3921 3576
f 3546 3860 3921
f 3921 3860 3861
f 3921 3861 3922
f 3920 3923 3924
f 3924 3923 3925
f 3925 3887 3926
f 3925 3923 3887
f 3920 3921 3923
f 3921 3922 3923
f 3923 3922 3927
f 3861 2005 2231
f 3922 3861 2231
f 3922 2231 2233
f 3922 2233 3927
f 3927 2233 2235
f 3926 3887 3886
f 3885 3887 3888
f 3923 3927 3887
f 3887 3928 3888
f 3887 3927 3928
f 3892 3888 3884
f 3888 3929 3884
f 3888 3928 3929
f 3929 3930 3884
f 3927 2235 3928
f 3928 2235 2237
f 3928 2237 3929
f 3929 2237 2239
f 3929 2239 2225
f 3929 2225 3930
f 3884 3930 3898
f 3898 3930 3910
f 3898 3908 3907
f 3898 3910 3908
f 3930 2225 2224
f 3930 2224 3910
f 3819 1867 3826
f 3819 1865 1867
f 3826 1867 1871
f 3824 3823 1874
f 3824 1874 1875
f 3826 1871 3827
f 3827 1872 3823
f 3827 1871 1872
f 3823 1872 1874
f 3824 1875 3825
f 3825 1818 3834
f 3834 1818 3835
f 3825 1875 1818
f 3835 1818 1817
f 3835 1820 3833
f 3833 1844 3838
f 3835 1817 1820
f 3833 1820 1844
f 3829 3828 1863
f 3828 3830 1861
f 3819 3829 1865
f 3828 1861 1863
f 3830 1868 1861
f 3829 1863 1865
f 3830 3840 1868
f 3840 3841 1862
f 3841 3842 1864
f 3840 1862 1868
f 3841 1864 1862
f 3842 1866 1864
f 3842 3843 1866
f 3843 3844 1869
f 3843 1869 1866
f 3844 3846 1870
f 3846 3847 1876
f 3844 1870 1869
f 3846 1876 1870
f 3847 3856 1873
f 3847 1873 1876
f 3856 3857 1882
f 3857 3848 1887
f 3856 1882 1873
f 3857 1887 1882
f 3848 1888 1887
f 3848 3849 1888
f 3849 3850 1947
f 3849 1972 1888
f 3849 1947 1972
f 3838 1844 3864
f 3864 2023 3865
f 3864 1844 2014
f 3864 2014 2023
f 3865 2134 3868
f 3868 2137 3869
f 3865 2023 2134
f 3868 2134 2137
f 3869 2137 2139
f 3869 2139 3870
f 3870 2139 2178
f 3870 2178 3878
f 3878 2179 3874
f 3878 2178 2179
f 3874 2179 2183
f 3874 2183 3879
f 3879 2184 3880
f 3879 2183 2184
f 3850 3920 1947
f 3920 3924 2075
f 3920 2075 1947
f 3924 2150 2075
f 3924 3925 2133
f 3925 3926 2133
f 3926 3886 2138
f 3924 2133 2150
f 3926 2138 2133
f 3880 2186 3881
f 3881 2188 3882
f 3882 2190 3883
f 3880 2184 2186
f 3881 2186 2188
f 3882 2188 2190
f 3891 2185 3892
f 3883 2189 3890
f 3890 2187 3891
f 3891 2187 2185
f 3883 2190 2189
f 3890 2189 2187
f 3885 3889 2177
f 3889 3893 2181
f 3885 2177 2180
f 3889 2181 2177
f 3885 2180 3886
f 3886 2180 2138
f 3893 3892 2182
f 3893 2182 2181
f 3892 2185 2182
f 3931 3932 46
f 3932 3933 46
f 3934 3935 46
f 3936 3934 46
f 3933 3936 46
f 3937 46 45
f 3938 46 3939
f 3939 46 3940
f 3940 46 3941
f 3941 46 3942
f 3942 46 3937
f 3931 46 3938
f 3935 3943 46
f 3943 3944 46
f 3944 3945 46
f 3945 3946 46
f 3946 3947 46
f 3947 3948 46
f 3937 45 3949
f 3949 45 3950
f 3950 45 3951
f 3951 45 3952
f 3952 45 3953
f 3953 45 3954
f 3954 45 3955
f 3955 45 3956
f 3956 45 3957
f 3957 45 3958
f 3958 45 3959
f 3959 45 3960
f 3960 45 3961
f 3961 45 54
f 3948 3962 46
f 3948 3963 3962
f 3963 3964 3962
f 3964 3965 3962
f 3965 3966 3962
f 3966 3967 3962
f 3967 3968 3962
f 3968 3969 3962
f 3969 3970 3962
f 3970 3971 3962
f 3971 3972 3962
f 3973 3962 3972
f 3973 3961 3962
f 3962 3974 46
f 3962 3961 3974
f 3975 3960 3961
f 3975 3961 3976
f 3976 3961 3977
f 3978 3977 3961
f 3973 3979 3961
f 3980 3961 3981
f 3978 3961 3980
f 3979 3981 3961
f 3974 47 46
f 3982 47 3983
f 3983 47 3984
f 3985 47 3986
f 3987 47 3985
f 3984 47 3987
f 3988 54 47
f 3989 3990 47
f 3990 3991 47
f 3991 3992 47
f 3992 3993 47
f 3993 3988 47
f 3982 3989 47
f 3986 47 3974
f 3988 3994 54
f 3994 3995 54
f 3995 3996 54
f 3996 3997 54
f 3997 3998 54
f 3998 3999 54
f 3999 4000 54
f 4000 4001 54
f 4001 4002 54
f 4002 4003 54
f 4003 4004 54
f 4004 4005 54
f 4006 54 4005
f 3986 3974 4007
f 4007 3974 4008
f 4008 3974 4009
f 4009 3974 4010
f 4010 3974 4011
f 4011 3974 4012
f 4012 3974 4013
f 4013 3974 4014
f 4014 3974 4015
f 4015 3974 4016
f 4016 3974 4017
f 4017 3974 4018
f 4018 3974 4019
f 4019 3974 4020
f 3961 54 4020
f 3961 4020 3974
f 4006 4020 54
f 4006 4021 4020
f 4021 4022 4020
f 4023 4020 4022
f 4019 4020 4024
f 4024 4020 4025
f 4025 4020 4026
f 4027 4026 4020
f 4027 4020 4028
f 4029 4030 4020
f 4023 4029 4020
f 4028 4020 4030
f 4031 4032 4033
f 4031 4033 4034
f 4031 4035 4036
f 4031 4037 4038
f 4031 4039 4037
f 4031 4040 4032
f 4031 4041 4040
f 4031 4038 4041
f 4031 4036 4039
f 4031 4034 4042
f 4031 4042 4043
f 4031 4043 4044
f 4031 4044 4045
f 4031 4045 4046
f 4031 4046 4047
f 4031 4047 4048
f 4031 4048 4049
f 4031 4049 4050
f 4036 4035 4051
f 4051 4035 4052
f 4035 4053 4052
f 4035 4054 4053
f 4035 4055 4054
f 4035 4056 4055
f 4035 4057 4056
f 4035 4058 4057
f 4035 4059 4058
f 4035 4060 4059
f 4035 4061 4060
f 4035 4062 4061
f 4031 4063 4035
f 4035 4063 3
f 4031 4050 2
f 4050 4064 2
f 4064 4065 2
f 4065 4066 2
f 4066 4067 2
f 4067 4068 2
f 4068 4069 2
f 4069 4070 2
f 4070 4071 2
f 4071 4072 2
f 4072 4073 2
f 4073 4074 2
f 4074 3 2
f 4031 2 4
f 4035 3 4062
f 4075 4062 3
f 4076 3 4077
f 4078 4079 3
f 4077 3 4079
f 4074 4078 3
f 4075 3 4080
f 4081 3 4076
f 4080 3 4081
f 4031 4082 4063
f 4031 4 4082
f 4082 4083 4084
f 4082 4085 4083
f 4082 4086 4063
f 4082 4087 4088
f 4082 4088 4089
f 4082 4084 4090
f 4082 4090 4091
f 4082 4091 4087
f 4082 4089 4086
f 4082 4092 4085
f 4082 4093 4092
f 4082 4094 4093
f 4082 4 4094
f 4086 4095 4063
f 4095 4096 4063
f 4063 4096 4097
f 4063 4097 4098
f 4063 4098 4099
f 4063 4099 4100
f 4063 4100 4101
f 4063 4101 4102
f 4063 4102 4103
f 4063 4103 4104
f 4063 4104 4105
f 4063 4105 4106
f 4063 4106 4107
f 4094 4 4108
f 4108 4 4109
f 4109 4 4110
f 4110 4 4111
f 4111 4 4112
f 4112 4 4113
f 4113 4 4114
f 4114 4 4115
f 4115 4 4116
f 4116 4 4117
f 4117 4 4118
f 4118 4 4119
f 4119 4 4120
f 4120 4 10
f 4063 10 3
f 4063 4107 10
f 4121 4122 10
f 4123 10 4124
f 4122 4124 10
f 4120 10 4125
f 4125 10 4126
f 4126 10 4127
f 4127 10 4128
f 4128 10 4123
f 4107 4129 10
f 4130 4121 10
f 4129 4130 10
f 3931 3938 3989
f 3936 3987 3934
f 3932 3983 3933
f 3931 3982 3932
f 3933 3984 3936
f 3938 3939 3990
f 3939 3940 3991
f 3940 3941 3992
f 3941 3942 3993
f 3942 3937 3988
f 3937 3949 3994
f 3949 3950 3995
f 3934 3985 3935
f 3935 3986 3943
f 3943 4007 3944
f 3944 4008 3945
f 3945 4009 3946
f 3950 3951 3996
f 3951 3952 3997
f 3952 3953 3998
f 3953 3954 3999
f 3954 3955 4000
f 3955 3956 4001
f 3956 3957 4002
f 3957 3958 4003
f 3958 3959 4004
f 3946 4010 3947
f 3947 4011 3948
f 3948 4012 3963
f 3963 4013 3964
f 3964 4014 3965
f 3965 4015 3966
f 3966 4016 3967
f 3967 4017 3968
f 3968 4018 3969
f 3969 4019 3970
f 3970 4024 3971
f 3971 4025 3972
f 3979 4028 3981
f 3973 3972 4026
f 3973 4027 3979
f 3959 3960 4005
f 3975 4006 3960
f 3975 3976 4021
f 3976 3977 4022
f 3978 4023 3977
f 3978 3980 4029
f 3980 3981 4030
f 3931 3989 3982
f 3933 3983 3984
f 3932 3982 3983
f 3936 3984 3987
f 3938 3990 3989
f 3939 3991 3990
f 3940 3992 3991
f 3941 3993 3992
f 3942 3988 3993
f 3937 3994 3988
f 3949 3995 3994
f 3934 3987 3985
f 3935 3985 3986
f 3943 3986 4007
f 3944 4007 4008
f 3945 4008 4009
f 3946 4009 4010
f 3950 3996 3995
f 3951 3997 3996
f 3952 3998 3997
f 3953 3999 3998
f 3954 4000 3999
f 3955 4001 4000
f 3956 4002 4001
f 3957 4003 4002
f 3958 4004 4003
f 3947 4010 4011
f 3948 4011 4012
f 3963 4012 4013
f 3964 4013 4014
f 3965 4014 4015
f 3966 4015 4016
f 3967 4016 4017
f 3968 4017 4018
f 3969 4018 4019
f 3970 4019 4024
f 3971 4024 4025
f 3981 4028 4030
f 3973 4026 4027
f 3972 4025 4026
f 3979 4027 4028
f 3975 4021 4006
f 3959 4005 4004
f 3960 4006 4005
f 3976 4022 4021
f 3978 4029 4023
f 3977 4023 4022
f 3980 4030 4029
f 4033 4083 4034
f 4033 4032 4084
f 4040 4090 4032
f 4040 4041 4091
f 4041 4038 4087
f 4038 4037 4088
f 4037 4039 4089
f 4039 4036 4086
f 4036 4051 4095
f 4051 4052 4096
f 4043 4042 4092
f 4043 4093 4044
f 4034 4085 4042
f 4044 4094 4045
f 4045 4108 4046
f 4052 4053 4097
f 4053 4054 4098
f 4054 4055 4099
f 4055 4056 4100
f 4056 4057 4101
f 4057 4058 4102
f 4058 4059 4103
f 4046 4109 4047
f 4047 4110 4048
f 4048 4111 4049
f 4049 4112 4050
f 4050 4113 4064
f 4064 4114 4065
f 4065 4115 4066
f 4066 4116 4067
f 4067 4117 4068
f 4068 4118 4069
f 4069 4119 4070
f 4070 4120 4071
f 4071 4125 4072
f 4072 4126 4073
f 4073 4127 4074
f 4078 4123 4079
f 4074 4128 4078
f 4059 4060 4104
f 4060 4061 4105
f 4061 4062 4106
f 4075 4080 4129
f 4075 4107 4062
f 4080 4081 4130
f 4081 4076 4121
f 4076 4077 4122
f 4077 4079 4124
f 4032 4090 4084
f 4033 4084 4083
f 4040 4091 4090
f 4041 4087 4091
f 4038 4088 4087
f 4037 4089 4088
f 4039 4086 4089
f 4036 4095 4086
f 4051 4096 4095
f 4043 4092 4093
f 4034 4083 4085
f 4042 4085 4092
f 4044 4093 4094
f 4045 4094 4108
f 4046 4108 4109
f 4052 4097 4096
f 4053 4098 4097
f 4054 4099 4098
f 4055 4100 4099
f 4056 4101 4100
f 4057 4102 4101
f 4058 4103 4102
f 4047 4109 4110
f 4048 4110 4111
f 4049 4111 4112
f 4050 4112 4113
f 4064 4113 4114
f 4065 4114 4115
f 4066 4115 4116
f 4067 4116 4117
f 4068 4117 4118
f 4069 4118 4119
f 4070 4119 4120
f 4071 4120 4125
f 4072 4125 4126
f 4073 4126 4127
f 4074 4127 4128
f 4079 4123 4124
f 4078 4128 4123
f 4059 4104 4103
f 4060 4105 4104
f 4061 4106 4105
f 4075 4129 4107
f 4080 4130 4129
f 4062 4107 4106
f 4081 4121 4130
f 4076 4122 4121
f 4077 4124 4122
f 4131 30 4132
f 4132 30 29
f 4131 41 30
f 4131 42 41
f 4131 4132 42
f 4132 29 42

